time,open,high,low,close,tick_volume,spread,real_volume,volume,prev_close,momentum,ema20,slope,high_20,low_20,tr,atr14,avg_tr_20,range,range_mean,candle_expansion,volatility,trend_up,trend_down,breakout,reversal,flip,flip_count_10,choppy,confidence_base,behavior_label,behavior_confidence,swing_high,swing_low,swing_high_value,swing_low_value,last_swing_high,last_swing_low,prev_swing_high,prev_swing_low,bos_up,bos_down,bos,structure_state,choch,double_top,double_bottom,break_retest,pattern,date,hour,session,daily_high,daily_low,session_high,session_low,support_level,resistance_level,is_support,is_resistance,supply_zone,demand_zone,order_block,fvg_zone,support_strength,resistance_strength,alpha_score,alpha_signal,alpha_notes,flow_score,flow_signal,flow_notes,signal,signal_owner,confirm_score,position_risk_pct,position_risk,stop_distance,direction,entry_price,stop_loss,take_profit,position_size,daily_loss_locked,trade_allowed,quality,confirmed_signal,market_regime
2026-04-27 01:00:00,4698.27,4699.83,4692.29,4696.9,2008,15,0,2008,,,4696.9,0.0,,,7.539999999999964,7.539999999999964,7.539999999999964,7.539999999999964,7.539999999999964,False,0,0,0,0,0,0,0.0,0,50,RANGE,50,False,False,,,,,,,0,0,0,NEUTRAL,0,0,0,0,NONE,2026-04-27,1,ASIA,4730.11,4667.22,0,0,4692.29,4699.83,1,1,0,0,0,0,1.0,1.0,20,,,38,,,NO_TRADE,NO_TRADE,0.0,0.0,0.0,13.571999999999935,LONG,4696.9,4683.3279999999995,4724.044,0.0,False,False,NONE,no_trade,RANGE
2026-04-27 01:05:00,4697.02,4697.02,4681.4,4681.7,1906,4,0,1906,4696.9,-15.199999999999818,4695.452380952381,-1.4476190476189004,4699.83,4692.29,15.6200000000008,11.580000000000382,11.580000000000382,15.6200000000008,11.580000000000382,True,0,0,0,1,0,0,0.0,0,50,BREAKOUT,76,False,False,,,,,,,0,0,0,NEUTRAL,0,0,0,0,NONE,2026-04-27,1,ASIA,4730.11,4667.22,0,0,4681.4,4699.83,1,1,0,1,0,0,1.8,1.0,28,,,51,,,NO_TRADE,NO_TRADE,0.0,0.0,0.0,20.844000000000687,LONG,4681.7,4660.855999999999,4723.388000000001,0.0,False,False,NONE,no_trade,BREAKOUT
2026-04-27 01:10:00,4681.7,4685.75,4679.96,4685.3,1429,4,0,1429,4681.7,3.600000000000364,4694.485487528345,-0.9668934240353337,4699.83,4681.4,5.789999999999964,9.650000000000242,9.650000000000242,5.789999999999964,9.650000000000242,False,0,0,0,0,0,1,1.0,0,50,RANGE,50,False,True,,4679.96,,4679.96,,,0,0,0,NEUTRAL,0,0,0,0,NONE,2026-04-27,1,ASIA,4730.11,4667.22,0,0,4679.96,4699.83,1,1,0,1,1,0,1.8,1.0,30,,,56,FLOW,exploratory,FLOW,FLOW,56.0,0.005,5.0,17.370000000000434,LONG,4685.3,4667.929999999999,4720.040000000001,0.2878526194588299,False,True,MEDIUM,buy,RANGE
2026-04-27 01:15:00,4685.41,4688.65,4684.05,4688.65,824,4,0,824,4685.3,3.3499999999994543,4693.9297268113605,-0.555760716984878,4699.83,4679.96,4.599999999999454,8.387500000000045,8.387500000000045,4.599999999999454,8.387500000000045,False,0,0,0,0,0,1,1.0,0,50,RANGE,50,True,False,4688.65,,4688.65,4679.96,,4679.96,0,0,0,NEUTRAL,0,0,0,0,NONE,2026-04-27,1,ASIA,4730.11,4667.22,0,0,4679.96,4699.83,1,1,0,0,0,0,1.0,1.0,20,,,38,,,NO_TRADE,NO_TRADE,0.0,0.0,0.0,15.097500000000082,LONG,4688.65,4673.5525,4718.844999999999,0.0,False,False,NONE,no_trade,RANGE
2026-04-27 01:20:00,4688.65,4688.65,4683.22,4684.72,815,4,0,815,4688.65,-3.9299999999993815,4693.052609972184,-0.8771168391767787,4699.83,4679.96,5.4299999999993815,7.795999999999912,7.795999999999912,5.4299999999993815,7.795999999999912,False,0,0,0,0,0,0,2.0,0,50,RANGE,50,False,False,,,4688.65,4679.96,4688.65,4679.96,0,0,0,NEUTRAL,0,0,0,0,NONE,2026-04-27,1,ASIA,4730.11,4667.22,0,0,4679.96,4699.83,1,1,0,0,0,0,1.0,1.0,20,,,38,,,NO_TRADE,NO_TRADE,0.0,0.0,0.0,14.032799999999842,LONG,4684.72,4670.6872,4712.7856,0.0,False,False,NONE,no_trade,RANGE
2026-04-27 01:25:00,4684.83,4687.51,4682.99,4686.88,783,4,0,783,4684.72,2.1599999999998545,4692.464742355785,-0.5878676163983982,4699.83,4679.96,4.520000000000437,7.25,7.25,4.520000000000437,7.25,False,0,0,1,0,0,1,3.0,0,50,TREND_DOWN,73,False,False,,,4688.65,4679.96,4688.65,4679.96,0,0,0,NEUTRAL,0,0,0,0,NONE,2026-04-27,1,ASIA,4730.11,4667.22,0,0,4679.96,4699.83,1,1,0,0,1,0,1.0,1.0,58,,,35,,,NO_TRADE,NO_TRADE,0.0,0.0,0.0,13.05,SHORT,4686.88,4699.93,4660.78,0.0,False,False,NONE,no_trade,TREND_DOWN
2026-04-27 01:30:00,4686.88,4686.9,4682.15,4683.52,872,4,0,872,4686.88,-3.3599999999996726,4691.612862131425,-0.8518802243606842,4699.83,4679.96,4.75,6.892857142857143,6.892857142857143,4.75,6.892857142857143,False,0,0,0,0,0,0,4.0,1,50,CHOPPY,40,False,True,,4682.15,4688.65,4682.15,4688.65,4679.96,0,0,0,HL,0,0,0,0,NONE,2026-04-27,1,ASIA,4730.11,4667.22,0,0,4679.96,4699.83,1,1,0,0,0,0,1.0,1.0,10,,,34,,,NO_TRADE,NO_TRADE,0.0,0.0,0.0,12.407142857142858,LONG,4683.52,4671.112857142857,4708.334285714286,0.0,False,False,NONE,no_trade,CHOPPY
2026-04-27 01:35:00,4683.52,4686.28,4683.35,4686.16,812,4,0,812,4683.52,2.639999999999418,4691.0935419284315,-0.5193202029931854,4699.83,4679.96,2.9299999999993815,6.397499999999923,6.397499999999923,2.9299999999993815,6.397499999999923,False,0,0,0,0,0,1,5.0,1,50,CHOPPY,40,False,False,,,4688.65,4682.15,4688.65,4682.15,0,0,0,NEUTRAL,0,0,0,0,NONE,2026-04-27,1,ASIA,4730.11,4667.22,0,0,4679.96,4699.83,1,1,0,0,1,0,1.0,1.0,20,,,32,,,NO_TRADE,NO_TRADE,0.0,0.0,0.0,11.51549999999986,LONG,4686.16,4674.6445,4709.191,0.0,False,False,NONE,no_trade,CHOPPY
2026-04-27 01:40:00,4686.16,4686.28,4684.02,4684.67,780,4,0,780,4686.16,-1.4899999999997817,4690.481776030486,-0.6117658979455882,4699.83,4679.96,2.259999999999309,5.937777777777632,5.937777777777632,2.259999999999309,5.937777777777632,False,0,0,1,0,0,0,6.0,1,50,TREND_DOWN,73,False,False,,,4688.65,4682.15,4688.65,4682.15,0,0,0,NEUTRAL,0,0,0,0,NONE,2026-04-27,1,ASIA,4730.11,4667.22,0,0,4679.96,4699.83,1,1,0,0,0,0,1.0,1.0,38,,,27,,,NO_TRADE,NO_TRADE,0.0,0.0,0.0,10.687999999999738,SHORT,4684.67,4695.358,4663.294000000001,0.0,False,False,NONE,no_trade,TREND_DOWN
2026-04-27 01:45:00,4684.67,4685.7,4683.6,4684.99,763,4,0,763,4684.67,0.31999999999970896,4689.958749741869,-0.5230262886170749,4699.83,4679.96,2.0999999999994543,5.553999999999815,5.553999999999815,2.0999999999994543,5.553999999999815,False,0,0,0,0,0,1,7.0,1,50,CHOPPY,40,False,False,,,4688.65,4682.15,4688.65,4682.15,0,0,0,NEUTRAL,0,0,0,0,NONE,2026-04-27,1,ASIA,4730.11,4667.22,0,0,4679.96,4699.83,1,1,0,0,1,0,1.0,1.0,20,,,32,,,NO_TRADE,NO_TRADE,0.0,0.0,0.0,9.997199999999667,LONG,4684.99,4674.9928,4704.984399999999,0.0,False,False,NONE,no_trade,CHOPPY
2026-04-27 01:50:00,4684.97,4685.69,4681.87,4684.49,850,4,0,850,4684.99,-0.5,4689.437916433119,-0.5208333087493884,4699.83,4679.96,3.819999999999709,5.396363636363441,5.396363636363441,3.819999999999709,5.396363636363441,False,0,0,1,0,0,0,8.0,1,50,TREND_DOWN,73,False,True,,4681.87,4688.65,4681.87,4688.65,4682.15,0,0,0,NEUTRAL,0,0,0,0,NONE,2026-04-27,1,ASIA,4730.11,4667.22,0,0,4679.96,4699.83,1,1,0,0,0,0,1.0,1.0,38,,,27,,,NO_TRADE,NO_TRADE,0.0,0.0,0.0,9.713454545454194,SHORT,4684.49,4694.203454545454,4665.063090909091,0.0,False,False,NONE,no_trade,TREND_DOWN
2026-04-27 01:55:00,4684.49,4686.02,4683.72,4684.69,808,4,0,808,4684.49,0.1999999999998181,4688.985733915679,-0.4521825174406331,4699.83,4679.96,2.300000000000182,5.138333333333169,5.138333333333169,2.300000000000182,5.138333333333169,False,0,0,0,0,0,1,8.0,1,50,CHOPPY,40,True,False,4686.02,,4686.02,4681.87,4688.65,4681.87,0,0,0,LH,0,0,0,0,NONE,2026-04-27,1,ASIA,4730.11,4667.22,0,0,4679.96,4699.83,1,1,0,0,1,0,1.0,1.0,20,,,44,,,NO_TRADE,NO_TRADE,0.0,0.0,0.0,9.248999999999706,LONG,4684.69,4675.441,4703.187999999999,0.0,False,False,NONE,no_trade,CHOPPY
2026-04-27 02:00:00,4684.69,4684.69,4677.54,4681.36,1420,4,0,1420,4684.69,-3.3299999999999272,4688.259473542757,-0.7262603729213879,4699.83,4679.96,7.149999999999636,5.293076923076744,5.293076923076744,7.149999999999636,5.293076923076744,True,0,0,1,0,1,0,9.0,0,50,REVERSAL,82,False,True,,4677.54,4686.02,4677.54,4686.02,4681.87,0,1,1,NEUTRAL,0,0,0,1,BREAK_RETEST,2026-04-27,2,ASIA,4730.11,4667.22,0,0,4677.54,4699.83,1,1,0,1,0,0,1.8,1.0,55,,,63,FLOW,exploratory,FLOW,FLOW,63.0,0.005,5.0,9.527538461538139,LONG,4681.36,4671.832461538462,4700.4150769230755,0.5247945227599525,False,True,MEDIUM,buy,REVERSAL
2026-04-27 02:05:00,4681.34,4684.46,4681.34,4683.35,904,4,0,904,4681.36,1.9900000000006912,4687.791904633924,-0.46756890883352753,4699.83,4677.54,3.119999999999891,5.137857142856968,5.137857142856968,3.119999999999891,5.137857142856968,False,0,0,1,0,0,1,9.0,1,50,TREND_DOWN,73,False,False,,,4686.02,4677.54,4686.02,4677.54,0,0,0,NEUTRAL,0,0,0,0,NONE,2026-04-27,2,ASIA,4730.11,4667.22,0,0,4677.54,4699.83,1,1,0,0,1,0,1.0,1.0,48,,,37,,,NO_TRADE,NO_TRADE,0.0,0.0,0.0,9.248142857142543,SHORT,4683.35,4692.598142857143,4664.853714285715,0.0,False,False,NONE,no_trade,TREND_DOWN
2026-04-27 02:10:00,4683.35,4684.89,4683.0,4683.72,695,4,0,695,4683.35,0.36999999999989086,4687.4041041925975,-0.3878004413263625,4699.83,4677.54,1.8900000000003274,4.7342857142855665,4.921333333333193,1.8900000000003274,4.921333333333193,False,0,0,1,0,0,1,8.0,1,50,TREND_DOWN,73,True,False,4684.89,,4684.89,4677.54,4686.02,4677.54,0,0,0,LH,0,0,0,0,NONE,2026-04-27,2,ASIA,4730.11,4667.22,0,0,4677.54,4699.83,1,1,0,0,0,0,1.0,1.0,38,,,39,,,NO_TRADE,NO_TRADE,0.0,0.0,0.0,8.52171428571402,SHORT,4683.72,4692.241714285714,4666.676571428572,0.0,False,False,NONE,no_trade,TREND_DOWN
2026-04-27 02:15:00,4683.71,4684.57,4683.36,4683.64,640,4,0,640,4683.72,-0.07999999999992724,4687.045618079017,-0.3584861135805113,4699.83,4677.54,1.2100000000000364,3.704999999999797,4.68937499999987,1.2100000000000364,4.68937499999987,False,0,0,1,0,0,0,8.0,1,50,TREND_DOWN,73,False,False,,,4684.89,4677.54,4684.89,4677.54,0,0,0,NEUTRAL,0,0,0,0,NONE,2026-04-27,2,ASIA,4730.11,4667.22,0,0,4677.54,4699.83,1,1,0,0,0,0,1.0,1.0,38,,,27,,,NO_TRADE,NO_TRADE,0.0,0.0,0.0,8.0,SHORT,4683.64,4691.64,4667.64,0.0,False,False,NONE,no_trade,TREND_DOWN
2026-04-27 02:20:00,4683.58,4683.79,4681.13,4682.56,672,4,0,672,4683.64,-1.0799999999999272,4686.618416357206,-0.42720172181088856,4699.83,4677.54,2.6599999999998545,3.481428571428361,4.56999999999987,2.6599999999998545,4.56999999999987,False,0,0,1,0,0,0,7.0,1,50,TREND_DOWN,73,False,False,,,4684.89,4677.54,4684.89,4677.54,0,0,0,NEUTRAL,0,0,0,0,NONE,2026-04-27,2,ASIA,4730.11,4667.22,0,0,4677.54,4699.83,1,1,0,0,0,0,1.0,1.0,38,,,27,,,NO_TRADE,NO_TRADE,0.0,0.0,0.0,8.0,SHORT,4682.56,4690.56,4666.56,0.0,False,False,NONE,no_trade,TREND_DOWN
2026-04-27 02:25:00,4682.57,4682.59,4677.11,4677.29,835,4,0,835,4682.56,-5.270000000000437,4685.729995751758,-0.8884206054481183,4699.83,4677.54,5.480000000000473,3.5442857142855764,4.620555555555459,5.480000000000473,4.620555555555459,False,0,0,1,1,0,0,6.0,0,50,BREAKOUT,73,False,False,,,4684.89,4677.54,4684.89,4677.54,0,1,1,NEUTRAL,0,0,0,1,BREAK_RETEST,2026-04-27,2,ASIA,4730.11,4667.22,0,0,4677.11,4699.83,1,1,0,1,0,0,1.8,1.0,55,,,63,FLOW,exploratory,FLOW,FLOW,63.0,0.005,5.0,8.0,LONG,4677.29,4669.29,4693.29,0.625,False,True,MEDIUM,buy,BREAKOUT
2026-04-27 02:30:00,4677.29,4679.69,4676.42,4678.95,1028,4,0,1028,4677.29,1.6599999999998545,4685.084281870639,-0.6457138811192635,4699.83,4677.11,3.269999999999527,3.3899999999998727,4.549473684210409,3.269999999999527,4.549473684210409,False,0,0,1,0,0,1,6.0,1,50,TREND_DOWN,73,False,False,,,4684.89,4677.54,4684.89,4677.54,0,0,0,NEUTRAL,0,0,0,0,NONE,2026-04-27,2,ASIA,4730.11,4667.22,0,0,4676.42,4699.83,1,1,0,1,1,0,1.8,1.0,48,,,45,,,NO_TRADE,NO_TRADE,0.0,0.0,0.0,8.0,SHORT,4678.95,4686.95,4662.95,0.0,False,False,NONE,no_trade,TREND_DOWN
2026-04-27 02:35:00,4678.95,4680.0,4675.42,4676.67,823,4,0,823,4678.95,-2.2799999999997453,4684.282921692483,-0.8013601781558464,4699.83,4676.42,4.579999999999927,3.3942857142855507,4.550999999999886,4.579999999999927,4.550999999999886,False,0,0,1,0,0,0,6.0,0,50,TREND_DOWN,73,True,False,4680.0,,4680.0,4677.54,4684.89,4677.54,0,1,1,LH,0,0,0,1,BREAK_RETEST,2026-04-27,2,ASIA,4730.11,4667.22,0,0,4675.42,4699.83,1,1,0,1,0,0,1.8,1.0,75,ALPHA,strict_alpha,57,FLOW,exploratory,ALPHA,ALPHA,75.0,0.01,10.0,8.0,SHORT,4676.67,4684.67,4660.67,1.25,False,True,HIGH,sell,TREND_DOWN
2026-04-27 02:40:00,4676.67,4678.15,4674.81,4676.81,1060,4,0,1060,4676.67,0.14000000000032742,4683.571214864628,-0.7117068278548686,4699.83,4675.42,3.339999999999236,3.29357142857121,4.340999999999849,3.339999999999236,4.340999999999849,False,0,0,1,0,0,1,6.0,1,50,TREND_DOWN,73,False,True,,4674.81,4680.0,4674.81,4680.0,4677.54,0,1,1,NEUTRAL,0,0,0,1,BREAK_RETEST,2026-04-27,2,ASIA,4730.11,4667.22,0,0,4674.81,4699.83,1,1,0,1,1,0,1.8,1.0,75,ALPHA,strict_alpha,57,FLOW,exploratory,ALPHA,ALPHA,75.0,0.01,10.0,8.0,SHORT,4676.81,4684.81,4660.81,1.25,False,True,HIGH,sell,TREND_DOWN
2026-04-27 02:45:00,4676.81,4682.13,4676.79,4680.63,1281,4,0,1281,4676.81,3.819999999999709,4683.291099163235,-0.28011570139278774,4697.02,4674.81,5.3400000000001455,3.465714285714122,3.826999999999816,5.3400000000001455,3.826999999999816,True,0,0,1,0,0,1,5.0,0,50,TREND_DOWN,81,True,False,4682.13,,4682.13,4674.81,4680.0,4674.81,1,0,1,NEUTRAL,0,0,0,1,BREAK_RETEST,2026-04-27,2,ASIA,4730.11,4667.22,0,0,4674.81,4699.83,1,1,0,0,0,0,1.0,1.0,75,ALPHA,strict_alpha,37,,,ALPHA,ALPHA,75.0,0.01,10.0,8.0,SHORT,4680.63,4688.63,4664.63,1.25,False,True,HIGH,sell,TREND_DOWN
2026-04-27 02:50:00,4680.63,4681.81,4679.01,4681.16,765,4,0,765,4680.63,0.5299999999997453,4683.088137338165,-0.2029618250699059,4688.65,4674.81,2.800000000000182,3.5042857142856128,3.677499999999827,2.800000000000182,3.677499999999827,False,0,0,0,0,0,1,4.0,1,50,CHOPPY,40,False,False,,,4682.13,4674.81,4682.13,4674.81,0,0,0,NEUTRAL,0,0,0,0,NONE,2026-04-27,2,ASIA,4730.11,4667.22,0,0,4674.81,4699.83,1,1,0,0,0,0,1.0,1.0,10,,,22,,,NO_TRADE,NO_TRADE,0.0,0.0,0.0,8.0,LONG,4681.16,4673.16,4697.16,0.0,False,False,NONE,no_trade,CHOPPY
2026-04-27 02:55:00,4681.16,4681.85,4679.73,4679.96,936,4,0,936,4681.16,-1.199999999999818,4682.790219496435,-0.29791784172994085,4688.65,4674.81,2.1200000000008004,3.5057142857142805,3.5534999999998944,2.1200000000008004,3.5534999999998944,False,0,0,0,0,0,0,5.0,1,50,CHOPPY,40,True,False,4681.85,,4681.85,4674.81,4682.13,4674.81,0,0,0,LH,0,1,0,0,DOUBLE_TOP,2026-04-27,2,ASIA,4730.11,4667.22,0,0,4674.81,4699.83,1,1,0,0,0,0,1.0,1.0,20,,,46,,,NO_TRADE,NO_TRADE,0.0,0.0,0.0,8.0,LONG,4679.96,4671.96,4695.96,0.0,False,False,NONE,no_trade,CHOPPY
2026-04-27 03:00:00,4679.96,4681.13,4675.34,4679.08,1602,4,0,1602,4679.96,-0.8800000000001091,4682.43686525868,-0.3533542377554113,4688.65,4674.81,5.789999999999964,3.6464285714285842,3.5714999999999235,5.789999999999964,3.5714999999999235,True,0,0,0,0,0,0,4.0,0,50,RANGE,58,False,False,,,4681.85,4674.81,4681.85,4674.81,0,0,0,NEUTRAL,0,0,0,0,NONE,2026-04-27,3,ASIA,4730.11,4667.22,0,0,4674.81,4699.83,1,1,0,0,0,0,1.0,1.0,20,,,43,,,NO_TRADE,NO_TRADE,0.0,0.0,0.0,8.0,LONG,4679.08,4671.08,4695.08,0.0,False,False,NONE,no_trade,RANGE
2026-04-27 03:05:00,4679.11,4679.68,4672.06,4675.86,1781,4,0,1781,4679.08,-3.2200000000002547,4681.810497138806,-0.6263681198743143,4687.51,4674.81,7.619999999999891,4.026428571428563,3.7264999999998962,7.619999999999891,3.7264999999998962,True,0,0,1,0,0,0,4.0,0,50,TREND_DOWN,81,False,True,,4672.06,4681.85,4672.06,4681.85,4674.81,0,0,0,NEUTRAL,0,0,0,0,NONE,2026-04-27,3,ASIA,4730.11,4667.22,0,0,4672.06,4699.83,1,1,0,1,0,0,1.8,1.0,48,,,33,,,NO_TRADE,NO_TRADE,0.0,0.0,0.0,8.0,SHORT,4675.86,4683.86,4659.86,0.0,False,False,NONE,no_trade,TREND_DOWN
2026-04-27 03:10:00,4675.86,4679.87,4675.71,4679.82,1469,4,0,1469,4675.86,3.9600000000000364,4681.620925982728,-0.1895711560773634,4686.9,4672.06,4.1599999999998545,3.8128571428571507,3.696999999999889,4.1599999999998545,3.696999999999889,False,0,0,1,0,0,1,5.0,0,50,TREND_DOWN,73,False,False,,,4681.85,4672.06,4681.85,4672.06,0,0,0,NEUTRAL,0,0,0,0,NONE,2026-04-27,3,ASIA,4730.11,4667.22,0,0,4672.06,4699.83,1,1,0,0,1,0,1.0,1.0,58,,,35,,,NO_TRADE,NO_TRADE,0.0,0.0,0.0,8.0,SHORT,4679.82,4687.82,4663.82,0.0,False,False,NONE,no_trade,TREND_DOWN
2026-04-27 03:15:00,4679.82,4681.38,4677.81,4678.83,1585,4,0,1585,4679.82,-0.9899999999997817,4681.355123508182,-0.26580247454603523,4686.28,4672.06,3.569999999999709,3.844999999999995,3.7289999999999055,3.569999999999709,3.7289999999999055,False,0,0,1,0,0,0,5.0,0,50,TREND_DOWN,73,True,False,4681.38,,4681.38,4672.06,4681.85,4672.06,0,0,0,LH,0,1,0,0,DOUBLE_TOP,2026-04-27,3,ASIA,4730.11,4667.22,0,0,4672.06,4699.83,1,1,0,0,0,0,1.0,1.0,58,,,49,,,NO_TRADE,NO_TRADE,0.0,0.0,0.0,8.0,SHORT,4678.83,4686.83,4662.83,0.0,False,False,NONE,no_trade,TREND_DOWN
2026-04-27 03:20:00,4678.83,4680.33,4677.67,4678.97,1448,4,0,1448,4678.83,0.14000000000032742,4681.127968888355,-0.2271546198271608,4686.28,4672.06,2.6599999999998545,3.899999999999961,3.7489999999999326,2.6599999999998545,3.7489999999999326,False,0,0,1,0,0,1,5.0,1,50,TREND_DOWN,73,False,True,,4677.67,4681.38,4677.67,4681.38,4672.06,0,0,0,HL,0,0,0,0,NONE,2026-04-27,3,ASIA,4730.11,4667.22,0,0,4672.06,4699.83,1,1,0,0,1,0,1.0,1.0,48,,,49,,,NO_TRADE,NO_TRADE,0.0,0.0,0.0,8.0,SHORT,4678.97,4686.97,4662.97,0.0,False,False,NONE,no_trade,TREND_DOWN
2026-04-27 03:25:00,4679.31,4682.21,4677.78,4680.82,1147,4,0,1147,4678.97,1.8499999999994543,4681.098638518036,-0.02933037031925778,4686.02,4672.06,4.430000000000291,4.1299999999999795,3.8654999999999746,4.430000000000291,3.8654999999999746,False,0,0,0,0,0,1,4.0,0,50,RANGE,50,True,False,4682.21,,4682.21,4677.67,4681.38,4677.67,0,0,0,NEUTRAL,0,0,0,0,NONE,2026-04-27,3,ASIA,4730.11,4667.22,0,0,4672.06,4699.83,1,1,0,0,0,0,1.0,1.0,20,,,38,,,NO_TRADE,NO_TRADE,0.0,0.0,0.0,8.0,LONG,4680.82,4672.82,4696.82,0.0,False,False,NONE,no_trade,RANGE
2026-04-27 03:30:00,4680.82,4681.54,4677.25,4678.15,1116,4,0,1116,4680.82,-2.6700000000000728,4680.817815802033,-0.2808227160030583,4686.02,4672.06,4.289999999999964,4.246428571428559,3.8889999999999874,4.289999999999964,3.8889999999999874,False,0,0,0,0,0,0,5.0,0,50,RANGE,50,False,False,,,4682.21,4677.67,4682.21,4677.67,0,0,0,NEUTRAL,0,0,0,0,NONE,2026-04-27,3,ASIA,4730.11,4667.22,0,0,4672.06,4697.02,1,1,0,0,0,0,1.0,1.0,20,,,38,,,NO_TRADE,NO_TRADE,0.0,0.0,0.0,8.0,LONG,4678.15,4670.15,4694.15,0.0,False,False,NONE,no_trade,RANGE
2026-04-27 03:35:00,4678.16,4679.39,4676.77,4679.23,1133,4,0,1133,4678.15,1.0799999999999272,4680.666595249459,-0.15122055257415923,4686.02,4672.06,2.619999999999891,4.042142857142802,3.9049999999999727,2.619999999999891,3.9049999999999727,False,0,0,1,0,0,1,6.0,1,50,TREND_DOWN,73,False,True,,4676.77,4682.21,4676.77,4682.21,4677.67,0,0,0,NEUTRAL,0,0,0,0,NONE,2026-04-27,3,ASIA,4730.11,4667.22,0,0,4672.06,4688.65,1,1,0,0,1,0,1.0,1.0,48,,,37,,,NO_TRADE,NO_TRADE,0.0,0.0,0.0,8.0,SHORT,4679.23,4687.23,4663.23,0.0,False,False,NONE,no_trade,TREND_DOWN
2026-04-27 03:40:00,4679.24,4680.93,4678.07,4680.55,784,4,0,784,4679.23,1.3200000000006185,4680.6554909399865,-0.011104309472102614,4684.89,4672.06,2.860000000000582,4.012857142857164,3.69050000000002,2.860000000000582,3.69050000000002,False,0,0,0,0,0,1,5.0,1,50,CHOPPY,40,False,False,,,4682.21,4676.77,4682.21,4676.77,0,0,0,NEUTRAL,0,0,0,0,NONE,2026-04-27,3,ASIA,4730.11,4667.22,0,0,4672.06,4688.65,1,1,0,0,0,0,1.0,1.0,10,,,22,,,NO_TRADE,NO_TRADE,0.0,0.0,0.0,8.0,LONG,4680.55,4672.55,4696.55,0.0,False,False,NONE,no_trade,CHOPPY
2026-04-27 03:45:00,4680.55,4683.05,4680.55,4682.44,1043,4,0,1043,4680.55,1.889999999999418,4680.825444183797,0.16995324381059618,4684.89,4672.06,2.5,3.86428571428574,3.6595000000000253,2.5,3.6595000000000253,False,0,1,0,0,0,1,5.0,1,50,TREND_UP,73,False,False,,,4682.21,4676.77,4682.21,4676.77,1,0,1,NEUTRAL,0,0,0,1,BREAK_RETEST,2026-04-27,3,ASIA,4730.11,4667.22,0,0,4672.06,4688.65,1,1,0,0,0,0,1.0,1.0,65,,,39,,,NO_TRADE,NO_TRADE,0.0,0.0,0.0,8.0,LONG,4682.44,4674.44,4698.44,0.0,False,False,NONE,no_trade,TREND_UP
2026-04-27 03:50:00,4682.47,4688.91,4682.39,4688.5,1257,4,0,1257,4682.44,6.0600000000004,4681.55635426153,0.7309100777329149,4684.89,4672.06,6.519999999999527,4.091428571428618,3.8909999999999854,6.519999999999527,3.8909999999999854,True,0,1,0,1,0,1,5.0,0,50,BREAKOUT,81,False,False,,,4682.21,4676.77,4682.21,4676.77,1,0,1,NEUTRAL,0,0,0,1,BREAK_RETEST,2026-04-27,3,ASIA,4730.11,4667.22,0,0,4672.06,4688.91,1,1,1,0,0,0,1.0,1.8,55,,,63,FLOW,exploratory,FLOW,FLOW,63.0,0.005,5.0,8.0,LONG,4688.5,4680.5,4704.5,0.625,False,True,MEDIUM,buy,BREAKOUT
2026-04-27 03:55:00,4688.5,4698.2,4688.5,4697.77,1797,4,0,1797,4688.5,9.270000000000437,4683.100510998527,1.544156736997138,4688.91,4672.06,9.699999999999818,4.402857142857166,4.315499999999974,9.699999999999818,4.315499999999974,True,0,1,0,1,0,1,4.0,0,50,BREAKOUT,81,False,False,,,4682.21,4676.77,4682.21,4676.77,1,0,1,NEUTRAL,0,0,0,1,BREAK_RETEST,2026-04-27,3,ASIA,4730.11,4667.22,0,0,4672.06,4698.2,1,1,1,0,0,0,1.0,1.8,55,,,63,FLOW,exploratory,FLOW,FLOW,63.0,0.005,5.0,8.0,LONG,4697.77,4689.77,4713.77,0.625,False,True,MEDIUM,buy,BREAKOUT
2026-04-27 04:00:00,4697.78,4709.69,4694.7,4708.0,3122,4,0,3122,4697.77,10.229999999999563,4685.471890903429,2.3713799049019144,4698.2,4672.06,14.989999999999782,5.273571428571423,4.931999999999971,14.989999999999782,4.931999999999971,True,0,1,0,1,0,1,3.0,0,50,BREAKOUT,81,True,False,4709.69,,4709.69,4676.77,4682.21,4676.77,1,0,1,NEUTRAL,0,0,0,1,BREAK_RETEST,2026-04-27,4,ASIA,4730.11,4667.22,0,0,4672.06,4709.69,1,1,1,0,0,0,1.0,1.8,55,,,63,FLOW,exploratory,FLOW,FLOW,63.0,0.005,5.0,9.492428571428562,LONG,4708.0,4698.507571428571,4726.984857142857,0.5267355937815106,False,True,MEDIUM,buy,BREAKOUT
2026-04-27 04:05:00,4708.0,4708.77,4696.98,4698.22,2288,4,0,2288,4708.0,-9.779999999999745,4686.685996531674,1.2141056282453064,4709.69,4672.06,11.790000000000873,5.964285714285714,5.247499999999991,11.790000000000873,5.247499999999991,True,0,1,0,0,1,0,3.0,0,50,REVERSAL,82,False,False,,,4709.69,4676.77,4709.69,4676.77,0,0,0,NEUTRAL,0,0,0,0,NONE,2026-04-27,4,ASIA,4730.11,4667.22,0,0,4672.06,4709.69,1,1,0,0,0,0,1.0,1.0,28,,,43,,,NO_TRADE,NO_TRADE,0.0,0.0,0.0,10.735714285714286,LONG,4698.22,4687.484285714286,4719.691428571429,0.0,False,False,NONE,no_trade,REVERSAL
2026-04-27 04:10:00,4698.28,4702.4,4692.17,4692.8,1989,4,0,1989,4698.22,-5.420000000000073,4687.268282576277,0.5822860446023697,4709.69,4672.06,10.229999999999563,6.281428571428543,5.595499999999992,10.229999999999563,5.595499999999992,True,0,1,0,0,0,0,3.0,0,50,TREND_UP,81,False,False,,,4709.69,4676.77,4709.69,4676.77,0,0,0,NEUTRAL,0,0,0,0,NONE,2026-04-27,4,ASIA,4730.11,4667.22,0,0,4672.06,4709.69,1,1,0,0,0,0,1.0,1.0,48,,,25,,,NO_TRADE,NO_TRADE,0.0,0.0,0.0,11.306571428571377,LONG,4692.8,4681.493428571429,4715.413142857143,0.0,False,False,NONE,no_trade,TREND_UP
2026-04-27 04:15:00,4692.8,4696.56,4690.81,4695.84,2207,4,0,2207,4692.8,3.0399999999999636,4688.084636616631,0.8163540403538718,4709.69,4672.06,5.75,6.147857142857122,5.653999999999996,5.75,5.653999999999996,False,0,1,0,0,0,1,3.0,0,50,TREND_UP,73,False,True,,4690.81,4709.69,4690.81,4709.69,4676.77,0,0,0,HL,0,0,0,0,NONE,2026-04-27,4,ASIA,4730.11,4667.22,0,0,4672.06,4709.69,1,1,0,0,1,0,1.0,1.0,58,,,47,,,NO_TRADE,NO_TRADE,0.0,0.0,0.0,11.06614285714282,LONG,4695.84,4684.773857142857,4717.972285714286,0.0,False,False,NONE,no_trade,TREND_UP
2026-04-27 04:20:00,4695.84,4698.73,4694.45,4696.93,1873,4,0,1873,4695.84,1.0900000000001455,4688.927052176951,0.84241556032066,4709.69,4672.06,4.279999999999745,6.156428571428543,5.701000000000022,4.279999999999745,5.701000000000022,False,0,0,0,0,0,1,2.0,0,50,RANGE,50,True,False,4698.73,,4698.73,4690.81,4709.69,4690.81,0,0,0,LH,0,0,0,0,NONE,2026-04-27,4,ASIA,4730.11,4667.22,0,0,4672.06,4709.69,1,1,0,0,0,0,1.0,1.0,20,,,50,,,NO_TRADE,NO_TRADE,0.0,0.0,0.0,11.081571428571378,LONG,4696.93,4685.8484285714285,4719.093142857143,0.0,False,False,NONE,no_trade,RANGE
2026-04-27 04:25:00,4696.93,4698.08,4692.79,4698.02,2090,4,0,2090,4696.93,1.0900000000001455,4689.793047207718,0.8659950307664985,4709.69,4672.06,5.289999999999964,6.279285714285704,5.6985000000000126,5.289999999999964,5.6985000000000126,False,0,0,0,0,0,1,2.0,0,50,RANGE,50,False,True,,4692.79,4698.73,4692.79,4698.73,4690.81,0,0,0,HL,0,0,0,0,NONE,2026-04-27,4,ASIA,4730.11,4667.22,0,0,4672.06,4709.69,1,1,0,0,0,0,1.0,1.0,20,,,50,,,NO_TRADE,NO_TRADE,0.0,0.0,0.0,11.302714285714268,LONG,4698.02,4686.717285714286,4720.6254285714285,0.0,False,False,NONE,no_trade,RANGE
2026-04-27 04:30:00,4698.04,4700.88,4695.69,4697.46,1932,4,0,1932,4698.02,-0.5600000000004002,4690.523233187935,0.7301859802173567,4709.69,4672.06,5.190000000000509,6.460000000000036,5.818000000000029,5.190000000000509,5.818000000000029,False,0,0,0,0,0,0,3.0,0,50,RANGE,50,True,False,4700.88,,4700.88,4692.79,4698.73,4692.79,0,0,0,NEUTRAL,0,0,0,0,NONE,2026-04-27,4,ASIA,4730.11,4667.22,0,0,4672.06,4709.69,1,1,0,0,0,0,1.0,1.0,20,,,38,,,NO_TRADE,NO_TRADE,0.0,0.0,0.0,11.628000000000066,LONG,4697.46,4685.832,4720.716,0.0,False,False,NONE,no_trade,RANGE
2026-04-27 04:35:00,4697.46,4699.9,4696.32,4699.82,1769,4,0,1769,4697.46,2.3599999999996726,4691.408639550989,0.8854063630542441,4709.69,4672.06,3.5799999999999272,6.399285714285725,5.890999999999986,3.5799999999999272,5.890999999999986,False,0,1,0,0,0,1,4.0,1,50,TREND_UP,73,False,False,,,4700.88,4692.79,4700.88,4692.79,0,0,0,NEUTRAL,0,0,0,0,NONE,2026-04-27,4,ASIA,4730.11,4667.22,0,0,4672.06,4709.69,1,1,0,0,1,0,1.0,1.0,48,,,37,,,NO_TRADE,NO_TRADE,0.0,0.0,0.0,11.518714285714305,LONG,4699.82,4688.301285714286,4722.8574285714285,0.0,False,False,NONE,no_trade,TREND_UP
2026-04-27 04:40:00,4699.82,4700.43,4696.75,4697.9,1710,4,0,1710,4699.82,-1.9200000000000728,4692.026864355657,0.6182248046679888,4709.69,4672.06,3.680000000000291,6.35571428571432,5.785500000000002,3.680000000000291,5.785500000000002,False,0,1,0,0,0,0,5.0,1,50,TREND_UP,73,False,False,,,4700.88,4692.79,4700.88,4692.79,0,0,0,NEUTRAL,0,0,0,0,NONE,2026-04-27,4,ASIA,4730.11,4667.22,0,0,4672.06,4709.69,1,1,0,0,0,0,1.0,1.0,38,,,27,,,NO_TRADE,NO_TRADE,0.0,0.0,0.0,11.440285714285775,LONG,4697.9,4686.459714285714,4720.780571428571,0.0,False,False,NONE,no_trade,TREND_UP
2026-04-27 04:45:00,4697.9,4701.85,4697.73,4701.66,1606,4,0,1606,4697.9,3.7600000000002183,4692.944305845595,0.9174414899380281,4709.69,4672.06,4.1200000000008,6.462857142857241,5.610500000000047,4.1200000000008,5.610500000000047,False,0,1,0,0,0,1,6.0,1,50,TREND_UP,73,False,False,,,4700.88,4692.79,4700.88,4692.79,1,0,1,NEUTRAL,0,0,0,1,BREAK_RETEST,2026-04-27,4,ASIA,4730.11,4667.22,0,0,4672.06,4709.69,1,1,0,0,1,0,1.0,1.0,75,ALPHA,strict_alpha,49,,,ALPHA,ALPHA,75.0,0.01,10.0,14.218285714285932,LONG,4701.66,4687.441714285714,4730.096571428572,0.7033196688368994,False,True,HIGH,buy,TREND_UP
2026-04-27 04:50:00,4701.66,4706.47,4701.4,4702.85,1720,4,0,1720,4701.66,1.1900000000005093,4693.887705288872,0.9433994432765758,4709.69,4675.71,5.0700000000006185,6.620714285714387,5.656000000000086,5.0700000000006185,5.656000000000086,False,0,1,0,0,0,1,5.0,0,50,TREND_UP,73,True,False,4706.47,,4706.47,4692.79,4700.88,4692.79,1,0,1,NEUTRAL,0,0,0,1,BREAK_RETEST,2026-04-27,4,ASIA,4730.11,4667.22,0,0,4672.06,4709.69,1,1,0,0,0,0,1.0,1.0,75,ALPHA,strict_alpha,37,,,ALPHA,ALPHA,75.0,0.01,10.0,14.565571428571651,LONG,4702.85,4688.284428571429,4731.981142857144,0.686550476171784,False,True,HIGH,buy,TREND_UP
2026-04-27 04:55:00,4702.82,4704.35,4699.99,4702.74,1612,4,0,1612,4702.85,-0.11000000000058208,4694.730780975647,0.8430756867746823,4709.69,4676.77,4.360000000000582,6.753571428571571,5.695500000000129,4.360000000000582,5.695500000000129,False,0,1,0,0,0,0,6.0,1,50,TREND_UP,73,False,True,,4699.99,4706.47,4699.99,4706.47,4692.79,0,0,0,HL,0,0,0,0,NONE,2026-04-27,4,ASIA,4730.11,4667.22,0,0,4672.06,4709.69,1,1,0,0,0,0,1.0,1.0,38,,,39,,,NO_TRADE,NO_TRADE,0.0,0.0,0.0,12.156428571428828,LONG,4702.74,4690.583571428571,4727.052857142858,0.0,False,False,NONE,no_trade,TREND_UP
2026-04-27 05:00:00,4702.74,4706.78,4700.85,4702.21,1660,4,0,1660,4702.74,-0.5299999999997453,4695.4430875493945,0.71230657374781,4709.69,4676.77,5.9299999999993815,6.711428571428704,5.859000000000106,5.9299999999993815,5.859000000000106,False,0,1,0,0,0,0,5.0,0,50,TREND_UP,73,True,False,4706.78,,4706.78,4699.99,4706.47,4699.99,0,0,0,NEUTRAL,0,1,0,0,DOUBLE_TOP,2026-04-27,5,ASIA,4730.11,4667.22,0,0,4672.06,4709.69,1,1,0,0,0,0,1.0,1.0,58,,,37,,,NO_TRADE,NO_TRADE,0.0,0.0,0.0,12.080571428571668,LONG,4702.21,4690.129428571428,4726.371142857143,0.0,False,False,NONE,no_trade,TREND_UP
2026-04-27 05:05:00,4702.21,4702.26,4696.59,4698.58,1609,4,0,1609,4702.21,-3.630000000000109,4695.741841116119,0.2987535667243719,4709.69,4676.77,5.670000000000073,6.423571428571579,5.921000000000094,5.670000000000073,5.921000000000094,False,0,1,0,0,0,0,5.0,0,50,TREND_UP,73,False,False,,,4706.78,4699.99,4706.78,4699.99,0,1,1,NEUTRAL,0,0,0,1,BREAK_RETEST,2026-04-27,5,ASIA,4730.11,4667.22,0,0,4672.06,4709.69,1,1,0,0,0,0,1.0,1.0,75,ALPHA,strict_alpha,37,,,ALPHA,ALPHA,75.0,0.01,10.0,14.131857142857475,LONG,4698.58,4684.448142857143,4726.843714285715,0.7076210790210401,False,True,HIGH,buy,TREND_UP
2026-04-27 05:10:00,4698.55,4700.27,4696.24,4699.62,1455,4,0,1455,4698.58,1.0399999999999636,4696.111189581251,0.36934846513213415,4709.69,4676.77,4.030000000000655,5.640714285714499,5.908000000000129,4.030000000000655,5.908000000000129,False,0,0,0,0,0,1,6.0,1,50,CHOPPY,40,False,True,,4696.24,4706.78,4696.24,4706.78,4699.99,0,1,1,NEUTRAL,0,0,0,1,BREAK_RETEST,2026-04-27,5,ASIA,4730.11,4667.22,0,0,4672.06,4709.69,1,1,0,0,1,0,1.0,1.0,47,,,44,,,NO_TRADE,NO_TRADE,0.0,0.0,0.0,10.153285714286099,LONG,4699.62,4689.466714285713,4719.926571428572,0.0,False,False,NONE,no_trade,CHOPPY
2026-04-27 05:15:00,4699.61,4708.26,4698.94,4705.26,1407,4,0,1407,4699.62,5.640000000000327,4696.982504859227,0.8713152779764641,4709.69,4676.77,9.320000000000618,5.464285714285909,6.2430000000001655,9.320000000000618,6.2430000000001655,True,0,1,0,0,0,1,5.0,0,50,TREND_UP,81,True,False,4708.26,,4708.26,4696.24,4706.78,4696.24,0,0,0,NEUTRAL,0,0,0,0,NONE,2026-04-27,5,ASIA,4730.11,4667.22,0,0,4672.06,4709.69,1,1,0,0,0,0,1.0,1.0,48,,,25,,,NO_TRADE,NO_TRADE,0.0,0.0,0.0,9.835714285714637,LONG,4705.26,4695.424285714285,4724.93142857143,0.0,False,False,NONE,no_trade,TREND_UP
2026-04-27 05:20:00,4705.26,4707.26,4704.34,4705.38,1116,4,0,1116,4705.26,0.11999999999989086,4697.782266301206,0.7997614419782622,4709.69,4678.07,2.9200000000000728,4.9421428571430885,6.24600000000014,2.9200000000000728,6.24600000000014,False,0,1,0,0,0,1,4.0,1,50,TREND_UP,73,False,False,,,4708.26,4696.24,4708.26,4696.24,0,0,0,NEUTRAL,0,0,0,0,NONE,2026-04-27,5,ASIA,4730.11,4667.22,0,0,4672.06,4709.69,1,1,0,0,0,0,1.0,1.0,38,,,27,,,NO_TRADE,NO_TRADE,0.0,0.0,0.0,8.89585714285756,LONG,4705.38,4696.484142857143,4723.171714285715,0.0,False,False,NONE,no_trade,TREND_UP
2026-04-27 05:25:00,4705.38,4706.8,4704.92,4705.74,950,4,0,950,4705.38,0.3599999999996726,4698.54014570109,0.7578793998845867,4709.69,4680.55,1.8800000000001091,4.665714285714524,6.2150000000001455,1.8800000000001091,6.2150000000001455,False,0,1,0,0,0,1,3.0,0,50,TREND_UP,73,False,False,,,4708.26,4696.24,4708.26,4696.24,0,0,0,NEUTRAL,0,0,0,0,NONE,2026-04-27,5,ASIA,4730.11,4667.22,0,0,4672.06,4709.69,1,1,0,0,0,0,1.0,1.0,48,,,25,,,NO_TRADE,NO_TRADE,0.0,0.0,0.0,8.398285714286144,LONG,4705.74,4697.341714285713,4722.536571428572,0.0,False,False,NONE,no_trade,TREND_UP
2026-04-27 05:30:00,4705.74,4707.66,4704.43,4705.63,1559,4,0,1559,4705.74,-0.10999999999967258,4699.215369920034,0.6752242189440949,4709.69,4682.39,3.2299999999995634,4.590714285714512,6.050500000000147,3.2299999999995634,6.050500000000147,False,0,1,0,0,0,0,3.0,0,50,TREND_UP,73,False,True,,4704.43,4708.26,4704.43,4708.26,4696.24,0,0,0,HL,0,0,0,0,NONE,2026-04-27,5,ASIA,4730.11,4667.22,0,0,4672.06,4709.69,1,1,0,0,0,0,1.0,1.0,48,,,37,,,NO_TRADE,NO_TRADE,0.0,0.0,0.0,8.263285714286122,LONG,4705.63,4697.366714285714,4722.1565714285725,0.0,False,False,NONE,no_trade,TREND_UP
2026-04-27 05:35:00,4705.63,4714.56,4705.6,4712.25,1634,4,0,1634,4705.63,6.619999999999891,4700.456763260984,1.2413933409497986,4709.69,4688.5,8.960000000000036,4.852857142857374,6.013500000000159,8.960000000000036,6.013500000000159,True,0,1,0,1,1,1,4.0,0,50,BREAKOUT,85,True,False,4714.56,,4714.56,4704.43,4708.26,4704.43,1,0,1,NEUTRAL,0,0,0,1,BREAK_RETEST,2026-04-27,5,ASIA,4730.11,4667.22,0,0,4675.71,4714.56,1,1,1,0,1,0,1.0,1.8,65,,,73,FLOW,exploratory,FLOW,FLOW,73.0,0.005,5.0,8.735142857143273,LONG,4712.25,4703.514857142856,4729.720285714287,0.5724004840872393,False,True,HIGH,buy,BREAKOUT
2026-04-27 05:40:00,4712.25,4714.16,4710.93,4713.44,1408,4,0,1408,4712.25,1.1899999999995998,4701.693261998033,1.23649873704926,4714.56,4690.81,3.2299999999995634,4.712857142857307,5.425500000000147,3.2299999999995634,5.425500000000147,False,0,1,0,0,0,1,3.0,0,50,TREND_UP,73,False,False,,,4714.56,4704.43,4714.56,4704.43,0,0,0,NEUTRAL,0,0,0,0,NONE,2026-04-27,5,ASIA,4730.11,4667.22,0,0,4676.77,4714.56,1,1,0,0,0,0,1.0,1.0,48,,,25,,,NO_TRADE,NO_TRADE,0.0,0.0,0.0,8.483142857143152,LONG,4713.44,4704.956857142856,4730.406285714286,0.0,False,False,NONE,no_trade,TREND_UP
2026-04-27 05:45:00,4713.5,4719.22,4712.16,4718.6,1619,4,0,1619,4713.44,5.160000000000764,4703.30342752203,1.6101655239963293,4714.56,4690.81,7.0600000000004,4.961428571428769,5.1890000000001235,7.0600000000004,5.1890000000001235,True,0,1,0,1,0,1,3.0,0,50,BREAKOUT,81,False,False,,,4714.56,4704.43,4714.56,4704.43,1,0,1,NEUTRAL,0,0,0,1,BREAK_RETEST,2026-04-27,5,ASIA,4730.11,4667.22,0,0,4676.77,4719.22,1,1,1,0,0,0,1.0,1.8,55,,,63,FLOW,exploratory,FLOW,FLOW,63.0,0.005,5.0,8.930571428571785,LONG,4718.6,4709.669428571428,4736.461142857144,0.559874588092245,False,True,MEDIUM,buy,BREAKOUT
2026-04-27 05:50:00,4718.57,4722.91,4717.64,4721.41,1518,4,0,1518,4718.6,2.8099999999994907,4705.027862996122,1.7244354740923882,4719.22,4690.81,5.269999999999527,5.075000000000143,4.9410000000001215,5.269999999999527,4.9410000000001215,False,0,1,0,1,0,1,3.0,0,50,BREAKOUT,73,False,False,,,4714.56,4704.43,4714.56,4704.43,1,0,1,NEUTRAL,0,0,0,1,BREAK_RETEST,2026-04-27,5,ASIA,4730.11,4667.22,0,0,4676.77,4722.91,1,1,1,0,0,0,1.0,1.8,55,,,63,FLOW,exploratory,FLOW,FLOW,63.0,0.005,5.0,9.135000000000257,LONG,4721.41,4712.275,4739.68,0.5473453749315664,False,True,MEDIUM,buy,BREAKOUT
2026-04-27 05:55:00,4721.41,4723.5,4718.29,4718.29,1374,4,0,1374,4721.41,-3.119999999999891,4706.2909236631585,1.2630606670363704,4722.91,4690.81,5.210000000000036,5.152857142857231,4.914000000000124,5.210000000000036,4.914000000000124,False,0,1,0,0,0,0,3.0,0,50,TREND_UP,73,True,False,4723.5,,4723.5,4704.43,4714.56,4704.43,1,0,1,NEUTRAL,0,0,0,1,BREAK_RETEST,2026-04-27,5,ASIA,4730.11,4667.22,0,0,4676.77,4723.5,1,1,1,0,0,0,1.0,1.8,75,ALPHA,strict_alpha,45,,,ALPHA,ALPHA,75.0,0.01,10.0,11.336285714285909,LONG,4718.29,4706.953714285714,4740.962571428572,0.8821231443909419,False,True,HIGH,buy,TREND_UP
2026-04-27 06:00:00,4718.21,4722.31,4718.21,4720.26,1553,4,0,1553,4718.29,1.9700000000002547,4707.621311885715,1.3303882225563939,4723.5,4692.79,4.100000000000364,5.083571428571498,4.905000000000155,4.100000000000364,4.905000000000155,False,0,1,0,0,0,1,4.0,0,50,TREND_UP,73,False,True,,4718.21,4723.5,4718.21,4723.5,4704.43,0,0,0,HL,0,0,0,0,NONE,2026-04-27,6,ASIA,4730.11,4667.22,0,0,4676.77,4723.5,1,1,0,0,1,0,1.0,1.0,58,,,47,,,NO_TRADE,NO_TRADE,0.0,0.0,0.0,9.150428571428698,LONG,4720.26,4711.109571428571,4738.5608571428575,0.0,False,False,NONE,no_trade,TREND_UP
2026-04-27 06:05:00,4720.26,4721.07,4718.85,4720.45,1368,4,0,1368,4720.26,0.18999999999959982,4708.843091706123,1.221779820408301,4723.5,4692.79,2.219999999999345,4.930714285714267,4.7515000000001235,2.219999999999345,4.7515000000001235,False,0,1,0,0,0,1,4.0,1,50,TREND_UP,73,False,False,,,4723.5,4718.21,4723.5,4718.21,0,0,0,NEUTRAL,0,0,0,0,NONE,2026-04-27,6,ASIA,4730.11,4667.22,0,0,4678.07,4723.5,1,1,0,0,0,0,1.0,1.0,38,,,27,,,NO_TRADE,NO_TRADE,0.0,0.0,0.0,8.875285714285681,LONG,4720.45,4711.574714285714,4738.2005714285715,0.0,False,False,NONE,no_trade,TREND_UP
2026-04-27 06:10:00,4720.45,4721.88,4716.41,4717.9,1319,4,0,1319,4720.45,-2.550000000000182,4709.705654400778,0.8625626946550256,4723.5,4695.69,5.470000000000255,4.897857142857187,4.765500000000111,5.470000000000255,4.765500000000111,False,0,0,0,0,0,0,5.0,0,50,RANGE,50,True,True,4721.88,4716.41,4721.88,4716.41,4723.5,4718.21,0,1,1,LL,0,0,0,1,BREAK_RETEST,2026-04-27,6,ASIA,4730.11,4667.22,0,0,4680.55,4723.5,1,1,0,0,0,0,1.0,1.0,62,,,50,,,NO_TRADE,NO_TRADE,0.0,0.0,0.0,8.816142857142935,LONG,4717.9,4709.083857142857,4735.5322857142855,0.0,False,False,NONE,no_trade,RANGE
2026-04-27 06:15:00,4717.9,4718.52,4716.59,4716.91,977,4,0,977,4717.9,-0.9899999999997817,4710.391782553085,0.686128152306992,4723.5,4696.24,1.930000000000291,4.630714285714346,4.6830000000001295,1.930000000000291,4.6830000000001295,False,0,0,0,0,0,0,4.0,1,50,CHOPPY,40,False,False,,,4721.88,4716.41,4721.88,4716.41,0,0,0,NEUTRAL,0,0,0,0,NONE,2026-04-27,6,ASIA,4730.11,4667.22,0,0,4682.39,4723.5,1,1,0,0,0,0,1.0,1.0,10,,,22,,,NO_TRADE,NO_TRADE,0.0,0.0,0.0,8.335285714285822,LONG,4716.91,4708.574714285714,4733.580571428572,0.0,False,False,NONE,no_trade,CHOPPY
2026-04-27 06:20:00,4716.91,4718.53,4716.24,4716.39,988,4,0,988,4716.91,-0.5199999999995271,4710.963041357553,0.571258804468016,4723.5,4696.24,2.2899999999999636,4.506428571428581,4.613500000000113,2.2899999999999636,4.613500000000113,False,0,0,0,0,0,0,3.0,0,50,RANGE,50,True,False,4718.53,,4718.53,4716.41,4721.88,4716.41,0,1,1,LH,0,0,0,1,BREAK_RETEST,2026-04-27,6,ASIA,4730.11,4667.22,0,0,4688.5,4723.5,1,1,0,0,0,0,1.0,1.0,47,,,62,FLOW,exploratory,FLOW,FLOW,62.0,0.005,5.0,8.111571428571446,LONG,4716.39,4708.278428571429,4732.613142857143,0.6164033743681852,False,True,MEDIUM,buy,RANGE
2026-04-27 06:25:00,4716.45,4716.67,4714.49,4715.71,1108,4,0,1108,4716.39,-0.680000000000291,4711.4151326568335,0.45209129928025504,4723.5,4696.24,2.180000000000291,3.9964285714285586,4.516500000000088,2.180000000000291,4.516500000000088,False,0,0,0,0,0,0,3.0,0,50,RANGE,50,False,True,,4714.49,4718.53,4714.49,4718.53,4716.41,0,1,1,NEUTRAL,0,0,0,1,BREAK_RETEST,2026-04-27,6,ASIA,4730.11,4667.22,0,0,4690.81,4723.5,1,1,0,0,0,0,1.0,1.0,47,,,50,,,NO_TRADE,NO_TRADE,0.0,0.0,0.0,8.0,LONG,4715.71,4707.71,4731.71,0.0,False,False,NONE,no_trade,RANGE
2026-04-27 06:30:00,4715.76,4722.31,4715.49,4721.98,1289,4,0,1289,4715.71,6.269999999999527,4712.4213104990395,1.0061778422059433,4723.5,4696.24,6.8200000000006185,4.275000000000026,4.604000000000087,6.8200000000006185,4.604000000000087,True,0,1,0,0,1,1,4.0,0,50,REVERSAL,82,False,False,,,4718.53,4714.49,4718.53,4714.49,1,0,1,NEUTRAL,0,0,0,1,BREAK_RETEST,2026-04-27,6,ASIA,4730.11,4667.22,0,0,4690.81,4723.5,1,1,0,0,1,0,1.0,1.0,65,,,65,FLOW,exploratory,FLOW,FLOW,65.0,0.005,5.0,8.0,LONG,4721.98,4713.98,4737.98,0.625,False,True,MEDIUM,buy,REVERSAL
2026-04-27 06:35:00,4721.98,4725.51,4721.12,4723.76,1170,4,0,1170,4721.98,1.7800000000006548,4713.501185689607,1.0798751905676909,4723.5,4696.24,4.390000000000327,4.4542857142857555,4.605500000000075,4.390000000000327,4.605500000000075,False,0,1,0,1,0,1,4.0,0,50,BREAKOUT,73,False,False,,,4718.53,4714.49,4718.53,4714.49,1,0,1,NEUTRAL,0,0,0,1,BREAK_RETEST,2026-04-27,6,ASIA,4730.11,4667.22,0,0,4690.81,4725.51,1,1,1,0,0,0,1.0,1.8,55,,,63,FLOW,exploratory,FLOW,FLOW,63.0,0.005,5.0,8.01771428571436,LONG,4723.76,4715.742285714286,4739.795428571429,0.6236191290713362,False,True,MEDIUM,buy,BREAKOUT
2026-04-27 06:40:00,4723.76,4729.44,4723.51,4728.4,1232,4,0,1232,4723.76,4.639999999999418,4714.920120385835,1.4189346962275522,4725.51,4696.24,5.9299999999993815,4.647142857142886,4.605500000000075,5.9299999999993815,4.605500000000075,True,0,1,0,1,0,1,3.0,0,50,BREAKOUT,81,True,False,4729.44,,4729.44,4714.49,4718.53,4714.49,1,0,1,NEUTRAL,0,0,0,1,BREAK_RETEST,2026-04-27,6,ASIA,4730.11,4667.22,0,0,4690.81,4729.44,1,1,1,0,0,0,1.0,1.8,55,,,63,FLOW,exploratory,FLOW,FLOW,63.0,0.005,5.0,8.364857142857195,LONG,4728.4,4720.035142857142,4745.129714285714,0.5977388393619527,False,True,MEDIUM,buy,BREAKOUT
2026-04-27 06:45:00,4728.4,4728.81,4723.23,4724.35,1057,4,0,1057,4728.4,-4.049999999999272,4715.818204158612,0.8980837727776816,4729.44,4696.24,5.580000000000837,4.405714285714372,4.601000000000113,5.580000000000837,4.601000000000113,False,0,1,0,0,0,0,3.0,0,50,TREND_UP,73,False,False,,,4729.44,4714.49,4729.44,4714.49,0,0,0,NEUTRAL,0,0,0,0,NONE,2026-04-27,6,ASIA,4730.11,4667.22,0,0,4692.79,4729.44,1,1,0,0,0,0,1.0,1.0,48,,,25,,,NO_TRADE,NO_TRADE,0.0,0.0,0.0,8.0,LONG,4724.35,4716.35,4740.35,0.0,False,False,NONE,no_trade,TREND_UP
2026-04-27 06:50:00,4724.35,4726.25,4722.57,4725.16,1004,4,0,1004,4724.35,0.8099999999994907,4716.707899000649,0.8896948420369881,4729.44,4696.24,3.680000000000291,4.437857142857281,4.583500000000095,3.680000000000291,4.583500000000095,False,0,1,0,0,0,1,4.0,0,50,TREND_UP,73,False,True,,4722.57,4729.44,4722.57,4729.44,4714.49,0,0,0,HL,0,0,0,0,NONE,2026-04-27,6,ASIA,4730.11,4667.22,0,0,4692.79,4729.44,1,1,0,0,1,0,1.0,1.0,58,,,47,,,NO_TRADE,NO_TRADE,0.0,0.0,0.0,8.0,LONG,4725.16,4717.16,4741.16,0.0,False,False,NONE,no_trade,TREND_UP
2026-04-27 06:55:00,4725.16,4726.33,4724.08,4724.17,822,4,0,822,4725.16,-0.9899999999997817,4717.418575286301,0.7106762856519708,4729.44,4698.94,2.25,4.0942857142858236,4.2300000000000635,2.25,4.2300000000000635,False,0,1,0,0,0,0,4.0,1,50,TREND_UP,73,False,False,,,4729.44,4722.57,4729.44,4722.57,0,0,0,NEUTRAL,0,0,0,0,NONE,2026-04-27,6,ASIA,4730.11,4667.22,0,0,4695.69,4729.44,1,1,0,0,0,0,1.0,1.0,38,,,27,,,NO_TRADE,NO_TRADE,0.0,0.0,0.0,8.0,LONG,4724.17,4716.17,4740.17,0.0,False,False,NONE,no_trade,TREND_UP
2026-04-27 07:00:00,4724.17,4726.8,4723.76,4726.33,1028,4,0,1028,4724.17,2.1599999999998545,4718.267282401892,0.8487071155905141,4729.44,4704.34,3.0399999999999636,3.9350000000001404,4.236000000000058,3.0399999999999636,4.236000000000058,False,0,1,0,0,0,1,5.0,1,50,TREND_UP,73,False,True,,4723.76,4729.44,4723.76,4729.44,4722.57,0,0,0,HL,0,0,0,0,NONE,2026-04-27,7,ASIA,4730.11,4667.22,0,0,4696.24,4729.44,1,1,0,0,1,0,1.0,1.0,48,,,49,,,NO_TRADE,NO_TRADE,0.0,0.0,0.0,8.0,LONG,4726.33,4718.33,4742.33,0.0,False,False,NONE,no_trade,TREND_UP
2026-04-27 07:05:00,4726.33,4727.55,4726.21,4727.08,794,4,0,794,4726.33,0.75,4719.106588839807,0.8393064379151838,4729.44,4704.43,1.3400000000001455,3.6585714285715767,4.20900000000006,1.3400000000001455,4.20900000000006,False,0,0,0,0,0,1,5.0,1,50,CHOPPY,40,False,False,,,4729.44,4723.76,4729.44,4723.76,0,0,0,NEUTRAL,0,0,0,0,NONE,2026-04-27,7,ASIA,4730.11,4667.22,0,0,4696.24,4729.44,1,1,0,0,0,0,1.0,1.0,10,,,22,,,NO_TRADE,NO_TRADE,0.0,0.0,0.0,8.0,LONG,4727.08,4719.08,4743.08,0.0,False,False,NONE,no_trade,CHOPPY
2026-04-27 07:10:00,4727.08,4728.14,4725.98,4727.51,759,4,0,759,4727.08,0.43000000000029104,4719.906913712206,0.80032487239896,4729.44,4704.43,2.160000000000764,3.5200000000001768,4.15550000000012,2.160000000000764,4.15550000000012,False,0,1,0,0,0,1,5.0,1,50,TREND_UP,73,True,False,4728.14,,4728.14,4723.76,4729.44,4723.76,0,0,0,LH,0,0,0,0,NONE,2026-04-27,7,ASIA,4730.11,4667.22,0,0,4696.24,4729.44,1,1,0,0,0,0,1.0,1.0,38,,,39,,,NO_TRADE,NO_TRADE,0.0,0.0,0.0,8.0,LONG,4727.51,4719.51,4743.51,0.0,False,False,NONE,no_trade,TREND_UP
2026-04-27 07:15:00,4727.51,4727.99,4725.02,4726.51,793,4,0,793,4727.51,-1.0,4720.535779072949,0.6288653607425658,4729.44,4705.6,2.969999999999345,3.573571428571605,3.8560000000000856,2.969999999999345,3.8560000000000856,False,0,1,0,0,0,0,5.0,1,50,TREND_UP,73,False,True,,4725.02,4728.14,4725.02,4728.14,4723.76,0,0,0,HL,0,0,0,0,NONE,2026-04-27,7,ASIA,4730.11,4667.22,0,0,4696.24,4729.44,1,1,0,0,0,0,1.0,1.0,38,,,39,,,NO_TRADE,NO_TRADE,0.0,0.0,0.0,8.0,LONG,4726.51,4718.51,4742.51,0.0,False,False,NONE,no_trade,TREND_UP
2026-04-27 07:20:00,4726.51,4727.62,4726.11,4726.52,706,4,0,706,4726.51,0.010000000000218279,4721.105704875526,0.5699258025770177,4729.44,4710.93,1.5100000000002183,3.29071428571446,3.770000000000118,1.5100000000002183,3.770000000000118,False,0,1,0,0,0,1,6.0,1,50,TREND_UP,73,False,False,,,4728.14,4725.02,4728.14,4725.02,0,0,0,NEUTRAL,0,0,0,0,NONE,2026-04-27,7,ASIA,4730.11,4667.22,0,0,4696.24,4729.44,1,1,0,0,1,0,1.0,1.0,48,,,37,,,NO_TRADE,NO_TRADE,0.0,0.0,0.0,8.0,LONG,4726.52,4718.52,4742.52,0.0,False,False,NONE,no_trade,TREND_UP
2026-04-27 07:25:00,4726.52,4727.18,4725.15,4726.96,607,4,0,607,4726.52,0.4399999999995998,4721.663256792142,0.5575519166168306,4729.44,4712.16,2.030000000000655,3.297857142857343,3.518500000000131,2.030000000000655,3.518500000000131,False,0,1,0,0,0,1,6.0,1,50,TREND_UP,73,False,True,,4725.15,4728.14,4725.15,4728.14,4725.02,0,0,0,HL,0,0,1,0,DOUBLE_BOTTOM,2026-04-27,7,ASIA,4730.11,4667.22,0,0,4696.24,4729.44,1,1,0,0,0,0,1.0,1.0,48,,,51,,,NO_TRADE,NO_TRADE,0.0,0.0,0.0,8.0,LONG,4726.96,4718.96,4742.96,0.0,False,False,NONE,no_trade,TREND_UP
2026-04-27 07:30:00,4726.96,4730.11,4726.96,4727.31,816,4,0,816,4726.96,0.3500000000003638,4722.201041859557,0.5377850674149158,4729.44,4714.49,3.149999999999636,3.359285714285891,3.4125000000001364,3.149999999999636,3.4125000000001364,False,0,1,0,0,0,1,5.0,0,50,TREND_UP,73,True,False,4730.11,,4730.11,4725.15,4728.14,4725.15,0,0,0,NEUTRAL,0,0,0,0,NONE,2026-04-27,7,ASIA,4730.11,4667.22,1,0,4696.24,4730.11,1,1,1,0,0,0,1.0,2.3,48,,,33,,,NO_TRADE,NO_TRADE,0.0,0.0,0.0,8.0,LONG,4727.31,4719.31,4743.31,0.0,False,False,NONE,no_trade,TREND_UP
2026-04-27 07:35:00,4727.31,4728.31,4725.43,4728.04,947,4,0,947,4727.31,0.7299999999995634,4722.7571331110275,0.5560912514702068,4730.11,4714.49,2.880000000000109,3.409285714285878,3.29600000000014,2.880000000000109,3.29600000000014,False,0,1,0,0,0,1,4.0,0,50,TREND_UP,73,False,True,,4725.43,4730.11,4725.43,4730.11,4725.15,0,0,0,HL,0,0,1,0,DOUBLE_BOTTOM,2026-04-27,7,ASIA,4730.11,4667.22,0,0,4696.24,4730.11,1,1,0,0,0,0,1.0,1.0,58,,,49,,,NO_TRADE,NO_TRADE,0.0,0.0,0.0,8.0,LONG,4728.04,4720.04,4744.04,0.0,False,False,NONE,no_trade,TREND_UP
2026-04-27 07:40:00,4728.04,4728.22,4726.1,4726.29,747,4,0,747,4728.04,-1.75,4723.093596624263,0.33646351323568524,4730.11,4714.49,2.119999999999891,3.0735714285715403,3.1970000000001164,2.119999999999891,3.1970000000001164,False,0,0,0,0,0,0,4.0,1,50,CHOPPY,40,False,False,,,4730.11,4725.43,4730.11,4725.43,0,0,0,NEUTRAL,0,0,0,0,NONE,2026-04-27,7,ASIA,4730.11,4667.22,0,0,4698.94,4730.11,1,1,0,0,0,0,1.0,1.0,10,,,22,,,NO_TRADE,NO_TRADE,0.0,0.0,0.0,8.0,LONG,4726.29,4718.29,4742.29,0.0,False,False,NONE,no_trade,CHOPPY
2026-04-27 07:45:00,4726.29,4726.67,4724.08,4724.36,744,4,0,744,4726.29,-1.930000000000291,4723.214206469572,0.12060984530853602,4730.11,4714.49,2.5900000000001455,2.945000000000099,3.2155000000001563,2.5900000000001455,3.2155000000001563,False,0,0,0,0,0,0,3.0,0,50,RANGE,50,False,False,,,4730.11,4725.43,4730.11,4725.43,0,1,1,NEUTRAL,0,0,0,1,BREAK_RETEST,2026-04-27,7,ASIA,4730.11,4667.22,0,0,4704.34,4730.11,1,1,0,0,0,0,1.0,1.0,47,,,50,,,NO_TRADE,NO_TRADE,0.0,0.0,0.0,8.0,LONG,4724.36,4716.36,4740.36,0.0,False,False,NONE,no_trade,RANGE
2026-04-27 07:50:00,4724.36,4724.91,4723.27,4724.58,936,4,0,936,4724.36,0.22000000000025466,4723.344282043899,0.13007557432683825,4730.11,4714.49,1.639999999999418,2.63857142857153,3.0240000000001146,1.639999999999418,3.0240000000001146,False,0,0,0,0,0,1,4.0,1,50,CHOPPY,40,False,False,,,4730.11,4725.43,4730.11,4725.43,0,1,1,NEUTRAL,0,0,0,1,BREAK_RETEST,2026-04-27,7,ASIA,4730.11,4667.22,0,0,4704.43,4730.11,1,1,0,0,1,0,1.0,1.0,47,,,44,,,NO_TRADE,NO_TRADE,0.0,0.0,0.0,8.0,LONG,4724.58,4716.58,4740.58,0.0,False,False,NONE,no_trade,CHOPPY
2026-04-27 07:55:00,4724.58,4726.37,4722.78,4725.02,859,4,0,859,4724.58,0.4400000000005093,4723.503874230194,0.15959218629541283,4730.11,4714.49,3.5900000000001455,2.4964285714286234,3.1070000000001072,3.5900000000001455,3.1070000000001072,False,0,0,0,0,0,1,4.0,0,50,RANGE,50,True,False,4726.37,,4726.37,4725.43,4730.11,4725.43,0,1,1,LH,0,0,0,1,BREAK_RETEST,2026-04-27,7,ASIA,4730.11,4667.22,0,0,4704.43,4730.11,1,1,0,0,0,0,1.0,1.0,47,,,62,FLOW,exploratory,FLOW,FLOW,62.0,0.005,5.0,8.0,LONG,4725.02,4717.02,4741.02,0.625,False,True,MEDIUM,buy,RANGE
2026-04-27 08:00:00,4725.04,4725.53,4720.96,4721.29,1135,4,0,1135,4725.02,-3.730000000000473,4723.293029065414,-0.21084516478003934,4730.11,4714.49,4.569999999999709,2.5600000000000103,3.2210000000000947,4.569999999999709,3.2210000000000947,True,0,0,1,0,1,0,4.0,0,50,REVERSAL,82,False,False,,,4726.37,4725.43,4726.37,4725.43,0,1,1,NEUTRAL,0,0,0,1,BREAK_RETEST,2026-04-27,8,LONDON,4730.11,4667.22,0,0,4705.6,4730.11,1,1,0,0,0,0,1.0,1.0,63,,,61,FLOW,exploratory,FLOW,FLOW,61.0,0.005,5.0,8.0,LONG,4721.29,4713.29,4737.29,0.625,False,True,MEDIUM,buy,REVERSAL
2026-04-27 08:05:00,4721.26,4722.13,4719.66,4719.68,999,4,0,999,4721.29,-1.6099999999996726,4722.948931059183,-0.34409800623052433,4730.11,4714.49,2.4700000000002547,2.5757142857143145,3.235500000000093,2.4700000000002547,3.235500000000093,False,0,0,1,0,0,0,3.0,0,50,TREND_DOWN,73,False,False,,,4726.37,4725.43,4726.37,4725.43,0,1,1,NEUTRAL,0,0,0,1,BREAK_RETEST,2026-04-27,8,LONDON,4730.11,4667.22,0,0,4710.93,4730.11,1,1,0,0,0,0,1.0,1.0,83,ALPHA,strict_alpha,43,,,ALPHA,ALPHA,83.0,0.01,10.0,8.0,SHORT,4719.68,4727.68,4703.68,1.25,False,True,HIGH,sell,TREND_DOWN
2026-04-27 08:10:00,4719.68,4720.42,4718.15,4718.41,820,4,0,820,4719.68,-1.2700000000004366,4722.51665191069,-0.4322791484937625,4730.11,4715.49,2.2700000000004366,2.520714285714348,3.0080000000000835,2.2700000000004366,3.0080000000000835,False,0,0,1,0,0,0,3.0,0,50,TREND_DOWN,73,False,False,,,4726.37,4725.43,4726.37,4725.43,0,1,1,NEUTRAL,0,0,0,1,BREAK_RETEST,2026-04-27,8,LONDON,4730.11,4667.22,0,0,4712.16,4730.11,1,1,0,0,0,0,1.0,1.0,83,ALPHA,strict_alpha,43,,,ALPHA,ALPHA,83.0,0.01,10.0,8.0,SHORT,4718.41,4726.41,4702.41,1.25,False,True,HIGH,sell,TREND_DOWN
2026-04-27 08:15:00,4718.41,4718.69,4716.15,4718.06,1045,4,0,1045,4718.41,-0.3499999999994543,4722.092208871577,-0.42444303911270254,4730.11,4718.15,2.5399999999999636,2.6064285714286206,2.9155000000000655,2.5399999999999636,2.9155000000000655,False,0,0,1,1,0,0,3.0,0,50,BREAKOUT,73,False,True,,4716.15,4726.37,4716.15,4726.37,4725.43,0,1,1,NEUTRAL,0,0,0,1,BREAK_RETEST,2026-04-27,8,LONDON,4730.11,4667.22,0,0,4714.49,4730.11,1,1,0,0,0,0,1.0,1.0,63,,,61,FLOW,exploratory,FLOW,FLOW,61.0,0.005,5.0,8.0,LONG,4718.06,4710.06,4734.06,0.625,False,True,MEDIUM,buy,BREAKOUT
2026-04-27 08:20:00,4718.06,4719.26,4717.85,4719.18,860,4,0,860,4718.06,1.1199999999998909,4721.814855645713,-0.2773532258643172,4730.11,4716.15,1.4099999999998545,2.5528571428571274,2.689500000000089,1.4099999999998545,2.689500000000089,False,0,0,1,0,0,1,4.0,1,50,TREND_DOWN,73,False,False,,,4726.37,4716.15,4726.37,4716.15,0,0,0,NEUTRAL,0,0,0,0,NONE,2026-04-27,8,LONDON,4730.11,4667.22,0,0,4714.49,4730.11,1,1,0,0,1,0,1.0,1.0,56,,,43,,,NO_TRADE,NO_TRADE,0.0,0.0,0.0,8.0,SHORT,4719.18,4727.18,4703.18,0.0,False,False,NONE,no_trade,TREND_DOWN
2026-04-27 08:25:00,4719.2,4719.82,4717.66,4718.15,1017,4,0,1017,4719.18,-1.0300000000006548,4721.465821774693,-0.3490338710198557,4730.11,4716.15,2.1599999999998545,2.495000000000021,2.51850000000004,2.1599999999998545,2.51850000000004,False,0,0,1,0,0,0,4.0,0,50,TREND_DOWN,73,True,False,4719.82,,4719.82,4716.15,4726.37,4716.15,0,0,0,LH,0,0,0,0,NONE,2026-04-27,8,LONDON,4730.11,4667.22,0,0,4714.49,4730.11,1,1,0,0,0,0,1.0,1.0,56,,,43,,,NO_TRADE,NO_TRADE,0.0,0.0,0.0,8.0,SHORT,4718.15,4726.15,4702.15,0.0,False,False,NONE,no_trade,TREND_DOWN
2026-04-27 08:30:00,4718.15,4718.27,4711.56,4712.76,1809,4,0,1809,4718.15,-5.389999999999418,4720.6366958913895,-0.8291258833032771,4730.11,4716.15,6.710000000000036,2.866428571428579,2.6700000000000275,6.710000000000036,2.6700000000000275,True,0,0,1,1,0,0,4.0,0,50,BREAKOUT,81,False,False,,,4719.82,4716.15,4719.82,4716.15,0,1,1,NEUTRAL,0,0,0,1,BREAK_RETEST,2026-04-27,8,LONDON,4730.11,4667.22,0,0,4711.56,4730.11,1,1,0,1,0,0,1.8,1.0,63,,,69,FLOW,exploratory,FLOW,FLOW,69.0,0.005,5.0,8.0,LONG,4712.76,4704.76,4728.76,0.625,False,True,MEDIUM,buy,BREAKOUT
2026-04-27 08:35:00,4712.9,4712.92,4709.52,4710.53,1805,4,0,1805,4712.76,-2.230000000000473,4719.674153425543,-0.962542465846127,4730.11,4711.56,3.399999999999636,2.964285714285649,2.727500000000009,3.399999999999636,2.727500000000009,False,0,0,1,1,0,0,3.0,0,50,BREAKOUT,73,False,False,,,4719.82,4716.15,4719.82,4716.15,0,1,1,NEUTRAL,0,0,0,1,BREAK_RETEST,2026-04-27,8,LONDON,4730.11,4667.22,0,0,4709.52,4730.11,1,1,0,1,0,0,1.8,1.0,63,,,69,FLOW,exploratory,FLOW,FLOW,69.0,0.005,5.0,8.0,LONG,4710.53,4702.53,4726.53,0.625,False,True,MEDIUM,buy,BREAKOUT
2026-04-27 08:40:00,4710.53,4712.14,4709.02,4711.52,1630,4,0,1630,4710.53,0.9900000000006912,4718.8975673850155,-0.7765860405279454,4730.11,4709.52,3.119999999999891,2.9621428571428106,2.7315000000000054,3.119999999999891,2.7315000000000054,False,0,0,1,0,0,1,4.0,0,50,TREND_DOWN,73,False,True,,4709.02,4719.82,4709.02,4719.82,4716.15,0,1,1,NEUTRAL,0,0,0,1,BREAK_RETEST,2026-04-27,8,LONDON,4730.11,4667.22,0,0,4709.02,4730.11,1,1,0,1,1,0,1.8,1.0,93,ALPHA,strict_alpha,61,FLOW,exploratory,ALPHA,ALPHA,93.0,0.01,10.0,8.0,SHORT,4711.52,4719.52,4695.52,1.25,False,True,ELITE,sell,TREND_DOWN
2026-04-27 08:45:00,4711.52,4713.68,4711.17,4711.35,1455,4,0,1455,4711.52,-0.17000000000007276,4718.1787514435855,-0.7188159414299662,4730.11,4709.02,2.5100000000002183,2.935714285714247,2.790000000000009,2.5100000000002183,2.790000000000009,False,0,0,1,0,0,0,4.0,0,50,TREND_DOWN,73,True,False,4713.68,,4713.68,4709.02,4719.82,4709.02,0,0,0,LH,0,0,0,0,NONE,2026-04-27,8,LONDON,4730.11,4667.22,0,0,4709.02,4730.11,1,1,0,0,0,0,1.0,1.0,56,,,43,,,NO_TRADE,NO_TRADE,0.0,0.0,0.0,8.0,SHORT,4711.35,4719.35,4695.35,0.0,False,False,NONE,no_trade,TREND_DOWN
2026-04-27 08:50:00,4711.31,4711.92,4708.8,4711.42,1726,4,0,1726,4711.35,0.06999999999970896,4717.535060829911,-0.6436906136741527,4730.11,4709.02,3.119999999999891,3.007142857142818,2.8379999999999654,3.119999999999891,2.8379999999999654,False,0,0,1,0,0,1,5.0,0,50,TREND_DOWN,73,False,True,,4708.8,4713.68,4708.8,4713.68,4709.02,0,0,0,NEUTRAL,0,0,1,0,DOUBLE_BOTTOM,2026-04-27,8,LONDON,4730.11,4667.22,0,0,4708.8,4730.11,1,1,0,1,1,0,1.8,1.0,76,ALPHA,strict_alpha,61,FLOW,exploratory,ALPHA,ALPHA,76.0,0.01,10.0,8.0,SHORT,4711.42,4719.42,4695.42,1.25,False,True,HIGH,sell,TREND_DOWN
2026-04-27 08:55:00,4711.42,4713.07,4709.74,4710.03,1416,4,0,1416,4711.42,-1.3900000000003274,4716.820293131825,-0.714767698086689,4730.11,4708.8,3.3299999999999272,3.0599999999999454,2.8559999999999945,3.3299999999999272,2.8559999999999945,False,0,0,1,0,0,0,6.0,0,50,TREND_DOWN,73,False,False,,,4713.68,4708.8,4713.68,4708.8,0,0,0,NEUTRAL,0,0,0,0,NONE,2026-04-27,8,LONDON,4730.11,4667.22,0,0,4708.8,4730.11,1,1,0,0,0,0,1.0,1.0,56,,,31,,,NO_TRADE,NO_TRADE,0.0,0.0,0.0,8.0,SHORT,4710.03,4718.03,4694.03,0.0,False,False,NONE,no_trade,TREND_DOWN
2026-04-27 09:00:00,4710.04,4713.16,4709.24,4710.93,1946,4,0,1946,4710.03,0.9000000000005457,4716.259312833556,-0.5609802982689871,4730.11,4708.8,3.9200000000000728,3.222857142857135,2.9764999999999873,3.9200000000000728,2.9764999999999873,True,0,0,0,0,1,1,7.0,0,50,REVERSAL,77,False,True,,4709.24,4713.68,4709.24,4713.68,4708.8,0,0,0,HL,0,0,1,0,DOUBLE_BOTTOM,2026-04-27,9,LONDON,4730.11,4667.22,0,0,4708.8,4730.11,1,1,0,0,1,0,1.0,1.0,56,,,83,FLOW,exploratory,FLOW,FLOW,83.0,0.005,5.0,8.0,LONG,4710.93,4702.93,4726.93,0.625,False,True,HIGH,buy,REVERSAL
2026-04-27 09:05:00,4710.93,4713.38,4709.29,4713.24,1946,4,0,1946,4710.93,2.3099999999994907,4715.9717592303605,-0.2875536031951924,4730.11,4708.8,4.0900000000001455,3.258571428571421,3.0794999999999617,4.0900000000001455,3.0794999999999617,True,0,0,0,0,0,1,6.0,0,50,RANGE,58,False,False,,,4713.68,4709.24,4713.68,4709.24,0,0,0,NEUTRAL,0,0,0,0,NONE,2026-04-27,9,LONDON,4730.11,4667.22,0,0,4708.8,4730.11,1,1,0,0,0,0,1.0,1.0,28,,,49,,,NO_TRADE,NO_TRADE,0.0,0.0,0.0,8.0,LONG,4713.24,4705.24,4729.24,0.0,False,False,NONE,no_trade,RANGE
2026-04-27 09:10:00,4713.24,4715.64,4713.1,4714.64,1396,4,0,1396,4713.24,1.4000000000005457,4715.844925017946,-0.12683421241490578,4730.11,4708.8,2.5399999999999636,3.113571428571439,3.048999999999978,2.5399999999999636,3.048999999999978,False,0,0,0,0,0,1,5.0,0,50,RANGE,50,True,False,4715.64,,4715.64,4709.24,4713.68,4709.24,1,0,1,NEUTRAL,0,0,0,1,BREAK_RETEST,2026-04-27,9,LONDON,4730.11,4667.22,0,0,4708.8,4730.11,1,1,0,0,0,0,1.0,1.0,55,,,56,FLOW,exploratory,FLOW,FLOW,56.0,0.005,5.0,8.0,LONG,4714.64,4706.64,4730.64,0.625,False,True,MEDIUM,buy,RANGE
2026-04-27 09:15:00,4714.64,4714.65,4711.57,4712.2,1412,4,0,1412,4714.64,-2.4400000000005093,4715.49778930195,-0.3471357159951367,4728.31,4708.8,3.0799999999999272,3.157142857142844,3.058999999999969,3.0799999999999272,3.058999999999969,False,0,0,0,0,0,0,6.0,0,50,RANGE,50,False,False,,,4715.64,4709.24,4715.64,4709.24,0,0,0,NEUTRAL,0,0,0,0,NONE,2026-04-27,9,LONDON,4730.11,4667.22,0,0,4708.8,4730.11,1,1,0,0,0,0,1.0,1.0,28,,,44,,,NO_TRADE,NO_TRADE,0.0,0.0,0.0,8.0,LONG,4712.2,4704.2,4728.2,0.0,False,False,NONE,no_trade,RANGE
2026-04-27 09:20:00,4712.16,4715.27,4711.38,4714.62,1326,4,0,1326,4712.2,2.4200000000000728,4715.414190320813,-0.0835989811375839,4728.22,4708.8,3.8900000000003274,3.2728571428571223,3.147499999999991,3.8900000000003274,3.147499999999991,False,0,0,0,0,0,1,7.0,0,50,RANGE,50,False,True,,4711.38,4715.64,4711.38,4715.64,4709.24,0,0,0,HL,0,0,0,0,NONE,2026-04-27,9,LONDON,4730.11,4667.22,0,0,4708.8,4730.11,1,1,0,0,1,0,1.0,1.0,38,,,66,FLOW,exploratory,FLOW,FLOW,66.0,0.005,5.0,8.0,LONG,4714.62,4706.62,4730.62,0.625,False,True,MEDIUM,buy,RANGE
2026-04-27 09:25:00,4714.62,4715.58,4712.43,4714.4,1309,4,0,1309,4714.62,-0.22000000000025466,4715.31760076645,-0.09658955436316319,4726.67,4708.8,3.149999999999636,3.3164285714285273,3.1754999999999654,3.149999999999636,3.1754999999999654,False,0,0,0,0,0,0,7.0,0,50,RANGE,50,True,False,4715.58,,4715.58,4711.38,4715.64,4711.38,0,0,0,LH,0,1,0,0,DOUBLE_TOP,2026-04-27,9,LONDON,4730.11,4667.22,0,0,4708.8,4730.11,1,1,0,0,0,0,1.0,1.0,38,,,68,FLOW,exploratory,FLOW,FLOW,68.0,0.005,5.0,8.0,LONG,4714.4,4706.4,4730.4,0.625,False,True,MEDIUM,buy,RANGE
2026-04-27 09:30:00,4714.4,4714.5,4709.27,4710.34,1615,4,0,1615,4714.4,-4.059999999999491,4714.843543550597,-0.4740572158525538,4726.37,4708.8,5.229999999999563,3.589285714285649,3.354999999999973,5.229999999999563,3.354999999999973,True,0,0,1,0,0,0,6.0,0,50,TREND_DOWN,81,False,True,,4709.27,4715.58,4709.27,4715.58,4711.38,0,1,1,NEUTRAL,0,0,0,1,BREAK_RETEST,2026-04-27,9,LONDON,4730.11,4667.22,0,0,4708.8,4730.11,1,1,0,0,0,0,1.0,1.0,83,ALPHA,strict_alpha,43,,,ALPHA,ALPHA,83.0,0.01,10.0,8.0,SHORT,4710.34,4718.34,4694.34,1.25,False,True,HIGH,sell,TREND_DOWN
2026-04-27 09:35:00,4710.34,4714.05,4709.61,4711.9,1579,4,0,1579,4710.34,1.5599999999994907,4714.563206069588,-0.28033748100915545,4726.37,4708.8,4.440000000000509,3.752142857142839,3.397499999999991,4.440000000000509,3.397499999999991,True,0,0,1,0,1,1,6.0,0,50,REVERSAL,82,False,False,,,4715.58,4709.27,4715.58,4709.27,0,0,0,NEUTRAL,0,0,0,0,NONE,2026-04-27,9,LONDON,4730.11,4667.22,0,0,4708.8,4730.11,1,1,0,0,1,0,1.0,1.0,46,,,59,FLOW,exploratory,FLOW,FLOW,59.0,0.005,5.0,8.0,LONG,4711.9,4703.9,4727.9,0.625,False,True,MEDIUM,buy,REVERSAL
2026-04-27 09:40:00,4711.9,4712.91,4710.3,4710.7,1385,4,0,1385,4711.9,-1.199999999999818,4714.195281682008,-0.3679243875803877,4725.53,4708.8,2.6099999999996726,3.45928571428567,3.299499999999989,2.6099999999996726,3.299499999999989,False,0,0,1,0,0,0,6.0,1,50,TREND_DOWN,73,False,False,,,4715.58,4709.27,4715.58,4709.27,0,0,0,NEUTRAL,0,0,0,0,NONE,2026-04-27,9,LONDON,4730.11,4667.22,0,0,4708.8,4730.11,1,1,0,0,0,0,1.0,1.0,46,,,33,,,NO_TRADE,NO_TRADE,0.0,0.0,0.0,8.0,SHORT,4710.7,4718.7,4694.7,0.0,False,False,NONE,no_trade,TREND_DOWN
2026-04-27 09:45:00,4710.7,4714.46,4709.96,4714.19,1259,4,0,1259,4710.7,3.4899999999997817,4714.194778664673,-0.0005030173342674971,4722.13,4708.8,4.5,3.5378571428571246,3.4009999999999763,4.5,3.4009999999999763,True,0,0,1,0,1,1,6.0,0,50,REVERSAL,82,False,True,,4709.96,4715.58,4709.96,4715.58,4709.27,0,0,0,HL,0,0,1,0,DOUBLE_BOTTOM,2026-04-27,9,LONDON,4730.11,4667.22,0,0,4708.8,4730.11,1,1,0,0,1,0,1.0,1.0,56,,,83,FLOW,exploratory,FLOW,FLOW,83.0,0.005,5.0,8.0,LONG,4714.19,4706.19,4730.19,0.625,False,True,HIGH,buy,REVERSAL
2026-04-27 09:50:00,4714.19,4715.53,4713.19,4713.45,1217,4,0,1217,4714.19,-0.7399999999997817,4714.123847363276,-0.0709313013976498,4720.42,4708.8,2.3400000000001455,3.482142857142857,3.404499999999962,2.3400000000001455,3.404499999999962,False,0,0,1,0,0,0,7.0,1,50,TREND_DOWN,73,True,False,4715.53,,4715.53,4709.96,4715.58,4709.96,0,0,0,LH,0,1,0,0,DOUBLE_TOP,2026-04-27,9,LONDON,4730.11,4667.22,0,0,4708.8,4730.11,1,1,0,0,0,0,1.0,1.0,56,,,57,FLOW,exploratory,FLOW,FLOW,57.0,0.005,5.0,8.0,SHORT,4713.45,4721.45,4697.45,0.625,False,True,MEDIUM,sell,TREND_DOWN
2026-04-27 09:55:00,4713.45,4714.6,4711.94,4712.83,1210,4,0,1210,4713.45,-0.6199999999998909,4714.000623804868,-0.12322355840751698,4719.82,4708.8,2.660000000000764,3.492857142857182,3.4105000000000016,2.660000000000764,3.4105000000000016,False,0,0,0,0,0,0,7.0,1,50,CHOPPY,40,False,False,,,4715.53,4709.96,4715.53,4709.96,0,0,0,NEUTRAL,0,0,0,0,NONE,2026-04-27,9,LONDON,4730.11,4667.22,0,0,4708.8,4730.11,1,1,0,0,0,0,1.0,1.0,18,,,28,,,NO_TRADE,NO_TRADE,0.0,0.0,0.0,8.0,LONG,4712.83,4704.83,4728.83,0.0,False,False,NONE,no_trade,CHOPPY
2026-04-27 10:00:00,4712.85,4717.73,4710.94,4717.4,1654,4,0,1654,4712.83,4.569999999999709,4714.32437391869,0.3237501138219159,4719.82,4708.8,6.789999999999964,3.7550000000000443,3.679500000000007,6.789999999999964,3.679500000000007,True,0,1,0,0,1,1,7.0,0,50,REVERSAL,82,False,True,,4710.94,4715.53,4710.94,4715.53,4709.96,1,0,1,HL,0,0,0,1,BREAK_RETEST,2026-04-27,10,LONDON,4730.11,4667.22,0,0,4708.8,4728.31,1,1,0,0,1,0,1.0,1.0,73,,,83,FLOW,exploratory,FLOW,FLOW,83.0,0.005,5.0,8.0,LONG,4717.4,4709.4,4733.4,0.625,False,True,HIGH,buy,REVERSAL
2026-04-27 10:05:00,4717.4,4718.29,4714.77,4717.1,1588,4,0,1588,4717.4,-0.2999999999992724,4714.5887192597675,0.2643453410773873,4719.82,4708.8,3.519999999999527,3.7685714285714442,3.7474999999999907,3.519999999999527,3.7474999999999907,False,0,1,0,0,0,0,7.0,0,50,TREND_UP,73,True,False,4718.29,,4718.29,4710.94,4715.53,4710.94,1,0,1,NEUTRAL,0,0,0,1,BREAK_RETEST,2026-04-27,10,LONDON,4730.11,4667.22,0,0,4708.8,4728.22,1,1,0,0,0,0,1.0,1.0,83,ALPHA,strict_alpha,43,,,ALPHA,ALPHA,83.0,0.01,10.0,8.290857142857178,LONG,4717.1,4708.809142857143,4733.681714285714,1.2061479081949085,False,True,HIGH,buy,TREND_UP
2026-04-27 10:10:00,4717.1,4717.62,4714.16,4717.06,1478,4,0,1478,4717.1,-0.03999999999996362,4714.824079330266,0.23536007049824548,4718.29,4708.8,3.4600000000000364,3.7357142857142986,3.584999999999991,3.4600000000000364,3.584999999999991,False,0,1,0,0,0,0,6.0,0,50,TREND_UP,73,False,False,,,4718.29,4710.94,4718.29,4710.94,0,0,0,NEUTRAL,0,0,0,0,NONE,2026-04-27,10,LONDON,4730.11,4667.22,0,0,4708.8,4726.67,1,1,0,0,0,0,1.0,1.0,56,,,31,,,NO_TRADE,NO_TRADE,0.0,0.0,0.0,8.0,LONG,4717.06,4709.06,4733.06,0.0,False,False,NONE,no_trade,TREND_UP
2026-04-27 10:15:00,4717.06,4717.33,4712.37,4715.22,1452,4,0,1452,4717.06,-1.8400000000001455,4714.861786060717,0.03770673045164585,4718.29,4708.8,4.960000000000036,3.797857142857148,3.663000000000011,4.960000000000036,3.663000000000011,True,0,1,0,0,0,0,6.0,0,50,TREND_UP,81,False,True,,4712.37,4718.29,4712.37,4718.29,4710.94,0,0,0,HL,0,0,0,0,NONE,2026-04-27,10,LONDON,4730.11,4667.22,0,0,4708.8,4726.37,1,1,0,0,0,0,1.0,1.0,56,,,43,,,NO_TRADE,NO_TRADE,0.0,0.0,0.0,8.0,LONG,4715.22,4707.22,4731.22,0.0,False,False,NONE,no_trade,TREND_UP
2026-04-27 10:20:00,4715.19,4718.4,4713.65,4717.77,1595,4,0,1595,4715.22,2.550000000000182,4715.138758816839,0.27697275612172234,4718.29,4708.8,4.75,3.9557142857142935,3.7445000000000164,4.75,3.7445000000000164,True,0,1,0,0,1,1,6.0,0,50,REVERSAL,82,True,False,4718.4,,4718.4,4712.37,4718.29,4712.37,0,0,0,NEUTRAL,0,0,0,0,NONE,2026-04-27,10,LONDON,4730.11,4667.22,0,0,4708.8,4726.37,1,1,0,0,1,0,1.0,1.0,46,,,59,FLOW,exploratory,FLOW,FLOW,59.0,0.005,5.0,8.0,LONG,4717.77,4709.77,4733.77,0.625,False,True,MEDIUM,buy,REVERSAL
2026-04-27 10:25:00,4717.79,4718.24,4714.22,4716.09,1437,4,0,1437,4717.77,-1.680000000000291,4715.229353215235,0.09059439839620609,4718.4,4708.8,4.019999999999527,4.022857142857122,3.8199999999999816,4.019999999999527,3.8199999999999816,False,0,0,0,0,0,0,6.0,0,50,RANGE,50,False,False,,,4718.4,4712.37,4718.4,4712.37,0,0,0,NEUTRAL,0,0,0,0,NONE,2026-04-27,10,LONDON,4730.11,4667.22,0,0,4708.8,4725.53,1,1,0,0,0,0,1.0,1.0,28,,,44,,,NO_TRADE,NO_TRADE,0.0,0.0,0.0,8.0,LONG,4716.09,4708.09,4732.09,0.0,False,False,NONE,no_trade,RANGE
2026-04-27 10:30:00,4716.09,4717.41,4713.76,4716.6,1245,4,0,1245,4716.09,0.5100000000002183,4715.35989100426,0.13053778902485647,4718.4,4708.8,3.649999999999636,4.005714285714215,3.846499999999969,3.649999999999636,3.846499999999969,False,0,0,0,0,0,1,6.0,0,50,RANGE,50,False,False,,,4718.4,4712.37,4718.4,4712.37,0,0,0,NEUTRAL,0,0,0,0,NONE,2026-04-27,10,LONDON,4730.11,4667.22,0,0,4708.8,4722.13,1,1,0,0,1,0,1.0,1.0,38,,,54,,,NO_TRADE,NO_TRADE,0.0,0.0,0.0,8.0,LONG,4716.6,4708.6,4732.6,0.0,False,False,NONE,no_trade,RANGE
2026-04-27 10:35:00,4716.6,4716.66,4713.5,4715.92,1154,4,0,1154,4716.6,-0.680000000000291,4715.41323471814,0.05334371388016734,4718.4,4709.24,3.1599999999998545,4.006428571428517,3.8379999999999654,3.1599999999998545,3.8379999999999654,False,0,0,0,0,0,0,6.0,0,50,RANGE,50,False,True,,4713.5,4718.4,4713.5,4718.4,4712.37,0,0,0,HL,0,0,0,0,NONE,2026-04-27,10,LONDON,4730.11,4667.22,0,0,4708.8,4720.42,1,1,0,0,0,0,1.0,1.0,28,,,56,FLOW,exploratory,FLOW,FLOW,56.0,0.005,5.0,8.0,LONG,4715.92,4707.92,4731.92,0.625,False,True,MEDIUM,buy,RANGE
2026-04-27 10:40:00,4715.94,4716.83,4714.58,4714.92,1239,4,0,1239,4715.92,-1.0,4715.3662599830795,-0.046974735060757666,4718.4,4709.24,2.25,3.793571428571405,3.754499999999962,2.25,3.754499999999962,False,0,0,1,0,0,0,6.0,1,50,TREND_DOWN,73,False,False,,,4718.4,4713.5,4718.4,4713.5,0,0,0,NEUTRAL,0,0,0,0,NONE,2026-04-27,10,LONDON,4730.11,4667.22,0,0,4708.8,4719.82,1,1,0,0,0,0,1.0,1.0,46,,,33,,,NO_TRADE,NO_TRADE,0.0,0.0,0.0,8.0,SHORT,4714.92,4722.92,4698.92,0.0,False,False,NONE,no_trade,TREND_DOWN
2026-04-27 10:45:00,4714.92,4716.93,4713.14,4714.36,1142,4,0,1142,4714.92,-0.5600000000004002,4715.270425698976,-0.09583428410314809,4718.4,4709.27,3.7899999999999636,3.7471428571427947,3.7394999999999525,3.7899999999999636,3.7394999999999525,False,0,0,1,0,0,0,5.0,0,50,TREND_DOWN,73,True,False,4716.93,,4716.93,4713.5,4718.4,4713.5,0,0,0,LH,0,0,0,0,NONE,2026-04-27,10,LONDON,4730.11,4667.22,0,0,4708.8,4719.82,1,1,0,0,0,0,1.0,1.0,56,,,43,,,NO_TRADE,NO_TRADE,0.0,0.0,0.0,8.0,SHORT,4714.36,4722.36,4698.36,0.0,False,False,NONE,no_trade,TREND_DOWN
2026-04-27 10:50:00,4714.35,4714.8,4710.07,4712.09,1458,4,0,1458,4714.36,-2.269999999999527,4714.96752801336,-0.30289768561669916,4718.4,4709.27,4.730000000000473,3.8985714285714232,3.848999999999978,4.730000000000473,3.848999999999978,False,0,0,1,0,0,0,4.0,0,50,TREND_DOWN,73,False,True,,4710.07,4716.93,4710.07,4716.93,4713.5,0,1,1,NEUTRAL,0,0,0,1,BREAK_RETEST,2026-04-27,10,LONDON,4730.11,4667.22,0,0,4708.8,4719.82,1,1,0,0,0,0,1.0,1.0,83,ALPHA,strict_alpha,43,,,ALPHA,ALPHA,83.0,0.01,10.0,8.576857142857131,SHORT,4712.09,4720.666857142857,4694.936285714286,1.1659282454445534,False,True,HIGH,sell,TREND_DOWN
2026-04-27 10:55:00,4712.05,4714.43,4711.66,4713.37,1328,4,0,1328,4712.09,1.2799999999997453,4714.815382488278,-0.15214552508132329,4718.4,4709.27,2.7700000000004366,3.775000000000026,3.8335000000000035,2.7700000000004366,3.8335000000000035,False,0,0,1,0,0,1,5.0,1,50,TREND_DOWN,73,False,False,,,4716.93,4710.07,4716.93,4710.07,0,0,0,NEUTRAL,0,0,0,0,NONE,2026-04-27,10,LONDON,4730.11,4667.22,0,0,4708.8,4718.4,1,1,0,0,1,0,1.0,1.0,56,,,43,,,NO_TRADE,NO_TRADE,0.0,0.0,0.0,8.0,SHORT,4713.37,4721.37,4697.37,0.0,False,False,NONE,no_trade,TREND_DOWN
2026-04-27 11:00:00,4713.37,4714.39,4710.39,4712.17,1674,4,0,1674,4713.37,-1.199999999999818,4714.563441298918,-0.2519411893599681,4718.4,4709.27,4.0,3.8935714285714442,3.838999999999987,4.0,3.838999999999987,False,0,0,1,0,0,0,6.0,0,50,TREND_DOWN,73,False,False,,,4716.93,4710.07,4716.93,4710.07,0,0,0,NEUTRAL,0,0,0,0,NONE,2026-04-27,11,LONDON,4730.11,4667.22,0,0,4708.8,4718.4,1,1,0,0,0,0,1.0,1.0,56,,,31,,,NO_TRADE,NO_TRADE,0.0,0.0,0.0,8.0,SHORT,4712.17,4720.17,4696.17,0.0,False,False,NONE,no_trade,TREND_DOWN
2026-04-27 11:05:00,4712.17,4713.49,4710.32,4711.81,1578,4,0,1578,4712.17,-0.3599999999996726,4714.30120879426,-0.2622325046586411,4718.4,4709.27,3.1700000000000728,3.9299999999999664,3.840000000000009,3.1700000000000728,3.840000000000009,False,0,0,1,0,0,0,5.0,0,50,TREND_DOWN,73,False,True,,4710.32,4716.93,4710.32,4716.93,4710.07,0,0,0,HL,0,0,0,0,NONE,2026-04-27,11,LONDON,4730.11,4667.22,0,0,4708.8,4718.4,1,1,0,0,0,0,1.0,1.0,56,,,43,,,NO_TRADE,NO_TRADE,0.0,0.0,0.0,8.0,SHORT,4711.81,4719.81,4695.81,0.0,False,False,NONE,no_trade,TREND_DOWN
2026-04-27 11:10:00,4711.81,4713.81,4710.75,4710.95,1327,4,0,1327,4711.81,-0.8600000000005821,4713.9820460519495,-0.31916274231025454,4718.4,4709.27,3.0600000000004,3.663571428571426,3.731500000000051,3.0600000000004,3.731500000000051,False,0,0,1,0,0,0,4.0,0,50,TREND_DOWN,73,False,False,,,4716.93,4710.32,4716.93,4710.32,0,0,0,NEUTRAL,0,0,0,0,NONE,2026-04-27,11,LONDON,4730.11,4667.22,0,0,4708.8,4718.4,1,1,0,0,0,0,1.0,1.0,56,,,31,,,NO_TRADE,NO_TRADE,0.0,0.0,0.0,8.0,SHORT,4710.95,4718.95,4694.95,0.0,False,False,NONE,no_trade,TREND_DOWN
2026-04-27 11:15:00,4710.95,4714.1,4710.47,4710.53,1282,4,0,1282,4710.95,-0.42000000000007276,4713.653279761287,-0.32876629066231544,4718.4,4709.61,3.630000000000109,3.6714285714286103,3.691000000000031,3.630000000000109,3.691000000000031,False,0,0,1,0,0,0,3.0,0,50,TREND_DOWN,73,True,False,4714.1,,4714.1,4710.32,4716.93,4710.32,0,0,0,LH,0,0,0,0,NONE,2026-04-27,11,LONDON,4730.11,4667.22,0,0,4708.8,4718.4,1,1,0,0,0,0,1.0,1.0,56,,,43,,,NO_TRADE,NO_TRADE,0.0,0.0,0.0,8.0,SHORT,4710.53,4718.53,4694.53,0.0,False,False,NONE,no_trade,TREND_DOWN
2026-04-27 11:20:00,4710.53,4712.43,4709.45,4711.16,1177,4,0,1177,4710.53,0.6300000000001091,4713.415824545927,-0.23745521536056913,4718.4,4709.96,2.980000000000473,3.637142857142927,3.709500000000071,2.980000000000473,3.709500000000071,False,0,0,1,0,0,1,3.0,0,50,TREND_DOWN,73,False,True,,4709.45,4714.1,4709.45,4714.1,4710.32,0,0,0,NEUTRAL,0,0,0,0,NONE,2026-04-27,11,LONDON,4730.11,4667.22,0,0,4709.24,4718.4,1,1,0,0,1,0,1.0,1.0,66,,,41,,,NO_TRADE,NO_TRADE,0.0,0.0,0.0,8.0,SHORT,4711.16,4719.16,4695.16,0.0,False,False,NONE,no_trade,TREND_DOWN
2026-04-27 11:25:00,4711.16,4711.87,4709.48,4710.75,1356,4,0,1356,4711.16,-0.4099999999998545,4713.161936493933,-0.2538880519932718,4718.4,4709.45,2.3900000000003274,3.4535714285715193,3.604000000000087,2.3900000000003274,3.604000000000087,False,0,0,1,0,0,0,4.0,1,50,TREND_DOWN,73,False,False,,,4714.1,4709.45,4714.1,4709.45,0,0,0,NEUTRAL,0,0,0,0,NONE,2026-04-27,11,LONDON,4730.11,4667.22,0,0,4709.24,4718.4,1,1,0,0,0,0,1.0,1.0,46,,,33,,,NO_TRADE,NO_TRADE,0.0,0.0,0.0,8.0,SHORT,4710.75,4718.75,4694.75,0.0,False,False,NONE,no_trade,TREND_DOWN
2026-04-27 11:30:00,4710.75,4710.79,4707.08,4709.61,1536,4,0,1536,4710.75,-1.1400000000003274,4712.823656827844,-0.3382796660889653,4718.4,4709.45,3.7100000000000364,3.3792857142858077,3.672500000000082,3.7100000000000364,3.672500000000082,False,0,0,1,0,0,0,4.0,0,50,TREND_DOWN,73,False,False,,,4714.1,4709.45,4714.1,4709.45,0,0,0,NEUTRAL,0,0,0,0,NONE,2026-04-27,11,LONDON,4730.11,4667.22,0,0,4707.08,4718.4,1,1,0,1,0,0,1.8,1.0,56,,,39,,,NO_TRADE,NO_TRADE,0.0,0.0,0.0,8.0,SHORT,4709.61,4717.61,4693.61,0.0,False,False,NONE,no_trade,TREND_DOWN
2026-04-27 11:35:00,4709.61,4709.91,4706.99,4707.54,1105,4,0,1105,4709.61,-2.069999999999709,4712.320451415669,-0.5032054121757028,4718.4,4707.08,2.9200000000000728,3.300714285714418,3.6855000000000473,2.9200000000000728,3.6855000000000473,False,0,0,1,0,0,0,4.0,1,50,TREND_DOWN,73,False,False,,,4714.1,4709.45,4714.1,4709.45,0,1,1,NEUTRAL,0,0,0,1,BREAK_RETEST,2026-04-27,11,LONDON,4730.11,4667.22,0,0,4706.99,4718.4,1,1,0,1,0,0,1.8,1.0,73,,,53,,,NO_TRADE,NO_TRADE,0.0,0.0,0.0,8.0,SHORT,4707.54,4715.54,4691.54,0.0,False,False,NONE,no_trade,TREND_DOWN
2026-04-27 11:40:00,4707.54,4711.98,4705.32,4711.94,1447,4,0,1447,4707.54,4.399999999999636,4712.28421794751,-0.03623346815857076,4718.4,4706.99,6.6599999999998545,3.515714285714434,3.679000000000042,6.6599999999998545,3.679000000000042,True,0,0,0,0,1,1,4.0,0,50,REVERSAL,77,False,True,,4705.32,4714.1,4705.32,4714.1,4709.45,0,0,0,NEUTRAL,0,0,0,0,NONE,2026-04-27,11,LONDON,4730.11,4667.22,0,0,4705.32,4718.4,1,1,0,1,1,0,1.8,1.0,46,,,67,FLOW,exploratory,FLOW,FLOW,67.0,0.005,5.0,8.0,LONG,4711.94,4703.94,4727.94,0.625,False,True,MEDIUM,buy,REVERSAL
2026-04-27 11:45:00,4711.94,4714.77,4711.44,4712.27,1361,4,0,1361,4711.94,0.33000000000083674,4712.282863857271,-0.001354090239146899,4718.4,4705.32,3.3300000000008367,3.527857142857361,3.6695000000001072,3.3300000000008367,3.6695000000001072,False,0,0,0,0,0,1,3.0,0,50,RANGE,50,True,False,4714.77,,4714.77,4705.32,4714.1,4705.32,0,0,0,NEUTRAL,0,0,0,0,NONE,2026-04-27,11,LONDON,4730.11,4667.22,0,0,4705.32,4718.4,1,1,0,0,0,0,1.0,1.0,28,,,44,,,NO_TRADE,NO_TRADE,0.0,0.0,0.0,8.0,LONG,4712.27,4704.27,4728.27,0.0,False,False,NONE,no_trade,RANGE
2026-04-27 11:50:00,4712.27,4712.47,4706.82,4706.97,1211,4,0,1211,4712.27,-5.300000000000182,4711.776876823245,-0.5059870340255657,4718.4,4705.32,5.650000000000546,3.770714285714543,3.7790000000001327,5.650000000000546,3.7790000000001327,True,0,0,1,0,1,0,4.0,0,50,REVERSAL,82,False,False,,,4714.77,4705.32,4714.77,4705.32,0,0,0,NEUTRAL,0,0,0,0,NONE,2026-04-27,11,LONDON,4730.11,4667.22,0,0,4705.32,4718.4,1,1,0,0,0,0,1.0,1.0,36,,,49,,,NO_TRADE,NO_TRADE,0.0,0.0,0.0,8.0,LONG,4706.97,4698.97,4722.97,0.0,False,False,NONE,no_trade,REVERSAL
2026-04-27 11:55:00,4706.97,4708.61,4705.55,4706.82,1065,4,0,1065,4706.97,-0.1500000000005457,4711.30479331627,-0.4720835069756504,4718.4,4705.32,3.0599999999994907,3.7185714285716522,3.6840000000001054,3.0599999999994907,3.6840000000001054,False,0,0,1,0,0,0,4.0,0,50,TREND_DOWN,73,False,True,,4705.55,4714.77,4705.55,4714.77,4705.32,0,0,0,HL,0,0,0,0,NONE,2026-04-27,11,LONDON,4730.11,4667.22,0,0,4705.32,4718.4,1,1,0,0,0,0,1.0,1.0,56,,,43,,,NO_TRADE,NO_TRADE,0.0,0.0,0.0,8.0,SHORT,4706.82,4714.82,4690.82,0.0,False,False,NONE,no_trade,TREND_DOWN
2026-04-27 12:00:00,4706.87,4708.19,4705.6,4706.47,1227,4,0,1227,4706.82,-0.3499999999994543,4710.844336809958,-0.4604565063118571,4718.4,4705.32,2.589999999999236,3.565714285714421,3.576000000000067,2.589999999999236,3.576000000000067,False,0,0,1,0,0,0,4.0,1,50,TREND_DOWN,73,False,False,,,4714.77,4705.55,4714.77,4705.55,0,0,0,NEUTRAL,0,0,0,0,NONE,2026-04-27,12,LONDON,4730.11,4667.22,0,0,4705.32,4718.4,1,1,0,0,0,0,1.0,1.0,46,,,33,,,NO_TRADE,NO_TRADE,0.0,0.0,0.0,8.0,SHORT,4706.47,4714.47,4690.47,0.0,False,False,NONE,no_trade,TREND_DOWN
2026-04-27 12:05:00,4706.47,4708.29,4704.33,4704.61,1062,4,0,1062,4706.47,-1.860000000000582,4710.2505904471045,-0.5937463628533806,4718.24,4705.32,3.9600000000000364,3.6507142857143924,3.5730000000000928,3.9600000000000364,3.5730000000000928,False,0,0,1,1,0,0,3.0,0,50,BREAKOUT,73,True,False,4708.29,,4708.29,4705.55,4714.77,4705.55,0,1,1,LH,0,0,0,1,BREAK_RETEST,2026-04-27,12,LONDON,4730.11,4667.22,0,0,4704.33,4718.4,1,1,0,1,0,0,1.8,1.0,63,,,81,FLOW,exploratory,FLOW,FLOW,81.0,0.005,5.0,8.0,LONG,4704.61,4696.61,4720.61,0.625,False,True,HIGH,buy,BREAKOUT
2026-04-27 12:10:00,4704.61,4706.11,4702.52,4705.19,1127,4,0,1127,4704.61,0.5799999999999272,4709.768629452143,-0.4819609949618098,4717.41,4704.33,3.589999999999236,3.6214285714286234,3.5700000000000727,3.589999999999236,3.5700000000000727,False,0,0,1,0,0,1,3.0,0,50,TREND_DOWN,73,False,True,,4702.52,4708.29,4702.52,4708.29,4705.55,0,1,1,NEUTRAL,0,0,0,1,BREAK_RETEST,2026-04-27,12,LONDON,4730.11,4667.22,0,0,4702.52,4718.4,1,1,0,1,1,0,1.8,1.0,93,ALPHA,strict_alpha,61,FLOW,exploratory,ALPHA,ALPHA,93.0,0.01,10.0,8.0,SHORT,4705.19,4713.19,4689.19,1.25,False,True,ELITE,sell,TREND_DOWN
2026-04-27 12:15:00,4705.19,4706.05,4703.46,4705.64,1085,4,0,1085,4705.19,0.4500000000007276,4709.375426647177,-0.3932028049657674,4716.93,4702.52,2.5900000000001455,3.5800000000000574,3.541500000000087,2.5900000000001455,3.541500000000087,False,0,0,1,0,0,1,3.0,0,50,TREND_DOWN,73,False,False,,,4708.29,4702.52,4708.29,4702.52,0,0,0,NEUTRAL,0,0,0,0,NONE,2026-04-27,12,LONDON,4730.11,4667.22,0,0,4702.52,4718.4,1,1,0,0,0,0,1.0,1.0,56,,,31,,,NO_TRADE,NO_TRADE,0.0,0.0,0.0,8.0,SHORT,4705.64,4713.64,4689.64,0.0,False,False,NONE,no_trade,TREND_DOWN
2026-04-27 12:20:00,4705.64,4706.15,4704.87,4705.83,925,4,0,925,4705.64,0.18999999999959982,4709.037766966493,-0.3376596806838279,4716.93,4702.52,1.2799999999997453,3.452857142857153,3.4930000000000745,1.2799999999997453,3.4930000000000745,False,0,0,1,0,0,1,3.0,0,50,TREND_DOWN,73,False,False,,,4708.29,4702.52,4708.29,4702.52,0,0,0,NEUTRAL,0,0,0,0,NONE,2026-04-27,12,LONDON,4730.11,4667.22,0,0,4702.52,4718.4,1,1,0,0,0,0,1.0,1.0,56,,,31,,,NO_TRADE,NO_TRADE,0.0,0.0,0.0,8.0,SHORT,4705.83,4713.83,4689.83,0.0,False,False,NONE,no_trade,TREND_DOWN
2026-04-27 12:25:00,4705.83,4706.61,4701.57,4702.25,1039,4,0,1039,4705.83,-3.5799999999999272,4708.391312969684,-0.646453996809214,4716.93,4702.52,5.039999999999964,3.5535714285714284,3.5555000000000745,5.039999999999964,3.5555000000000745,True,0,0,1,1,1,0,3.0,0,50,BREAKOUT,85,True,False,4706.61,,4706.61,4702.52,4708.29,4702.52,0,1,1,LH,0,0,0,1,BREAK_RETEST,2026-04-27,12,LONDON,4730.11,4667.22,0,0,4701.57,4718.4,1,1,0,1,0,0,1.8,1.0,63,,,81,FLOW,exploratory,FLOW,FLOW,81.0,0.005,5.0,8.0,LONG,4702.25,4694.25,4718.25,0.625,False,True,HIGH,buy,BREAKOUT
2026-04-27 12:30:00,4702.16,4703.86,4699.55,4702.96,1249,4,0,1249,4702.25,0.7100000000000364,4707.87404506781,-0.5172679018742201,4714.8,4701.57,4.309999999999491,3.6485714285713584,3.5345000000000253,4.309999999999491,3.5345000000000253,False,0,0,1,0,0,1,4.0,0,50,TREND_DOWN,73,False,True,,4699.55,4706.61,4699.55,4706.61,4702.52,0,0,0,NEUTRAL,0,0,0,0,NONE,2026-04-27,12,LONDON,4730.11,4667.22,0,0,4699.55,4718.4,1,1,0,1,1,0,1.8,1.0,66,,,49,,,NO_TRADE,NO_TRADE,0.0,0.0,0.0,8.0,SHORT,4702.96,4710.96,4686.96,0.0,False,False,NONE,no_trade,TREND_DOWN
2026-04-27 12:35:00,4703.0,4704.36,4700.76,4704.36,1058,4,0,1058,4702.96,1.3999999999996362,4707.539374108971,-0.33467095883861475,4714.77,4699.55,3.5999999999994543,3.7349999999998675,3.5759999999999765,3.5999999999994543,3.5759999999999765,False,0,0,1,0,0,1,3.0,0,50,TREND_DOWN,73,False,False,,,4706.61,4699.55,4706.61,4699.55,0,0,0,NEUTRAL,0,0,0,0,NONE,2026-04-27,12,LONDON,4730.11,4667.22,0,0,4699.55,4718.4,1,1,0,0,0,0,1.0,1.0,56,,,31,,,NO_TRADE,NO_TRADE,0.0,0.0,0.0,8.0,SHORT,4704.36,4712.36,4688.36,0.0,False,False,NONE,no_trade,TREND_DOWN
2026-04-27 12:40:00,4704.36,4705.43,4703.32,4704.67,894,4,0,894,4704.36,0.3100000000004002,4707.266100384307,-0.27327372466425004,4714.77,4699.55,2.110000000000582,3.6207142857141923,3.4815000000000054,2.110000000000582,3.4815000000000054,False,0,0,1,0,0,1,3.0,0,50,TREND_DOWN,73,True,False,4705.43,,4705.43,4699.55,4706.61,4699.55,0,0,0,LH,0,0,0,0,NONE,2026-04-27,12,LONDON,4730.11,4667.22,0,0,4699.55,4718.4,1,1,0,0,0,0,1.0,1.0,56,,,43,,,NO_TRADE,NO_TRADE,0.0,0.0,0.0,8.0,SHORT,4704.67,4712.67,4688.67,0.0,False,False,NONE,no_trade,TREND_DOWN
2026-04-27 12:45:00,4704.66,4704.66,4700.16,4700.42,945,4,0,945,4704.67,-4.25,4706.614090823897,-0.6520095604100788,4714.77,4699.55,4.510000000000218,3.734285714285631,3.5485000000000126,4.5,3.548000000000002,True,0,0,1,0,1,0,4.0,0,50,REVERSAL,82,False,False,,,4705.43,4699.55,4705.43,4699.55,0,0,0,NEUTRAL,0,0,0,0,NONE,2026-04-27,12,LONDON,4730.11,4667.22,0,0,4699.55,4718.4,1,1,0,0,0,0,1.0,1.0,36,,,49,,,NO_TRADE,NO_TRADE,0.0,0.0,0.0,8.0,LONG,4700.42,4692.42,4716.42,0.0,False,False,NONE,no_trade,REVERSAL
2026-04-27 12:50:00,4700.42,4702.64,4699.57,4700.49,1005,4,0,1005,4700.42,0.06999999999970896,4706.030844078763,-0.5832467451336925,4714.77,4699.55,3.0700000000006185,3.4778571428571143,3.5490000000000235,3.0700000000006185,3.5485000000000126,False,0,0,1,0,0,1,5.0,0,50,TREND_DOWN,73,False,True,,4699.57,4705.43,4699.57,4705.43,4699.55,0,0,0,HL,0,0,1,0,DOUBLE_BOTTOM,2026-04-27,12,LONDON,4730.11,4667.22,0,0,4699.55,4718.24,1,1,0,0,1,0,1.0,1.0,76,ALPHA,strict_alpha,65,FLOW,exploratory,ALPHA,ALPHA,76.0,0.01,10.0,8.0,SHORT,4700.49,4708.49,4684.49,1.25,False,True,HIGH,sell,TREND_DOWN
2026-04-27 12:55:00,4700.5,4704.36,4700.46,4703.6,966,4,0,966,4700.49,3.110000000000582,4705.799335118881,-0.23150895988237608,4714.77,4699.55,3.899999999999636,3.518571428571314,3.5625,3.899999999999636,3.561999999999989,False,0,0,0,0,0,1,4.0,0,50,RANGE,50,False,False,,,4705.43,4699.57,4705.43,4699.57,0,0,0,NEUTRAL,0,0,0,0,NONE,2026-04-27,12,LONDON,4730.11,4667.22,0,0,4699.55,4717.41,1,1,0,0,0,0,1.0,1.0,28,,,44,,,NO_TRADE,NO_TRADE,0.0,0.0,0.0,8.0,LONG,4703.6,4695.6,4719.6,0.0,False,False,NONE,no_trade,RANGE
2026-04-27 13:00:00,4703.62,4706.09,4702.74,4705.27,863,4,0,863,4703.6,1.6700000000000728,4705.7489222504155,-0.05041286846517323,4714.77,4699.55,3.350000000000364,3.354285714285587,3.5809999999999946,3.350000000000364,3.580499999999984,False,0,0,0,0,0,1,4.0,0,50,RANGE,50,False,False,,,4705.43,4699.57,4705.43,4699.57,0,0,0,NEUTRAL,0,0,0,0,NONE,2026-04-27,13,LONDON,4730.11,4667.22,0,0,4699.55,4716.93,1,1,0,0,0,0,1.0,1.0,28,,,44,,,NO_TRADE,NO_TRADE,0.0,0.0,0.0,8.0,LONG,4705.27,4697.27,4721.27,0.0,False,False,NONE,no_trade,RANGE
2026-04-27 13:05:00,4705.27,4706.86,4703.43,4703.79,1063,4,0,1063,4705.27,-1.480000000000473,4705.562358226566,-0.18656402384931425,4714.77,4699.55,3.4299999999993815,3.380714285714151,3.632999999999947,3.4299999999993815,3.6324999999999363,False,0,0,1,0,0,0,5.0,0,50,TREND_DOWN,73,True,False,4706.86,,4706.86,4699.57,4705.43,4699.57,0,0,0,NEUTRAL,0,0,0,0,NONE,2026-04-27,13,LONDON,4730.11,4667.22,0,0,4699.55,4716.93,1,1,0,0,0,0,1.0,1.0,56,,,31,,,NO_TRADE,NO_TRADE,0.0,0.0,0.0,8.0,SHORT,4703.79,4711.79,4687.79,0.0,False,False,NONE,no_trade,TREND_DOWN
2026-04-27 13:10:00,4703.79,4704.23,4701.56,4701.94,836,4,0,836,4703.79,-1.8500000000003638,4705.217371728799,-0.3449864977674224,4714.77,4699.55,2.6699999999991633,3.3864285714284312,3.5809999999999036,2.6699999999991633,3.5804999999998928,False,0,0,0,0,0,0,4.0,1,50,CHOPPY,40,False,False,,,4706.86,4699.57,4706.86,4699.57,0,0,0,NEUTRAL,0,0,0,0,NONE,2026-04-27,13,LONDON,4730.11,4667.22,0,0,4699.55,4716.93,1,1,0,0,0,0,1.0,1.0,18,,,28,,,NO_TRADE,NO_TRADE,0.0,0.0,0.0,8.0,LONG,4701.94,4693.94,4717.94,0.0,False,False,NONE,no_trade,CHOPPY
2026-04-27 13:15:00,4701.94,4703.06,4699.5,4702.18,940,4,0,940,4701.94,0.24000000000069122,4704.928098230818,-0.2892734979805027,4714.77,4699.55,3.5600000000004,3.3578571428570285,3.61299999999992,3.5600000000004,3.6124999999999092,False,0,0,0,0,0,1,4.0,0,50,RANGE,50,False,True,,4699.5,4706.86,4699.5,4706.86,4699.57,0,0,0,NEUTRAL,0,0,1,0,DOUBLE_BOTTOM,2026-04-27,13,LONDON,4730.11,4667.22,0,0,4699.5,4714.8,1,1,0,1,1,0,1.8,1.0,48,,,74,FLOW,exploratory,FLOW,FLOW,74.0,0.005,5.0,8.0,LONG,4702.18,4694.18,4718.18,0.625,False,True,HIGH,buy,RANGE
2026-04-27 13:20:00,4702.18,4705.88,4702.18,4704.38,898,4,0,898,4702.18,2.199999999999818,4704.875898399312,-0.052199831506186456,4714.77,4699.5,3.699999999999818,3.365714285714213,3.464999999999918,3.699999999999818,3.4644999999999073,False,0,0,0,0,0,1,4.0,0,50,RANGE,50,True,False,4705.88,,4705.88,4699.5,4706.86,4699.5,0,0,0,LH,0,0,0,0,NONE,2026-04-27,13,LONDON,4730.11,4667.22,0,0,4699.5,4714.77,1,1,0,0,0,0,1.0,1.0,28,,,56,FLOW,exploratory,FLOW,FLOW,56.0,0.005,5.0,8.0,LONG,4704.38,4696.38,4720.38,0.625,False,True,MEDIUM,buy,RANGE
2026-04-27 13:25:00,4704.38,4705.53,4703.46,4705.11,890,4,0,890,4704.38,0.7299999999995634,4704.898193789854,0.022295390542240057,4714.77,4699.5,2.069999999999709,3.328571428571325,3.4019999999998616,2.069999999999709,3.4014999999998508,False,0,0,0,0,0,1,4.0,1,50,CHOPPY,40,False,False,,,4705.88,4699.5,4705.88,4699.5,0,0,0,NEUTRAL,0,0,0,0,NONE,2026-04-27,13,LONDON,4730.11,4667.22,0,0,4699.5,4714.77,1,1,0,0,0,0,1.0,1.0,18,,,28,,,NO_TRADE,NO_TRADE,0.0,0.0,0.0,8.0,LONG,4705.11,4697.11,4721.11,0.0,False,False,NONE,no_trade,CHOPPY
2026-04-27 13:30:00,4705.11,4708.15,4704.62,4707.41,1070,4,0,1070,4705.11,2.300000000000182,4705.137413428915,0.23921963906104793,4712.47,4699.5,3.5299999999997453,3.4892857142856104,3.2959999999998217,3.5299999999997453,3.295499999999811,False,0,1,0,0,0,1,3.0,0,50,TREND_UP,73,False,False,,,4705.88,4699.5,4705.88,4699.5,1,0,1,NEUTRAL,0,0,0,1,BREAK_RETEST,2026-04-27,13,LONDON,4730.11,4667.22,0,0,4699.5,4714.77,1,1,0,0,0,0,1.0,1.0,83,ALPHA,strict_alpha,43,,,ALPHA,ALPHA,83.0,0.01,10.0,8.0,LONG,4707.41,4699.41,4723.41,1.25,False,True,HIGH,buy,TREND_UP
2026-04-27 13:35:00,4707.41,4709.65,4705.35,4708.34,1079,4,0,1079,4707.41,0.930000000000291,4705.44242167378,0.3050082448644389,4708.61,4699.5,4.299999999999272,3.436428571428418,3.357999999999811,4.299999999999272,3.3574999999998,True,0,1,0,0,0,1,2.0,0,50,TREND_UP,81,False,False,,,4705.88,4699.5,4705.88,4699.5,1,0,1,NEUTRAL,0,0,0,1,BREAK_RETEST,2026-04-27,13,LONDON,4730.11,4667.22,0,0,4699.5,4714.77,1,1,0,0,0,0,1.0,1.0,83,ALPHA,strict_alpha,43,,,ALPHA,ALPHA,83.0,0.01,10.0,8.0,LONG,4708.34,4700.34,4724.34,1.25,False,True,HIGH,buy,TREND_UP
2026-04-27 13:40:00,4708.34,4710.59,4708.34,4709.03,1086,4,0,1086,4708.34,0.6899999999995998,4705.784095800086,0.3416741263063159,4709.65,4699.5,2.25,3.2892857142855974,3.340999999999849,2.25,3.340499999999838,False,0,1,0,0,0,1,2.0,0,50,TREND_UP,73,False,False,,,4705.88,4699.5,4705.88,4699.5,1,0,1,NEUTRAL,0,0,0,1,BREAK_RETEST,2026-04-27,13,LONDON,4730.11,4667.22,0,0,4699.5,4714.77,1,1,0,0,0,0,1.0,1.0,83,ALPHA,strict_alpha,43,,,ALPHA,ALPHA,83.0,0.01,10.0,8.0,LONG,4709.03,4701.03,4725.03,1.25,False,True,HIGH,buy,TREND_UP
2026-04-27 13:45:00,4709.03,4710.71,4707.79,4708.37,1172,4,0,1172,4709.03,-0.6599999999998545,4706.0303723905545,0.24627659046836925,4710.59,4699.5,2.9200000000000728,3.240714285714213,3.288999999999851,2.9200000000000728,3.28849999999984,False,0,1,0,0,0,0,3.0,0,50,TREND_UP,73,True,False,4710.71,,4710.71,4699.5,4705.88,4699.5,1,0,1,NEUTRAL,0,0,0,1,BREAK_RETEST,2026-04-27,13,LONDON,4730.11,4667.22,0,0,4699.5,4714.77,1,1,0,0,0,0,1.0,1.0,83,ALPHA,strict_alpha,43,,,ALPHA,ALPHA,83.0,0.01,10.0,8.0,LONG,4708.37,4700.37,4724.37,1.25,False,True,HIGH,buy,TREND_UP
2026-04-27 13:50:00,4708.37,4710.27,4707.12,4709.26,1118,4,0,1118,4708.37,0.8900000000003274,4706.337955972406,0.30758358185175894,4710.71,4699.5,3.1500000000005457,3.3149999999999245,3.2669999999999164,3.1500000000005457,3.2664999999999056,False,0,1,0,0,0,1,3.0,0,50,TREND_UP,73,False,True,,4707.12,4710.71,4707.12,4710.71,4699.5,0,0,0,HL,0,0,0,0,NONE,2026-04-27,13,LONDON,4730.11,4667.22,0,0,4699.5,4714.77,1,1,0,0,1,0,1.0,1.0,66,,,53,,,NO_TRADE,NO_TRADE,0.0,0.0,0.0,8.0,LONG,4709.26,4701.26,4725.26,0.0,False,False,NONE,no_trade,TREND_UP
2026-04-27 13:55:00,4709.26,4710.94,4708.26,4708.78,1179,4,0,1179,4709.26,-0.48000000000047294,4706.570531594082,0.23257562167600554,4710.71,4699.5,2.6799999999993815,3.184285714285579,3.271499999999878,2.6799999999993815,3.270999999999867,False,0,1,0,0,0,0,4.0,0,50,TREND_UP,73,True,False,4710.94,,4710.94,4707.12,4710.71,4707.12,0,0,0,NEUTRAL,0,1,0,0,DOUBLE_TOP,2026-04-27,13,LONDON,4730.11,4667.22,0,0,4699.5,4714.77,1,1,0,0,0,0,1.0,1.0,66,,,43,,,NO_TRADE,NO_TRADE,0.0,0.0,0.0,8.0,LONG,4708.78,4700.78,4724.78,0.0,False,False,NONE,no_trade,TREND_UP
2026-04-27 14:00:00,4708.82,4709.13,4705.37,4705.82,1403,4,0,1403,4708.78,-2.9600000000000364,4706.499052394645,-0.07147919943690795,4710.94,4699.5,3.7600000000002183,3.2335714285712647,3.3954999999999016,3.7600000000002183,3.3949999999998908,False,0,0,1,0,0,0,3.0,0,50,TREND_DOWN,73,False,True,,4705.37,4710.94,4705.37,4710.94,4707.12,0,1,1,NEUTRAL,0,0,0,1,BREAK_RETEST,2026-04-27,14,LONDON,4730.11,4667.22,0,0,4699.5,4714.77,1,1,0,0,0,0,1.0,1.0,83,ALPHA,strict_alpha,43,,,ALPHA,ALPHA,83.0,0.01,10.0,8.0,SHORT,4705.82,4713.82,4689.82,1.25,False,True,HIGH,sell,TREND_DOWN
2026-04-27 14:05:00,4705.82,4707.72,4705.42,4706.95,1056,4,0,1056,4705.82,1.1300000000001091,4706.541999785631,0.042947390985318634,4710.94,4699.5,2.300000000000182,3.1192857142855894,3.2584999999999127,2.300000000000182,3.257999999999902,False,0,0,0,0,0,1,4.0,1,50,CHOPPY,40,False,False,,,4710.94,4705.37,4710.94,4705.37,0,0,0,NEUTRAL,0,0,0,0,NONE,2026-04-27,14,LONDON,4730.11,4667.22,0,0,4699.5,4714.77,1,1,0,0,1,0,1.0,1.0,28,,,38,,,NO_TRADE,NO_TRADE,0.0,0.0,0.0,8.0,LONG,4706.95,4698.95,4722.95,0.0,False,False,NONE,no_trade,CHOPPY
2026-04-27 14:10:00,4706.95,4706.99,4703.94,4704.1,1172,4,0,1172,4706.95,-2.8499999999994543,4706.309428377475,-0.23257140815530875,4710.94,4699.5,3.050000000000182,3.097857142857005,3.195499999999947,3.050000000000182,3.1949999999999363,False,0,0,1,0,0,0,5.0,0,50,TREND_DOWN,73,False,False,,,4710.94,4705.37,4710.94,4705.37,0,1,1,NEUTRAL,0,0,0,1,BREAK_RETEST,2026-04-27,14,LONDON,4730.11,4667.22,0,0,4699.5,4714.77,1,1,0,0,0,0,1.0,1.0,83,ALPHA,strict_alpha,43,,,ALPHA,ALPHA,83.0,0.01,10.0,8.0,SHORT,4704.1,4712.1,4688.1,1.25,False,True,HIGH,sell,TREND_DOWN
2026-04-27 14:15:00,4704.1,4704.82,4700.58,4704.06,1254,4,0,1254,4704.1,-0.03999999999996362,4706.09519710343,-0.21423127404523257,4710.94,4699.5,4.239999999999782,3.1557142857141764,3.2274999999999636,4.239999999999782,3.226999999999953,True,0,0,1,0,0,0,5.0,0,50,TREND_DOWN,81,False,False,,,4710.94,4705.37,4710.94,4705.37,0,1,1,NEUTRAL,0,0,0,1,BREAK_RETEST,2026-04-27,14,LONDON,4730.11,4667.22,0,0,4699.5,4712.47,1,1,0,0,0,0,1.0,1.0,83,ALPHA,strict_alpha,43,,,ALPHA,ALPHA,83.0,0.01,10.0,8.0,SHORT,4704.06,4712.06,4688.06,1.25,False,True,HIGH,sell,TREND_DOWN
2026-04-27 14:20:00,4704.06,4704.76,4700.26,4704.07,1338,4,0,1338,4704.06,0.009999999999308784,4705.902321188817,-0.19287591461306874,4710.94,4699.5,4.5,3.286428571428522,3.3469999999999347,4.5,3.3464999999999234,True,0,0,1,0,1,1,6.0,0,50,REVERSAL,82,False,True,,4700.26,4710.94,4700.26,4710.94,4705.37,0,1,1,NEUTRAL,0,0,0,1,BREAK_RETEST,2026-04-27,14,LONDON,4730.11,4667.22,0,0,4699.5,4710.94,1,1,0,0,1,0,1.0,1.0,73,,,71,FLOW,exploratory,FLOW,FLOW,71.0,0.005,5.0,8.0,LONG,4704.07,4696.07,4720.07,0.625,False,True,HIGH,buy,REVERSAL
2026-04-27 14:25:00,4704.07,4706.98,4703.12,4705.23,1207,4,0,1207,4704.07,1.1599999999998545,4705.838290599406,-0.06403058941123163,4710.94,4699.5,3.8599999999996726,3.3078571428570416,3.3144999999999074,3.8599999999996726,3.3144999999999074,False,0,0,1,0,0,1,6.0,0,50,TREND_DOWN,73,False,False,,,4710.94,4700.26,4710.94,4700.26,0,0,0,NEUTRAL,0,0,0,0,NONE,2026-04-27,14,LONDON,4730.11,4667.22,0,0,4699.5,4710.94,1,1,0,0,0,0,1.0,1.0,56,,,31,,,NO_TRADE,NO_TRADE,0.0,0.0,0.0,8.0,SHORT,4705.23,4713.23,4689.23,0.0,False,False,NONE,no_trade,TREND_DOWN
2026-04-27 14:30:00,4705.23,4708.52,4704.39,4705.46,1269,4,0,1269,4705.23,0.23000000000047294,4705.802262923272,-0.036027676133926434,4710.94,4699.5,4.130000000000109,3.338571428571348,3.3674999999998816,4.130000000000109,3.3674999999998816,False,0,0,1,0,0,1,5.0,0,50,TREND_DOWN,73,True,False,4708.52,,4708.52,4700.26,4710.94,4700.26,0,0,0,LH,0,0,0,0,NONE,2026-04-27,14,LONDON,4730.11,4667.22,0,0,4699.5,4710.94,1,1,0,0,0,0,1.0,1.0,56,,,43,,,NO_TRADE,NO_TRADE,0.0,0.0,0.0,8.0,SHORT,4705.46,4713.46,4689.46,0.0,False,False,NONE,no_trade,TREND_DOWN
2026-04-27 14:35:00,4705.46,4705.71,4700.85,4701.98,1235,4,0,1235,4705.46,-3.480000000000473,4705.43823788296,-0.3640250403122991,4710.94,4699.5,4.859999999999673,3.5378571428570598,3.4154999999998834,4.859999999999673,3.4154999999998834,True,0,0,1,0,1,0,5.0,0,50,REVERSAL,82,False,False,,,4708.52,4700.26,4708.52,4700.26,0,0,0,NEUTRAL,0,0,0,0,NONE,2026-04-27,14,LONDON,4730.11,4667.22,0,0,4699.5,4710.94,1,1,0,0,0,0,1.0,1.0,36,,,49,,,NO_TRADE,NO_TRADE,0.0,0.0,0.0,8.0,LONG,4701.98,4693.98,4717.98,0.0,False,False,NONE,no_trade,REVERSAL
2026-04-27 14:40:00,4701.98,4704.23,4700.13,4702.64,1151,4,0,1151,4701.98,0.660000000000764,4705.171739036964,-0.2664988459955566,4710.94,4699.5,4.099999999999454,3.578571428571325,3.452999999999838,4.099999999999454,3.452999999999838,False,0,0,1,0,0,1,5.0,0,50,TREND_DOWN,73,False,True,,4700.13,4708.52,4700.13,4708.52,4700.26,0,0,0,NEUTRAL,0,0,1,0,DOUBLE_BOTTOM,2026-04-27,14,LONDON,4730.11,4667.22,0,0,4699.5,4710.94,1,1,0,0,1,0,1.0,1.0,76,ALPHA,strict_alpha,53,,,ALPHA,ALPHA,76.0,0.01,10.0,8.0,SHORT,4702.64,4710.64,4686.64,1.25,False,True,HIGH,sell,TREND_DOWN
2026-04-27 14:45:00,4702.64,4705.3,4702.62,4702.85,888,4,0,888,4702.64,0.21000000000003638,4704.950621033444,-0.22111800352013233,4710.94,4699.5,2.680000000000291,3.4628571428571115,3.4154999999998834,2.680000000000291,3.4154999999998834,False,0,0,1,0,0,1,5.0,1,50,TREND_DOWN,73,True,False,4705.3,,4705.3,4700.13,4708.52,4700.13,0,0,0,LH,0,0,0,0,NONE,2026-04-27,14,LONDON,4730.11,4667.22,0,0,4699.5,4710.94,1,1,0,0,0,0,1.0,1.0,46,,,45,,,NO_TRADE,NO_TRADE,0.0,0.0,0.0,8.0,SHORT,4702.85,4710.85,4686.85,0.0,False,False,NONE,no_trade,TREND_DOWN
2026-04-27 14:50:00,4702.85,4703.34,4700.98,4703.32,1064,4,0,1064,4702.85,0.46999999999934516,4704.795323792163,-0.15529724128100497,4710.94,4699.5,2.360000000000582,3.4707142857142963,3.3999999999999546,2.360000000000582,3.3999999999999546,False,0,0,1,0,0,1,4.0,1,50,TREND_DOWN,73,False,False,,,4705.3,4700.13,4705.3,4700.13,0,0,0,NEUTRAL,0,0,0,0,NONE,2026-04-27,14,LONDON,4730.11,4667.22,0,0,4699.5,4710.94,1,1,0,0,0,0,1.0,1.0,46,,,33,,,NO_TRADE,NO_TRADE,0.0,0.0,0.0,8.0,SHORT,4703.32,4711.32,4687.32,0.0,False,False,NONE,no_trade,TREND_DOWN
2026-04-27 14:55:00,4703.32,4705.11,4700.91,4704.81,1099,4,0,1099,4703.32,1.4900000000006912,4704.796721526242,0.0013977340795463533,4710.94,4699.5,4.199999999999818,3.5621428571428493,3.4319999999999253,4.199999999999818,3.4319999999999253,False,0,0,0,0,0,1,3.0,0,50,RANGE,50,False,True,,4700.91,4705.3,4700.91,4705.3,4700.13,0,0,0,HL,0,0,0,0,NONE,2026-04-27,14,LONDON,4730.11,4667.22,0,0,4699.5,4710.94,1,1,0,0,0,0,1.0,1.0,28,,,56,FLOW,exploratory,FLOW,FLOW,56.0,0.005,5.0,8.0,LONG,4704.81,4696.81,4720.81,0.625,False,True,MEDIUM,buy,RANGE
2026-04-27 15:00:00,4704.82,4706.21,4702.6,4705.16,1359,4,0,1359,4704.81,0.3499999999994543,4704.831319476124,0.034597949881572276,4710.94,4700.13,3.6099999999996726,3.59499999999993,3.427499999999918,3.6099999999996726,3.427499999999918,False,0,1,0,0,0,1,3.0,0,50,TREND_UP,73,False,False,,,4705.3,4700.91,4705.3,4700.91,0,0,0,NEUTRAL,0,0,0,0,NONE,2026-04-27,15,LONDON,4730.11,4667.22,0,0,4699.5,4710.94,1,1,0,0,0,0,1.0,1.0,56,,,31,,,NO_TRADE,NO_TRADE,0.0,0.0,0.0,8.0,LONG,4705.16,4697.16,4721.16,0.0,False,False,NONE,no_trade,TREND_UP
2026-04-27 15:05:00,4705.16,4706.22,4702.52,4706.1,1312,4,0,1312,4705.16,0.9400000000005093,4704.952146192683,0.12082671655934973,4710.94,4700.13,3.699999999999818,3.667857142857104,3.5089999999999235,3.699999999999818,3.5089999999999235,False,0,1,0,0,0,1,2.0,0,50,TREND_UP,73,False,True,,4702.52,4705.3,4702.52,4705.3,4700.91,1,0,1,HL,0,0,0,1,BREAK_RETEST,2026-04-27,15,LONDON,4730.11,4667.22,0,0,4699.5,4710.94,1,1,0,0,0,0,1.0,1.0,83,ALPHA,strict_alpha,55,FLOW,exploratory,ALPHA,ALPHA,83.0,0.01,10.0,8.06928571428563,LONG,4706.1,4698.030714285715,4722.238571428572,1.239267062051885,False,True,HIGH,buy,TREND_UP
2026-04-27 15:10:00,4706.1,4709.22,4704.15,4708.91,1565,4,0,1565,4706.1,2.8099999999994907,4705.329084650523,0.3769384578399695,4710.94,4700.13,5.0700000000006185,3.761428571428561,3.5859999999999674,5.0700000000006185,3.5859999999999674,True,0,1,0,0,0,1,2.0,0,50,TREND_UP,81,False,False,,,4705.3,4702.52,4705.3,4702.52,1,0,1,NEUTRAL,0,0,0,1,BREAK_RETEST,2026-04-27,15,LONDON,4730.11,4667.22,0,0,4699.5,4710.94,1,1,0,0,0,0,1.0,1.0,83,ALPHA,strict_alpha,43,,,ALPHA,ALPHA,83.0,0.01,10.0,8.275142857142834,LONG,4708.91,4700.634857142857,4725.460285714285,1.208438352380627,False,True,HIGH,buy,TREND_UP
2026-04-27 15:15:00,4708.91,4711.63,4707.34,4710.87,1627,4,0,1627,4708.91,1.9600000000000364,4705.856790874283,0.5277062237601058,4710.94,4700.13,4.289999999999964,3.9035714285714027,3.585500000000002,4.289999999999964,3.585500000000002,False,0,1,0,0,0,1,2.0,0,50,TREND_UP,73,False,False,,,4705.3,4702.52,4705.3,4702.52,1,0,1,NEUTRAL,0,0,0,1,BREAK_RETEST,2026-04-27,15,LONDON,4730.11,4667.22,0,0,4699.5,4711.63,1,1,1,0,0,0,1.0,1.8,83,ALPHA,strict_alpha,51,,,ALPHA,ALPHA,83.0,0.01,10.0,8.587857142857086,LONG,4710.87,4702.282142857142,4728.045714285714,1.1644348332363048,False,True,HIGH,buy,TREND_UP
2026-04-27 15:20:00,4710.87,4712.64,4708.06,4709.43,1704,4,0,1704,4710.87,-1.4399999999995998,4706.197096505304,0.34030563102078304,4711.63,4700.13,4.579999999999927,4.012857142857099,3.701999999999998,4.579999999999927,3.701999999999998,False,0,1,0,0,0,0,2.0,0,50,TREND_UP,73,True,False,4712.64,,4712.64,4702.52,4705.3,4702.52,1,0,1,NEUTRAL,0,0,0,1,BREAK_RETEST,2026-04-27,15,LONDON,4730.11,4667.22,0,0,4699.5,4712.64,1,1,1,0,0,0,1.0,1.8,83,ALPHA,strict_alpha,51,,,ALPHA,ALPHA,83.0,0.01,10.0,8.828285714285618,LONG,4709.43,4700.6017142857145,4727.086571428572,1.1327227418363177,False,True,HIGH,buy,TREND_UP
2026-04-27 15:25:00,4709.41,4709.84,4702.11,4706.99,1925,4,0,1925,4709.43,-2.4400000000005093,4706.272611123846,0.0755146185420017,4712.64,4700.13,7.730000000000473,4.262142857142862,3.942500000000018,7.730000000000473,3.942500000000018,True,0,1,0,0,0,0,1.0,0,50,TREND_UP,81,False,True,,4702.11,4712.64,4702.11,4712.64,4702.52,0,0,0,NEUTRAL,0,0,0,0,NONE,2026-04-27,15,LONDON,4730.11,4667.22,0,0,4699.5,4712.64,1,1,0,0,0,0,1.0,1.0,56,,,31,,,NO_TRADE,NO_TRADE,0.0,0.0,0.0,8.0,LONG,4706.99,4698.99,4722.99,0.0,False,False,NONE,no_trade,TREND_UP
2026-04-27 15:30:00,4706.99,4707.79,4704.04,4704.35,1471,4,0,1471,4706.99,-2.639999999999418,4706.089505302528,-0.18310582131834963,4712.64,4700.13,3.75,4.2085714285714335,3.972499999999991,3.75,3.972499999999991,False,0,0,1,0,0,0,1.0,0,50,TREND_DOWN,73,False,False,,,4712.64,4702.11,4712.64,4702.11,0,0,0,NEUTRAL,0,0,0,0,NONE,2026-04-27,15,LONDON,4730.11,4667.22,0,0,4699.5,4712.64,1,1,0,0,0,0,1.0,1.0,56,,,31,,,NO_TRADE,NO_TRADE,0.0,0.0,0.0,8.0,SHORT,4704.35,4712.35,4688.35,0.0,False,False,NONE,no_trade,TREND_DOWN
2026-04-27 15:35:00,4704.51,4705.25,4701.23,4701.6,1456,4,0,1456,4704.35,-2.75,4705.661933368953,-0.4275719335746544,4712.64,4700.13,4.020000000000437,4.22000000000006,4.039500000000044,4.020000000000437,4.039500000000044,False,0,0,1,0,0,0,1.0,0,50,TREND_DOWN,73,False,False,,,4712.64,4702.11,4712.64,4702.11,0,1,1,NEUTRAL,0,0,0,1,BREAK_RETEST,2026-04-27,15,LONDON,4730.11,4667.22,0,0,4699.5,4712.64,1,1,0,0,0,0,1.0,1.0,83,ALPHA,strict_alpha,43,,,ALPHA,ALPHA,83.0,0.01,10.0,9.284000000000134,SHORT,4701.6,4710.884000000001,4683.032,1.0771219302024835,False,True,HIGH,sell,TREND_DOWN
2026-04-27 15:40:00,4701.6,4702.42,4696.98,4698.87,2105,4,0,2105,4701.6,-2.730000000000473,4705.01508257191,-0.6468507970430437,4712.64,4700.13,5.440000000000509,4.3135714285715165,4.123500000000059,5.440000000000509,4.123500000000059,True,0,0,1,1,0,0,1.0,0,50,BREAKOUT,81,False,True,,4696.98,4712.64,4696.98,4712.64,4702.11,0,1,1,NEUTRAL,0,0,0,1,BREAK_RETEST,2026-04-27,15,LONDON,4730.11,4667.22,0,0,4696.98,4712.64,1,1,0,1,0,0,1.8,1.0,63,,,69,FLOW,exploratory,FLOW,FLOW,69.0,0.005,5.0,8.0,LONG,4698.87,4690.87,4714.87,0.625,False,True,MEDIUM,buy,BREAKOUT
2026-04-27 15:45:00,4698.87,4703.63,4697.61,4703.41,1550,4,0,1550,4698.87,4.539999999999964,4704.862217565062,-0.1528650068485149,4712.64,4696.98,6.020000000000437,4.396428571428714,4.309500000000071,6.020000000000437,4.309500000000071,True,0,0,1,0,1,1,2.0,0,50,REVERSAL,82,False,False,,,4712.64,4696.98,4712.64,4696.98,0,0,0,NEUTRAL,0,0,0,0,NONE,2026-04-27,15,LONDON,4730.11,4667.22,0,0,4696.98,4712.64,1,1,0,0,1,0,1.0,1.0,46,,,59,FLOW,exploratory,FLOW,FLOW,59.0,0.005,5.0,8.0,LONG,4703.41,4695.41,4719.41,0.625,False,True,MEDIUM,buy,REVERSAL
2026-04-27 15:50:00,4703.41,4704.53,4701.66,4702.92,1392,4,0,1392,4703.41,-0.4899999999997817,4704.677244463627,-0.18497310143447976,4712.64,4696.98,2.869999999999891,4.308571428571603,4.300500000000056,2.869999999999891,4.300500000000056,False,0,0,1,0,0,0,3.0,0,50,TREND_DOWN,73,True,False,4704.53,,4704.53,4696.98,4712.64,4696.98,0,0,0,LH,0,0,0,0,NONE,2026-04-27,15,LONDON,4730.11,4667.22,0,0,4696.98,4712.64,1,1,0,0,0,0,1.0,1.0,56,,,43,,,NO_TRADE,NO_TRADE,0.0,0.0,0.0,8.0,SHORT,4702.92,4710.92,4686.92,0.0,False,False,NONE,no_trade,TREND_DOWN
2026-04-27 15:55:00,4702.95,4702.95,4696.92,4699.21,1784,4,0,1784,4702.92,-3.7100000000000364,4704.1565545147105,-0.5206899489166972,4712.64,4696.98,6.029999999999745,4.547857142857278,4.390000000000055,6.029999999999745,4.390000000000055,True,0,0,1,0,0,0,3.0,0,50,TREND_DOWN,81,False,False,,,4704.53,4696.98,4704.53,4696.98,0,0,0,NEUTRAL,0,0,0,0,NONE,2026-04-27,15,LONDON,4730.11,4667.22,0,0,4696.92,4712.64,1,1,0,1,0,0,1.8,1.0,56,,,39,,,NO_TRADE,NO_TRADE,0.0,0.0,0.0,8.1861428571431,SHORT,4699.21,4707.396142857143,4682.837714285713,0.0,False,False,NONE,no_trade,TREND_DOWN
2026-04-27 16:00:00,4699.36,4700.61,4693.45,4696.29,2599,4,0,2599,4699.21,-2.9200000000000728,4703.407358846643,-0.7491956680678413,4712.64,4696.92,7.1599999999998545,4.890714285714369,4.523000000000048,7.1599999999998545,4.523000000000048,True,0,0,1,1,0,0,3.0,0,50,BREAKOUT,81,False,False,,,4704.53,4696.98,4704.53,4696.98,0,1,1,NEUTRAL,0,0,0,1,BREAK_RETEST,2026-04-27,16,NEW_YORK,4730.11,4667.22,0,0,4693.45,4712.64,1,1,0,1,0,0,1.8,1.0,63,,,69,FLOW,exploratory,FLOW,FLOW,69.0,0.005,5.0,8.803285714285863,LONG,4696.29,4687.486714285714,4713.896571428571,0.5679697515537934,False,True,MEDIUM,buy,BREAKOUT
2026-04-27 16:05:00,4696.29,4696.86,4693.31,4696.22,2022,4,0,2022,4696.29,-0.06999999999970896,4702.722848480296,-0.6845103663463306,4712.64,4693.45,3.5499999999992724,4.844285714285759,4.507500000000027,3.5499999999992724,4.507500000000027,False,0,0,1,0,0,0,2.0,0,50,TREND_DOWN,73,False,True,,4693.31,4704.53,4693.31,4704.53,4696.98,0,1,1,NEUTRAL,0,0,0,1,BREAK_RETEST,2026-04-27,16,NEW_YORK,4730.11,4667.22,0,0,4693.31,4712.64,1,1,0,1,0,0,1.8,1.0,83,ALPHA,strict_alpha,51,,,ALPHA,ALPHA,83.0,0.01,10.0,10.65742857142867,SHORT,4696.22,4706.877428571429,4674.905142857143,0.9383126457735631,False,True,HIGH,sell,TREND_DOWN
2026-04-27 16:10:00,4696.21,4699.58,4693.98,4696.0,2165,4,0,2165,4696.22,-0.22000000000025466,4702.082577196459,-0.6402712838371372,4712.64,4693.31,5.600000000000364,4.986428571428665,4.58100000000004,5.600000000000364,4.58100000000004,False,0,0,1,0,0,0,2.0,0,50,TREND_DOWN,73,False,False,,,4704.53,4693.31,4704.53,4693.31,0,0,0,NEUTRAL,0,0,0,0,NONE,2026-04-27,16,NEW_YORK,4730.11,4667.22,0,0,4693.31,4712.64,1,1,0,0,0,0,1.0,1.0,56,,,31,,,NO_TRADE,NO_TRADE,0.0,0.0,0.0,8.975571428571598,SHORT,4696.0,4704.975571428572,4678.048857142857,0.0,False,False,NONE,no_trade,TREND_DOWN
2026-04-27 16:15:00,4696.0,4703.46,4695.57,4700.57,1767,4,0,1767,4696.0,4.569999999999709,4701.938522225368,-0.1440549710914638,4712.64,4693.31,7.890000000000327,5.285714285714415,4.732500000000073,7.890000000000327,4.732500000000073,True,0,0,1,0,1,1,3.0,0,50,REVERSAL,82,True,False,4703.46,,4703.46,4693.31,4704.53,4693.31,0,0,0,LH,0,0,0,0,NONE,2026-04-27,16,NEW_YORK,4730.11,4667.22,0,0,4693.31,4712.64,1,1,0,0,1,0,1.0,1.0,46,,,71,FLOW,exploratory,FLOW,FLOW,71.0,0.005,5.0,9.514285714285947,LONG,4700.57,4691.055714285714,4719.598571428572,0.5255255255255127,False,True,HIGH,buy,REVERSAL
2026-04-27 16:20:00,4700.57,4703.03,4699.15,4699.51,1467,4,0,1467,4700.57,-1.0599999999994907,4701.70723439438,-0.2312878309876396,4712.64,4693.31,3.880000000000109,5.200714285714379,4.7215000000001055,3.880000000000109,4.7215000000001055,False,0,0,0,0,0,0,4.0,0,50,RANGE,50,False,False,,,4703.46,4693.31,4703.46,4693.31,0,0,0,NEUTRAL,0,0,0,0,NONE,2026-04-27,16,NEW_YORK,4730.11,4667.22,0,0,4693.31,4712.64,1,1,0,0,0,0,1.0,1.0,28,,,44,,,NO_TRADE,NO_TRADE,0.0,0.0,0.0,9.361285714285883,LONG,4699.51,4690.148714285714,4718.232571428572,0.0,False,False,NONE,no_trade,RANGE
2026-04-27 16:25:00,4699.49,4700.21,4697.59,4700.1,1524,4,0,1524,4699.51,0.5900000000001455,4701.554164452058,-0.15306994232196303,4712.64,4693.31,2.619999999999891,5.08142857142866,4.718500000000086,2.619999999999891,4.718500000000086,False,0,0,0,0,0,1,5.0,1,50,CHOPPY,40,False,False,,,4703.46,4693.31,4703.46,4693.31,0,0,0,NEUTRAL,0,0,0,0,NONE,2026-04-27,16,NEW_YORK,4730.11,4667.22,0,0,4693.31,4712.64,1,1,0,0,1,0,1.0,1.0,28,,,38,,,NO_TRADE,NO_TRADE,0.0,0.0,0.0,9.146571428571589,LONG,4700.1,4690.953428571429,4718.393142857143,0.0,False,False,NONE,no_trade,CHOPPY
2026-04-27 16:30:00,4700.1,4702.6,4693.75,4694.57,2575,4,0,2575,4700.1,-5.530000000000655,4700.889005932814,-0.6651585192439597,4712.64,4693.31,8.850000000000364,5.386428571428691,5.043000000000075,8.850000000000364,5.043000000000075,True,0,0,1,0,1,0,5.0,0,50,REVERSAL,82,True,False,4702.6,,4702.6,4693.31,4703.46,4693.31,0,0,0,LH,0,1,0,0,DOUBLE_TOP,2026-04-27,16,NEW_YORK,4730.11,4667.22,0,0,4693.31,4712.64,1,1,0,0,0,0,1.0,1.0,46,,,73,FLOW,exploratory,FLOW,FLOW,73.0,0.005,5.0,9.695571428571643,LONG,4694.57,4684.874428571428,4713.961142857143,0.5156993620062065,False,True,HIGH,buy,REVERSAL
2026-04-27 16:35:00,4694.57,4695.51,4689.33,4692.55,2762,4,0,2762,4694.57,-2.019999999999527,4700.094814891594,-0.7941910412200741,4712.64,4693.31,6.180000000000291,5.275714285714392,5.142000000000098,6.180000000000291,5.142000000000098,False,0,0,1,1,0,0,4.0,0,50,BREAKOUT,73,False,True,,4689.33,4702.6,4689.33,4702.6,4693.31,0,1,1,NEUTRAL,0,0,0,1,BREAK_RETEST,2026-04-27,16,NEW_YORK,4730.11,4667.22,0,0,4689.33,4712.64,1,1,0,1,0,0,1.8,1.0,63,,,69,FLOW,exploratory,FLOW,FLOW,69.0,0.005,5.0,9.496285714285907,LONG,4692.55,4683.053714285715,4711.542571428572,0.5265216475614419,False,True,MEDIUM,buy,BREAKOUT
2026-04-27 16:40:00,4692.55,4694.57,4691.04,4693.32,2326,4,0,2326,4692.55,0.7699999999995271,4699.449594425728,-0.6452204658662595,4712.64,4689.33,3.5299999999997453,5.260000000000089,5.138000000000102,3.5299999999997453,5.138000000000102,False,0,0,1,0,0,1,5.0,1,50,TREND_DOWN,73,False,False,,,4702.6,4689.33,4702.6,4689.33,0,0,0,NEUTRAL,0,0,0,0,NONE,2026-04-27,16,NEW_YORK,4730.11,4667.22,0,0,4689.33,4712.64,1,1,0,0,1,0,1.0,1.0,56,,,43,,,NO_TRADE,NO_TRADE,0.0,0.0,0.0,9.46800000000016,SHORT,4693.32,4702.788,4674.383999999999,0.0,False,False,NONE,no_trade,TREND_DOWN
2026-04-27 16:45:00,4693.32,4695.7,4689.57,4689.83,2416,4,0,2416,4693.32,-3.4899999999997817,4698.533442575658,-0.916151850069582,4712.64,4689.33,6.130000000000109,5.41071428571435,5.259500000000116,6.130000000000109,5.259500000000116,False,0,0,1,0,0,0,6.0,0,50,TREND_DOWN,73,False,False,,,4702.6,4689.33,4702.6,4689.33,0,0,0,NEUTRAL,0,0,0,0,NONE,2026-04-27,16,NEW_YORK,4730.11,4667.22,0,0,4689.33,4712.64,1,1,0,0,0,0,1.0,1.0,56,,,31,,,NO_TRADE,NO_TRADE,0.0,0.0,0.0,9.739285714285831,SHORT,4689.83,4699.569285714286,4670.351428571428,0.0,False,False,NONE,no_trade,TREND_DOWN
2026-04-27 16:50:00,4689.83,4695.88,4689.31,4694.72,2363,4,0,2363,4689.83,4.890000000000327,4698.170257568452,-0.36318500720608426,4712.64,4689.33,6.569999999999709,5.491428571428579,5.334500000000071,6.569999999999709,5.334500000000071,False,0,0,1,0,0,1,7.0,0,50,TREND_DOWN,73,False,True,,4689.31,4702.6,4689.31,4702.6,4689.33,0,0,0,NEUTRAL,0,0,1,0,DOUBLE_BOTTOM,2026-04-27,16,NEW_YORK,4730.11,4667.22,0,0,4689.31,4712.64,1,1,0,1,1,0,1.8,1.0,76,ALPHA,strict_alpha,61,FLOW,exploratory,ALPHA,ALPHA,76.0,0.01,10.0,12.081142857142876,SHORT,4694.72,4706.8011428571435,4670.557714285715,0.8277362595780897,False,True,HIGH,sell,TREND_DOWN
2026-04-27 16:55:00,4694.72,4697.4,4692.78,4696.18,2133,4,0,2133,4694.72,1.4600000000000364,4697.9807092286,-0.18954833985208097,4712.64,4689.31,4.619999999999891,5.39142857142854,5.3510000000000675,4.619999999999891,5.3510000000000675,False,0,0,0,0,0,1,7.0,0,50,RANGE,50,True,False,4697.4,,4697.4,4689.31,4702.6,4689.31,0,0,0,LH,0,0,0,0,NONE,2026-04-27,16,NEW_YORK,4730.11,4667.22,0,0,4689.31,4712.64,1,1,0,0,0,0,1.0,1.0,28,,,56,FLOW,exploratory,FLOW,FLOW,56.0,0.005,5.0,9.704571428571374,LONG,4696.18,4686.475428571429,4715.589142857143,0.5152211034564005,False,True,MEDIUM,buy,RANGE
2026-04-27 17:00:00,4696.18,4696.27,4691.89,4694.04,2678,4,0,2678,4696.18,-2.1400000000003274,4697.605403587781,-0.37530564081862394,4712.64,4689.31,4.380000000000109,5.499285714285699,5.341000000000077,4.380000000000109,5.341000000000077,False,0,0,0,0,0,0,7.0,0,50,RANGE,50,False,False,,,4697.4,4689.31,4697.4,4689.31,0,0,0,NEUTRAL,0,0,0,0,NONE,2026-04-27,17,NEW_YORK,4730.11,4667.22,0,0,4689.31,4712.64,1,1,0,0,0,0,1.0,1.0,28,,,44,,,NO_TRADE,NO_TRADE,0.0,0.0,0.0,9.898714285714258,LONG,4694.04,4684.141285714286,4713.837428571428,0.0,False,False,NONE,no_trade,RANGE
2026-04-27 17:05:00,4694.04,4696.29,4688.47,4688.85,2498,4,0,2498,4694.04,-5.1899999999996,4696.7715556270405,-0.8338479607409681,4709.84,4689.31,7.819999999999709,5.627142857142839,5.3455000000000386,7.819999999999709,5.3455000000000386,True,0,0,1,1,0,0,6.0,0,50,BREAKOUT,81,True,False,4696.29,,4696.29,4689.31,4697.4,4689.31,0,1,1,LH,0,1,0,1,BREAK_RETEST,2026-04-27,17,NEW_YORK,4730.11,4667.22,0,0,4688.47,4712.64,1,1,0,1,0,0,1.8,1.0,63,,,81,FLOW,exploratory,FLOW,FLOW,81.0,0.005,5.0,10.12885714285711,LONG,4688.85,4678.721142857144,4709.107714285715,0.4936391075004953,False,True,HIGH,buy,BREAKOUT
2026-04-27 17:10:00,4688.85,4693.07,4687.88,4692.55,2443,4,0,2443,4688.85,3.699999999999818,4696.36950271018,-0.402052916860157,4707.79,4688.47,5.1899999999996,5.486428571428535,5.417500000000018,5.1899999999996,5.417500000000018,False,0,0,0,0,0,1,6.0,0,50,RANGE,50,False,True,,4687.88,4696.29,4687.88,4696.29,4689.31,0,0,0,NEUTRAL,0,0,0,0,NONE,2026-04-27,17,NEW_YORK,4730.11,4667.22,0,0,4687.88,4712.64,1,1,0,1,1,0,1.8,1.0,38,,,62,FLOW,exploratory,FLOW,FLOW,62.0,0.005,5.0,9.875571428571362,LONG,4692.55,4682.6744285714285,4712.301142857143,0.5062998162854986,False,True,MEDIUM,buy,RANGE
2026-04-27 17:15:00,4692.55,4696.64,4690.74,4695.36,2333,4,0,2333,4692.55,2.8099999999994907,4696.273359594925,-0.09614311525547237,4705.25,4687.88,5.900000000000546,5.654285714285769,5.511500000000024,5.900000000000546,5.511500000000024,False,0,0,0,0,0,1,5.0,0,50,RANGE,50,True,False,4696.64,,4696.64,4687.88,4696.29,4687.88,0,0,0,NEUTRAL,0,0,0,0,NONE,2026-04-27,17,NEW_YORK,4730.11,4667.22,0,0,4687.88,4712.64,1,1,0,0,0,0,1.0,1.0,28,,,44,,,NO_TRADE,NO_TRADE,0.0,0.0,0.0,10.177714285714384,LONG,4695.36,4685.182285714285,4715.715428571429,0.0,False,False,NONE,no_trade,RANGE
2026-04-27 17:20:00,4695.36,4696.35,4691.96,4693.21,2163,4,0,2163,4695.36,-2.149999999999636,4695.981611062075,-0.29174853284985147,4704.53,4687.88,4.390000000000327,5.567857142857195,5.459000000000015,4.390000000000327,5.459000000000015,False,0,0,1,0,0,0,6.0,0,50,TREND_DOWN,73,False,False,,,4696.64,4687.88,4696.64,4687.88,0,0,0,NEUTRAL,0,0,0,0,NONE,2026-04-27,17,NEW_YORK,4730.11,4667.22,0,0,4687.88,4712.64,1,1,0,0,0,0,1.0,1.0,56,,,31,,,NO_TRADE,NO_TRADE,0.0,0.0,0.0,10.022142857142951,SHORT,4693.21,4703.232142857143,4673.165714285714,0.0,False,False,NONE,no_trade,TREND_DOWN
2026-04-27 17:25:00,4693.21,4694.27,4686.16,4688.98,2318,4,0,2318,4693.21,-4.230000000000473,4695.314790960925,-0.666820101149824,4704.53,4687.88,8.110000000000582,5.583571428571498,5.563500000000022,8.110000000000582,5.563500000000022,True,0,0,1,0,0,0,5.0,0,50,TREND_DOWN,81,False,False,,,4696.64,4687.88,4696.64,4687.88,0,0,0,NEUTRAL,0,0,0,0,NONE,2026-04-27,17,NEW_YORK,4730.11,4667.22,0,0,4686.16,4712.64,1,1,0,1,0,0,1.8,1.0,56,,,39,,,NO_TRADE,NO_TRADE,0.0,0.0,0.0,10.050428571428697,SHORT,4688.98,4699.030428571428,4668.879142857142,0.0,False,False,NONE,no_trade,TREND_DOWN
2026-04-27 17:30:00,4688.98,4689.06,4683.48,4685.72,2404,4,0,2404,4688.98,-3.259999999999309,4694.401001345599,-0.9137896153260954,4704.53,4686.16,5.580000000000837,5.705000000000122,5.699000000000069,5.580000000000837,5.699000000000069,False,0,0,1,1,0,0,4.0,0,50,BREAKOUT,73,False,True,,4683.48,4696.64,4683.48,4696.64,4687.88,0,1,1,NEUTRAL,0,0,0,1,BREAK_RETEST,2026-04-27,17,NEW_YORK,4730.11,4667.22,0,0,4683.48,4712.64,1,1,0,1,0,0,1.8,1.0,63,,,69,FLOW,exploratory,FLOW,FLOW,69.0,0.005,5.0,10.269000000000219,LONG,4685.72,4675.451,4706.258000000001,0.48690232739311456,False,True,MEDIUM,buy,BREAKOUT
2026-04-27 17:35:00,4685.72,4696.74,4685.53,4693.29,2701,4,0,2701,4685.72,7.569999999999709,4694.295191693637,-0.10580965196186298,4703.46,4683.48,11.210000000000036,6.318571428571561,5.958000000000084,11.210000000000036,5.958000000000084,True,0,0,0,0,1,1,4.0,0,50,REVERSAL,77,True,False,4696.74,,4696.74,4683.48,4696.64,4683.48,0,0,0,NEUTRAL,0,0,0,0,NONE,2026-04-27,17,NEW_YORK,4730.11,4667.22,0,0,4683.48,4712.64,1,1,0,0,1,0,1.0,1.0,46,,,59,FLOW,exploratory,FLOW,FLOW,59.0,0.005,5.0,11.37342857142881,LONG,4693.29,4681.916571428571,4716.036857142858,0.4396211721556418,False,True,MEDIUM,buy,REVERSAL
2026-04-27 17:40:00,4693.29,4695.07,4690.07,4693.43,2537,4,0,2537,4693.29,0.14000000000032742,4694.212792484719,-0.0823992089181047,4703.46,4683.48,5.0,6.043571428571535,5.850000000000091,5.0,5.850000000000091,False,0,0,1,0,0,1,4.0,0,50,TREND_DOWN,73,False,False,,,4696.74,4683.48,4696.74,4683.48,0,0,0,NEUTRAL,0,0,0,0,NONE,2026-04-27,17,NEW_YORK,4730.11,4667.22,0,0,4683.48,4712.64,1,1,0,0,0,0,1.0,1.0,56,,,31,,,NO_TRADE,NO_TRADE,0.0,0.0,0.0,10.878428571428763,SHORT,4693.43,4704.308428571429,4671.673142857143,0.0,False,False,NONE,no_trade,TREND_DOWN
2026-04-27 17:45:00,4693.43,4694.02,4690.46,4690.93,1837,4,0,1837,4693.43,-2.5,4693.900145581413,-0.31264690330590383,4703.46,4683.48,3.5600000000004,5.856428571428686,5.850500000000148,3.5600000000004,5.850500000000148,False,0,0,1,0,0,0,4.0,1,50,TREND_DOWN,73,False,False,,,4696.74,4683.48,4696.74,4683.48,0,0,0,NEUTRAL,0,0,0,0,NONE,2026-04-27,17,NEW_YORK,4730.11,4667.22,0,0,4683.48,4712.64,1,1,0,0,0,0,1.0,1.0,46,,,33,,,NO_TRADE,NO_TRADE,0.0,0.0,0.0,10.541571428571634,SHORT,4690.93,4701.471571428572,4669.846857142857,0.0,False,False,NONE,no_trade,TREND_DOWN
2026-04-27 17:50:00,4690.93,4691.93,4679.98,4680.68,2356,4,0,2356,4690.93,-10.25,4692.6410840974695,-1.2590614839436967,4703.46,4683.48,11.950000000000728,6.4578571428573275,6.168000000000165,11.950000000000728,6.168000000000165,True,0,0,1,1,0,0,4.0,0,50,BREAKOUT,81,False,False,,,4696.74,4683.48,4696.74,4683.48,0,1,1,NEUTRAL,0,0,0,1,BREAK_RETEST,2026-04-27,17,NEW_YORK,4730.11,4667.22,0,0,4679.98,4709.84,1,1,0,1,0,0,1.8,1.0,63,,,69,FLOW,exploratory,FLOW,FLOW,69.0,0.005,5.0,11.62414285714319,LONG,4680.68,4669.055857142857,4703.928285714287,0.43013924221753985,False,True,MEDIUM,buy,BREAKOUT
2026-04-27 17:55:00,4680.68,4681.1,4676.55,4678.08,2469,4,0,2469,4680.68,-2.600000000000364,4691.254314183425,-1.3867699140446348,4703.46,4679.98,4.550000000000182,6.34500000000019,6.001000000000158,4.550000000000182,6.001000000000158,False,0,0,1,1,0,0,3.0,0,50,BREAKOUT,73,False,False,,,4696.74,4683.48,4696.74,4683.48,0,1,1,NEUTRAL,0,0,0,1,BREAK_RETEST,2026-04-27,17,NEW_YORK,4730.11,4667.22,0,0,4676.55,4707.79,1,1,0,1,0,0,1.8,1.0,63,,,69,FLOW,exploratory,FLOW,FLOW,69.0,0.005,5.0,11.421000000000342,LONG,4678.08,4666.659,4700.9220000000005,0.4377900358987698,False,True,MEDIUM,buy,BREAKOUT
2026-04-27 18:00:00,4678.08,4679.38,4667.78,4668.72,3135,4,0,3135,4678.08,-9.359999999999673,4689.108189023099,-2.146125160325937,4703.03,4676.55,11.600000000000364,6.704285714285951,6.387000000000171,11.600000000000364,6.387000000000171,True,0,0,1,1,0,0,3.0,0,50,BREAKOUT,81,False,False,,,4696.74,4683.48,4696.74,4683.48,0,1,1,NEUTRAL,0,0,0,1,BREAK_RETEST,2026-04-27,18,NEW_YORK,4730.11,4667.22,0,0,4667.78,4705.25,1,1,0,1,0,0,1.8,1.0,63,,,69,FLOW,exploratory,FLOW,FLOW,69.0,0.005,5.0,12.067714285714711,LONG,4668.72,4656.652285714285,4692.85542857143,0.4143286691763,False,True,MEDIUM,buy,BREAKOUT
2026-04-27 18:05:00,4668.72,4673.54,4667.23,4670.27,2746,4,0,2746,4668.72,1.550000000000182,4687.314075782804,-1.7941132402947915,4702.6,4667.78,6.3100000000004,6.825000000000273,6.571500000000197,6.3100000000004,6.571500000000197,False,0,0,1,0,0,1,3.0,0,50,TREND_DOWN,73,False,True,,4667.23,4696.74,4667.23,4696.74,4683.48,0,1,1,NEUTRAL,0,0,0,1,BREAK_RETEST,2026-04-27,18,NEW_YORK,4730.11,4667.22,0,0,4667.23,4704.53,1,1,0,1,1,0,1.8,1.0,93,ALPHA,strict_alpha,61,FLOW,exploratory,ALPHA,ALPHA,93.0,0.01,10.0,15.015000000000601,SHORT,4670.27,4685.285000000001,4640.239999999999,0.6660006660006393,False,True,ELITE,sell,TREND_DOWN
2026-04-27 18:10:00,4670.28,4676.99,4670.24,4674.57,2711,4,0,2711,4670.27,4.299999999999272,4686.100354279681,-1.2137215031234518,4702.6,4667.23,6.75,6.994285714285979,6.466500000000178,6.75,6.466500000000178,False,0,0,1,0,0,1,3.0,0,50,TREND_DOWN,73,False,False,,,4696.74,4667.23,4696.74,4667.23,0,0,0,NEUTRAL,0,0,0,0,NONE,2026-04-27,18,NEW_YORK,4730.11,4667.22,0,0,4667.23,4704.53,1,1,0,0,0,0,1.0,1.0,56,,,31,,,NO_TRADE,NO_TRADE,0.0,0.0,0.0,12.589714285714763,SHORT,4674.57,4687.1597142857145,4649.39057142857,0.0,False,False,NONE,no_trade,TREND_DOWN
2026-04-27 18:15:00,4674.57,4677.92,4672.89,4677.72,2057,4,0,2057,4674.57,3.1500000000005457,4685.302225300663,-0.798128979017747,4697.4,4667.23,5.029999999999745,6.795000000000267,6.409000000000151,5.029999999999745,6.409000000000151,False,0,0,1,0,0,1,3.0,0,50,TREND_DOWN,73,False,False,,,4696.74,4667.23,4696.74,4667.23,0,0,0,NEUTRAL,0,0,0,0,NONE,2026-04-27,18,NEW_YORK,4730.11,4667.22,0,0,4667.23,4704.53,1,1,0,0,0,0,1.0,1.0,56,,,31,,,NO_TRADE,NO_TRADE,0.0,0.0,0.0,12.231000000000481,SHORT,4677.72,4689.951000000001,4653.257999999999,0.0,False,False,NONE,no_trade,TREND_DOWN
2026-04-27 18:20:00,4677.72,4678.4,4672.17,4673.78,2352,4,0,2352,4677.72,-3.9400000000005093,4684.204870510124,-1.0973547905387022,4697.4,4667.23,6.229999999999563,6.869285714285979,6.544000000000142,6.229999999999563,6.544000000000142,False,0,0,1,0,0,0,3.0,0,50,TREND_DOWN,73,False,False,,,4696.74,4667.23,4696.74,4667.23,0,0,0,NEUTRAL,0,0,0,0,NONE,2026-04-27,18,NEW_YORK,4730.11,4667.22,0,0,4667.23,4703.46,1,1,0,0,0,0,1.0,1.0,56,,,31,,,NO_TRADE,NO_TRADE,0.0,0.0,0.0,12.364714285714763,SHORT,4673.78,4686.144714285714,4649.05057142857,0.0,False,False,NONE,no_trade,TREND_DOWN
2026-04-27 18:25:00,4673.78,4681.17,4671.94,4681.13,2043,4,0,2043,4673.78,7.350000000000364,4683.912025699637,-0.29284481048762245,4697.4,4667.23,9.230000000000473,7.107142857143117,6.69900000000016,9.230000000000473,6.69900000000016,True,0,0,0,0,1,1,4.0,0,50,REVERSAL,77,False,True,,4671.94,4696.74,4671.94,4696.74,4667.23,0,0,0,HL,0,0,0,0,NONE,2026-04-27,18,NEW_YORK,4730.11,4667.22,0,0,4667.23,4703.46,1,1,0,0,1,0,1.0,1.0,46,,,71,FLOW,exploratory,FLOW,FLOW,71.0,0.005,5.0,12.792857142857612,LONG,4681.13,4668.337142857143,4706.715714285715,0.3908431044109293,False,True,HIGH,buy,REVERSAL
2026-04-27 18:30:00,4681.13,4682.55,4677.02,4678.69,1949,4,0,1949,4681.13,-2.4400000000005093,4683.414689918719,-0.49733578091763775,4697.4,4667.23,5.529999999999745,7.188571428571647,6.647000000000162,5.529999999999745,6.647000000000162,False,0,0,0,0,0,0,4.0,0,50,RANGE,50,True,False,4682.55,,4682.55,4671.94,4696.74,4671.94,0,0,0,LH,0,0,0,0,NONE,2026-04-27,18,NEW_YORK,4730.11,4667.22,0,0,4667.23,4703.46,1,1,0,0,0,0,1.0,1.0,28,,,56,FLOW,exploratory,FLOW,FLOW,56.0,0.005,5.0,12.939428571428966,LONG,4678.69,4665.750571428571,4704.568857142857,0.3864158275922864,False,True,MEDIUM,buy,RANGE
2026-04-27 18:35:00,4678.69,4679.56,4677.26,4679.12,1563,4,0,1563,4678.69,0.43000000000029104,4683.005671831222,-0.4090180874973157,4697.4,4667.23,2.300000000000182,6.773571428571619,6.531000000000176,2.300000000000182,6.531000000000176,False,0,0,0,0,0,1,5.0,1,50,CHOPPY,40,False,False,,,4682.55,4671.94,4682.55,4671.94,0,0,0,NEUTRAL,0,0,0,0,NONE,2026-04-27,18,NEW_YORK,4730.11,4667.22,0,0,4667.23,4703.46,1,1,0,0,1,0,1.0,1.0,28,,,38,,,NO_TRADE,NO_TRADE,0.0,0.0,0.0,12.192428571428914,LONG,4679.12,4666.927571428571,4703.504857142858,0.0,False,False,NONE,no_trade,CHOPPY
2026-04-27 18:40:00,4679.12,4681.24,4677.39,4677.66,1640,4,0,1640,4679.12,-1.4600000000000364,4682.496560228248,-0.5091116029734621,4696.74,4667.23,3.8499999999994543,6.650000000000091,6.504500000000144,3.8499999999994543,6.504500000000144,False,0,0,1,0,0,0,6.0,1,50,TREND_DOWN,73,True,False,4681.24,,4681.24,4671.94,4682.55,4671.94,0,0,0,LH,0,0,0,0,NONE,2026-04-27,18,NEW_YORK,4730.11,4667.22,0,0,4667.23,4703.46,1,1,0,0,0,0,1.0,1.0,46,,,45,,,NO_TRADE,NO_TRADE,0.0,0.0,0.0,11.970000000000164,SHORT,4677.66,4689.63,4653.719999999999,0.0,False,False,NONE,no_trade,TREND_DOWN
2026-04-27 18:45:00,4677.66,4678.08,4674.23,4674.3,1717,4,0,1717,4677.66,-3.3599999999996726,4681.715935444606,-0.7806247836424518,4696.74,4667.23,3.850000000000364,6.124285714285828,6.306000000000177,3.850000000000364,6.306000000000177,False,0,0,0,0,0,0,6.0,1,50,CHOPPY,40,False,False,,,4681.24,4671.94,4681.24,4671.94,0,0,0,NEUTRAL,0,0,0,0,NONE,2026-04-27,18,NEW_YORK,4730.11,4667.22,0,0,4667.23,4703.03,1,1,0,0,0,0,1.0,1.0,18,,,28,,,NO_TRADE,NO_TRADE,0.0,0.0,0.0,11.02371428571449,LONG,4674.3,4663.276285714286,4696.347428571429,0.0,False,False,NONE,no_trade,CHOPPY
2026-04-27 18:50:00,4674.3,4676.39,4670.88,4671.61,1957,4,0,1957,4674.3,-2.6900000000005093,4680.753465402263,-0.9624700423428294,4696.74,4667.23,5.510000000000218,6.160714285714415,6.322000000000207,5.510000000000218,6.322000000000207,False,0,0,1,0,0,0,5.0,0,50,TREND_DOWN,73,False,False,,,4681.24,4671.94,4681.24,4671.94,0,1,1,NEUTRAL,0,0,0,1,BREAK_RETEST,2026-04-27,18,NEW_YORK,4730.11,4667.22,0,0,4667.23,4702.6,1,1,0,0,0,0,1.0,1.0,83,ALPHA,strict_alpha,43,,,ALPHA,ALPHA,83.0,0.01,10.0,13.553571428571715,SHORT,4671.61,4685.163571428571,4644.502857142857,0.7378129117259397,False,True,HIGH,sell,TREND_DOWN
2026-04-27 18:55:00,4671.61,4672.89,4668.09,4670.04,1940,4,0,1940,4671.61,-1.569999999999709,4679.733135363952,-1.0203300383109308,4696.74,4667.23,4.800000000000182,6.249285714285828,6.2670000000001895,4.800000000000182,6.2670000000001895,False,0,0,1,0,0,0,5.0,1,50,TREND_DOWN,73,False,False,,,4681.24,4671.94,4681.24,4671.94,0,1,1,NEUTRAL,0,0,0,1,BREAK_RETEST,2026-04-27,18,NEW_YORK,4730.11,4667.22,0,0,4667.23,4702.6,1,1,0,0,0,0,1.0,1.0,73,,,45,,,NO_TRADE,NO_TRADE,0.0,0.0,0.0,11.248714285714492,SHORT,4670.04,4681.288714285714,4647.542571428571,0.0,False,False,NONE,no_trade,TREND_DOWN
2026-04-27 19:00:00,4670.04,4671.0,4667.22,4670.7,1727,4,0,1727,4670.04,0.6599999999998545,4678.8728367578615,-0.8602986060905096,4696.74,4667.23,3.7799999999997453,5.66571428571433,6.23650000000016,3.7799999999997453,6.23650000000016,False,0,0,1,0,0,1,6.0,1,50,TREND_DOWN,73,False,True,,4667.22,4681.24,4667.22,4681.24,4671.94,0,1,1,NEUTRAL,0,0,0,1,BREAK_RETEST,2026-04-27,19,NEW_YORK,4730.11,4667.22,0,1,4667.22,4697.4,1,1,0,1,1,0,2.3,1.0,83,ALPHA,strict_alpha,63,FLOW,exploratory,ALPHA,ALPHA,83.0,0.01,10.0,12.464571428571526,SHORT,4670.7,4683.164571428571,4645.770857142857,0.8022738733782544,False,True,HIGH,sell,TREND_DOWN
2026-04-27 19:05:00,4670.7,4674.46,4670.54,4672.81,1604,4,0,1604,4670.7,2.110000000000582,4678.295423733303,-0.5774130245581546,4696.74,4667.22,3.9200000000000728,5.620714285714322,6.027000000000134,3.9200000000000728,6.027000000000134,False,0,0,1,0,0,1,5.0,1,50,TREND_DOWN,73,False,False,,,4681.24,4667.22,4681.24,4667.22,0,0,0,NEUTRAL,0,0,0,0,NONE,2026-04-27,19,NEW_YORK,4730.11,4667.22,0,0,4667.22,4697.4,1,1,0,0,0,0,1.0,1.0,46,,,33,,,NO_TRADE,NO_TRADE,0.0,0.0,0.0,10.11728571428578,SHORT,4672.81,4682.927285714286,4652.575428571429,0.0,False,False,NONE,no_trade,TREND_DOWN
2026-04-27 19:10:00,4672.81,4674.94,4672.71,4674.51,1594,4,0,1594,4672.81,1.699999999999818,4677.934907187274,-0.3605165460294302,4696.74,4667.22,2.2299999999995634,4.951428571428551,5.859500000000071,2.2299999999995634,5.859500000000071,False,0,0,0,0,0,1,4.0,1,50,CHOPPY,40,False,False,,,4681.24,4667.22,4681.24,4667.22,0,0,0,NEUTRAL,0,0,0,0,NONE,2026-04-27,19,NEW_YORK,4730.11,4667.22,0,0,4667.22,4697.4,1,1,0,0,0,0,1.0,1.0,18,,,28,,,NO_TRADE,NO_TRADE,0.0,0.0,0.0,8.912571428571392,LONG,4674.51,4665.597428571429,4692.335142857143,0.0,False,False,NONE,no_trade,CHOPPY
2026-04-27 19:15:00,4674.51,4677.74,4674.01,4676.9,1330,4,0,1330,4674.51,2.389999999999418,4677.83634459801,-0.09856258926356531,4696.74,4667.22,3.7299999999995634,4.767142857142777,5.485500000000047,3.7299999999995634,5.485500000000047,False,0,0,0,0,0,1,3.0,0,50,RANGE,50,True,False,4677.74,,4677.74,4667.22,4681.24,4667.22,0,0,0,LH,0,0,0,0,NONE,2026-04-27,19,NEW_YORK,4730.11,4667.22,0,0,4667.22,4697.4,1,1,0,0,0,0,1.0,1.0,28,,,56,FLOW,exploratory,FLOW,FLOW,56.0,0.005,5.0,8.580857142856999,LONG,4676.9,4668.319142857143,4694.061714285714,0.5826923717244462,False,True,MEDIUM,buy,RANGE
2026-04-27 19:20:00,4676.9,4677.32,4674.73,4675.71,1428,4,0,1428,4676.9,-1.1899999999995998,4677.6338355886755,-0.20250900933478988,4695.07,4667.22,2.5900000000001455,4.46999999999993,5.365000000000054,2.5900000000001455,5.365000000000054,False,0,0,0,0,0,0,3.0,0,50,RANGE,50,False,False,,,4677.74,4667.22,4677.74,4667.22,0,0,0,NEUTRAL,0,0,0,0,NONE,2026-04-27,19,NEW_YORK,4730.11,4667.22,0,0,4667.22,4697.4,1,1,0,0,0,0,1.0,1.0,28,,,44,,,NO_TRADE,NO_TRADE,0.0,0.0,0.0,8.045999999999873,LONG,4675.71,4667.664,4691.802,0.0,False,False,NONE,no_trade,RANGE
2026-04-27 19:25:00,4675.68,4676.37,4673.67,4676.37,1525,4,0,1525,4675.71,0.6599999999998545,4677.513470294516,-0.12036529415945552,4694.02,4667.22,2.699999999999818,4.303571428571364,5.322000000000026,2.699999999999818,5.322000000000026,False,0,0,0,0,0,1,3.0,0,50,RANGE,50,False,True,,4673.67,4677.74,4673.67,4677.74,4667.22,0,0,0,HL,0,0,0,0,NONE,2026-04-27,19,NEW_YORK,4730.11,4667.22,0,0,4667.22,4696.74,1,1,0,0,1,0,1.0,1.0,38,,,66,FLOW,exploratory,FLOW,FLOW,66.0,0.005,5.0,8.0,LONG,4676.37,4668.37,4692.37,0.625,False,True,MEDIUM,buy,RANGE
2026-04-27 19:30:00,4676.37,4678.93,4676.0,4677.99,1381,4,0,1381,4676.37,1.6199999999998909,4677.558854075991,0.04538378147481126,4691.93,4667.22,2.930000000000291,4.06785714285713,4.871000000000004,2.930000000000291,4.871000000000004,False,0,1,0,0,0,1,3.0,0,50,TREND_UP,73,False,False,,,4677.74,4673.67,4677.74,4673.67,1,0,1,NEUTRAL,0,0,0,1,BREAK_RETEST,2026-04-27,19,NEW_YORK,4730.11,4667.22,0,0,4667.22,4696.74,1,1,0,0,0,0,1.0,1.0,83,ALPHA,strict_alpha,43,,,ALPHA,ALPHA,83.0,0.01,10.0,8.949285714285686,LONG,4677.99,4669.040714285714,4695.888571428572,1.117407614334747,False,True,HIGH,buy,TREND_UP
2026-04-27 19:35:00,4677.99,4679.51,4677.09,4677.6,1366,4,0,1366,4677.99,-0.3899999999994179,4677.56277273542,0.003918659429473337,4682.55,4667.22,2.4200000000000728,3.5814285714285297,4.764499999999998,2.4200000000000728,4.764499999999998,False,0,1,0,0,0,0,4.0,1,50,TREND_UP,73,True,False,4679.51,,4679.51,4673.67,4677.74,4673.67,0,0,0,NEUTRAL,0,0,0,0,NONE,2026-04-27,19,NEW_YORK,4730.11,4667.22,0,0,4667.22,4696.74,1,1,0,0,0,0,1.0,1.0,46,,,33,,,NO_TRADE,NO_TRADE,0.0,0.0,0.0,8.0,LONG,4677.6,4669.6,4693.6,0.0,False,False,NONE,no_trade,TREND_UP
2026-04-27 19:40:00,4677.61,4677.61,4674.29,4674.83,1148,4,0,1148,4677.6,-2.7700000000004366,4677.302508665381,-0.2602640700397387,4682.55,4667.22,3.319999999999709,3.4235714285713845,4.350499999999966,3.319999999999709,4.350499999999966,False,0,0,1,0,0,0,4.0,1,50,TREND_DOWN,73,False,True,,4674.29,4679.51,4674.29,4679.51,4673.67,0,0,0,HL,0,0,0,0,NONE,2026-04-27,19,NEW_YORK,4730.11,4667.22,0,0,4667.22,4696.74,1,1,0,0,0,0,1.0,1.0,46,,,45,,,NO_TRADE,NO_TRADE,0.0,0.0,0.0,8.0,SHORT,4674.83,4682.83,4658.83,0.0,False,False,NONE,no_trade,TREND_DOWN
2026-04-27 19:45:00,4674.83,4678.09,4674.75,4675.91,1184,4,0,1184,4674.83,1.0799999999999272,4677.169888792487,-0.13261987289388344,4682.55,4667.22,3.3400000000001455,3.497857142857096,4.201999999999953,3.3400000000001455,4.201999999999953,False,0,0,0,0,0,1,4.0,1,50,CHOPPY,40,True,False,4678.09,,4678.09,4674.29,4679.51,4674.29,0,0,0,LH,0,0,0,0,NONE,2026-04-27,19,NEW_YORK,4730.11,4667.22,0,0,4667.22,4696.74,1,1,0,0,1,0,1.0,1.0,28,,,50,,,NO_TRADE,NO_TRADE,0.0,0.0,0.0,8.0,LONG,4675.91,4667.91,4691.91,0.0,False,False,NONE,no_trade,CHOPPY
2026-04-27 19:50:00,4675.91,4677.61,4675.02,4676.46,1152,4,0,1152,4675.91,0.5500000000001819,4677.102280336059,-0.06760845642747881,4682.55,4667.22,2.589999999999236,3.4078571428570803,3.9939999999999145,2.589999999999236,3.9939999999999145,False,0,0,0,0,0,1,4.0,1,50,CHOPPY,40,False,False,,,4678.09,4674.29,4678.09,4674.29,0,0,0,NEUTRAL,0,0,0,0,NONE,2026-04-27,19,NEW_YORK,4730.11,4667.22,0,0,4667.22,4696.74,1,1,0,0,0,0,1.0,1.0,18,,,28,,,NO_TRADE,NO_TRADE,0.0,0.0,0.0,8.0,LONG,4676.46,4668.46,4692.46,0.0,False,False,NONE,no_trade,CHOPPY
2026-04-27 19:55:00,4676.48,4677.43,4675.8,4676.69,1176,4,0,1176,4676.46,0.22999999999956344,4677.063015542149,-0.039264793910660956,4682.55,4667.22,1.6300000000001091,3.2492857142856337,3.823999999999933,1.6300000000001091,3.823999999999933,False,0,0,1,0,0,1,4.0,1,50,TREND_DOWN,73,False,False,,,4678.09,4674.29,4678.09,4674.29,0,0,0,NEUTRAL,0,0,0,0,NONE,2026-04-27,19,NEW_YORK,4730.11,4667.22,0,0,4667.22,4696.74,1,1,0,0,0,0,1.0,1.0,46,,,33,,,NO_TRADE,NO_TRADE,0.0,0.0,0.0,8.0,SHORT,4676.69,4684.69,4660.69,0.0,False,False,NONE,no_trade,TREND_DOWN
2026-04-27 20:00:00,4676.69,4678.49,4673.9,4674.15,1390,4,0,1390,4676.69,-2.5399999999999636,4676.785585490515,-0.2774300516339281,4682.55,4667.22,4.5900000000001455,3.183571428571343,3.741999999999962,4.5900000000001455,3.741999999999962,False,0,0,1,0,0,0,5.0,0,50,TREND_DOWN,73,True,False,4678.49,,4678.49,4674.29,4678.09,4674.29,0,1,1,NEUTRAL,0,1,0,1,BREAK_RETEST,2026-04-27,20,NEW_YORK,4730.11,4667.22,0,0,4667.22,4696.74,1,1,0,0,0,0,1.0,1.0,83,ALPHA,strict_alpha,43,,,ALPHA,ALPHA,83.0,0.01,10.0,8.0,SHORT,4674.15,4682.15,4658.15,1.25,False,True,HIGH,sell,TREND_DOWN
2026-04-27 20:05:00,4674.15,4675.48,4673.0,4673.46,1295,4,0,1295,4674.15,-0.6899999999995998,4676.468863062847,-0.3167224276676279,4682.55,4667.22,2.4799999999995634,3.017857142857013,3.404499999999916,2.4799999999995634,3.404499999999916,False,0,0,1,0,0,0,4.0,1,50,TREND_DOWN,73,False,False,,,4678.49,4674.29,4678.49,4674.29,0,1,1,NEUTRAL,0,0,0,1,BREAK_RETEST,2026-04-27,20,NEW_YORK,4730.11,4667.22,0,0,4667.22,4695.07,1,1,0,0,0,0,1.0,1.0,73,,,45,,,NO_TRADE,NO_TRADE,0.0,0.0,0.0,8.0,SHORT,4673.46,4681.46,4657.46,0.0,False,False,NONE,no_trade,TREND_DOWN
2026-04-27 20:10:00,4673.46,4674.81,4671.66,4673.71,1371,4,0,1371,4673.46,0.25,4676.206114199719,-0.26274886312785384,4682.55,4667.22,3.1500000000005457,2.97285714285707,3.2854999999999563,3.1500000000005457,3.2854999999999563,False,0,0,1,0,0,1,4.0,0,50,TREND_DOWN,73,False,False,,,4678.49,4674.29,4678.49,4674.29,0,1,1,NEUTRAL,0,0,0,1,BREAK_RETEST,2026-04-27,20,NEW_YORK,4730.11,4667.22,0,0,4667.22,4694.02,1,1,0,0,1,0,1.0,1.0,93,ALPHA,strict_alpha,53,,,ALPHA,ALPHA,93.0,0.01,10.0,8.0,SHORT,4673.71,4681.71,4657.71,1.25,False,True,ELITE,sell,TREND_DOWN
2026-04-27 20:15:00,4673.72,4674.54,4668.19,4671.4,1733,4,0,1733,4673.71,-2.3100000000004,4675.748389037841,-0.45772516187844303,4681.24,4667.22,6.350000000000364,3.1464285714285194,3.4879999999999654,6.350000000000364,3.4879999999999654,True,0,0,1,0,1,0,5.0,0,50,REVERSAL,82,False,True,,4668.19,4678.49,4668.19,4678.49,4674.29,0,1,1,NEUTRAL,0,0,0,1,BREAK_RETEST,2026-04-27,20,NEW_YORK,4730.11,4667.22,0,0,4667.22,4691.93,1,1,0,0,0,0,1.0,1.0,63,,,61,FLOW,exploratory,FLOW,FLOW,61.0,0.005,5.0,8.0,LONG,4671.4,4663.4,4687.4,0.625,False,True,MEDIUM,buy,REVERSAL
2026-04-27 20:20:00,4671.38,4677.11,4670.01,4674.23,1935,4,0,1935,4671.4,2.8299999999999272,4675.603780558046,-0.14460847979444225,4681.24,4667.22,7.099999999999454,3.4942857142856547,3.6504999999999654,7.099999999999454,3.6504999999999654,True,0,0,1,0,1,1,5.0,0,50,REVERSAL,82,False,False,,,4678.49,4668.19,4678.49,4668.19,0,0,0,NEUTRAL,0,0,0,0,NONE,2026-04-27,20,NEW_YORK,4730.11,4667.22,0,0,4667.22,4682.55,1,1,0,0,1,0,1.0,1.0,46,,,59,FLOW,exploratory,FLOW,FLOW,59.0,0.005,5.0,8.0,LONG,4674.23,4666.23,4690.23,0.625,False,True,MEDIUM,buy,REVERSAL
2026-04-27 20:25:00,4674.23,4679.96,4674.23,4679.71,2104,4,0,2104,4674.23,5.480000000000473,4675.994849076327,0.3910685182809175,4679.51,4667.22,5.730000000000473,3.6371428571428623,3.744499999999971,5.730000000000473,3.744499999999971,True,0,1,0,1,0,1,5.0,0,50,BREAKOUT,81,False,False,,,4678.49,4668.19,4678.49,4668.19,1,0,1,NEUTRAL,0,0,0,1,BREAK_RETEST,2026-04-27,20,NEW_YORK,4730.11,4667.22,0,0,4667.22,4682.55,1,1,0,0,0,0,1.0,1.0,63,,,61,FLOW,exploratory,FLOW,FLOW,61.0,0.005,5.0,8.0,LONG,4679.71,4671.71,4695.71,0.625,False,True,MEDIUM,buy,BREAKOUT
2026-04-27 20:30:00,4679.71,4685.5,4679.48,4685.1,1965,4,0,1965,4679.71,5.390000000000327,4676.862006307153,0.8671572308257964,4679.96,4667.22,6.020000000000437,3.8821428571428833,3.769999999999982,6.020000000000437,3.769999999999982,True,0,1,0,1,0,1,4.0,0,50,BREAKOUT,81,False,False,,,4678.49,4668.19,4678.49,4668.19,1,0,1,NEUTRAL,0,0,0,1,BREAK_RETEST,2026-04-27,20,NEW_YORK,4730.11,4667.22,0,0,4667.22,4685.5,1,1,1,0,0,0,1.0,1.8,63,,,69,FLOW,exploratory,FLOW,FLOW,69.0,0.005,5.0,8.0,LONG,4685.1,4677.1,4701.1,0.625,False,True,MEDIUM,buy,BREAKOUT
2026-04-27 20:35:00,4685.09,4686.16,4680.0,4680.55,1613,4,0,1613,4685.1,-4.550000000000182,4677.21324380171,0.35123749455669895,4685.5,4667.22,6.1599999999998545,4.129285714285743,3.8379999999999654,6.1599999999998545,3.8379999999999654,True,0,1,0,0,1,0,5.0,0,50,REVERSAL,82,True,False,4686.16,,4686.16,4668.19,4678.49,4668.19,1,0,1,NEUTRAL,0,0,0,1,BREAK_RETEST,2026-04-27,20,NEW_YORK,4730.11,4667.22,0,0,4667.22,4686.16,1,1,1,0,0,0,1.0,1.8,63,,,69,FLOW,exploratory,FLOW,FLOW,69.0,0.005,5.0,8.0,LONG,4680.55,4672.55,4696.55,0.625,False,True,MEDIUM,buy,REVERSAL
2026-04-27 20:40:00,4680.57,4683.26,4680.42,4683.18,1413,4,0,1413,4680.55,2.630000000000109,4677.781506296785,0.5682624950750323,4686.16,4667.22,2.8400000000001455,4.122857142857161,3.7909999999999853,2.8400000000001455,3.7909999999999853,False,0,1,0,0,0,1,6.0,1,50,TREND_UP,73,False,False,,,4686.16,4668.19,4686.16,4668.19,0,0,0,NEUTRAL,0,0,0,0,NONE,2026-04-27,20,NEW_YORK,4730.11,4667.22,0,0,4667.22,4686.16,1,1,0,0,1,0,1.0,1.0,56,,,43,,,NO_TRADE,NO_TRADE,0.0,0.0,0.0,8.0,LONG,4683.18,4675.18,4699.18,0.0,False,False,NONE,no_trade,TREND_UP
2026-04-27 20:45:00,4683.18,4684.48,4681.07,4682.19,1437,4,0,1437,4683.18,-0.9900000000006912,4678.201362839947,0.41985654316249565,4686.16,4668.19,3.4099999999998545,4.193571428571431,3.7654999999999745,3.4099999999998545,3.7654999999999745,False,0,1,0,0,0,0,6.0,0,50,TREND_UP,73,True,False,4684.48,,4684.48,4668.19,4686.16,4668.19,0,0,0,LH,0,0,0,0,NONE,2026-04-27,20,NEW_YORK,4730.11,4667.22,0,0,4667.22,4686.16,1,1,0,0,0,0,1.0,1.0,56,,,43,,,NO_TRADE,NO_TRADE,0.0,0.0,0.0,8.0,LONG,4682.19,4674.19,4698.19,0.0,False,False,NONE,no_trade,TREND_UP
2026-04-27 20:50:00,4682.22,4683.41,4681.49,4681.96,1259,4,0,1259,4682.19,-0.22999999999956344,4678.559328283763,0.3579654438153739,4686.16,4668.19,1.9200000000000728,4.093571428571457,3.75,1.9200000000000728,3.75,False,0,1,0,0,0,0,6.0,1,50,TREND_UP,73,False,False,,,4684.48,4668.19,4684.48,4668.19,0,0,0,NEUTRAL,0,0,0,0,NONE,2026-04-27,20,NEW_YORK,4730.11,4667.22,0,0,4667.22,4686.16,1,1,0,0,0,0,1.0,1.0,46,,,33,,,NO_TRADE,NO_TRADE,0.0,0.0,0.0,8.0,LONG,4681.96,4673.96,4697.96,0.0,False,False,NONE,no_trade,TREND_UP
2026-04-27 20:55:00,4681.96,4683.86,4681.96,4682.21,1181,4,0,1181,4681.96,0.25,4678.907011304356,0.3476830205936494,4686.16,4668.19,1.8999999999996362,3.990714285714278,3.6585000000000036,1.8999999999996362,3.6585000000000036,False,0,0,0,0,0,1,6.0,1,50,CHOPPY,40,True,False,4683.86,,4683.86,4668.19,4684.48,4668.19,0,0,0,LH,0,0,0,0,NONE,2026-04-27,20,NEW_YORK,4730.11,4667.22,0,0,4667.22,4686.16,1,1,0,0,1,0,1.0,1.0,28,,,50,,,NO_TRADE,NO_TRADE,0.0,0.0,0.0,8.0,LONG,4682.21,4674.21,4698.21,0.0,False,False,NONE,no_trade,CHOPPY
2026-04-27 21:00:00,4682.21,4682.24,4680.19,4680.4,1339,4,0,1339,4682.21,-1.8100000000004002,4679.049200703941,0.14218939958482224,4686.16,4668.19,2.050000000000182,3.952142857142917,3.6315000000000053,2.050000000000182,3.6315000000000053,False,0,0,0,0,0,0,6.0,1,50,CHOPPY,40,False,False,,,4683.86,4668.19,4683.86,4668.19,0,0,0,NEUTRAL,0,0,0,0,NONE,2026-04-27,21,NEW_YORK,4730.11,4667.22,0,0,4667.22,4686.16,1,1,0,0,0,0,1.0,1.0,18,,,28,,,NO_TRADE,NO_TRADE,0.0,0.0,0.0,8.0,LONG,4680.4,4672.4,4696.4,0.0,False,False,NONE,no_trade,CHOPPY
2026-04-27 21:05:00,4680.4,4682.23,4678.97,4681.95,1311,4,0,1311,4680.4,1.550000000000182,4679.325467303565,0.2762665996242504,4686.16,4668.19,3.259999999999309,4.068571428571431,3.65949999999998,3.259999999999309,3.65949999999998,False,0,0,0,0,0,1,6.0,0,50,RANGE,50,False,True,,4678.97,4683.86,4678.97,4683.86,4668.19,0,0,0,HL,0,0,0,0,NONE,2026-04-27,21,NEW_YORK,4730.11,4667.22,0,0,4667.22,4686.16,1,1,0,0,1,0,1.0,1.0,38,,,66,FLOW,exploratory,FLOW,FLOW,66.0,0.005,5.0,8.0,LONG,4681.95,4673.95,4697.95,0.625,False,True,MEDIUM,buy,RANGE
2026-04-27 21:10:00,4681.94,4682.82,4680.77,4681.41,1129,4,0,1129,4681.95,-0.5399999999999636,4679.5239942270355,0.19852692347012635,4686.16,4668.19,2.0499999999992724,3.8871428571427975,3.615499999999929,2.0499999999992724,3.615499999999929,False,0,0,0,0,0,0,7.0,1,50,CHOPPY,40,True,False,4682.82,,4682.82,4678.97,4683.86,4678.97,0,0,0,LH,0,0,0,0,NONE,2026-04-27,21,NEW_YORK,4730.11,4667.22,0,0,4667.22,4686.16,1,1,0,0,0,0,1.0,1.0,18,,,40,,,NO_TRADE,NO_TRADE,0.0,0.0,0.0,8.0,LONG,4681.41,4673.41,4697.41,0.0,False,False,NONE,no_trade,CHOPPY
2026-04-27 21:15:00,4681.41,4682.56,4680.64,4681.74,1343,4,0,1343,4681.41,0.32999999999992724,4679.73504239589,0.21104816885417677,4686.16,4668.19,1.9200000000000728,3.847142857142834,3.590499999999929,1.9200000000000728,3.590499999999929,False,0,0,0,0,0,1,8.0,1,50,CHOPPY,40,False,True,,4680.64,4682.82,4680.64,4682.82,4678.97,0,0,0,HL,0,0,0,0,NONE,2026-04-27,21,NEW_YORK,4730.11,4667.22,0,0,4667.22,4686.16,1,1,0,0,1,0,1.0,1.0,28,,,50,,,NO_TRADE,NO_TRADE,0.0,0.0,0.0,8.0,LONG,4681.74,4673.74,4697.74,0.0,False,False,NONE,no_trade,CHOPPY
2026-04-27 21:20:00,4681.76,4684.59,4681.7,4684.16,1268,4,0,1268,4681.74,2.4200000000000728,4680.156466929615,0.4214245337252578,4686.16,4668.19,2.8900000000003274,3.8285714285713897,3.56899999999996,2.8900000000003274,3.56899999999996,False,0,1,0,0,0,1,7.0,0,50,TREND_UP,73,False,False,,,4682.82,4680.64,4682.82,4680.64,1,0,1,NEUTRAL,0,0,0,1,BREAK_RETEST,2026-04-27,21,NEW_YORK,4730.11,4667.22,0,0,4667.22,4686.16,1,1,0,0,0,0,1.0,1.0,83,ALPHA,strict_alpha,43,,,ALPHA,ALPHA,83.0,0.01,10.0,8.422857142857058,LONG,4684.16,4675.737142857143,4701.005714285714,1.1872455902306769,False,True,HIGH,buy,TREND_UP
2026-04-27 21:25:00,4684.16,4685.47,4683.24,4684.09,1348,4,0,1348,4684.16,-0.06999999999970896,4680.531089126794,0.3746221971787236,4686.16,4668.19,2.230000000000473,3.534285714285683,3.5134999999999765,2.230000000000473,3.5134999999999765,False,0,1,0,0,0,0,7.0,1,50,TREND_UP,73,True,False,4685.47,,4685.47,4680.64,4682.82,4680.64,1,0,1,NEUTRAL,0,0,0,1,BREAK_RETEST,2026-04-27,21,NEW_YORK,4730.11,4667.22,0,0,4667.22,4686.16,1,1,0,0,0,0,1.0,1.0,73,,,45,,,NO_TRADE,NO_TRADE,0.0,0.0,0.0,8.0,LONG,4684.09,4676.09,4700.09,0.0,False,False,NONE,no_trade,TREND_UP
2026-04-27 21:30:00,4684.11,4684.34,4683.12,4683.31,1104,4,0,1104,4684.09,-0.7799999999997453,4680.795747305195,0.26465817840107775,4686.16,4668.19,1.2200000000002547,3.11428571428574,3.4450000000000274,1.2200000000002547,3.4450000000000274,False,0,1,0,0,0,0,6.0,1,50,TREND_UP,73,False,False,,,4685.47,4680.64,4685.47,4680.64,0,0,0,NEUTRAL,0,0,0,0,NONE,2026-04-27,21,NEW_YORK,4730.11,4667.22,0,0,4668.19,4686.16,1,1,0,0,0,0,1.0,1.0,46,,,33,,,NO_TRADE,NO_TRADE,0.0,0.0,0.0,8.0,LONG,4683.31,4675.31,4699.31,0.0,False,False,NONE,no_trade,TREND_UP
2026-04-27 21:35:00,4683.31,4684.23,4682.55,4683.28,949,4,0,949,4683.31,-0.030000000000654836,4681.032342799938,0.23659549474359665,4686.16,4668.19,1.6799999999993815,2.824999999999948,3.447499999999991,1.6799999999993815,3.447499999999991,False,0,1,0,0,0,0,6.0,1,50,TREND_UP,73,False,True,,4682.55,4685.47,4682.55,4685.47,4680.64,0,0,0,HL,0,0,0,0,NONE,2026-04-27,21,NEW_YORK,4730.11,4667.22,0,0,4668.19,4686.16,1,1,0,0,0,0,1.0,1.0,46,,,45,,,NO_TRADE,NO_TRADE,0.0,0.0,0.0,8.0,LONG,4683.28,4675.28,4699.28,0.0,False,False,NONE,no_trade,TREND_UP
2026-04-27 21:40:00,4683.28,4685.26,4682.7,4682.84,1281,4,0,1281,4683.28,-0.4399999999995998,4681.204500628516,0.1721578285778378,4686.16,4668.19,2.5600000000004,2.5778571428570882,3.3460000000000036,2.5600000000004,3.3460000000000036,False,0,1,0,0,0,0,5.0,1,50,TREND_UP,73,True,False,4685.26,,4685.26,4682.55,4685.47,4682.55,0,0,0,LH,0,1,0,0,DOUBLE_TOP,2026-04-27,21,NEW_YORK,4730.11,4667.22,0,0,4668.19,4686.16,1,1,0,0,0,0,1.0,1.0,56,,,57,FLOW,exploratory,FLOW,FLOW,57.0,0.005,5.0,8.0,LONG,4682.84,4674.84,4698.84,0.625,False,True,MEDIUM,buy,TREND_UP
2026-04-27 21:45:00,4682.82,4684.14,4681.7,4683.69,1135,4,0,1135,4682.84,0.8499999999994543,4681.4412148543715,0.23671422585539403,4686.16,4668.19,2.4400000000005093,2.3121428571428493,3.344000000000051,2.4400000000005093,3.344000000000051,False,0,0,0,0,0,1,5.0,1,50,CHOPPY,40,False,True,,4681.7,4685.26,4681.7,4685.26,4682.55,0,0,0,NEUTRAL,0,0,0,0,NONE,2026-04-27,21,NEW_YORK,4730.11,4667.22,0,0,4668.19,4686.16,1,1,0,0,1,0,1.0,1.0,28,,,38,,,NO_TRADE,NO_TRADE,0.0,0.0,0.0,8.0,LONG,4683.69,4675.69,4699.69,0.0,False,False,NONE,no_trade,CHOPPY
2026-04-27 21:50:00,4683.69,4685.05,4683.34,4683.66,1192,4,0,1192,4683.69,-0.02999999999974534,4681.652527725384,0.21131287101252383,4686.16,4668.19,1.7100000000000364,2.2314285714285558,3.2720000000000256,1.7100000000000364,3.2720000000000256,False,0,0,0,0,0,0,5.0,1,50,CHOPPY,40,True,False,4685.05,,4685.05,4681.7,4685.26,4681.7,0,0,0,LH,0,1,0,0,DOUBLE_TOP,2026-04-27,21,NEW_YORK,4730.11,4667.22,0,0,4668.19,4686.16,1,1,0,0,0,0,1.0,1.0,28,,,52,,,NO_TRADE,NO_TRADE,0.0,0.0,0.0,8.0,LONG,4683.66,4675.66,4699.66,0.0,False,False,NONE,no_trade,CHOPPY
2026-04-27 21:55:00,4683.66,4683.79,4680.69,4680.69,1210,4,0,1210,4683.66,-2.9700000000002547,4681.560858418205,-0.09166930717947253,4686.16,4668.19,3.100000000000364,2.209285714285735,3.1095000000000255,3.100000000000364,3.1095000000000255,False,0,0,1,0,0,0,4.0,0,50,TREND_DOWN,73,False,False,,,4685.05,4681.7,4685.05,4681.7,0,1,1,NEUTRAL,0,0,0,1,BREAK_RETEST,2026-04-27,21,NEW_YORK,4730.11,4667.22,0,0,4668.19,4686.16,1,1,0,0,0,0,1.0,1.0,83,ALPHA,strict_alpha,43,,,ALPHA,ALPHA,83.0,0.01,10.0,8.0,SHORT,4680.69,4688.69,4664.69,1.25,False,True,HIGH,sell,TREND_DOWN
2026-04-27 22:00:00,4680.69,4681.21,4678.55,4679.07,1253,4,0,1253,4680.69,-1.6199999999998909,4681.323633806946,-0.23722461125817063,4686.16,4670.01,2.6599999999998545,2.2621428571428623,2.8875000000000455,2.6599999999998545,2.8875000000000455,False,0,0,1,0,0,0,3.0,0,50,TREND_DOWN,73,False,True,,4678.55,4685.05,4678.55,4685.05,4681.7,0,1,1,NEUTRAL,0,0,0,1,BREAK_RETEST,2026-04-27,22,NEW_YORK,4730.11,4667.22,0,0,4668.19,4686.16,1,1,0,0,0,0,1.0,1.0,83,ALPHA,strict_alpha,43,,,ALPHA,ALPHA,83.0,0.01,10.0,8.0,SHORT,4679.07,4687.07,4663.07,1.25,False,True,HIGH,sell,TREND_DOWN
2026-04-27 22:05:00,4679.07,4680.4,4678.9,4679.49,1062,4,0,1062,4679.07,0.42000000000007276,4681.149002015808,-0.17463179113838123,4686.16,4674.23,1.5,2.2335714285714596,2.676000000000022,1.5,2.676000000000022,False,0,0,1,0,0,1,4.0,1,50,TREND_DOWN,73,False,False,,,4685.05,4678.55,4685.05,4678.55,0,0,0,NEUTRAL,0,0,0,0,NONE,2026-04-27,22,NEW_YORK,4730.11,4667.22,0,0,4668.19,4686.16,1,1,0,0,1,0,1.0,1.0,56,,,43,,,NO_TRADE,NO_TRADE,0.0,0.0,0.0,8.0,SHORT,4679.49,4687.49,4663.49,0.0,False,False,NONE,no_trade,TREND_DOWN
2026-04-27 22:10:00,4679.49,4680.97,4678.98,4680.26,1124,4,0,1124,4679.49,0.7700000000004366,4681.06433515716,-0.08466685864823376,4686.16,4678.55,1.9900000000006912,2.229285714285782,2.4745000000000346,1.9900000000006912,2.4745000000000346,False,0,0,1,0,0,1,3.0,0,50,TREND_DOWN,73,False,False,,,4685.05,4678.55,4685.05,4678.55,0,0,0,NEUTRAL,0,0,0,0,NONE,2026-04-27,22,NEW_YORK,4730.11,4667.22,0,0,4668.19,4686.16,1,1,0,0,0,0,1.0,1.0,56,,,31,,,NO_TRADE,NO_TRADE,0.0,0.0,0.0,8.0,SHORT,4680.26,4688.26,4664.26,0.0,False,False,NONE,no_trade,TREND_DOWN
2026-04-27 22:15:00,4680.25,4681.9,4679.76,4681.72,1132,4,0,1132,4680.26,1.4600000000000364,4681.1267794279065,0.06244427074670966,4686.16,4678.55,2.139999999999418,2.1492857142857895,2.2735000000000127,2.139999999999418,2.2735000000000127,False,0,0,0,0,0,1,3.0,0,50,RANGE,50,False,False,,,4685.05,4678.55,4685.05,4678.55,0,0,0,NEUTRAL,0,0,0,0,NONE,2026-04-27,22,NEW_YORK,4730.11,4667.22,0,0,4668.19,4686.16,1,1,0,0,0,0,1.0,1.0,28,,,44,,,NO_TRADE,NO_TRADE,0.0,0.0,0.0,8.0,LONG,4681.72,4673.72,4697.72,0.0,False,False,NONE,no_trade,RANGE
2026-04-27 22:20:00,4681.72,4682.69,4681.09,4682.51,977,4,0,977,4681.72,0.7899999999999636,4681.258514720486,0.13173529257983319,4685.47,4678.55,1.5999999999994543,2.1171428571429454,2.2114999999999783,1.5999999999994543,2.2114999999999783,False,0,1,0,0,0,1,3.0,0,50,TREND_UP,73,True,False,4682.69,,4682.69,4678.55,4685.05,4678.55,0,0,0,LH,0,0,0,0,NONE,2026-04-27,22,NEW_YORK,4730.11,4667.22,0,0,4668.19,4686.16,1,1,0,0,0,0,1.0,1.0,56,,,43,,,NO_TRADE,NO_TRADE,0.0,0.0,0.0,8.0,LONG,4682.51,4674.51,4698.51,0.0,False,False,NONE,no_trade,TREND_UP
2026-04-27 22:25:00,4682.49,4682.63,4680.91,4682.23,901,4,0,901,4682.51,-0.28000000000065484,4681.351037128059,0.09252240757268737,4685.47,4678.55,1.7200000000002547,2.102857142857244,2.126999999999998,1.7200000000002547,2.126999999999998,False,0,1,0,0,0,0,4.0,0,50,TREND_UP,73,False,False,,,4682.69,4678.55,4682.69,4678.55,0,0,0,NEUTRAL,0,0,0,0,NONE,2026-04-27,22,NEW_YORK,4730.11,4667.22,0,0,4668.19,4686.16,1,1,0,0,0,0,1.0,1.0,56,,,31,,,NO_TRADE,NO_TRADE,0.0,0.0,0.0,8.0,LONG,4682.23,4674.23,4698.23,0.0,False,False,NONE,no_trade,TREND_UP
2026-04-27 22:30:00,4682.25,4682.35,4678.38,4678.9,1142,4,0,1142,4682.23,-3.3299999999999272,4681.117605020625,-0.23343210743405507,4685.47,4678.55,3.9700000000002547,2.180000000000096,2.2295000000000074,3.9700000000002547,2.2295000000000074,True,0,0,1,0,0,0,3.0,0,50,TREND_DOWN,81,False,False,,,4682.69,4678.55,4682.69,4678.55,0,0,0,NEUTRAL,0,0,0,0,NONE,2026-04-27,22,NEW_YORK,4730.11,4667.22,0,0,4668.19,4686.16,1,1,0,0,0,0,1.0,1.0,56,,,31,,,NO_TRADE,NO_TRADE,0.0,0.0,0.0,8.0,SHORT,4678.9,4686.9,4662.9,0.0,False,False,NONE,no_trade,TREND_DOWN
2026-04-27 22:35:00,4678.88,4679.11,4676.67,4677.56,1141,4,0,1141,4678.9,-1.339999999999236,4680.778785494851,-0.3388195257739426,4685.47,4678.38,2.4399999999996,2.1950000000000336,2.2565000000000053,2.4399999999996,2.2565000000000053,False,0,0,1,1,0,0,2.0,0,50,BREAKOUT,73,False,True,,4676.67,4682.69,4676.67,4682.69,4678.55,0,1,1,NEUTRAL,0,0,0,1,BREAK_RETEST,2026-04-27,22,NEW_YORK,4730.11,4667.22,0,0,4668.19,4686.16,1,1,0,0,0,0,1.0,1.0,63,,,61,FLOW,exploratory,FLOW,FLOW,61.0,0.005,5.0,8.0,LONG,4677.56,4669.56,4693.56,0.625,False,True,MEDIUM,buy,BREAKOUT
2026-04-27 22:40:00,4677.56,4680.19,4677.43,4679.99,1235,4,0,1235,4677.56,2.4299999999993815,4680.70366306677,-0.07512242808115843,4685.47,4676.67,2.759999999999309,2.3049999999999664,2.2919999999999616,2.759999999999309,2.2919999999999616,False,0,0,1,0,0,1,3.0,0,50,TREND_DOWN,73,False,False,,,4682.69,4676.67,4682.69,4676.67,0,0,0,NEUTRAL,0,0,0,0,NONE,2026-04-27,22,NEW_YORK,4730.11,4667.22,0,0,4668.19,4686.16,1,1,0,0,1,0,1.0,1.0,66,,,41,,,NO_TRADE,NO_TRADE,0.0,0.0,0.0,8.0,SHORT,4679.99,4687.99,4663.99,0.0,False,False,NONE,no_trade,TREND_DOWN
2026-04-27 22:45:00,4679.97,4681.54,4678.43,4681.03,1856,4,0,1856,4679.99,1.0399999999999636,4680.734742774697,0.031079707927347044,4685.47,4676.67,3.1099999999996726,2.407142857142844,2.28449999999998,3.1099999999996726,2.28449999999998,True,0,0,0,0,0,1,3.0,0,50,RANGE,58,True,False,4681.54,,4681.54,4676.67,4682.69,4676.67,0,0,0,LH,0,0,0,0,NONE,2026-04-27,22,NEW_YORK,4730.11,4667.22,0,0,4670.01,4686.16,1,1,0,0,0,0,1.0,1.0,28,,,61,FLOW,exploratory,FLOW,FLOW,61.0,0.005,5.0,8.0,LONG,4681.03,4673.03,4697.03,0.625,False,True,MEDIUM,buy,RANGE
2026-04-27 22:50:00,4681.14,4681.27,4679.14,4679.92,1529,4,0,1529,4681.03,-1.1099999999996726,4680.657148224726,-0.07759454997085413,4685.47,4676.67,2.130000000000109,2.3764285714285376,2.2885000000000217,2.130000000000109,2.2885000000000217,False,0,0,1,0,0,0,3.0,0,50,TREND_DOWN,73,False,False,,,4681.54,4676.67,4681.54,4676.67,0,0,0,NEUTRAL,0,0,0,0,NONE,2026-04-27,22,NEW_YORK,4730.11,4667.22,0,0,4674.23,4686.16,1,1,0,0,0,0,1.0,1.0,56,,,31,,,NO_TRADE,NO_TRADE,0.0,0.0,0.0,8.0,SHORT,4679.92,4687.92,4663.92,0.0,False,False,NONE,no_trade,TREND_DOWN
2026-04-27 22:55:00,4679.92,4681.25,4679.06,4680.86,1789,4,0,1789,4679.92,0.9399999999995998,4680.676467441419,0.019319216692565533,4685.47,4676.67,2.1899999999996,2.35857142857133,2.3019999999999983,2.1899999999996,2.3019999999999983,False,0,1,0,0,0,1,4.0,0,50,TREND_UP,73,False,True,,4679.06,4681.54,4679.06,4681.54,4676.67,0,0,0,HL,0,0,0,0,NONE,2026-04-27,22,NEW_YORK,4730.11,4667.22,0,0,4676.67,4686.16,1,1,0,0,1,0,1.0,1.0,66,,,53,,,NO_TRADE,NO_TRADE,0.0,0.0,0.0,8.0,LONG,4680.86,4672.86,4696.86,0.0,False,False,NONE,no_trade,TREND_UP
2026-04-28 01:00:00,4681.69,4685.64,4681.29,4682.01,612,76,0,612,4680.86,1.1500000000005457,4680.803470542237,0.12700310081800126,4685.47,4676.67,4.780000000000655,2.5778571428570882,2.3965000000000147,4.350000000000364,2.375,True,0,1,0,0,0,1,4.0,0,50,TREND_UP,81,False,False,,,4681.54,4679.06,4681.54,4679.06,1,0,1,NEUTRAL,0,0,0,1,BREAK_RETEST,2026-04-28,1,ASIA,4701.24,4554.83,0,0,4676.67,4686.16,1,1,0,0,0,1,1.0,1.0,75,ALPHA,strict_alpha,47,,,ALPHA,ALPHA,75.0,0.01,10.0,8.0,LONG,4682.01,4674.01,4698.01,1.25,False,True,HIGH,buy,TREND_UP
2026-04-28 01:05:00,4682.32,4689.49,4682.3,4688.85,1094,4,0,1094,4682.01,6.8400000000001455,4681.569806681072,0.7663361388349585,4685.64,4676.67,7.479999999999563,2.890714285714174,2.658999999999969,7.1899999999996,2.6229999999999563,True,0,1,0,1,0,1,4.0,0,50,BREAKOUT,81,False,False,,,4681.54,4679.06,4681.54,4679.06,1,0,1,NEUTRAL,0,0,0,1,BREAK_RETEST,2026-04-28,1,ASIA,4701.24,4554.83,0,0,4676.67,4689.49,1,1,1,0,0,0,1.0,1.8,55,,,63,FLOW,exploratory,FLOW,FLOW,63.0,0.005,5.0,8.0,LONG,4688.85,4680.85,4704.85,0.625,False,True,MEDIUM,buy,BREAKOUT
2026-04-28 01:10:00,4688.9,4691.21,4688.5,4689.24,610,4,0,610,4688.85,0.3899999999994179,4682.300301282874,0.7304946018020928,4689.49,4676.67,2.7100000000000364,2.8942857142856155,2.733499999999958,2.7100000000000364,2.6974999999999456,False,0,1,0,0,0,1,3.0,0,50,TREND_UP,73,True,False,4691.21,,4691.21,4679.06,4681.54,4679.06,1,0,1,NEUTRAL,0,0,0,1,BREAK_RETEST,2026-04-28,1,ASIA,4701.24,4554.83,0,0,4676.67,4691.21,1,1,1,0,0,0,1.0,1.8,75,ALPHA,strict_alpha,45,,,ALPHA,ALPHA,75.0,0.01,10.0,8.0,LONG,4689.24,4681.24,4705.24,1.25,False,True,HIGH,buy,TREND_UP
2026-04-28 01:15:00,4689.24,4689.81,4687.27,4688.33,579,4,0,579,4689.24,-0.9099999999998545,4682.874558303553,0.5742570206793971,4691.21,4676.67,2.5399999999999636,2.968571428571327,2.776499999999987,2.5399999999999636,2.7404999999999746,False,0,1,0,0,0,0,4.0,0,50,TREND_UP,73,False,False,,,4691.21,4679.06,4691.21,4679.06,0,0,0,NEUTRAL,0,0,0,0,NONE,2026-04-28,1,ASIA,4701.24,4554.83,0,0,4676.67,4691.21,1,1,0,0,0,0,1.0,1.0,48,,,25,,,NO_TRADE,NO_TRADE,0.0,0.0,0.0,8.0,LONG,4688.33,4680.33,4704.33,0.0,False,False,NONE,no_trade,TREND_UP
2026-04-28 01:20:00,4688.33,4688.37,4686.9,4687.47,323,4,0,323,4688.33,-0.8599999999996726,4683.3122194175,0.4376611139468878,4691.21,4676.67,1.4700000000002547,2.9314285714284387,2.72199999999998,1.4700000000002547,2.685999999999967,False,0,1,0,0,0,0,4.0,1,50,TREND_UP,73,False,True,,4686.9,4691.21,4686.9,4691.21,4679.06,0,0,0,HL,0,0,0,0,NONE,2026-04-28,1,ASIA,4701.24,4554.83,0,0,4676.67,4691.21,1,1,0,0,0,0,1.0,1.0,38,,,39,,,NO_TRADE,NO_TRADE,0.0,0.0,0.0,8.0,LONG,4687.47,4679.47,4703.47,0.0,False,False,NONE,no_trade,TREND_UP
2026-04-28 01:25:00,4687.51,4689.3,4687.51,4689.07,295,4,0,295,4687.47,1.5999999999994543,4683.8605794729765,0.5483600554762234,4691.21,4676.67,1.8299999999999272,2.9092857142856183,2.6914999999999507,1.7899999999999636,2.65349999999994,False,0,1,0,0,0,1,4.0,1,50,TREND_UP,73,False,False,,,4691.21,4686.9,4691.21,4686.9,0,0,0,NEUTRAL,0,0,0,0,NONE,2026-04-28,1,ASIA,4701.24,4554.83,0,0,4676.67,4691.21,1,1,0,0,1,0,1.0,1.0,48,,,37,,,NO_TRADE,NO_TRADE,0.0,0.0,0.0,8.0,LONG,4689.07,4681.07,4705.07,0.0,False,False,NONE,no_trade,TREND_UP
2026-04-28 01:30:00,4689.07,4689.8,4688.59,4688.86,470,4,0,470,4689.07,-0.21000000000003638,4684.336714761264,0.4761352882878782,4691.21,4676.67,1.2100000000000364,2.881428571428517,2.666499999999951,1.2100000000000364,2.62849999999994,False,0,1,0,0,0,0,5.0,1,50,TREND_UP,73,True,False,4689.8,,4689.8,4686.9,4691.21,4686.9,0,0,0,LH,0,0,0,0,NONE,2026-04-28,1,ASIA,4701.24,4554.83,0,0,4676.67,4691.21,1,1,0,0,0,0,1.0,1.0,38,,,39,,,NO_TRADE,NO_TRADE,0.0,0.0,0.0,8.0,LONG,4688.86,4680.86,4704.86,0.0,False,False,NONE,no_trade,TREND_UP
2026-04-28 01:35:00,4688.88,4688.95,4687.01,4688.1,489,4,0,489,4688.86,-0.7599999999993088,4684.6951228792395,0.35840811797515926,4691.21,4676.67,1.9399999999995998,2.897142857142756,2.6084999999999128,1.9399999999995998,2.570499999999902,False,0,0,0,0,0,0,4.0,1,50,CHOPPY,40,False,False,,,4689.8,4686.9,4689.8,4686.9,0,0,0,NEUTRAL,0,0,0,0,NONE,2026-04-28,1,ASIA,4701.24,4554.83,0,0,4676.67,4691.21,1,1,0,0,0,0,1.0,1.0,10,,,22,,,NO_TRADE,NO_TRADE,0.0,0.0,0.0,8.0,LONG,4688.1,4680.1,4704.1,0.0,False,False,NONE,no_trade,CHOPPY
2026-04-28 01:40:00,4688.1,4689.0,4686.47,4687.36,467,4,0,467,4688.1,-0.7400000000006912,4684.948920700264,0.2537978210248184,4691.21,4676.67,2.5299999999997453,2.7942857142855764,2.601999999999907,2.5299999999997453,2.563999999999896,False,0,0,0,0,0,0,3.0,0,50,RANGE,50,True,False,4689.0,,4689.0,4686.9,4689.8,4686.9,0,0,0,LH,0,0,0,0,NONE,2026-04-28,1,ASIA,4701.24,4554.83,0,0,4676.67,4691.21,1,1,0,0,0,0,1.0,1.0,20,,,50,,,NO_TRADE,NO_TRADE,0.0,0.0,0.0,8.0,LONG,4687.36,4679.36,4703.36,0.0,False,False,NONE,no_trade,RANGE
2026-04-28 01:45:00,4687.36,4687.62,4686.26,4687.03,494,4,0,494,4687.36,-0.32999999999992724,4685.147118728811,0.19819802854635782,4691.21,4676.67,1.3599999999996726,2.7171428571427247,2.594999999999891,1.3599999999996726,2.55699999999988,False,0,0,0,0,0,0,3.0,0,50,RANGE,50,False,True,,4686.26,4689.0,4686.26,4689.0,4686.9,0,0,0,NEUTRAL,0,0,0,0,NONE,2026-04-28,1,ASIA,4701.24,4554.83,0,0,4676.67,4691.21,1,1,0,0,0,0,1.0,1.0,20,,,38,,,NO_TRADE,NO_TRADE,0.0,0.0,0.0,8.0,LONG,4687.03,4679.03,4703.03,0.0,False,False,NONE,no_trade,RANGE
2026-04-28 01:50:00,4687.03,4687.67,4686.32,4687.44,455,4,0,455,4687.03,0.4099999999998545,4685.365488373685,0.21836964487465593,4691.21,4676.67,1.3500000000003638,2.6164285714285143,2.5629999999998745,1.3500000000003638,2.5249999999998636,False,0,0,0,0,0,1,4.0,1,50,CHOPPY,40,False,False,,,4689.0,4686.26,4689.0,4686.26,0,0,0,NEUTRAL,0,0,0,0,NONE,2026-04-28,1,ASIA,4701.24,4554.83,0,0,4676.67,4691.21,1,1,0,0,1,0,1.0,1.0,20,,,32,,,NO_TRADE,NO_TRADE,0.0,0.0,0.0,8.0,LONG,4687.44,4679.44,4703.44,0.0,False,False,NONE,no_trade,CHOPPY
2026-04-28 01:55:00,4687.44,4688.14,4686.99,4687.93,471,4,0,471,4687.44,0.4900000000006912,4685.609727576191,0.24423920250592346,4691.21,4676.67,1.1500000000005457,2.4764285714285768,2.513499999999931,1.1500000000005457,2.47549999999992,False,0,0,0,0,0,1,4.0,1,50,CHOPPY,40,False,False,,,4689.0,4686.26,4689.0,4686.26,0,0,0,NEUTRAL,0,0,0,0,NONE,2026-04-28,1,ASIA,4701.24,4554.83,0,0,4676.67,4691.21,1,1,0,0,0,0,1.0,1.0,10,,,22,,,NO_TRADE,NO_TRADE,0.0,0.0,0.0,8.0,LONG,4687.93,4679.93,4703.93,0.0,False,False,NONE,no_trade,CHOPPY
2026-04-28 02:00:00,4687.93,4689.45,4687.25,4688.58,602,4,0,602,4687.93,0.6499999999996362,4685.892610664173,0.2828830879816451,4691.21,4676.67,2.199999999999818,2.4814285714285558,2.5434999999999492,2.199999999999818,2.5054999999999383,False,0,1,0,0,0,1,3.0,0,50,TREND_UP,73,True,False,4689.45,,4689.45,4686.26,4689.0,4686.26,0,0,0,NEUTRAL,0,0,0,0,NONE,2026-04-28,2,ASIA,4701.24,4554.83,0,0,4676.67,4691.21,1,1,0,0,0,0,1.0,1.0,48,,,25,,,NO_TRADE,NO_TRADE,0.0,0.0,0.0,8.0,LONG,4688.58,4680.58,4704.58,0.0,False,False,NONE,no_trade,TREND_UP
2026-04-28 02:05:00,4688.58,4688.63,4687.26,4688.14,493,4,0,493,4688.58,-0.4399999999995998,4686.106647743776,0.21403707960325846,4691.21,4676.67,1.3699999999998909,2.422857142857148,2.525999999999931,1.3699999999998909,2.48799999999992,False,0,1,0,0,0,0,4.0,1,50,TREND_UP,73,False,False,,,4689.45,4686.26,4689.45,4686.26,0,0,0,NEUTRAL,0,0,0,0,NONE,2026-04-28,2,ASIA,4701.24,4554.83,0,0,4676.67,4691.21,1,1,0,0,0,0,1.0,1.0,38,,,27,,,NO_TRADE,NO_TRADE,0.0,0.0,0.0,8.0,LONG,4688.14,4680.14,4704.14,0.0,False,False,NONE,no_trade,TREND_UP
2026-04-28 02:10:00,4688.14,4689.85,4687.41,4689.84,448,4,0,448,4688.14,1.699999999999818,4686.462205101511,0.3555573577350515,4691.21,4676.67,2.4400000000005093,2.2557142857142805,2.4494999999999436,2.4400000000005093,2.4114999999999327,False,0,1,0,0,0,1,4.0,0,50,TREND_UP,73,False,False,,,4689.45,4686.26,4689.45,4686.26,1,0,1,NEUTRAL,0,0,0,1,BREAK_RETEST,2026-04-28,2,ASIA,4701.24,4554.83,0,0,4676.67,4691.21,1,1,0,0,1,0,1.0,1.0,85,ALPHA,strict_alpha,47,,,ALPHA,ALPHA,85.0,0.01,10.0,8.0,LONG,4689.84,4681.84,4705.84,1.25,False,True,ELITE,buy,TREND_UP
2026-04-28 02:15:00,4689.83,4691.3,4689.47,4690.98,617,5,0,617,4689.84,1.139999999999418,4686.89247128232,0.4302661808087578,4691.21,4676.67,1.8299999999999272,1.852142857142878,2.41899999999996,1.8299999999999272,2.380999999999949,False,0,1,0,0,0,1,3.0,0,50,TREND_UP,73,True,False,4691.3,,4691.3,4686.26,4689.45,4686.26,1,0,1,NEUTRAL,0,0,0,1,BREAK_RETEST,2026-04-28,2,ASIA,4701.24,4554.83,0,0,4676.67,4691.3,1,1,1,0,0,0,1.0,1.8,75,ALPHA,strict_alpha,45,,,ALPHA,ALPHA,75.0,0.01,10.0,8.0,LONG,4690.98,4682.98,4706.98,1.25,False,True,HIGH,buy,TREND_UP
2026-04-28 02:20:00,4690.98,4691.28,4689.97,4690.83,609,4,0,609,4690.98,-0.1499999999996362,4687.267474017337,0.37500273501700576,4691.3,4677.43,1.3099999999994907,1.752142857142839,2.346499999999969,1.3099999999994907,2.3084999999999583,False,0,1,0,0,0,0,4.0,1,50,TREND_UP,73,False,False,,,4691.3,4686.26,4691.3,4686.26,0,0,0,NEUTRAL,0,0,0,0,NONE,2026-04-28,2,ASIA,4701.24,4554.83,0,0,4676.67,4691.3,1,1,0,0,0,0,1.0,1.0,38,,,27,,,NO_TRADE,NO_TRADE,0.0,0.0,0.0,8.0,LONG,4690.83,4682.83,4706.83,0.0,False,False,NONE,no_trade,TREND_UP
2026-04-28 02:25:00,4690.83,4691.65,4690.04,4690.59,501,4,0,501,4690.83,-0.23999999999978172,4687.583905063305,0.3164310459678745,4691.3,4678.43,1.6099999999996726,1.6857142857142466,2.271499999999969,1.6099999999996726,2.233499999999958,False,0,1,0,0,0,0,4.0,1,50,TREND_UP,73,False,False,,,4691.3,4686.26,4691.3,4686.26,0,0,0,NEUTRAL,0,0,0,0,NONE,2026-04-28,2,ASIA,4701.24,4554.83,0,0,4676.67,4691.65,1,1,1,0,0,0,1.0,1.8,38,,,35,,,NO_TRADE,NO_TRADE,0.0,0.0,0.0,8.0,LONG,4690.59,4682.59,4706.59,0.0,False,False,NONE,no_trade,TREND_UP
2026-04-28 02:30:00,4690.59,4692.16,4690.44,4691.93,418,4,0,418,4690.59,1.3400000000001455,4687.997818866799,0.4139138034943244,4691.65,4679.06,1.7200000000002547,1.7035714285713897,2.2509999999999764,1.7200000000002547,2.2129999999999654,False,0,1,0,1,0,1,5.0,1,50,BREAKOUT,73,False,False,,,4691.3,4686.26,4691.3,4686.26,1,0,1,NEUTRAL,0,0,0,1,BREAK_RETEST,2026-04-28,2,ASIA,4701.24,4554.83,0,0,4676.67,4692.16,1,1,1,0,1,0,1.0,1.8,55,,,75,FLOW,exploratory,FLOW,FLOW,75.0,0.005,5.0,8.0,LONG,4691.93,4683.93,4707.93,0.625,False,True,HIGH,buy,BREAKOUT
2026-04-28 02:35:00,4691.94,4694.27,4691.94,4693.44,600,4,0,600,4691.93,1.5099999999993088,4688.516121831866,0.5183029650670505,4692.16,4679.06,2.3400000000001455,1.7399999999999767,2.2585000000000037,2.3300000000008367,2.2200000000000273,False,0,1,0,1,0,1,4.0,0,50,BREAKOUT,73,False,False,,,4691.3,4686.26,4691.3,4686.26,1,0,1,NEUTRAL,0,0,0,1,BREAK_RETEST,2026-04-28,2,ASIA,4701.24,4554.83,0,0,4676.67,4694.27,1,1,1,0,0,0,1.0,1.8,55,,,63,FLOW,exploratory,FLOW,FLOW,63.0,0.005,5.0,8.0,LONG,4693.44,4685.44,4709.44,0.625,False,True,MEDIUM,buy,BREAKOUT
2026-04-28 02:40:00,4693.44,4694.31,4691.78,4694.3,783,4,0,783,4693.44,0.8600000000005821,4689.066967371688,0.5508455398221486,4694.27,4681.29,2.530000000000655,1.8342857142857352,2.1460000000000035,2.530000000000655,2.1290000000000417,False,0,1,0,1,0,1,4.0,0,50,BREAKOUT,73,False,True,,4691.78,4691.3,4691.78,4691.3,4686.26,1,0,1,HL,0,0,0,1,BREAK_RETEST,2026-04-28,2,ASIA,4701.24,4554.83,0,0,4676.67,4694.31,1,1,1,0,0,0,1.0,1.8,55,,,75,FLOW,exploratory,FLOW,FLOW,75.0,0.005,5.0,8.0,LONG,4694.3,4686.3,4710.3,0.625,False,True,HIGH,buy,BREAKOUT
2026-04-28 02:45:00,4694.3,4695.0,4693.33,4694.54,772,4,0,772,4694.3,0.23999999999978172,4689.588208574384,0.5212412026958191,4694.31,4682.3,1.6700000000000728,1.8150000000000546,1.855500000000029,1.6700000000000728,1.8530000000000655,False,0,1,0,1,0,1,4.0,0,50,BREAKOUT,73,True,False,4695.0,,4695.0,4691.78,4691.3,4691.78,1,0,1,NEUTRAL,0,0,0,1,BREAK_RETEST,2026-04-28,2,ASIA,4701.24,4554.83,0,0,4676.67,4695.0,1,1,1,0,0,0,1.0,1.8,55,,,63,FLOW,exploratory,FLOW,FLOW,63.0,0.005,5.0,8.0,LONG,4694.54,4686.54,4710.54,0.625,False,True,MEDIUM,buy,BREAKOUT
2026-04-28 02:50:00,4694.54,4694.89,4693.73,4694.62,608,4,0,608,4694.54,0.07999999999992724,4690.067426805395,0.4792182310111457,4695.0,4686.26,1.160000000000764,1.7171428571429845,1.7780000000000655,1.160000000000764,1.7755000000001018,False,0,1,0,0,0,1,3.0,0,50,TREND_UP,73,False,False,,,4695.0,4691.78,4695.0,4691.78,0,0,0,NEUTRAL,0,0,0,0,NONE,2026-04-28,2,ASIA,4701.24,4554.83,0,0,4676.67,4695.0,1,1,0,0,0,0,1.0,1.0,48,,,25,,,NO_TRADE,NO_TRADE,0.0,0.0,0.0,8.0,LONG,4694.62,4686.62,4710.62,0.0,False,False,NONE,no_trade,TREND_UP
2026-04-28 02:55:00,4694.61,4694.62,4691.87,4691.87,537,5,0,537,4694.62,-2.75,4690.239100442976,0.17167363758107967,4695.0,4686.26,2.75,1.816428571428722,1.7885000000000673,2.75,1.7860000000001037,True,0,0,0,0,1,0,3.0,0,50,REVERSAL,77,False,False,,,4695.0,4691.78,4695.0,4691.78,0,0,0,NEUTRAL,0,0,0,0,NONE,2026-04-28,2,ASIA,4701.24,4554.83,0,0,4676.67,4695.0,1,1,0,0,0,0,1.0,1.0,28,,,43,,,NO_TRADE,NO_TRADE,0.0,0.0,0.0,8.0,LONG,4691.87,4683.87,4707.87,0.0,False,False,NONE,no_trade,REVERSAL
2026-04-28 03:00:00,4691.89,4697.4,4691.74,4696.9,1440,4,0,1440,4691.87,5.029999999999745,4690.87347182936,0.6343713863834637,4695.0,4686.26,5.6599999999998545,2.1242857142858287,1.9980000000000473,5.6599999999998545,1.9955000000000838,True,0,1,0,1,1,1,4.0,0,50,BREAKOUT,85,False,True,,4691.74,4695.0,4691.74,4695.0,4691.78,1,0,1,NEUTRAL,0,0,1,1,BREAK_RETEST,2026-04-28,3,ASIA,4701.24,4554.83,0,0,4676.67,4697.4,1,1,1,0,1,0,1.0,1.8,65,,,73,FLOW,exploratory,FLOW,FLOW,73.0,0.005,5.0,8.0,LONG,4696.9,4688.9,4712.9,0.625,False,True,HIGH,buy,BREAKOUT
2026-04-28 03:05:00,4696.9,4701.24,4696.67,4700.08,1256,4,0,1256,4696.9,3.180000000000291,4691.750284036088,0.8768122067276636,4697.4,4686.26,4.569999999999709,2.368571428571483,2.135000000000036,4.569999999999709,2.134500000000071,True,0,1,0,1,0,1,3.0,0,50,BREAKOUT,81,True,False,4701.24,,4701.24,4691.74,4695.0,4691.74,1,0,1,NEUTRAL,0,0,0,1,BREAK_RETEST,2026-04-28,3,ASIA,4701.24,4554.83,1,0,4677.43,4701.24,1,1,1,0,0,0,1.0,2.3,55,,,63,FLOW,exploratory,FLOW,FLOW,63.0,0.005,5.0,8.0,LONG,4700.08,4692.08,4716.08,0.625,False,True,MEDIUM,buy,BREAKOUT
2026-04-28 03:10:00,4700.08,4701.16,4697.76,4697.9,1170,4,0,1170,4700.08,-2.180000000000291,4692.335971270746,0.5856872346585078,4701.24,4686.26,3.399999999999636,2.454285714285756,2.2445000000000164,3.399999999999636,2.244000000000051,True,0,1,0,0,1,0,4.0,0,50,REVERSAL,82,False,False,,,4701.24,4691.74,4701.24,4691.74,0,0,0,NEUTRAL,0,0,0,0,NONE,2026-04-28,3,ASIA,4701.24,4554.83,0,0,4678.43,4701.24,1,1,0,0,0,0,1.0,1.0,28,,,43,,,NO_TRADE,NO_TRADE,0.0,0.0,0.0,8.0,LONG,4697.9,4689.9,4713.9,0.0,False,False,NONE,no_trade,REVERSAL
2026-04-28 03:15:00,4697.9,4699.47,4696.6,4697.1,1114,4,0,1114,4697.9,-0.7999999999992724,4692.78968829258,0.45371702183365414,4701.24,4686.26,2.869999999999891,2.561428571428613,2.291000000000031,2.869999999999891,2.2905000000000655,True,0,1,0,0,0,0,3.0,0,50,TREND_UP,81,False,False,,,4701.24,4691.74,4701.24,4691.74,0,0,0,NEUTRAL,0,0,0,0,NONE,2026-04-28,3,ASIA,4701.24,4554.83,0,0,4679.06,4701.24,1,1,0,0,0,0,1.0,1.0,48,,,25,,,NO_TRADE,NO_TRADE,0.0,0.0,0.0,8.0,LONG,4697.1,4689.1,4713.1,0.0,False,False,NONE,no_trade,TREND_UP
2026-04-28 03:20:00,4697.14,4697.59,4695.5,4696.91,1120,4,0,1120,4697.1,-0.19000000000050932,4693.182098931381,0.39241063880126603,4701.24,4686.26,2.0900000000001455,2.536428571428587,2.2690000000000508,2.0900000000001455,2.2685000000000857,False,0,1,0,0,0,0,3.0,0,50,TREND_UP,73,False,False,,,4701.24,4691.74,4701.24,4691.74,0,0,0,NEUTRAL,0,0,0,0,NONE,2026-04-28,3,ASIA,4701.24,4554.83,0,0,4679.06,4701.24,1,1,0,0,0,0,1.0,1.0,48,,,25,,,NO_TRADE,NO_TRADE,0.0,0.0,0.0,8.0,LONG,4696.91,4688.91,4712.91,0.0,False,False,NONE,no_trade,TREND_UP
2026-04-28 03:25:00,4696.91,4697.87,4692.22,4694.97,1369,4,0,1369,4696.91,-1.9399999999995998,4693.352375223631,0.17027629224958218,4701.24,4686.26,5.649999999999636,2.8092857142857093,2.483500000000049,5.649999999999636,2.4830000000000836,True,0,0,0,0,0,0,3.0,0,50,RANGE,58,True,True,4697.87,4692.22,4697.87,4692.22,4701.24,4691.74,0,0,0,LH,0,0,0,0,NONE,2026-04-28,3,ASIA,4701.24,4554.83,0,0,4681.29,4701.24,1,1,0,0,0,0,1.0,1.0,20,,,55,FLOW,exploratory,FLOW,FLOW,55.0,0.005,5.0,8.0,LONG,4694.97,4686.97,4710.97,0.625,False,True,MEDIUM,buy,RANGE
2026-04-28 03:30:00,4694.97,4695.2,4692.42,4693.12,1357,4,0,1357,4694.97,-1.8500000000003638,4693.330244249952,-0.02213097367894079,4701.24,4686.32,2.7799999999997453,2.9142857142857275,2.5550000000000184,2.7799999999997453,2.554500000000053,False,0,0,1,0,0,0,3.0,0,50,TREND_DOWN,73,False,False,,,4697.87,4692.22,4697.87,4692.22,0,0,0,NEUTRAL,0,0,0,0,NONE,2026-04-28,3,ASIA,4701.24,4554.83,0,0,4682.3,4701.24,1,1,0,0,0,0,1.0,1.0,48,,,25,,,NO_TRADE,NO_TRADE,0.0,0.0,0.0,8.0,SHORT,4693.12,4701.12,4677.12,0.0,False,False,NONE,no_trade,TREND_DOWN
2026-04-28 03:35:00,4693.15,4694.65,4691.9,4691.91,942,4,0,942,4693.12,-1.2100000000000364,4693.194982892814,-0.13526135713800613,4701.24,4686.99,2.75,2.995714285714322,2.634999999999991,2.75,2.6345000000000254,False,0,0,1,0,0,0,3.0,0,50,TREND_DOWN,73,False,False,,,4697.87,4692.22,4697.87,4692.22,0,1,1,NEUTRAL,0,0,0,1,BREAK_RETEST,2026-04-28,3,ASIA,4701.24,4554.83,0,0,4686.26,4701.24,1,1,0,0,0,0,1.0,1.0,75,ALPHA,strict_alpha,37,,,ALPHA,ALPHA,75.0,0.01,10.0,8.0,SHORT,4691.91,4699.91,4675.91,1.25,False,True,HIGH,sell,TREND_DOWN
2026-04-28 03:40:00,4691.93,4694.53,4691.75,4693.6,971,4,0,971,4691.91,1.6900000000005093,4693.233555950641,0.03857305782730691,4701.24,4687.25,2.7799999999997453,3.0714285714285716,2.6639999999999873,2.7799999999997453,2.6635000000000217,False,0,0,0,0,0,1,3.0,0,50,RANGE,50,False,True,,4691.75,4697.87,4691.75,4697.87,4692.22,0,0,0,NEUTRAL,0,0,1,0,DOUBLE_BOTTOM,2026-04-28,3,ASIA,4701.24,4554.83,0,0,4686.26,4701.24,1,1,0,0,1,0,1.0,1.0,40,,,60,FLOW,exploratory,FLOW,FLOW,60.0,0.005,5.0,8.0,LONG,4693.6,4685.6,4709.6,0.625,False,True,MEDIUM,buy,RANGE
2026-04-28 03:45:00,4693.6,4694.63,4692.41,4693.76,936,4,0,936,4693.6,0.15999999999985448,4693.283693479152,0.05013752851118625,4701.24,4687.26,2.2200000000002547,3.0628571428571507,2.7065000000000055,2.2200000000002547,2.70600000000004,False,0,0,0,0,0,1,2.0,0,50,RANGE,50,True,False,4694.63,,4694.63,4691.75,4697.87,4691.75,0,0,0,LH,0,0,0,0,NONE,2026-04-28,3,ASIA,4701.24,4554.83,0,0,4686.26,4701.24,1,1,0,0,0,0,1.0,1.0,20,,,50,,,NO_TRADE,NO_TRADE,0.0,0.0,0.0,8.0,LONG,4693.76,4685.76,4709.76,0.0,False,False,NONE,no_trade,RANGE
2026-04-28 03:50:00,4693.77,4694.12,4692.4,4693.09,935,4,0,935,4693.76,-0.6700000000000728,4693.265246481137,-0.018446998014951532,4701.24,4687.41,1.7200000000002547,3.004999999999979,2.6704999999999925,1.7200000000002547,2.6700000000000275,False,0,0,1,0,0,0,3.0,0,50,TREND_DOWN,73,False,False,,,4694.63,4691.75,4694.63,4691.75,0,0,0,NEUTRAL,0,0,0,0,NONE,2026-04-28,3,ASIA,4701.24,4554.83,0,0,4686.26,4701.24,1,1,0,0,0,0,1.0,1.0,48,,,25,,,NO_TRADE,NO_TRADE,0.0,0.0,0.0,8.0,SHORT,4693.09,4701.09,4677.09,0.0,False,False,NONE,no_trade,TREND_DOWN
2026-04-28 03:55:00,4693.09,4693.55,4690.44,4690.54,978,4,0,978,4693.09,-2.550000000000182,4693.005699197219,-0.25954728391843673,4701.24,4689.47,3.110000000000582,3.1078571428571586,2.7345000000000255,3.110000000000582,2.73400000000006,False,0,0,1,0,0,0,2.0,0,50,TREND_DOWN,73,False,False,,,4694.63,4691.75,4694.63,4691.75,0,1,1,NEUTRAL,0,0,0,1,BREAK_RETEST,2026-04-28,3,ASIA,4701.24,4554.83,0,0,4686.26,4701.24,1,1,0,0,0,0,1.0,1.0,75,ALPHA,strict_alpha,37,,,ALPHA,ALPHA,75.0,0.01,10.0,8.0,SHORT,4690.54,4698.54,4674.54,1.25,False,True,HIGH,sell,TREND_DOWN
2026-04-28 04:00:00,4690.54,4690.93,4684.51,4689.34,2177,4,0,2177,4690.54,-1.199999999999818,4692.65658498796,-0.34911420925891434,4701.24,4689.97,6.420000000000073,3.483571428571395,2.9900000000000544,6.420000000000073,2.9895000000000893,True,0,0,1,1,0,0,2.0,0,50,BREAKOUT,81,False,True,,4684.51,4694.63,4684.51,4694.63,4691.75,0,1,1,NEUTRAL,0,0,0,1,BREAK_RETEST,2026-04-28,4,ASIA,4701.24,4554.83,0,0,4684.51,4701.24,1,1,0,1,0,0,1.8,1.0,55,,,63,FLOW,exploratory,FLOW,FLOW,63.0,0.005,5.0,8.0,LONG,4689.34,4681.34,4705.34,0.625,False,True,MEDIUM,buy,BREAKOUT
2026-04-28 04:05:00,4689.34,4690.58,4686.5,4688.89,1513,4,0,1513,4689.34,-0.4499999999998181,4692.297862608154,-0.3587223798058403,4701.24,4684.51,4.079999999999927,3.5785714285713897,3.113500000000067,4.079999999999927,3.1130000000001017,True,0,0,1,0,0,0,2.0,0,50,TREND_DOWN,81,False,False,,,4694.63,4684.51,4694.63,4684.51,0,0,0,NEUTRAL,0,0,0,0,NONE,2026-04-28,4,ASIA,4701.24,4554.83,0,0,4684.51,4701.24,1,1,0,0,0,0,1.0,1.0,48,,,25,,,NO_TRADE,NO_TRADE,0.0,0.0,0.0,8.0,SHORT,4688.89,4696.89,4672.89,0.0,False,False,NONE,no_trade,TREND_DOWN
2026-04-28 04:10:00,4688.89,4690.86,4687.23,4687.99,1402,4,0,1402,4688.89,-0.9000000000005457,4691.887589978805,-0.410272629348583,4701.24,4684.51,3.630000000000109,3.433571428571408,3.20900000000006,3.630000000000109,3.2085000000000945,False,0,0,1,0,0,0,2.0,0,50,TREND_DOWN,73,True,False,4690.86,,4690.86,4684.51,4694.63,4684.51,0,0,0,LH,0,0,0,0,NONE,2026-04-28,4,ASIA,4701.24,4554.83,0,0,4684.51,4701.24,1,1,0,0,0,0,1.0,1.0,48,,,37,,,NO_TRADE,NO_TRADE,0.0,0.0,0.0,8.0,SHORT,4687.99,4695.99,4671.99,0.0,False,False,NONE,no_trade,TREND_DOWN
2026-04-28 04:15:00,4687.93,4689.52,4685.67,4689.28,1298,4,0,1298,4687.99,1.2899999999999636,4691.639248076062,-0.24834190274305,4701.24,4684.51,3.850000000000364,3.3821428571428833,3.284500000000071,3.850000000000364,3.284500000000071,False,0,0,1,0,0,1,3.0,0,50,TREND_DOWN,73,False,True,,4685.67,4690.86,4685.67,4690.86,4684.51,0,0,0,HL,0,0,0,0,NONE,2026-04-28,4,ASIA,4701.24,4554.83,0,0,4684.51,4701.24,1,1,0,0,1,0,1.0,1.0,58,,,47,,,NO_TRADE,NO_TRADE,0.0,0.0,0.0,8.0,SHORT,4689.28,4697.28,4673.28,0.0,False,False,NONE,no_trade,TREND_DOWN
2026-04-28 04:20:00,4689.24,4690.65,4686.54,4689.52,1283,4,0,1283,4689.28,0.24000000000069122,4691.437414925961,-0.20183315010126535,4701.24,4684.51,4.109999999999673,3.4328571428571713,3.363500000000022,4.109999999999673,3.363500000000022,False,0,0,1,0,0,1,3.0,0,50,TREND_DOWN,73,True,False,4690.65,,4690.65,4685.67,4690.86,4685.67,0,0,0,LH,0,0,0,0,NONE,2026-04-28,4,ASIA,4701.24,4554.83,0,0,4684.51,4701.24,1,1,0,0,0,0,1.0,1.0,48,,,37,,,NO_TRADE,NO_TRADE,0.0,0.0,0.0,8.0,SHORT,4689.52,4697.52,4673.52,0.0,False,False,NONE,no_trade,TREND_DOWN
2026-04-28 04:25:00,4689.52,4689.82,4686.94,4687.54,1147,4,0,1147,4689.52,-1.980000000000473,4691.066232552061,-0.3711823739004103,4701.24,4684.51,2.880000000000109,3.4335714285714727,3.4240000000000235,2.880000000000109,3.4240000000000235,False,0,0,1,0,0,0,3.0,0,50,TREND_DOWN,73,False,False,,,4690.65,4685.67,4690.65,4685.67,0,0,0,NEUTRAL,0,0,0,0,NONE,2026-04-28,4,ASIA,4701.24,4554.83,0,0,4684.51,4701.24,1,1,0,0,0,0,1.0,1.0,48,,,25,,,NO_TRADE,NO_TRADE,0.0,0.0,0.0,8.0,SHORT,4687.54,4695.54,4671.54,0.0,False,False,NONE,no_trade,TREND_DOWN
2026-04-28 04:30:00,4687.54,4687.86,4683.91,4684.2,1417,4,0,1417,4687.54,-3.3400000000001455,4690.4123056423405,-0.6539269097202123,4701.24,4684.51,3.949999999999818,3.566428571428592,3.5634999999999764,3.949999999999818,3.5634999999999764,False,0,0,1,1,0,0,3.0,0,50,BREAKOUT,73,False,True,,4683.91,4690.65,4683.91,4690.65,4685.67,0,1,1,NEUTRAL,0,0,0,1,BREAK_RETEST,2026-04-28,4,ASIA,4701.24,4554.83,0,0,4683.91,4701.24,1,1,0,1,0,0,1.8,1.0,55,,,63,FLOW,exploratory,FLOW,FLOW,63.0,0.005,5.0,8.0,LONG,4684.2,4676.2,4700.2,0.625,False,True,MEDIUM,buy,BREAKOUT
2026-04-28 04:35:00,4684.26,4690.3,4684.26,4690.29,1364,4,0,1364,4684.2,6.0900000000001455,4690.400657485927,-0.011648156413684774,4701.24,4683.91,6.100000000000364,3.598571428571501,3.7309999999999945,6.039999999999964,3.7279999999999744,True,0,0,0,0,1,1,3.0,0,50,REVERSAL,77,False,False,,,4690.65,4683.91,4690.65,4683.91,0,0,0,NEUTRAL,0,0,0,0,NONE,2026-04-28,4,ASIA,4701.24,4554.83,0,0,4683.91,4701.24,1,1,0,0,1,0,1.0,1.0,38,,,53,,,NO_TRADE,NO_TRADE,0.0,0.0,0.0,8.0,LONG,4690.29,4682.29,4706.29,0.0,False,False,NONE,no_trade,REVERSAL
2026-04-28 04:40:00,4690.29,4691.46,4687.06,4687.25,1343,4,0,1343,4690.29,-3.0399999999999636,4690.100594868219,-0.3000626177081358,4701.24,4683.91,4.399999999999636,3.7142857142857792,3.6679999999999837,4.399999999999636,3.6649999999999636,False,0,0,1,0,0,0,4.0,0,50,TREND_DOWN,73,True,False,4691.46,,4691.46,4683.91,4690.65,4683.91,0,0,0,NEUTRAL,0,1,0,0,DOUBLE_TOP,2026-04-28,4,ASIA,4701.24,4554.83,0,0,4683.91,4701.24,1,1,0,0,0,0,1.0,1.0,58,,,37,,,NO_TRADE,NO_TRADE,0.0,0.0,0.0,8.0,SHORT,4687.25,4695.25,4671.25,0.0,False,False,NONE,no_trade,TREND_DOWN
2026-04-28 04:45:00,4687.25,4687.66,4684.94,4685.03,1631,4,0,1631,4687.25,-2.2200000000002547,4689.617681071246,-0.4829137969727526,4701.24,4683.91,2.7200000000002547,3.7121428571429402,3.575500000000011,2.7200000000002547,3.572499999999991,False,0,0,1,0,0,0,4.0,1,50,TREND_DOWN,73,False,False,,,4691.46,4683.91,4691.46,4683.91,0,0,0,NEUTRAL,0,0,0,0,NONE,2026-04-28,4,ASIA,4701.24,4554.83,0,0,4683.91,4701.24,1,1,0,0,0,0,1.0,1.0,38,,,27,,,NO_TRADE,NO_TRADE,0.0,0.0,0.0,8.0,SHORT,4685.03,4693.03,4669.03,0.0,False,False,NONE,no_trade,TREND_DOWN
2026-04-28 04:50:00,4685.01,4685.54,4680.66,4680.81,1811,4,0,1811,4685.03,-4.219999999999345,4688.778854302556,-0.8388267686896143,4701.16,4683.91,4.880000000000109,3.8621428571429663,3.6495000000000344,4.880000000000109,3.6465000000000147,True,0,0,1,1,0,0,4.0,0,50,BREAKOUT,81,False,False,,,4691.46,4683.91,4691.46,4683.91,0,1,1,NEUTRAL,0,0,0,1,BREAK_RETEST,2026-04-28,4,ASIA,4701.24,4554.83,0,0,4680.66,4701.24,1,1,0,1,0,0,1.8,1.0,55,,,63,FLOW,exploratory,FLOW,FLOW,63.0,0.005,5.0,8.0,LONG,4680.81,4672.81,4696.81,0.625,False,True,MEDIUM,buy,BREAKOUT
2026-04-28 04:55:00,4680.81,4681.03,4669.49,4670.69,2470,4,0,2470,4680.81,-10.1200000000008,4687.0561062737415,-1.722748028814749,4699.47,4680.66,11.539999999999964,4.527857142857231,4.083000000000038,11.539999999999964,4.080000000000018,True,0,0,1,1,0,0,4.0,0,50,BREAKOUT,81,False,False,,,4691.46,4683.91,4691.46,4683.91,0,1,1,NEUTRAL,0,0,0,1,BREAK_RETEST,2026-04-28,4,ASIA,4701.24,4554.83,0,0,4669.49,4701.24,1,1,0,1,0,0,1.8,1.0,55,,,63,FLOW,exploratory,FLOW,FLOW,63.0,0.005,5.0,8.150142857143017,LONG,4670.69,4662.539857142857,4686.990285714286,0.6134861790327832,False,True,MEDIUM,buy,BREAKOUT
2026-04-28 05:00:00,4670.69,4673.49,4666.44,4672.76,2280,4,0,2280,4670.69,2.0700000000006185,4685.69457234291,-1.3615339308316834,4697.87,4669.49,7.050000000000182,4.908571428571512,4.33100000000004,7.050000000000182,4.32800000000002,True,0,0,1,0,1,1,4.0,0,50,REVERSAL,82,False,True,,4666.44,4691.46,4666.44,4691.46,4683.91,0,1,1,NEUTRAL,0,0,0,1,BREAK_RETEST,2026-04-28,5,ASIA,4701.24,4554.83,0,0,4666.44,4701.24,1,1,0,1,1,0,1.8,1.0,65,,,73,FLOW,exploratory,FLOW,FLOW,73.0,0.005,5.0,8.835428571428722,LONG,4672.76,4663.924571428572,4690.430857142857,0.5659035053679894,False,True,HIGH,buy,REVERSAL
2026-04-28 05:05:00,4672.76,4676.68,4672.32,4675.18,1492,4,0,1492,4672.76,2.4200000000000728,4684.693184500728,-1.0013878421814297,4697.87,4666.44,4.360000000000582,4.997857142857226,4.266500000000088,4.360000000000582,4.263500000000067,False,0,0,1,0,0,1,4.0,0,50,TREND_DOWN,73,False,False,,,4691.46,4666.44,4691.46,4666.44,0,0,0,NEUTRAL,0,0,0,0,NONE,2026-04-28,5,ASIA,4701.24,4554.83,0,0,4666.44,4701.24,1,1,0,0,0,0,1.0,1.0,48,,,25,,,NO_TRADE,NO_TRADE,0.0,0.0,0.0,8.996142857143008,SHORT,4675.18,4684.1761428571435,4657.187714285715,0.0,False,False,NONE,no_trade,TREND_DOWN
2026-04-28 05:10:00,4675.18,4677.93,4674.19,4677.29,1336,4,0,1336,4675.18,2.1099999999996726,4683.988119310183,-0.7050651905456107,4695.2,4666.44,3.740000000000691,4.8064285714286985,4.314500000000135,3.740000000000691,4.311500000000114,False,0,0,1,0,0,1,3.0,0,50,TREND_DOWN,73,False,False,,,4691.46,4666.44,4691.46,4666.44,0,0,0,NEUTRAL,0,0,0,0,NONE,2026-04-28,5,ASIA,4701.24,4554.83,0,0,4666.44,4701.24,1,1,0,0,0,0,1.0,1.0,48,,,25,,,NO_TRADE,NO_TRADE,0.0,0.0,0.0,8.651571428571657,SHORT,4677.29,4685.9415714285715,4659.986857142857,0.0,False,False,NONE,no_trade,TREND_DOWN
2026-04-28 05:15:00,4677.29,4679.81,4677.1,4678.14,946,4,0,946,4677.29,0.8500000000003638,4683.431155566355,-0.5569637438275095,4694.65,4666.44,2.7100000000000364,4.708571428571564,4.312500000000137,2.7100000000000364,4.309500000000116,False,0,0,1,0,0,1,3.0,0,50,TREND_DOWN,73,True,False,4679.81,,4679.81,4666.44,4691.46,4666.44,0,0,0,LH,0,0,0,0,NONE,2026-04-28,5,ASIA,4701.24,4554.83,0,0,4666.44,4701.24,1,1,0,0,0,0,1.0,1.0,48,,,37,,,NO_TRADE,NO_TRADE,0.0,0.0,0.0,8.475428571428816,SHORT,4678.14,4686.615428571429,4661.1891428571425,0.0,False,False,NONE,no_trade,TREND_DOWN
2026-04-28 05:20:00,4678.14,4679.56,4675.39,4675.47,985,4,0,985,4678.14,-2.6700000000000728,4682.672950274322,-0.7582052920333808,4694.63,4666.44,4.170000000000073,4.74714285714299,4.382000000000152,4.170000000000073,4.379000000000133,False,0,0,0,0,0,0,3.0,0,50,RANGE,50,False,False,,,4679.81,4666.44,4679.81,4666.44,0,0,0,NEUTRAL,0,0,0,0,NONE,2026-04-28,5,ASIA,4701.24,4554.83,0,0,4666.44,4701.24,1,1,0,0,0,0,1.0,1.0,20,,,38,,,NO_TRADE,NO_TRADE,0.0,0.0,0.0,8.544857142857381,LONG,4675.47,4666.925142857142,4692.559714285715,0.0,False,False,NONE,no_trade,RANGE
2026-04-28 05:25:00,4675.47,4677.58,4674.56,4675.54,1101,4,0,1101,4675.47,0.06999999999970896,4681.993621676767,-0.6793285975545587,4694.63,4666.44,3.019999999999527,4.687857142857216,4.422000000000116,3.019999999999527,4.419000000000096,False,0,0,0,0,0,1,3.0,0,50,RANGE,50,False,False,,,4679.81,4666.44,4679.81,4666.44,0,0,0,NEUTRAL,0,0,0,0,NONE,2026-04-28,5,ASIA,4701.24,4554.83,0,0,4666.44,4701.24,1,1,0,0,1,0,1.0,1.0,30,,,48,,,NO_TRADE,NO_TRADE,0.0,0.0,0.0,8.438142857142989,LONG,4675.54,4667.101857142857,4692.416285714286,0.0,False,False,NONE,no_trade,RANGE
2026-04-28 05:30:00,4675.55,4675.64,4671.52,4673.59,1581,4,0,1581,4675.54,-1.949999999999818,4681.19327675517,-0.8003449215975706,4694.12,4666.44,4.119999999999891,4.6885714285715165,4.542000000000098,4.119999999999891,4.539000000000078,False,0,0,1,0,0,0,4.0,0,50,TREND_DOWN,73,False,False,,,4679.81,4666.44,4679.81,4666.44,0,0,0,NEUTRAL,0,0,0,0,NONE,2026-04-28,5,ASIA,4701.24,4554.83,0,0,4666.44,4701.24,1,1,0,0,0,0,1.0,1.0,48,,,25,,,NO_TRADE,NO_TRADE,0.0,0.0,0.0,8.43942857142873,SHORT,4673.59,4682.029428571429,4656.7111428571425,0.0,False,False,NONE,no_trade,TREND_DOWN
2026-04-28 05:35:00,4673.6,4673.91,4670.83,4671.17,1297,4,0,1297,4673.59,-2.4200000000000728,4680.238678968963,-0.9545977862071595,4693.55,4666.44,3.0799999999999272,4.702857142857218,4.5405000000000655,3.0799999999999272,4.537500000000046,False,0,0,1,0,0,0,4.0,1,50,TREND_DOWN,73,False,False,,,4679.81,4666.44,4679.81,4666.44,0,0,0,NEUTRAL,0,0,0,0,NONE,2026-04-28,5,ASIA,4701.24,4554.83,0,0,4666.44,4701.16,1,1,0,0,0,0,1.0,1.0,38,,,27,,,NO_TRADE,NO_TRADE,0.0,0.0,0.0,8.465142857142993,SHORT,4671.17,4679.635142857143,4654.239714285714,0.0,False,False,NONE,no_trade,TREND_DOWN
2026-04-28 05:40:00,4671.17,4673.25,4670.59,4671.02,1232,4,0,1232,4671.17,-0.1499999999996362,4679.360709543347,-0.8779694256154471,4691.46,4666.44,2.6599999999998545,4.610714285714364,4.352500000000054,2.6599999999998545,4.349500000000035,False,0,0,1,0,0,0,4.0,1,50,TREND_DOWN,73,False,False,,,4679.81,4666.44,4679.81,4666.44,0,0,0,NEUTRAL,0,0,0,0,NONE,2026-04-28,5,ASIA,4701.24,4554.83,0,0,4666.44,4699.47,1,1,0,0,0,0,1.0,1.0,38,,,27,,,NO_TRADE,NO_TRADE,0.0,0.0,0.0,8.299285714285855,SHORT,4671.02,4679.319285714287,4654.421428571429,0.0,False,False,NONE,no_trade,TREND_DOWN
2026-04-28 05:45:00,4670.99,4671.29,4668.63,4670.14,1433,4,0,1433,4671.02,-0.8800000000001091,4678.482546729695,-0.8781628136521249,4691.46,4666.44,2.6599999999998545,4.365000000000042,4.281500000000051,2.6599999999998545,4.278500000000031,False,0,0,1,0,0,0,3.0,0,50,TREND_DOWN,73,False,False,,,4679.81,4666.44,4679.81,4666.44,0,0,0,NEUTRAL,0,0,0,0,NONE,2026-04-28,5,ASIA,4701.24,4554.83,0,0,4666.44,4697.87,1,1,0,0,0,0,1.0,1.0,48,,,25,,,NO_TRADE,NO_TRADE,0.0,0.0,0.0,8.0,SHORT,4670.14,4678.14,4654.14,0.0,False,False,NONE,no_trade,TREND_DOWN
2026-04-28 05:50:00,4670.14,4670.8,4668.5,4670.67,1437,4,0,1437,4670.14,0.5299999999997453,4677.738494660201,-0.7440520694945008,4691.46,4666.44,2.300000000000182,4.215000000000081,4.215000000000055,2.300000000000182,4.212000000000034,False,0,0,1,0,0,1,4.0,1,50,TREND_DOWN,73,False,False,,,4679.81,4666.44,4679.81,4666.44,0,0,0,NEUTRAL,0,0,0,0,NONE,2026-04-28,5,ASIA,4701.24,4554.83,0,0,4666.44,4697.87,1,1,0,0,1,0,1.0,1.0,48,,,37,,,NO_TRADE,NO_TRADE,0.0,0.0,0.0,8.0,SHORT,4670.67,4678.67,4654.67,0.0,False,False,NONE,no_trade,TREND_DOWN
2026-04-28 05:55:00,4670.67,4670.67,4666.56,4669.13,1572,4,0,1572,4670.67,-1.5399999999999636,4676.918638025895,-0.8198566343053244,4691.46,4666.44,4.109999999999673,4.314285714285753,4.22800000000002,4.109999999999673,4.225,False,0,0,1,0,0,0,5.0,0,50,TREND_DOWN,73,False,True,,4666.56,4679.81,4666.56,4679.81,4666.44,0,0,0,HL,0,0,0,0,NONE,2026-04-28,5,ASIA,4701.24,4554.83,0,0,4666.44,4695.2,1,1,0,0,0,0,1.0,1.0,48,,,37,,,NO_TRADE,NO_TRADE,0.0,0.0,0.0,8.0,SHORT,4669.13,4677.13,4653.13,0.0,False,False,NONE,no_trade,TREND_DOWN
2026-04-28 06:00:00,4669.13,4672.06,4668.47,4671.07,1381,4,0,1381,4669.13,1.9399999999995998,4676.361624880572,-0.5570131453232534,4691.46,4666.44,3.5900000000001455,4.222142857142899,4.2020000000000435,3.5900000000001455,4.199000000000024,False,0,0,1,0,0,1,6.0,0,50,TREND_DOWN,73,False,False,,,4679.81,4666.56,4679.81,4666.56,0,0,0,NEUTRAL,0,0,0,0,NONE,2026-04-28,6,ASIA,4701.24,4554.83,0,0,4666.44,4694.65,1,1,0,0,1,0,1.0,1.0,58,,,35,,,NO_TRADE,NO_TRADE,0.0,0.0,0.0,8.0,SHORT,4671.07,4679.07,4655.07,0.0,False,False,NONE,no_trade,TREND_DOWN
2026-04-28 06:05:00,4671.09,4673.39,4670.58,4672.82,1253,4,0,1253,4671.07,1.75,4676.0243272728985,-0.33729760767346306,4691.46,4666.44,2.8100000000004,3.598571428571501,4.198500000000058,2.8100000000004,4.195500000000038,False,0,0,0,0,0,1,5.0,1,50,CHOPPY,40,False,False,,,4679.81,4666.56,4679.81,4666.56,0,0,0,NEUTRAL,0,0,0,0,NONE,2026-04-28,6,ASIA,4701.24,4554.83,0,0,4666.44,4694.63,1,1,0,0,0,0,1.0,1.0,10,,,22,,,NO_TRADE,NO_TRADE,0.0,0.0,0.0,8.0,LONG,4672.82,4664.82,4688.82,0.0,False,False,NONE,no_trade,CHOPPY
2026-04-28 06:10:00,4672.8,4674.26,4672.38,4673.0,1164,4,0,1164,4672.82,0.18000000000029104,4675.736296104052,-0.2880311688468282,4691.46,4666.44,1.8800000000001091,3.229285714285782,4.095000000000073,1.8800000000001091,4.092000000000053,False,0,0,0,0,0,1,4.0,1,50,CHOPPY,40,True,False,4674.26,,4674.26,4666.56,4679.81,4666.56,0,0,0,LH,0,0,0,0,NONE,2026-04-28,6,ASIA,4701.24,4554.83,0,0,4666.44,4694.63,1,1,0,0,0,0,1.0,1.0,10,,,34,,,NO_TRADE,NO_TRADE,0.0,0.0,0.0,8.0,LONG,4673.0,4665.0,4689.0,0.0,False,False,NONE,no_trade,CHOPPY
2026-04-28 06:15:00,4673.0,4673.87,4671.4,4673.32,1113,4,0,1113,4673.0,0.31999999999970896,4675.506172665571,-0.23012343848040473,4691.46,4666.44,2.4700000000002547,3.0942857142857583,3.9135000000000675,2.4700000000002547,3.9135000000000675,False,0,0,0,0,0,1,3.0,0,50,RANGE,50,False,True,,4671.4,4674.26,4671.4,4674.26,4666.56,0,0,0,HL,0,0,0,0,NONE,2026-04-28,6,ASIA,4701.24,4554.83,0,0,4666.44,4694.12,1,1,0,0,0,0,1.0,1.0,20,,,50,,,NO_TRADE,NO_TRADE,0.0,0.0,0.0,8.0,LONG,4673.32,4665.32,4689.32,0.0,False,False,NONE,no_trade,RANGE
2026-04-28 06:20:00,4673.32,4675.21,4672.37,4672.8,1068,4,0,1068,4673.32,-0.5199999999995271,4675.248441935517,-0.25773073005439073,4691.46,4666.44,2.8400000000001455,3.030000000000005,3.835500000000093,2.8400000000001455,3.835500000000093,False,0,0,0,0,0,0,4.0,1,50,CHOPPY,40,False,False,,,4674.26,4671.4,4674.26,4671.4,0,0,0,NEUTRAL,0,0,0,0,NONE,2026-04-28,6,ASIA,4701.24,4554.83,0,0,4666.44,4693.55,1,1,0,0,0,0,1.0,1.0,10,,,22,,,NO_TRADE,NO_TRADE,0.0,0.0,0.0,8.0,LONG,4672.8,4664.8,4688.8,0.0,False,False,NONE,no_trade,CHOPPY
2026-04-28 06:25:00,4672.8,4675.81,4671.56,4674.9,1125,4,0,1125,4672.8,2.0999999999994543,4675.215256989278,-0.033184946239089186,4687.66,4666.44,4.25,3.140000000000003,3.91200000000008,4.25,3.91200000000008,False,0,0,0,0,0,1,5.0,0,50,RANGE,50,True,True,4675.81,4671.56,4675.81,4671.56,4674.26,4671.4,1,0,1,HH,0,0,1,1,BREAK_RETEST,2026-04-28,6,ASIA,4701.24,4554.83,0,0,4666.44,4691.46,1,1,0,0,1,0,1.0,1.0,72,,,60,FLOW,exploratory,FLOW,FLOW,60.0,0.005,5.0,8.0,LONG,4674.9,4666.9,4690.9,0.625,False,True,MEDIUM,buy,RANGE
2026-04-28 06:30:00,4674.9,4675.4,4671.82,4672.44,1079,4,0,1079,4674.9,-2.4600000000000364,4674.950946799823,-0.2643101894545907,4685.54,4666.44,3.5799999999999272,3.097857142857135,3.847000000000071,3.5799999999999272,3.847000000000071,False,0,0,1,0,0,0,6.0,0,50,TREND_DOWN,73,False,False,,,4675.81,4671.56,4675.81,4671.56,0,0,0,NEUTRAL,0,0,0,0,NONE,2026-04-28,6,ASIA,4701.24,4554.83,0,0,4666.44,4691.46,1,1,0,0,0,0,1.0,1.0,48,,,25,,,NO_TRADE,NO_TRADE,0.0,0.0,0.0,8.0,SHORT,4672.44,4680.44,4656.44,0.0,False,False,NONE,no_trade,TREND_DOWN
2026-04-28 06:35:00,4672.44,4674.01,4671.84,4673.17,852,4,0,852,4672.44,0.7300000000004729,4674.781332818888,-0.16961398093553726,4681.03,4666.44,2.1700000000000728,3.0371428571428885,3.378500000000076,2.1700000000000728,3.378500000000076,False,0,0,0,0,0,1,6.0,1,50,CHOPPY,40,False,False,,,4675.81,4671.56,4675.81,4671.56,0,0,0,NEUTRAL,0,0,0,0,NONE,2026-04-28,6,ASIA,4701.24,4554.83,0,0,4666.44,4691.46,1,1,0,0,1,0,1.0,1.0,20,,,32,,,NO_TRADE,NO_TRADE,0.0,0.0,0.0,8.0,LONG,4673.17,4665.17,4689.17,0.0,False,False,NONE,no_trade,CHOPPY
2026-04-28 06:40:00,4673.17,4673.85,4671.69,4671.98,689,4,0,689,4673.17,-1.1900000000005093,4674.514539217089,-0.2667936017987813,4679.81,4666.44,2.160000000000764,2.8971428571429505,3.1340000000001056,2.160000000000764,3.1340000000001056,False,0,0,1,0,0,0,6.0,1,50,TREND_DOWN,73,False,False,,,4675.81,4671.56,4675.81,4671.56,0,0,0,NEUTRAL,0,0,0,0,NONE,2026-04-28,6,ASIA,4701.24,4554.83,0,0,4666.44,4691.46,1,1,0,0,0,0,1.0,1.0,38,,,27,,,NO_TRADE,NO_TRADE,0.0,0.0,0.0,8.0,SHORT,4671.98,4679.98,4655.98,0.0,False,False,NONE,no_trade,TREND_DOWN
2026-04-28 06:45:00,4671.98,4672.63,4671.31,4671.48,792,4,0,792,4671.98,-0.5,4674.225535482128,-0.2890037349607155,4679.81,4666.56,1.319999999999709,2.7714285714286495,2.982000000000062,1.319999999999709,2.982000000000062,False,0,0,1,0,0,0,5.0,1,50,TREND_DOWN,73,False,False,,,4675.81,4671.56,4675.81,4671.56,0,1,1,NEUTRAL,0,0,0,1,BREAK_RETEST,2026-04-28,6,ASIA,4701.24,4554.83,0,0,4666.44,4691.46,1,1,0,0,0,0,1.0,1.0,65,,,39,,,NO_TRADE,NO_TRADE,0.0,0.0,0.0,8.0,SHORT,4671.48,4679.48,4655.48,0.0,False,False,NONE,no_trade,TREND_DOWN
2026-04-28 06:50:00,4671.46,4671.79,4669.53,4669.66,666,4,0,666,4671.48,-1.819999999999709,4673.790722579069,-0.43481290305953735,4679.81,4666.56,2.2600000000002183,2.742857142857247,2.908000000000038,2.2600000000002183,2.908000000000038,False,0,0,1,0,0,0,5.0,1,50,TREND_DOWN,73,False,False,,,4675.81,4671.56,4675.81,4671.56,0,1,1,NEUTRAL,0,0,0,1,BREAK_RETEST,2026-04-28,6,ASIA,4701.24,4554.83,0,0,4666.44,4691.46,1,1,0,0,0,0,1.0,1.0,65,,,39,,,NO_TRADE,NO_TRADE,0.0,0.0,0.0,8.0,SHORT,4669.66,4677.66,4653.66,0.0,False,False,NONE,no_trade,TREND_DOWN
2026-04-28 06:55:00,4669.66,4671.67,4669.25,4670.89,760,4,0,760,4669.66,1.230000000000473,4673.514463285824,-0.2762592932449479,4679.81,4666.56,2.4200000000000728,2.7257142857144054,2.89350000000004,2.4200000000000728,2.89350000000004,False,0,0,1,0,0,1,6.0,0,50,TREND_DOWN,73,False,False,,,4675.81,4671.56,4675.81,4671.56,0,1,1,NEUTRAL,0,0,0,1,BREAK_RETEST,2026-04-28,6,ASIA,4701.24,4554.83,0,0,4666.44,4691.46,1,1,0,0,1,0,1.0,1.0,85,ALPHA,strict_alpha,47,,,ALPHA,ALPHA,85.0,0.01,10.0,8.0,SHORT,4670.89,4678.89,4654.89,1.25,False,True,ELITE,sell,TREND_DOWN
2026-04-28 07:00:00,4670.89,4671.24,4666.79,4667.98,1164,4,0,1164,4670.89,-2.910000000000764,4672.987371544317,-0.5270917415064105,4679.56,4666.56,4.449999999999818,2.8792857142858077,2.9075000000000273,4.449999999999818,2.9075000000000273,True,0,0,1,0,1,0,7.0,0,50,REVERSAL,82,False,True,,4666.79,4675.81,4666.79,4675.81,4671.56,0,1,1,NEUTRAL,0,0,0,1,BREAK_RETEST,2026-04-28,7,ASIA,4701.24,4554.83,0,0,4666.44,4691.46,1,1,0,0,0,0,1.0,1.0,55,,,55,FLOW,exploratory,FLOW,FLOW,55.0,0.005,5.0,8.0,LONG,4667.98,4659.98,4683.98,0.625,False,True,MEDIUM,buy,REVERSAL
2026-04-28 07:05:00,4667.98,4669.03,4667.21,4667.9,756,4,0,756,4667.98,-0.07999999999992724,4672.502859968668,-0.4845115756488667,4677.58,4666.56,1.819999999999709,2.7157142857143817,2.8475000000000366,1.819999999999709,2.8475000000000366,False,0,0,1,0,0,0,6.0,1,50,TREND_DOWN,73,False,False,,,4675.81,4666.79,4675.81,4666.79,0,0,0,NEUTRAL,0,0,0,0,NONE,2026-04-28,7,ASIA,4701.24,4554.83,0,0,4666.44,4691.46,1,1,0,0,0,0,1.0,1.0,38,,,27,,,NO_TRADE,NO_TRADE,0.0,0.0,0.0,8.0,SHORT,4667.9,4675.9,4651.9,0.0,False,False,NONE,no_trade,TREND_DOWN
2026-04-28 07:10:00,4667.88,4669.82,4667.46,4669.74,827,4,0,827,4667.9,1.8400000000001455,4672.239730447844,-0.2631295208248048,4675.81,4666.56,2.3599999999996726,2.6278571428572053,2.7595000000000254,2.3599999999996726,2.7595000000000254,False,0,0,1,0,0,1,6.0,0,50,TREND_DOWN,73,True,False,4669.82,,4669.82,4666.79,4675.81,4666.79,0,0,0,LH,0,0,0,0,NONE,2026-04-28,7,ASIA,4701.24,4554.83,0,0,4666.44,4687.66,1,1,0,0,1,0,1.0,1.0,58,,,47,,,NO_TRADE,NO_TRADE,0.0,0.0,0.0,8.0,SHORT,4669.74,4677.74,4653.74,0.0,False,False,NONE,no_trade,TREND_DOWN
2026-04-28 07:15:00,4669.73,4669.73,4668.38,4668.54,648,4,0,648,4669.74,-1.199999999999818,4671.887375167097,-0.35235528074645117,4675.81,4666.56,1.3599999999996726,2.5242857142857247,2.6735000000000126,1.3499999999994543,2.673000000000002,False,0,0,1,0,0,0,6.0,1,50,TREND_DOWN,73,False,False,,,4669.82,4666.79,4669.82,4666.79,0,0,0,NEUTRAL,0,0,0,0,NONE,2026-04-28,7,ASIA,4701.24,4554.83,0,0,4666.44,4685.54,1,1,0,0,0,0,1.0,1.0,38,,,27,,,NO_TRADE,NO_TRADE,0.0,0.0,0.0,8.0,SHORT,4668.54,4676.54,4652.54,0.0,False,False,NONE,no_trade,TREND_DOWN
2026-04-28 07:20:00,4668.43,4668.43,4666.56,4666.95,1031,4,0,1031,4668.54,-1.5900000000001455,4671.417148960707,-0.47022620639017987,4675.81,4666.56,1.9799999999995634,2.5314285714285427,2.639499999999998,1.8699999999998909,2.6335000000000037,False,0,0,1,0,0,0,5.0,1,50,TREND_DOWN,73,False,True,,4666.56,4669.82,4666.56,4669.82,4666.79,0,0,0,NEUTRAL,0,0,0,0,NONE,2026-04-28,7,ASIA,4701.24,4554.83,0,0,4666.44,4681.03,1,1,0,0,0,0,1.0,1.0,38,,,27,,,NO_TRADE,NO_TRADE,0.0,0.0,0.0,8.0,SHORT,4666.95,4674.95,4650.95,0.0,False,False,NONE,no_trade,TREND_DOWN
2026-04-28 07:25:00,4666.95,4667.75,4666.71,4667.44,801,4,0,801,4666.95,0.4899999999997817,4671.038372869211,-0.37877609149563796,4675.81,4666.56,1.0399999999999636,2.429285714285665,2.5585000000000035,1.0399999999999636,2.552500000000009,False,0,0,1,0,0,1,5.0,1,50,TREND_DOWN,73,False,False,,,4669.82,4666.56,4669.82,4666.56,0,0,0,NEUTRAL,0,0,0,0,NONE,2026-04-28,7,ASIA,4701.24,4554.83,0,0,4666.44,4679.81,1,1,0,0,1,0,1.0,1.0,48,,,37,,,NO_TRADE,NO_TRADE,0.0,0.0,0.0,8.0,SHORT,4667.44,4675.44,4651.44,0.0,False,False,NONE,no_trade,TREND_DOWN
2026-04-28 07:30:00,4667.44,4669.06,4666.82,4668.65,861,4,0,861,4667.44,1.2100000000000364,4670.8109087864295,-0.22746408278180752,4675.81,4666.56,2.240000000000691,2.386428571428561,2.555500000000029,2.240000000000691,2.5495000000000347,False,0,0,0,0,0,1,5.0,0,50,RANGE,50,False,False,,,4669.82,4666.56,4669.82,4666.56,0,0,0,NEUTRAL,0,0,0,0,NONE,2026-04-28,7,ASIA,4701.24,4554.83,0,0,4666.56,4679.81,1,1,0,0,0,0,1.0,1.0,20,,,38,,,NO_TRADE,NO_TRADE,0.0,0.0,0.0,8.0,LONG,4668.65,4660.65,4684.65,0.0,False,False,NONE,no_trade,RANGE
2026-04-28 07:35:00,4668.65,4669.15,4667.37,4668.96,691,4,0,691,4668.65,0.3100000000004002,4670.634631759151,-0.17627702727895667,4675.81,4666.56,1.7799999999997453,2.2099999999999715,2.439000000000033,1.7799999999997453,2.433000000000038,False,0,0,1,0,0,1,5.0,1,50,TREND_DOWN,73,False,False,,,4669.82,4666.56,4669.82,4666.56,0,0,0,NEUTRAL,0,0,0,0,NONE,2026-04-28,7,ASIA,4701.24,4554.83,0,0,4666.56,4679.81,1,1,0,0,0,0,1.0,1.0,38,,,27,,,NO_TRADE,NO_TRADE,0.0,0.0,0.0,8.0,SHORT,4668.96,4676.96,4652.96,0.0,False,False,NONE,no_trade,TREND_DOWN
2026-04-28 07:40:00,4668.96,4669.91,4667.53,4669.82,674,4,0,674,4668.96,0.8599999999996726,4670.557047782088,-0.07758397706220421,4675.81,4666.56,2.380000000000109,2.1242857142856986,2.378500000000031,2.380000000000109,2.3725000000000365,False,0,0,0,0,0,1,4.0,0,50,RANGE,50,False,False,,,4669.82,4666.56,4669.82,4666.56,0,0,0,NEUTRAL,0,0,0,0,NONE,2026-04-28,7,ASIA,4701.24,4554.83,0,0,4666.56,4679.81,1,1,0,0,0,0,1.0,1.0,20,,,38,,,NO_TRADE,NO_TRADE,0.0,0.0,0.0,8.0,LONG,4669.82,4661.82,4685.82,0.0,False,False,NONE,no_trade,RANGE
2026-04-28 07:45:00,4669.83,4669.92,4667.46,4667.69,915,4,0,915,4669.82,-2.130000000000109,4670.283995612365,-0.273052169723087,4675.81,4666.56,2.4600000000000364,2.144999999999982,2.3610000000000126,2.4600000000000364,2.355000000000018,False,0,0,0,0,0,0,4.0,0,50,RANGE,50,True,False,4669.92,,4669.92,4666.56,4669.82,4666.56,0,0,0,NEUTRAL,0,1,0,0,DOUBLE_TOP,2026-04-28,7,ASIA,4701.24,4554.83,0,0,4666.56,4679.56,1,1,0,0,0,0,1.0,1.0,30,,,50,,,NO_TRADE,NO_TRADE,0.0,0.0,0.0,8.0,LONG,4667.69,4659.69,4683.69,0.0,False,False,NONE,no_trade,RANGE
2026-04-28 07:50:00,4667.69,4669.72,4667.29,4667.94,645,4,0,645,4667.69,0.25,4670.060757934997,-0.2232376773681608,4675.81,4666.56,2.430000000000291,2.164285714285662,2.388500000000022,2.430000000000291,2.3825000000000274,False,0,0,0,0,0,1,5.0,0,50,RANGE,50,False,True,,4667.29,4669.92,4667.29,4669.92,4666.56,0,0,0,HL,0,0,0,0,NONE,2026-04-28,7,ASIA,4701.24,4554.83,0,0,4666.56,4677.58,1,1,0,0,1,0,1.0,1.0,30,,,60,FLOW,exploratory,FLOW,FLOW,60.0,0.005,5.0,8.0,LONG,4667.94,4659.94,4683.94,0.625,False,True,MEDIUM,buy,RANGE
2026-04-28 07:55:00,4667.94,4668.53,4667.31,4667.62,697,4,0,697,4667.94,-0.31999999999970896,4669.8283047983305,-0.23245313666666334,4675.81,4666.56,1.2199999999993452,2.1571428571427793,2.3259999999999765,1.2199999999993452,2.3199999999999816,False,0,0,1,0,0,0,5.0,1,50,TREND_DOWN,73,False,False,,,4669.92,4667.29,4669.92,4667.29,0,0,0,NEUTRAL,0,0,0,0,NONE,2026-04-28,7,ASIA,4701.24,4554.83,0,0,4666.56,4675.81,1,1,0,0,0,0,1.0,1.0,38,,,27,,,NO_TRADE,NO_TRADE,0.0,0.0,0.0,8.0,SHORT,4667.62,4675.62,4651.62,0.0,False,False,NONE,no_trade,TREND_DOWN
2026-04-28 08:00:00,4667.64,4668.01,4661.71,4663.27,1479,4,0,1479,4667.62,-4.349999999999454,4669.203704341347,-0.6246004569838988,4675.81,4666.56,6.300000000000182,2.4457142857142053,2.4989999999999783,6.300000000000182,2.4929999999999835,True,0,0,1,1,0,0,4.0,0,50,BREAKOUT,81,False,False,,,4669.92,4667.29,4669.92,4667.29,0,1,1,NEUTRAL,0,0,0,1,BREAK_RETEST,2026-04-28,8,LONDON,4701.24,4554.83,0,0,4661.71,4675.81,1,1,0,1,0,0,1.8,1.0,63,,,69,FLOW,exploratory,FLOW,FLOW,69.0,0.005,5.0,8.0,LONG,4663.27,4655.27,4679.27,0.625,False,True,MEDIUM,buy,BREAKOUT
2026-04-28 08:05:00,4663.27,4663.45,4648.97,4653.83,2275,4,0,2275,4663.27,-9.44000000000051,4667.739542023123,-1.464162318223316,4675.81,4661.71,14.479999999999563,3.30714285714274,3.0104999999999564,14.479999999999563,3.004499999999962,True,0,0,1,1,0,0,4.0,0,50,BREAKOUT,81,False,False,,,4669.92,4667.29,4669.92,4667.29,0,1,1,NEUTRAL,0,0,0,1,BREAK_RETEST,2026-04-28,8,LONDON,4701.24,4554.83,0,0,4648.97,4675.81,1,1,0,1,0,0,1.8,1.0,63,,,69,FLOW,exploratory,FLOW,FLOW,69.0,0.005,5.0,8.0,LONG,4653.83,4645.83,4669.83,0.625,False,True,MEDIUM,buy,BREAKOUT
2026-04-28 08:10:00,4653.83,4654.9,4648.93,4652.39,1749,4,0,1749,4653.83,-1.4399999999995998,4666.277680878064,-1.461861145059629,4675.4,4648.97,5.969999999999345,3.415714285714135,3.129999999999927,5.969999999999345,3.1239999999999326,True,0,0,1,0,0,0,3.0,0,50,TREND_DOWN,81,False,True,,4648.93,4669.92,4648.93,4669.92,4667.29,0,1,1,NEUTRAL,0,0,0,1,BREAK_RETEST,2026-04-28,8,LONDON,4701.24,4554.83,0,0,4648.93,4675.81,1,1,0,1,0,0,1.8,1.0,83,ALPHA,strict_alpha,51,,,ALPHA,ALPHA,83.0,0.01,10.0,8.0,SHORT,4652.39,4660.39,4636.39,1.25,False,True,HIGH,sell,TREND_DOWN
2026-04-28 08:15:00,4652.39,4655.38,4651.22,4655.14,1212,4,0,1212,4652.39,2.75,4665.216949365867,-1.0607315121969805,4674.01,4648.93,4.1599999999998545,3.5828571428570024,3.2294999999999163,4.1599999999998545,3.223499999999922,True,0,0,1,0,1,1,4.0,0,50,REVERSAL,82,False,False,,,4669.92,4648.93,4669.92,4648.93,0,0,0,NEUTRAL,0,0,0,0,NONE,2026-04-28,8,LONDON,4701.24,4554.83,0,0,4648.93,4675.81,1,1,0,0,1,0,1.0,1.0,46,,,59,FLOW,exploratory,FLOW,FLOW,59.0,0.005,5.0,8.0,LONG,4655.14,4647.14,4671.14,0.625,False,True,MEDIUM,buy,REVERSAL
2026-04-28 08:20:00,4655.14,4659.51,4655.07,4658.87,1184,4,0,1184,4655.14,3.7299999999995634,4664.612477997689,-0.6044713681776557,4673.85,4648.93,4.440000000000509,3.731428571428491,3.3434999999999038,4.440000000000509,3.337499999999909,True,0,0,1,0,0,1,4.0,0,50,TREND_DOWN,81,True,False,4659.51,,4659.51,4648.93,4669.92,4648.93,0,0,0,LH,0,0,0,0,NONE,2026-04-28,8,LONDON,4701.24,4554.83,0,0,4648.93,4675.81,1,1,0,0,0,0,1.0,1.0,56,,,43,,,NO_TRADE,NO_TRADE,0.0,0.0,0.0,8.0,SHORT,4658.87,4666.87,4642.87,0.0,False,False,NONE,no_trade,TREND_DOWN
2026-04-28 08:25:00,4658.88,4659.2,4656.96,4658.32,994,4,0,994,4658.87,-0.5500000000001819,4664.013194378862,-0.5992836188270303,4672.63,4648.93,2.2399999999997817,3.7942857142856417,3.389499999999907,2.2399999999997817,3.3834999999999127,False,0,0,1,0,0,0,5.0,1,50,TREND_DOWN,73,False,False,,,4659.51,4648.93,4659.51,4648.93,0,0,0,NEUTRAL,0,0,0,0,NONE,2026-04-28,8,LONDON,4701.24,4554.83,0,0,4648.93,4675.81,1,1,0,0,0,0,1.0,1.0,46,,,33,,,NO_TRADE,NO_TRADE,0.0,0.0,0.0,8.0,SHORT,4658.32,4666.32,4642.32,0.0,False,False,NONE,no_trade,TREND_DOWN
2026-04-28 08:30:00,4658.18,4658.5,4642.73,4644.48,3404,4,0,3404,4658.32,-13.840000000000146,4662.152890152303,-1.8603042265585827,4671.79,4648.93,15.770000000000437,4.779285714285704,4.064999999999918,15.770000000000437,4.058999999999924,True,0,0,1,1,0,0,4.0,0,50,BREAKOUT,81,False,False,,,4659.51,4648.93,4659.51,4648.93,0,1,1,NEUTRAL,0,0,0,1,BREAK_RETEST,2026-04-28,8,LONDON,4701.24,4554.83,0,0,4642.73,4675.81,1,1,0,1,0,0,1.8,1.0,63,,,69,FLOW,exploratory,FLOW,FLOW,69.0,0.005,5.0,8.602714285714267,LONG,4644.48,4635.877285714285,4661.685428571428,0.5812119098623371,False,True,MEDIUM,buy,BREAKOUT
2026-04-28 08:35:00,4644.5,4644.58,4637.23,4638.17,2748,4,0,2748,4644.48,-6.309999999999491,4659.868805375893,-2.2840847764100545,4671.67,4642.73,7.350000000000364,5.230000000000018,4.311499999999933,7.350000000000364,4.305499999999938,True,0,0,1,1,0,0,3.0,0,50,BREAKOUT,81,False,False,,,4659.51,4648.93,4659.51,4648.93,0,1,1,NEUTRAL,0,0,0,1,BREAK_RETEST,2026-04-28,8,LONDON,4701.24,4554.83,0,0,4637.23,4675.81,1,1,0,1,0,0,1.8,1.0,63,,,69,FLOW,exploratory,FLOW,FLOW,69.0,0.005,5.0,9.414000000000033,LONG,4638.17,4628.756,4656.9980000000005,0.5311238580837032,False,True,MEDIUM,buy,BREAKOUT
2026-04-28 08:40:00,4638.17,4638.17,4624.32,4624.92,3007,4,0,3007,4638.17,-13.25,4656.540347721047,-3.3284576548467157,4671.24,4637.23,13.850000000000364,6.059285714285709,4.78149999999996,13.850000000000364,4.775499999999965,True,1,0,1,1,0,0,2.0,0,50,BREAKOUT,87,False,False,,,4659.51,4648.93,4659.51,4648.93,0,1,1,NEUTRAL,0,0,0,1,BREAK_RETEST,2026-04-28,8,LONDON,4701.24,4554.83,0,0,4624.32,4675.81,1,0,0,1,0,0,1.8,0.0,48,,,73,FLOW,exploratory,FLOW,FLOW,73.0,0.005,5.0,10.906714285714276,LONG,4624.92,4614.013285714286,4646.733428571429,0.45843320628184514,False,True,HIGH,buy,BREAKOUT
2026-04-28 08:45:00,4624.92,4630.47,4623.88,4627.74,2230,4,0,2230,4624.92,2.819999999999709,4653.797457461899,-2.742890259147316,4669.92,4624.32,6.5900000000001455,6.402857142857166,5.019999999999982,6.5900000000001455,5.013999999999987,True,1,0,1,0,1,1,3.0,0,50,REVERSAL,88,False,True,,4623.88,4659.51,4623.88,4659.51,4648.93,0,1,1,NEUTRAL,0,0,0,1,BREAK_RETEST,2026-04-28,8,LONDON,4701.24,4554.83,0,0,4623.88,4675.81,1,0,0,1,1,0,1.8,0.0,58,,,83,FLOW,exploratory,FLOW,FLOW,83.0,0.005,5.0,11.5251428571429,LONG,4627.74,4616.214857142857,4650.790285714285,0.433834101839455,False,True,HIGH,buy,REVERSAL
2026-04-28 08:50:00,4627.74,4631.87,4626.72,4631.8,2056,4,0,2056,4627.74,4.0600000000004,4651.702461513147,-2.094995948752512,4669.92,4623.88,5.149999999999636,6.600714285714275,5.15949999999998,5.149999999999636,5.153499999999985,False,1,0,1,0,0,1,3.0,0,50,VOLATILE,73,False,False,,,4659.51,4623.88,4659.51,4623.88,0,0,0,NEUTRAL,0,0,0,0,NONE,2026-04-28,8,LONDON,4701.24,4554.83,0,0,4623.88,4675.81,1,1,0,0,0,0,1.0,1.0,31,,,35,,,NO_TRADE,NO_TRADE,0.0,0.0,0.0,11.881285714285696,LONG,4631.8,4619.9187142857145,4655.562571428572,0.0,False,False,NONE,no_trade,VOLATILE
2026-04-28 08:55:00,4631.79,4634.32,4631.47,4632.21,2013,4,0,2013,4631.8,0.4099999999998545,4649.846036607133,-1.8564249060136717,4669.92,4623.88,2.8499999999994543,6.628571428571377,5.233999999999969,2.8499999999994543,5.228499999999985,False,1,0,1,0,0,1,3.0,0,50,VOLATILE,73,True,False,4634.32,,4634.32,4623.88,4659.51,4623.88,0,0,0,LH,0,0,0,0,NONE,2026-04-28,8,LONDON,4701.24,4554.83,0,0,4623.88,4675.4,1,1,0,0,0,0,1.0,1.0,31,,,47,,,NO_TRADE,NO_TRADE,0.0,0.0,0.0,11.931428571428478,LONG,4632.21,4620.278571428572,4656.072857142857,0.0,False,False,NONE,no_trade,VOLATILE
2026-04-28 09:00:00,4632.21,4634.09,4625.91,4634.06,2899,4,0,2899,4632.21,1.8500000000003638,4648.342604549312,-1.5034320578215556,4669.92,4623.88,8.180000000000291,7.039285714285662,5.544000000000006,8.180000000000291,5.544000000000006,True,1,0,1,0,0,1,2.0,0,50,VOLATILE,81,False,True,,4625.91,4634.32,4625.91,4634.32,4623.88,0,0,0,HL,0,0,0,0,NONE,2026-04-28,9,LONDON,4701.24,4554.83,0,0,4623.88,4674.01,1,1,0,0,0,0,1.0,1.0,31,,,47,,,NO_TRADE,NO_TRADE,0.0,0.0,0.0,12.670714285714192,LONG,4634.06,4621.389285714286,4659.401428571428,0.0,False,False,NONE,no_trade,VOLATILE
2026-04-28 09:05:00,4634.06,4642.96,4634.06,4640.15,1920,4,0,1920,4634.06,6.089999999999236,4647.5623564969965,-0.7802480523150734,4669.92,4623.88,8.899999999999636,7.5878571428571115,5.936999999999989,8.899999999999636,5.936999999999989,True,1,0,0,0,0,1,2.0,0,50,VOLATILE,76,True,False,4642.96,,4642.96,4625.91,4634.32,4625.91,1,0,1,NEUTRAL,0,0,0,1,BREAK_RETEST,2026-04-28,9,LONDON,4701.24,4554.83,0,0,4623.88,4673.85,1,1,0,0,0,0,1.0,1.0,58,,,47,,,NO_TRADE,NO_TRADE,0.0,0.0,0.0,13.658142857142801,LONG,4640.15,4626.491857142857,4667.466285714285,0.0,False,False,NONE,no_trade,VOLATILE
2026-04-28 09:10:00,4640.14,4641.89,4637.89,4640.63,1654,4,0,1654,4640.15,0.48000000000047294,4646.902132068711,-0.660224428285801,4669.92,4623.88,4.0,7.4235714285713845,6.024999999999954,4.0,6.024999999999954,False,0,0,0,0,0,1,1.0,0,50,RANGE,50,False,False,,,4642.96,4625.91,4642.96,4625.91,0,0,0,NEUTRAL,0,0,0,0,NONE,2026-04-28,9,LONDON,4701.24,4554.83,0,0,4623.88,4672.63,1,1,0,0,0,0,1.0,1.0,28,,,44,,,NO_TRADE,NO_TRADE,0.0,0.0,0.0,13.362428571428492,LONG,4640.63,4627.2675714285715,4667.354857142857,0.0,False,False,NONE,no_trade,RANGE
2026-04-28 09:15:00,4640.63,4641.18,4632.98,4633.92,1448,4,0,1448,4640.63,-6.710000000000036,4645.665738538358,-1.2363935303528706,4669.92,4623.88,8.200000000000728,6.975000000000039,6.346000000000004,8.200000000000728,6.346000000000004,True,0,0,0,0,1,0,2.0,0,50,REVERSAL,77,False,False,,,4642.96,4625.91,4642.96,4625.91,0,0,0,NEUTRAL,0,0,0,0,NONE,2026-04-28,9,LONDON,4701.24,4554.83,0,0,4623.88,4671.79,1,1,0,0,0,0,1.0,1.0,36,,,49,,,NO_TRADE,NO_TRADE,0.0,0.0,0.0,12.55500000000007,LONG,4633.92,4621.365,4659.030000000001,0.0,False,False,NONE,no_trade,REVERSAL
2026-04-28 09:20:00,4633.94,4633.94,4623.39,4626.06,1821,4,0,1821,4633.92,-7.859999999999673,4643.798525344228,-1.8672131941293628,4669.92,4623.88,10.549999999999272,7.302142857142891,6.754499999999962,10.549999999999272,6.754499999999962,True,0,0,1,0,0,0,2.0,0,50,TREND_DOWN,81,False,True,,4623.39,4642.96,4623.39,4642.96,4625.91,0,0,0,NEUTRAL,0,0,0,0,NONE,2026-04-28,9,LONDON,4701.24,4554.83,0,0,4623.39,4671.67,1,1,0,1,0,0,1.8,1.0,56,,,39,,,NO_TRADE,NO_TRADE,0.0,0.0,0.0,13.143857142857204,SHORT,4626.06,4639.2038571428575,4599.772285714286,0.0,False,False,NONE,no_trade,TREND_DOWN
2026-04-28 09:25:00,4626.06,4632.41,4623.84,4631.49,1855,4,0,1855,4626.06,5.4299999999993815,4642.626284835254,-1.1722405089740278,4669.92,4623.39,8.569999999999709,7.6171428571428805,7.059999999999945,8.569999999999709,7.059999999999945,False,0,0,1,0,0,1,3.0,0,50,TREND_DOWN,73,False,False,,,4642.96,4623.39,4642.96,4623.39,0,0,0,NEUTRAL,0,0,0,0,NONE,2026-04-28,9,LONDON,4701.24,4554.83,0,0,4623.39,4671.24,1,1,0,0,1,0,1.0,1.0,66,,,41,,,NO_TRADE,NO_TRADE,0.0,0.0,0.0,13.710857142857185,SHORT,4631.49,4645.200857142857,4604.068285714286,0.0,False,False,NONE,no_trade,TREND_DOWN
2026-04-28 09:30:00,4631.49,4634.35,4629.07,4629.69,1599,4,0,1599,4631.49,-1.800000000000182,4641.394257708087,-1.2320271271673846,4669.72,4623.39,5.280000000000655,7.677142857142891,7.202499999999963,5.280000000000655,7.202499999999963,False,0,0,1,0,0,0,3.0,0,50,TREND_DOWN,73,True,False,4634.35,,4634.35,4623.39,4642.96,4623.39,0,0,0,LH,0,0,0,0,NONE,2026-04-28,9,LONDON,4701.24,4554.83,0,0,4623.39,4669.92,1,1,0,0,0,0,1.0,1.0,56,,,43,,,NO_TRADE,NO_TRADE,0.0,0.0,0.0,13.818857142857203,SHORT,4629.69,4643.508857142857,4602.052285714285,0.0,False,False,NONE,no_trade,TREND_DOWN
2026-04-28 09:35:00,4629.69,4631.74,4625.4,4631.74,1571,4,0,1571,4629.69,2.050000000000182,4640.474804593032,-0.9194531150551484,4668.53,4623.39,6.3400000000001455,7.97000000000006,7.4585000000000035,6.3400000000001455,7.4585000000000035,False,0,0,1,0,0,1,4.0,0,50,TREND_DOWN,73,False,True,,4625.4,4634.35,4625.4,4634.35,4623.39,0,0,0,HL,0,0,0,0,NONE,2026-04-28,9,LONDON,4701.24,4554.83,0,0,4623.39,4669.92,1,1,0,0,1,0,1.0,1.0,66,,,53,,,NO_TRADE,NO_TRADE,0.0,0.0,0.0,14.346000000000108,SHORT,4631.74,4646.086,4603.048,0.0,False,False,NONE,no_trade,TREND_DOWN
2026-04-28 09:40:00,4631.74,4634.67,4628.42,4629.69,1720,4,0,1720,4631.74,-2.050000000000182,4639.447680346077,-1.0271242469552817,4668.01,4623.39,6.25,7.2900000000000285,7.455999999999994,6.25,7.455999999999994,False,0,0,1,0,0,0,5.0,0,50,TREND_DOWN,73,True,False,4634.67,,4634.67,4625.4,4634.35,4625.4,0,0,0,NEUTRAL,0,1,0,0,DOUBLE_TOP,2026-04-28,9,LONDON,4701.24,4554.83,0,0,4623.39,4669.92,1,1,0,0,0,0,1.0,1.0,66,,,43,,,NO_TRADE,NO_TRADE,0.0,0.0,0.0,13.122000000000051,SHORT,4629.69,4642.812,4603.446,0.0,False,False,NONE,no_trade,TREND_DOWN
2026-04-28 09:45:00,4629.69,4631.71,4623.79,4625.62,1811,4,0,1811,4629.69,-4.069999999999709,4638.130758408355,-1.3169219377214176,4663.45,4623.39,7.920000000000073,7.3307142857142935,7.12800000000002,7.920000000000073,7.12800000000002,False,0,0,1,0,0,0,5.0,0,50,TREND_DOWN,73,False,False,,,4634.67,4625.4,4634.67,4625.4,0,0,0,NEUTRAL,0,0,0,0,NONE,2026-04-28,9,LONDON,4701.24,4554.83,0,0,4623.39,4669.92,1,1,0,0,0,0,1.0,1.0,56,,,31,,,NO_TRADE,NO_TRADE,0.0,0.0,0.0,13.19528571428573,SHORT,4625.62,4638.815285714286,4599.229428571429,0.0,False,False,NONE,no_trade,TREND_DOWN
2026-04-28 09:50:00,4625.62,4631.76,4623.23,4626.39,1633,4,0,1633,4625.62,0.7700000000004366,4637.0125909408935,-1.118167467461717,4659.51,4623.39,8.530000000000655,6.950714285714314,7.2560000000000855,8.530000000000655,7.2560000000000855,False,0,0,1,0,0,1,6.0,0,50,TREND_DOWN,73,True,True,4631.76,4623.23,4631.76,4623.23,4634.67,4625.4,0,0,0,LL,0,0,0,0,NONE,2026-04-28,9,LONDON,4701.24,4554.83,0,0,4623.23,4669.92,1,1,0,1,1,0,1.8,1.0,81,ALPHA,strict_alpha,49,,,ALPHA,ALPHA,81.0,0.01,10.0,15.291571428571492,SHORT,4626.39,4641.681571428572,4595.806857142858,0.6539550265785979,False,True,HIGH,sell,TREND_DOWN
2026-04-28 09:55:00,4626.39,4631.73,4625.35,4628.99,1519,4,0,1519,4626.39,2.5999999999994543,4636.248534660808,-0.7640562800852422,4659.51,4623.23,6.3799999999992,6.935714285714247,7.367000000000052,6.3799999999992,7.367000000000052,False,0,0,1,0,0,1,6.0,0,50,TREND_DOWN,73,False,False,,,4631.76,4623.23,4631.76,4623.23,0,0,0,NEUTRAL,0,0,0,0,NONE,2026-04-28,9,LONDON,4701.24,4554.83,0,0,4623.23,4669.92,1,1,0,0,0,0,1.0,1.0,56,,,31,,,NO_TRADE,NO_TRADE,0.0,0.0,0.0,12.484285714285644,SHORT,4628.99,4641.4742857142855,4604.021428571428,0.0,False,False,NONE,no_trade,TREND_DOWN
2026-04-28 10:00:00,4628.99,4639.28,4627.41,4639.06,1903,4,0,1903,4628.99,10.070000000000618,4636.516293264541,0.26775860373254545,4659.51,4623.23,11.86999999999989,7.415714285714265,7.7385000000000215,11.86999999999989,7.7385000000000215,True,0,1,0,0,0,1,5.0,0,50,TREND_UP,81,False,False,,,4631.76,4623.23,4631.76,4623.23,1,0,1,NEUTRAL,0,0,0,1,BREAK_RETEST,2026-04-28,10,LONDON,4701.24,4554.83,0,0,4623.23,4669.92,1,1,0,0,0,0,1.0,1.0,83,ALPHA,strict_alpha,43,,,ALPHA,ALPHA,83.0,0.01,10.0,16.314571428571384,LONG,4639.06,4622.745428571429,4671.689142857143,0.6129489851316106,False,True,HIGH,buy,TREND_UP
2026-04-28 10:05:00,4639.1,4639.45,4632.34,4633.9,1425,4,0,1425,4639.06,-5.160000000000764,4636.267122477441,-0.24917078709950147,4659.2,4623.23,7.109999999999673,7.719999999999994,7.982000000000016,7.109999999999673,7.982000000000016,False,0,0,0,0,0,0,6.0,0,50,RANGE,50,True,False,4639.45,,4639.45,4623.23,4631.76,4623.23,1,0,1,NEUTRAL,0,0,0,1,BREAK_RETEST,2026-04-28,10,LONDON,4701.24,4554.83,0,0,4623.23,4669.92,1,1,0,0,0,0,1.0,1.0,55,,,56,FLOW,exploratory,FLOW,FLOW,56.0,0.005,5.0,13.89599999999999,LONG,4633.9,4620.004,4661.692,0.3598157743235466,False,True,MEDIUM,buy,RANGE
2026-04-28 10:10:00,4633.9,4636.4,4632.14,4634.22,1530,4,0,1530,4633.9,0.32000000000061846,4636.072158431971,-0.19496404547044222,4658.5,4623.23,4.259999999999309,7.439999999999925,7.40649999999996,4.259999999999309,7.40649999999996,False,0,0,0,0,0,1,6.0,1,50,CHOPPY,40,False,False,,,4639.45,4623.23,4639.45,4623.23,0,0,0,NEUTRAL,0,0,0,0,NONE,2026-04-28,10,LONDON,4701.24,4554.83,0,0,4623.23,4669.92,1,1,0,0,1,0,1.0,1.0,28,,,38,,,NO_TRADE,NO_TRADE,0.0,0.0,0.0,13.391999999999864,LONG,4634.22,4620.828,4661.004,0.0,False,False,NONE,no_trade,CHOPPY
2026-04-28 10:15:00,4634.22,4634.87,4630.6,4632.62,1604,4,0,1604,4634.22,-1.6000000000003638,4635.74338143845,-0.32877699352047784,4644.58,4623.23,4.269999999999527,7.109285714285631,7.252499999999918,4.269999999999527,7.252499999999918,False,0,0,0,0,0,0,6.0,1,50,CHOPPY,40,False,False,,,4639.45,4623.23,4639.45,4623.23,0,0,0,NEUTRAL,0,0,0,0,NONE,2026-04-28,10,LONDON,4701.24,4554.83,0,0,4623.23,4669.72,1,1,0,0,0,0,1.0,1.0,18,,,28,,,NO_TRADE,NO_TRADE,0.0,0.0,0.0,12.796714285714136,LONG,4632.62,4619.823285714286,4658.213428571428,0.0,False,False,NONE,no_trade,CHOPPY
2026-04-28 10:20:00,4632.62,4633.77,4628.28,4629.87,1468,4,0,1468,4632.62,-2.75,4635.1840117776455,-0.5593696608048049,4642.96,4623.23,5.490000000000691,7.2157142857142516,6.8344999999999345,5.490000000000691,6.8344999999999345,False,0,0,0,0,0,0,5.0,0,50,RANGE,50,False,False,,,4639.45,4623.23,4639.45,4623.23,0,0,0,NEUTRAL,0,0,0,0,NONE,2026-04-28,10,LONDON,4701.24,4554.83,0,0,4623.23,4668.53,1,1,0,0,0,0,1.0,1.0,28,,,44,,,NO_TRADE,NO_TRADE,0.0,0.0,0.0,12.988285714285652,LONG,4629.87,4616.881714285714,4655.846571428571,0.0,False,False,NONE,no_trade,RANGE
2026-04-28 10:25:00,4629.86,4631.02,4627.28,4629.66,1435,4,0,1435,4629.87,-0.21000000000003638,4634.65791541787,-0.5260963597756927,4642.96,4623.23,3.740000000000691,6.89714285714282,6.691999999999962,3.740000000000691,6.691999999999962,False,0,0,1,0,0,0,4.0,1,50,TREND_DOWN,73,False,False,,,4639.45,4623.23,4639.45,4623.23,0,0,0,NEUTRAL,0,0,0,0,NONE,2026-04-28,10,LONDON,4701.24,4554.83,0,0,4623.23,4668.01,1,1,0,0,0,0,1.0,1.0,46,,,33,,,NO_TRADE,NO_TRADE,0.0,0.0,0.0,12.414857142857077,SHORT,4629.66,4642.074857142857,4604.830285714285,0.0,False,False,NONE,no_trade,TREND_DOWN
2026-04-28 10:30:00,4629.61,4635.31,4626.11,4627.0,1576,4,0,1576,4629.66,-2.6599999999998545,4633.928590139978,-0.7293252778918031,4642.96,4623.23,9.200000000000728,6.800714285714354,6.894500000000017,9.200000000000728,6.894500000000017,True,0,0,1,0,0,0,4.0,0,50,TREND_DOWN,81,True,True,4635.31,4626.11,4635.31,4626.11,4639.45,4623.23,0,0,0,LH,0,0,0,0,NONE,2026-04-28,10,LONDON,4701.24,4554.83,0,0,4623.23,4663.45,1,1,0,0,0,0,1.0,1.0,56,,,43,,,NO_TRADE,NO_TRADE,0.0,0.0,0.0,12.241285714285837,SHORT,4627.0,4639.241285714286,4602.517428571428,0.0,False,False,NONE,no_trade,TREND_DOWN
2026-04-28 10:35:00,4627.02,4630.36,4626.16,4627.8,1600,4,0,1600,4627.0,0.8000000000001819,4633.344914888552,-0.5836752514260297,4642.96,4623.23,4.199999999999818,6.488571428571504,6.962000000000034,4.199999999999818,6.962000000000034,False,0,0,1,0,0,1,4.0,1,50,TREND_DOWN,73,False,False,,,4635.31,4626.11,4635.31,4626.11,0,0,0,NEUTRAL,0,0,0,0,NONE,2026-04-28,10,LONDON,4701.24,4554.83,0,0,4623.23,4659.51,1,1,0,0,1,0,1.0,1.0,56,,,43,,,NO_TRADE,NO_TRADE,0.0,0.0,0.0,11.679428571428707,SHORT,4627.8,4639.479428571429,4604.441142857143,0.0,False,False,NONE,no_trade,TREND_DOWN
2026-04-28 10:40:00,4627.76,4633.42,4627.06,4629.37,1667,4,0,1667,4627.8,1.569999999999709,4632.966351565833,-0.37856332271894644,4642.96,4623.23,6.359999999999673,6.565714285714291,6.871000000000004,6.359999999999673,6.871000000000004,False,0,0,1,0,0,1,4.0,0,50,TREND_DOWN,73,True,False,4633.42,,4633.42,4626.11,4635.31,4626.11,0,0,0,LH,0,0,0,0,NONE,2026-04-28,10,LONDON,4701.24,4554.83,0,0,4623.23,4659.51,1,1,0,0,0,0,1.0,1.0,56,,,43,,,NO_TRADE,NO_TRADE,0.0,0.0,0.0,11.818285714285725,SHORT,4629.37,4641.1882857142855,4605.733428571429,0.0,False,False,NONE,no_trade,TREND_DOWN
2026-04-28 10:45:00,4629.37,4629.49,4626.23,4628.22,1513,4,0,1513,4629.37,-1.1499999999996362,4632.514318083373,-0.45203348246013775,4642.96,4623.23,3.2600000000002183,6.345714285714296,6.589000000000032,3.2600000000002183,6.589000000000032,False,0,0,1,0,0,0,5.0,1,50,TREND_DOWN,73,False,False,,,4633.42,4626.11,4633.42,4626.11,0,0,0,NEUTRAL,0,0,0,0,NONE,2026-04-28,10,LONDON,4701.24,4554.83,0,0,4623.23,4659.51,1,1,0,0,0,0,1.0,1.0,46,,,33,,,NO_TRADE,NO_TRADE,0.0,0.0,0.0,11.422285714285733,SHORT,4628.22,4639.642285714286,4605.3754285714285,0.0,False,False,NONE,no_trade,TREND_DOWN
2026-04-28 10:50:00,4628.22,4628.24,4623.52,4626.53,1469,4,0,1469,4628.22,-1.6900000000005093,4631.944383027814,-0.5699350555587444,4641.89,4623.23,4.719999999999345,6.236428571428535,6.625,4.719999999999345,6.625,False,0,0,1,0,0,0,4.0,1,50,TREND_DOWN,73,False,False,,,4633.42,4626.11,4633.42,4626.11,0,0,0,NEUTRAL,0,0,0,0,NONE,2026-04-28,10,LONDON,4701.24,4554.83,0,0,4623.23,4659.2,1,1,0,0,0,0,1.0,1.0,46,,,33,,,NO_TRADE,NO_TRADE,0.0,0.0,0.0,11.225571428571364,SHORT,4626.53,4637.755571428571,4604.078857142857,0.0,False,False,NONE,no_trade,TREND_DOWN
2026-04-28 10:55:00,4626.53,4633.62,4620.45,4633.28,2116,4,0,2116,4626.53,6.75,4632.071584644213,0.12720161639845173,4641.18,4623.23,13.170000000000073,6.611428571428535,6.873499999999967,13.170000000000073,6.873499999999967,True,0,1,0,0,1,1,4.0,0,50,REVERSAL,82,True,False,4633.62,,4633.62,4626.11,4633.42,4626.11,0,0,0,NEUTRAL,0,0,0,0,NONE,2026-04-28,10,LONDON,4701.24,4554.83,0,0,4620.45,4658.5,1,1,0,1,1,0,1.8,1.0,46,,,67,FLOW,exploratory,FLOW,FLOW,67.0,0.005,5.0,11.900571428571363,LONG,4633.28,4621.379428571428,4657.081142857142,0.42014789205800673,False,True,MEDIUM,buy,REVERSAL
2026-04-28 11:00:00,4633.28,4633.52,4617.39,4620.34,2585,4,0,2585,4633.28,-12.9399999999996,4630.9542908685735,-1.1172937756391548,4639.45,4620.45,16.13000000000011,7.154285714285639,7.152500000000009,16.13000000000011,7.152500000000009,True,0,0,1,1,1,0,4.0,0,50,BREAKOUT,85,False,False,,,4633.62,4626.11,4633.62,4626.11,0,1,1,NEUTRAL,0,0,0,1,BREAK_RETEST,2026-04-28,11,LONDON,4701.24,4554.83,0,0,4617.39,4644.58,1,1,0,1,0,0,1.8,1.0,63,,,69,FLOW,exploratory,FLOW,FLOW,69.0,0.005,5.0,12.87771428571415,LONG,4620.34,4607.462285714286,4646.095428571429,0.38826766063188195,False,True,MEDIUM,buy,BREAKOUT
2026-04-28 11:05:00,4620.29,4624.86,4615.93,4622.0,2162,4,0,2162,4620.34,1.6599999999998545,4630.101501262043,-0.8527896065306777,4639.45,4617.39,8.929999999999382,7.336428571428509,7.1704999999999925,8.929999999999382,7.1704999999999925,False,0,0,1,0,0,1,5.0,0,50,TREND_DOWN,73,False,False,,,4633.62,4626.11,4633.62,4626.11,0,1,1,NEUTRAL,0,0,0,1,BREAK_RETEST,2026-04-28,11,LONDON,4701.24,4554.83,0,0,4615.93,4642.96,1,1,0,1,1,0,1.8,1.0,93,ALPHA,strict_alpha,61,FLOW,exploratory,ALPHA,ALPHA,93.0,0.01,10.0,16.14014285714272,SHORT,4622.0,4638.140142857143,4589.719714285715,0.6195732025738894,False,True,ELITE,sell,TREND_DOWN
2026-04-28 11:10:00,4622.0,4623.38,4614.73,4620.23,2093,4,0,2093,4622.0,-1.7700000000004366,4629.161358284706,-0.9401429773370182,4639.45,4615.93,8.650000000000546,7.106428571428556,7.338999999999987,8.650000000000546,7.338999999999987,False,0,0,1,0,0,0,6.0,0,50,TREND_DOWN,73,False,True,,4614.73,4633.62,4614.73,4633.62,4626.11,0,1,1,NEUTRAL,0,0,0,1,BREAK_RETEST,2026-04-28,11,LONDON,4701.24,4554.83,0,0,4614.73,4642.96,1,1,0,1,0,0,1.8,1.0,83,ALPHA,strict_alpha,51,,,ALPHA,ALPHA,83.0,0.01,10.0,15.634142857142825,SHORT,4620.23,4635.864142857143,4588.961714285714,0.6396257275742664,False,True,HIGH,sell,TREND_DOWN
2026-04-28 11:15:00,4620.23,4623.74,4619.18,4621.83,1948,4,0,1948,4620.23,1.6000000000003638,4628.463133686162,-0.6982245985436748,4639.45,4614.73,4.559999999999491,6.924285714285686,7.249999999999955,4.559999999999491,7.249999999999955,False,0,0,1,0,0,1,7.0,1,50,TREND_DOWN,73,True,False,4623.74,,4623.74,4614.73,4633.62,4614.73,0,0,0,LH,0,0,0,0,NONE,2026-04-28,11,LONDON,4701.24,4554.83,0,0,4614.73,4642.96,1,1,0,0,1,0,1.0,1.0,56,,,55,FLOW,exploratory,FLOW,FLOW,55.0,0.005,5.0,12.463714285714236,SHORT,4621.83,4634.2937142857145,4596.902571428572,0.4011645233019295,False,True,MEDIUM,sell,TREND_DOWN
2026-04-28 11:20:00,4621.83,4623.52,4619.54,4621.39,1650,4,0,1650,4621.83,-0.4399999999995998,4627.789501906528,-0.673631779633979,4639.45,4614.73,3.980000000000473,6.904285714285769,7.1364999999999785,3.980000000000473,7.1364999999999785,False,0,0,1,0,0,0,7.0,1,50,TREND_DOWN,73,False,False,,,4623.74,4614.73,4623.74,4614.73,0,0,0,NEUTRAL,0,0,0,0,NONE,2026-04-28,11,LONDON,4701.24,4554.83,0,0,4614.73,4642.96,1,1,0,0,0,0,1.0,1.0,46,,,33,,,NO_TRADE,NO_TRADE,0.0,0.0,0.0,12.427714285714384,SHORT,4621.39,4633.817714285715,4596.534571428571,0.0,False,False,NONE,no_trade,TREND_DOWN
2026-04-28 11:25:00,4621.39,4627.03,4620.41,4626.85,1621,4,0,1621,4621.39,5.460000000000036,4627.700025534477,-0.08947637205073988,4639.45,4614.73,6.619999999999891,7.0721428571429374,7.071499999999969,6.619999999999891,7.071499999999969,False,0,0,0,0,0,1,8.0,0,50,RANGE,50,False,False,,,4623.74,4614.73,4623.74,4614.73,1,0,1,NEUTRAL,0,0,0,1,BREAK_RETEST,2026-04-28,11,LONDON,4701.24,4554.83,0,0,4614.73,4642.96,1,1,0,0,1,0,1.0,1.0,65,,,66,FLOW,exploratory,FLOW,FLOW,66.0,0.005,5.0,12.729857142857288,LONG,4626.85,4614.120142857143,4652.309714285715,0.3927773850003883,False,True,MEDIUM,buy,RANGE
2026-04-28 11:30:00,4626.85,4635.49,4626.6,4632.6,1946,4,0,1946,4626.85,5.75,4628.1666897692885,0.4666642348111054,4639.45,4614.73,8.889999999999418,7.31499999999999,7.089499999999907,8.889999999999418,7.089499999999907,True,0,1,0,0,0,1,7.0,0,50,TREND_UP,81,True,False,4635.49,,4635.49,4614.73,4623.74,4614.73,1,0,1,NEUTRAL,0,0,0,1,BREAK_RETEST,2026-04-28,11,LONDON,4701.24,4554.83,0,0,4614.73,4642.96,1,1,0,0,0,0,1.0,1.0,83,ALPHA,strict_alpha,43,,,ALPHA,ALPHA,83.0,0.01,10.0,16.09299999999998,LONG,4632.6,4616.5070000000005,4664.786,0.6213881811967945,False,True,HIGH,buy,TREND_UP
2026-04-28 11:35:00,4632.6,4632.69,4628.97,4629.18,1458,4,0,1458,4632.6,-3.4200000000000728,4628.263195505547,0.0965057362582229,4639.45,4614.73,3.719999999999345,7.313571428571322,6.956499999999915,3.719999999999345,6.956499999999915,False,0,1,0,0,0,0,8.0,1,50,TREND_UP,73,False,False,,,4635.49,4614.73,4635.49,4614.73,0,0,0,NEUTRAL,0,0,0,0,NONE,2026-04-28,11,LONDON,4701.24,4554.83,0,0,4614.73,4641.89,1,1,0,0,0,0,1.0,1.0,46,,,33,,,NO_TRADE,NO_TRADE,0.0,0.0,0.0,13.16442857142838,LONG,4629.18,4616.015571428572,4655.508857142857,0.0,False,False,NONE,no_trade,TREND_UP
2026-04-28 11:40:00,4629.18,4630.6,4626.9,4628.17,1429,4,0,1429,4629.18,-1.0100000000002183,4628.254319743114,-0.008875762432580814,4639.45,4614.73,3.7000000000007276,6.920714285714179,6.5479999999999565,3.7000000000007276,6.5479999999999565,False,0,0,0,0,0,0,7.0,1,50,CHOPPY,40,False,False,,,4635.49,4614.73,4635.49,4614.73,0,0,0,NEUTRAL,0,0,0,0,NONE,2026-04-28,11,LONDON,4701.24,4554.83,0,0,4614.73,4641.18,1,1,0,0,0,0,1.0,1.0,18,,,28,,,NO_TRADE,NO_TRADE,0.0,0.0,0.0,12.457285714285522,LONG,4628.17,4615.712714285714,4653.0845714285715,0.0,False,False,NONE,no_trade,CHOPPY
2026-04-28 11:45:00,4628.17,4629.27,4625.16,4625.99,1283,4,0,1283,4628.17,-2.180000000000291,4628.03867024377,-0.2156494993441811,4639.45,4614.73,4.110000000000582,6.914285714285662,6.3980000000000015,4.110000000000582,6.3980000000000015,False,0,0,0,0,0,0,6.0,1,50,CHOPPY,40,False,True,,4625.16,4635.49,4625.16,4635.49,4614.73,0,0,0,HL,0,0,0,0,NONE,2026-04-28,11,LONDON,4701.24,4554.83,0,0,4614.73,4639.45,1,1,0,0,0,0,1.0,1.0,18,,,40,,,NO_TRADE,NO_TRADE,0.0,0.0,0.0,12.445714285714192,LONG,4625.99,4613.544285714285,4650.881428571428,0.0,False,False,NONE,no_trade,CHOPPY
2026-04-28 11:50:00,4625.99,4629.41,4625.48,4627.51,1299,4,0,1299,4625.99,1.5200000000004366,4627.988320696744,-0.05034954702568939,4636.4,4614.73,3.930000000000291,6.740714285714278,6.381500000000051,3.930000000000291,6.381500000000051,False,0,0,0,0,0,1,6.0,1,50,CHOPPY,40,False,False,,,4635.49,4625.16,4635.49,4625.16,0,0,0,NEUTRAL,0,0,0,0,NONE,2026-04-28,11,LONDON,4701.24,4554.83,0,0,4614.73,4639.45,1,1,0,0,1,0,1.0,1.0,28,,,38,,,NO_TRADE,NO_TRADE,0.0,0.0,0.0,12.1332857142857,LONG,4627.51,4615.376714285714,4651.7765714285715,0.0,False,False,NONE,no_trade,CHOPPY
2026-04-28 11:55:00,4627.51,4630.72,4626.82,4629.69,1223,4,0,1223,4627.51,2.1799999999993815,4628.150385392293,0.16206469554890646,4635.49,4614.73,3.9000000000005457,6.786428571428587,6.363000000000102,3.9000000000005457,6.363000000000102,False,0,0,0,0,0,1,5.0,1,50,CHOPPY,40,True,False,4630.72,,4630.72,4625.16,4635.49,4625.16,0,0,0,LH,0,0,0,0,NONE,2026-04-28,11,LONDON,4701.24,4554.83,0,0,4614.73,4639.45,1,1,0,0,0,0,1.0,1.0,18,,,40,,,NO_TRADE,NO_TRADE,0.0,0.0,0.0,12.215571428571456,LONG,4629.69,4617.474428571428,4654.121142857142,0.0,False,False,NONE,no_trade,CHOPPY
2026-04-28 12:00:00,4629.69,4630.03,4621.62,4622.65,1598,4,0,1598,4629.69,-7.039999999999964,4627.626539164456,-0.5238462278375664,4635.49,4614.73,8.409999999999854,7.050000000000052,6.50900000000006,8.409999999999854,6.50900000000006,True,0,0,1,0,1,0,5.0,0,50,REVERSAL,82,False,False,,,4630.72,4625.16,4630.72,4625.16,0,1,1,NEUTRAL,0,0,0,1,BREAK_RETEST,2026-04-28,12,LONDON,4701.24,4554.83,0,0,4614.73,4639.45,1,1,0,0,0,0,1.0,1.0,63,,,61,FLOW,exploratory,FLOW,FLOW,61.0,0.005,5.0,12.690000000000094,LONG,4622.65,4609.959999999999,4648.03,0.3940110323089017,False,True,MEDIUM,buy,REVERSAL
2026-04-28 12:05:00,4622.65,4627.59,4621.44,4627.17,1496,4,0,1496,4622.65,4.520000000000437,4627.583059244031,-0.043479920424942975,4635.49,4614.73,6.150000000000546,6.548571428571514,6.629500000000053,6.150000000000546,6.629500000000053,False,0,0,1,0,0,1,5.0,0,50,TREND_DOWN,73,False,True,,4621.44,4630.72,4621.44,4630.72,4625.16,0,0,0,NEUTRAL,0,0,0,0,NONE,2026-04-28,12,LONDON,4701.24,4554.83,0,0,4614.73,4639.45,1,1,0,0,1,0,1.0,1.0,66,,,41,,,NO_TRADE,NO_TRADE,0.0,0.0,0.0,11.787428571428725,SHORT,4627.17,4638.957428571429,4603.5951428571425,0.0,False,False,NONE,no_trade,TREND_DOWN
2026-04-28 12:10:00,4627.18,4627.9,4624.15,4625.4,1402,4,0,1402,4627.17,-1.7700000000004366,4627.3751488398375,-0.20791040419317142,4635.49,4614.73,3.75,5.664285714285792,6.357000000000016,3.75,6.357000000000016,False,0,0,1,0,0,0,5.0,1,50,TREND_DOWN,73,True,False,4627.9,,4627.9,4621.44,4630.72,4621.44,0,0,0,LH,0,0,0,0,NONE,2026-04-28,12,LONDON,4701.24,4554.83,0,0,4614.73,4639.45,1,1,0,0,0,0,1.0,1.0,46,,,45,,,NO_TRADE,NO_TRADE,0.0,0.0,0.0,10.195714285714425,SHORT,4625.4,4635.595714285714,4605.008571428571,0.0,False,False,NONE,no_trade,TREND_DOWN
2026-04-28 12:15:00,4625.4,4625.8,4621.84,4622.06,1677,4,0,1677,4625.4,-3.339999999999236,4626.868944188424,-0.5062046514130998,4635.49,4614.73,3.9600000000000364,5.309285714285839,6.345000000000027,3.9600000000000364,6.345000000000027,False,0,0,1,0,0,0,5.0,1,50,TREND_DOWN,73,False,False,,,4627.9,4621.44,4627.9,4621.44,0,0,0,NEUTRAL,0,0,0,0,NONE,2026-04-28,12,LONDON,4701.24,4554.83,0,0,4614.73,4639.45,1,1,0,0,0,0,1.0,1.0,46,,,33,,,NO_TRADE,NO_TRADE,0.0,0.0,0.0,9.556714285714511,SHORT,4622.06,4631.616714285715,4602.946571428572,0.0,False,False,NONE,no_trade,TREND_DOWN
2026-04-28 12:20:00,4622.06,4622.23,4613.54,4616.1,1678,4,0,1678,4622.06,-5.960000000000036,4625.843330456193,-1.0256137322312497,4635.49,4614.73,8.6899999999996,5.312142857142915,6.461500000000024,8.6899999999996,6.461500000000024,True,0,0,1,0,0,0,4.0,0,50,TREND_DOWN,81,False,False,,,4627.9,4621.44,4627.9,4621.44,0,1,1,NEUTRAL,0,0,0,1,BREAK_RETEST,2026-04-28,12,LONDON,4701.24,4554.83,0,0,4613.54,4639.45,1,1,0,1,0,0,1.8,1.0,83,ALPHA,strict_alpha,51,,,ALPHA,ALPHA,83.0,0.01,10.0,11.686714285714412,SHORT,4616.1,4627.786714285715,4592.726571428571,0.8556724974635329,False,True,HIGH,sell,TREND_DOWN
2026-04-28 12:25:00,4616.1,4618.71,4612.92,4618.33,1646,4,0,1646,4616.1,2.2299999999995634,4625.127775174651,-0.7155552815420378,4635.49,4613.54,5.789999999999964,5.400000000000091,6.588000000000011,5.789999999999964,6.588000000000011,False,0,0,1,0,0,1,5.0,0,50,TREND_DOWN,73,False,False,,,4627.9,4621.44,4627.9,4621.44,0,1,1,NEUTRAL,0,0,0,1,BREAK_RETEST,2026-04-28,12,LONDON,4701.24,4554.83,0,0,4612.92,4639.45,1,1,0,1,1,0,1.8,1.0,93,ALPHA,strict_alpha,61,FLOW,exploratory,ALPHA,ALPHA,93.0,0.01,10.0,11.880000000000202,SHORT,4618.33,4630.21,4594.57,0.8417508417508275,False,True,ELITE,sell,TREND_DOWN
2026-04-28 12:30:00,4618.31,4619.11,4610.92,4611.85,1805,4,0,1805,4618.33,-6.479999999999563,4623.863225158018,-1.264550016632711,4635.49,4612.92,8.1899999999996,5.700714285714314,6.761500000000024,8.1899999999996,6.761500000000024,False,0,0,1,1,0,0,6.0,0,50,BREAKOUT,73,True,False,4619.11,,4619.11,4621.44,4627.9,4621.44,0,1,1,LH,0,0,0,1,BREAK_RETEST,2026-04-28,12,LONDON,4701.24,4554.83,0,0,4610.92,4639.45,1,1,0,1,0,0,1.8,1.0,63,,,81,FLOW,exploratory,FLOW,FLOW,81.0,0.005,5.0,10.261285714285766,LONG,4611.85,4601.588714285715,4632.372571428572,0.4872683734981668,False,True,HIGH,buy,BREAKOUT
2026-04-28 12:35:00,4611.84,4614.36,4609.67,4610.55,1809,4,0,1809,4611.85,-1.300000000000182,4622.595298952493,-1.2679262055253275,4635.49,4610.92,4.6899999999996,5.56285714285715,6.3375,4.6899999999996,6.3375,False,0,0,1,1,0,0,5.0,1,50,BREAKOUT,73,False,False,,,4619.11,4621.44,4619.11,4621.44,0,1,1,NEUTRAL,0,0,0,1,BREAK_RETEST,2026-04-28,12,LONDON,4701.24,4554.83,0,0,4609.67,4636.4,1,1,0,1,0,0,1.8,1.0,53,,,71,FLOW,exploratory,FLOW,FLOW,71.0,0.005,5.0,10.01314285714287,LONG,4610.55,4600.536857142857,4630.576285714286,0.4993437196827021,False,True,HIGH,buy,BREAKOUT
2026-04-28 12:40:00,4610.55,4613.73,4608.09,4613.73,1866,4,0,1866,4610.55,3.1799999999993815,4621.7509847665415,-0.844314185951589,4635.49,4609.67,5.639999999999418,5.3307142857142935,5.812999999999965,5.639999999999418,5.812999999999965,False,0,0,1,0,0,1,6.0,0,50,TREND_DOWN,73,False,True,,4608.09,4619.11,4608.09,4619.11,4621.44,0,1,1,NEUTRAL,0,0,0,1,BREAK_RETEST,2026-04-28,12,LONDON,4701.24,4554.83,0,0,4608.09,4635.49,1,1,0,1,1,0,1.8,1.0,93,ALPHA,strict_alpha,61,FLOW,exploratory,ALPHA,ALPHA,93.0,0.01,10.0,11.727571428571446,SHORT,4613.73,4625.457571428571,4590.2748571428565,0.8526914596859646,False,True,ELITE,sell,TREND_DOWN
2026-04-28 12:45:00,4613.73,4615.24,4608.5,4610.66,1771,4,0,1771,4613.73,-3.069999999999709,4620.6947005030615,-1.056284263479938,4635.49,4608.09,6.739999999999782,5.546428571428611,5.703499999999986,6.739999999999782,5.703499999999986,False,0,0,1,0,0,0,6.0,0,50,TREND_DOWN,73,True,False,4615.24,,4615.24,4608.09,4619.11,4608.09,0,0,0,LH,0,0,0,0,NONE,2026-04-28,12,LONDON,4701.24,4554.83,0,0,4608.09,4635.49,1,1,0,0,0,0,1.0,1.0,56,,,43,,,NO_TRADE,NO_TRADE,0.0,0.0,0.0,9.9835714285715,SHORT,4610.66,4620.643571428572,4590.692857142857,0.0,False,False,NONE,no_trade,TREND_DOWN
2026-04-28 12:50:00,4610.64,4612.94,4609.87,4611.32,1514,4,0,1514,4610.66,0.6599999999998545,4619.801871883722,-0.8928286193395252,4635.49,4608.09,3.069999999999709,5.501428571428538,5.424499999999943,3.069999999999709,5.424499999999943,False,0,0,1,0,0,1,6.0,1,50,TREND_DOWN,73,False,False,,,4615.24,4608.09,4615.24,4608.09,0,0,0,NEUTRAL,0,0,0,0,NONE,2026-04-28,12,LONDON,4701.24,4554.83,0,0,4608.09,4635.49,1,1,0,0,1,0,1.0,1.0,56,,,43,,,NO_TRADE,NO_TRADE,0.0,0.0,0.0,9.902571428571369,SHORT,4611.32,4621.222571428571,4591.514857142857,0.0,False,False,NONE,no_trade,TREND_DOWN
2026-04-28 12:55:00,4611.31,4611.87,4604.58,4604.87,1792,4,0,1792,4611.32,-6.449999999999818,4618.379788847177,-1.422083036544791,4635.49,4608.09,7.289999999999964,5.7285714285713505,5.560999999999967,7.289999999999964,5.560999999999967,True,0,0,1,1,1,0,6.0,0,50,BREAKOUT,85,False,False,,,4615.24,4608.09,4615.24,4608.09,0,1,1,NEUTRAL,0,0,0,1,BREAK_RETEST,2026-04-28,12,LONDON,4701.24,4554.83,0,0,4604.58,4635.49,1,1,0,1,0,0,1.8,1.0,63,,,69,FLOW,exploratory,FLOW,FLOW,69.0,0.005,5.0,10.311428571428431,LONG,4604.87,4594.558571428572,4625.492857142856,0.48489886395123966,False,True,MEDIUM,buy,BREAKOUT
2026-04-28 13:00:00,4604.87,4612.31,4604.56,4607.57,1646,4,0,1646,4604.87,2.699999999999818,4617.350285147446,-1.0295036997313218,4635.49,4604.58,7.75,6.001428571428472,5.749499999999943,7.75,5.749499999999943,True,0,0,1,0,1,1,7.0,0,50,REVERSAL,82,True,True,4612.31,4604.56,4612.31,4604.56,4615.24,4608.09,0,1,1,LL,0,0,0,1,BREAK_RETEST,2026-04-28,13,LONDON,4701.24,4554.83,0,0,4604.56,4635.49,1,1,0,1,1,0,1.8,1.0,88,ALPHA,strict_alpha,79,FLOW,exploratory,ALPHA,ALPHA,88.0,0.01,10.0,13.203142857142641,LONG,4607.57,4594.366857142857,4633.976285714285,0.7573954253316434,False,True,ELITE,buy,REVERSAL
2026-04-28 13:05:00,4607.57,4611.6,4605.96,4609.9,1520,4,0,1520,4607.57,2.3299999999999272,4616.640734181023,-0.709550966423194,4635.49,4604.56,5.640000000000327,6.125714285714172,5.700499999999965,5.640000000000327,5.700499999999965,False,0,0,1,0,0,1,7.0,0,50,TREND_DOWN,73,False,False,,,4612.31,4604.56,4612.31,4604.56,0,0,0,NEUTRAL,0,0,0,0,NONE,2026-04-28,13,LONDON,4701.24,4554.83,0,0,4604.56,4635.49,1,1,0,0,0,0,1.0,1.0,56,,,31,,,NO_TRADE,NO_TRADE,0.0,0.0,0.0,11.026285714285509,SHORT,4609.9,4620.926285714285,4587.847428571428,0.0,False,False,NONE,no_trade,TREND_DOWN
2026-04-28 13:10:00,4609.9,4613.62,4609.0,4612.69,1479,4,0,1479,4609.9,2.7899999999999636,4616.2644737828305,-0.3762603981922439,4635.49,4604.56,4.619999999999891,5.8549999999998885,5.486999999999989,4.619999999999891,5.486999999999989,False,0,0,0,0,0,1,6.0,0,50,RANGE,50,False,False,,,4612.31,4604.56,4612.31,4604.56,1,0,1,NEUTRAL,0,0,0,1,BREAK_RETEST,2026-04-28,13,LONDON,4701.24,4554.83,0,0,4604.56,4635.49,1,1,0,0,0,0,1.0,1.0,55,,,56,FLOW,exploratory,FLOW,FLOW,56.0,0.005,5.0,10.538999999999799,LONG,4612.69,4602.151,4633.767999999999,0.4744283138817815,False,True,MEDIUM,buy,RANGE
2026-04-28 13:15:00,4612.69,4615.66,4610.84,4614.58,1518,4,0,1518,4612.69,1.8900000000003274,4616.104047708275,-0.16042607455528923,4632.69,4604.56,4.819999999999709,5.759999999999828,5.542000000000007,4.819999999999709,5.542000000000007,False,0,0,0,0,0,1,5.0,0,50,RANGE,50,False,False,,,4612.31,4604.56,4612.31,4604.56,1,0,1,NEUTRAL,0,0,0,1,BREAK_RETEST,2026-04-28,13,LONDON,4701.24,4554.83,0,0,4604.56,4635.49,1,1,0,0,0,0,1.0,1.0,55,,,56,FLOW,exploratory,FLOW,FLOW,56.0,0.005,5.0,10.367999999999691,LONG,4614.58,4604.212,4635.315999999999,0.48225308641976744,False,True,MEDIUM,buy,RANGE
2026-04-28 13:20:00,4614.57,4616.49,4611.79,4612.7,1453,4,0,1453,4614.58,-1.8800000000001091,4615.77985268844,-0.3241950198353152,4630.72,4604.56,4.699999999999818,5.827857142856958,5.5919999999999614,4.699999999999818,5.5919999999999614,False,0,0,0,0,0,0,6.0,0,50,RANGE,50,True,False,4616.49,,4616.49,4604.56,4612.31,4604.56,1,0,1,NEUTRAL,0,0,0,1,BREAK_RETEST,2026-04-28,13,LONDON,4701.24,4554.83,0,0,4604.56,4635.49,1,1,0,0,0,0,1.0,1.0,55,,,56,FLOW,exploratory,FLOW,FLOW,56.0,0.005,5.0,10.490142857142525,LONG,4612.7,4602.209857142857,4633.680285714285,0.47663793220848294,False,True,MEDIUM,buy,RANGE
2026-04-28 13:25:00,4612.7,4613.47,4610.9,4611.6,1188,4,0,1188,4612.7,-1.0999999999994543,4615.381771480017,-0.39808120842280914,4630.72,4604.56,2.5700000000006185,5.728571428571286,5.514999999999963,2.5700000000006185,5.514999999999963,False,0,0,0,0,0,0,5.0,1,50,CHOPPY,40,False,True,,4610.9,4616.49,4610.9,4616.49,4604.56,0,0,0,HL,0,0,0,0,NONE,2026-04-28,13,LONDON,4701.24,4554.83,0,0,4604.56,4635.49,1,1,0,0,0,0,1.0,1.0,18,,,40,,,NO_TRADE,NO_TRADE,0.0,0.0,0.0,10.311428571428314,LONG,4611.6,4601.288571428572,4632.222857142857,0.0,False,False,NONE,no_trade,CHOPPY
2026-04-28 13:30:00,4611.54,4614.92,4610.94,4612.39,1302,4,0,1302,4611.6,0.7899999999999636,4615.096840862872,-0.2849306171447097,4630.72,4604.56,3.980000000000473,5.392142857142777,5.5174999999999725,3.980000000000473,5.5174999999999725,False,0,0,0,0,0,1,5.0,1,50,CHOPPY,40,False,False,,,4616.49,4610.9,4616.49,4610.9,0,0,0,NEUTRAL,0,0,0,0,NONE,2026-04-28,13,LONDON,4701.24,4554.83,0,0,4604.56,4635.49,1,1,0,0,1,0,1.0,1.0,28,,,38,,,NO_TRADE,NO_TRADE,0.0,0.0,0.0,9.705857142856999,LONG,4612.39,4602.684142857143,4631.801714285714,0.0,False,False,NONE,no_trade,CHOPPY
2026-04-28 13:35:00,4612.39,4615.18,4611.98,4614.69,1326,4,0,1326,4612.39,2.2999999999992724,4615.058094114028,-0.038746748844459944,4630.72,4604.56,3.2000000000007276,5.2071428571428315,5.482499999999982,3.2000000000007276,5.482499999999982,False,0,0,0,0,0,1,4.0,1,50,CHOPPY,40,False,False,,,4616.49,4610.9,4616.49,4610.9,0,0,0,NEUTRAL,0,0,0,0,NONE,2026-04-28,13,LONDON,4701.24,4554.83,0,0,4604.56,4635.49,1,1,0,0,0,0,1.0,1.0,18,,,28,,,NO_TRADE,NO_TRADE,0.0,0.0,0.0,9.372857142857097,LONG,4614.69,4605.317142857142,4633.435714285713,0.0,False,False,NONE,no_trade,CHOPPY
2026-04-28 13:40:00,4614.69,4615.88,4612.73,4613.19,1238,4,0,1238,4614.69,-1.5,4614.880180388882,-0.177913725146027,4630.03,4604.56,3.1500000000005457,4.847142857142899,5.219500000000016,3.1500000000005457,5.219500000000016,False,0,0,1,0,0,0,4.0,1,50,TREND_DOWN,73,True,False,4615.88,,4615.88,4610.9,4616.49,4610.9,0,0,0,LH,0,1,0,0,DOUBLE_TOP,2026-04-28,13,LONDON,4701.24,4554.83,0,0,4604.56,4635.49,1,1,0,0,0,0,1.0,1.0,56,,,57,FLOW,exploratory,FLOW,FLOW,57.0,0.005,5.0,8.724857142857218,SHORT,4613.19,4621.914857142857,4595.740285714285,0.5730752857189589,False,True,MEDIUM,sell,TREND_DOWN
2026-04-28 13:45:00,4613.19,4615.54,4611.05,4613.49,1540,4,0,1540,4613.19,0.3000000000001819,4614.747782256608,-0.13239813227392006,4627.9,4604.56,4.489999999999782,4.832857142857198,5.1364999999999785,4.489999999999782,5.1364999999999785,False,0,0,0,0,0,1,4.0,0,50,RANGE,50,False,False,,,4615.88,4610.9,4615.88,4610.9,0,0,0,NEUTRAL,0,0,0,0,NONE,2026-04-28,13,LONDON,4701.24,4554.83,0,0,4604.56,4635.49,1,1,0,0,1,0,1.0,1.0,38,,,54,,,NO_TRADE,NO_TRADE,0.0,0.0,0.0,8.699142857142956,LONG,4613.49,4604.790857142857,4630.888285714285,0.0,False,False,NONE,no_trade,RANGE
2026-04-28 13:50:00,4613.48,4614.15,4608.2,4609.54,1460,4,0,1460,4613.49,-3.949999999999818,4614.251802994074,-0.4959792625340924,4627.9,4604.56,5.949999999999818,4.855000000000083,5.246499999999969,5.949999999999818,5.246499999999969,False,0,0,1,0,0,0,5.0,0,50,TREND_DOWN,73,False,False,,,4615.88,4610.9,4615.88,4610.9,0,1,1,NEUTRAL,0,0,0,1,BREAK_RETEST,2026-04-28,13,LONDON,4701.24,4554.83,0,0,4604.56,4635.49,1,1,0,0,0,0,1.0,1.0,83,ALPHA,strict_alpha,43,,,ALPHA,ALPHA,83.0,0.01,10.0,10.681000000000184,SHORT,4609.54,4620.2210000000005,4588.178,0.9362419249133815,False,True,HIGH,sell,TREND_DOWN
2026-04-28 13:55:00,4609.54,4610.1,4603.07,4603.2,1915,4,0,1915,4609.54,-6.3400000000001455,4613.199250327972,-1.0525526661022013,4625.8,4604.56,7.030000000000655,4.875714285714431,5.4,7.030000000000655,5.4,True,0,0,1,1,0,0,5.0,0,50,BREAKOUT,81,False,False,,,4615.88,4610.9,4615.88,4610.9,0,1,1,NEUTRAL,0,0,0,1,BREAK_RETEST,2026-04-28,13,LONDON,4701.24,4554.83,0,0,4603.07,4635.49,1,1,0,1,0,0,1.8,1.0,63,,,69,FLOW,exploratory,FLOW,FLOW,69.0,0.005,5.0,8.776285714285976,LONG,4603.2,4594.423714285714,4620.752571428572,0.5697170947683523,False,True,MEDIUM,buy,BREAKOUT
2026-04-28 14:00:00,4603.2,4608.73,4601.82,4605.43,2168,4,0,2168,4603.2,2.230000000000473,4612.459321725308,-0.7399286026638947,4622.23,4603.07,6.9099999999998545,5.150000000000156,5.311000000000012,6.9099999999998545,5.311000000000012,True,0,0,1,0,1,1,6.0,0,50,REVERSAL,82,False,False,,,4615.88,4610.9,4615.88,4610.9,0,1,1,NEUTRAL,0,0,0,1,BREAK_RETEST,2026-04-28,14,LONDON,4701.24,4554.83,0,0,4601.82,4632.69,1,1,0,1,1,0,1.8,1.0,73,,,79,FLOW,exploratory,FLOW,FLOW,79.0,0.005,5.0,9.27000000000028,LONG,4605.43,4596.16,4623.970000000001,0.5393743257820764,False,True,HIGH,buy,REVERSAL
2026-04-28 14:05:00,4605.56,4606.25,4600.82,4601.99,1912,4,0,1912,4605.43,-3.4400000000005093,4611.462243465754,-0.9970782595537457,4619.11,4601.82,5.430000000000291,5.017142857143036,5.2930000000000295,5.430000000000291,5.2930000000000295,False,0,0,1,0,0,0,6.0,0,50,TREND_DOWN,73,False,False,,,4615.88,4610.9,4615.88,4610.9,0,1,1,NEUTRAL,0,0,0,1,BREAK_RETEST,2026-04-28,14,LONDON,4701.24,4554.83,0,0,4600.82,4630.72,1,1,0,1,0,0,1.8,1.0,83,ALPHA,strict_alpha,51,,,ALPHA,ALPHA,83.0,0.01,10.0,11.037714285714681,SHORT,4601.99,4613.027714285715,4579.9145714285705,0.9059846759163063,False,True,HIGH,sell,TREND_DOWN
2026-04-28 14:10:00,4601.99,4602.4,4597.84,4598.54,1838,4,0,1838,4601.99,-3.449999999999818,4610.231553611872,-1.2306898538818132,4619.11,4600.82,4.559999999999491,4.789285714285858,5.1115000000000235,4.559999999999491,5.1115000000000235,False,0,0,1,1,0,0,6.0,0,50,BREAKOUT,73,False,False,,,4615.88,4610.9,4615.88,4610.9,0,1,1,NEUTRAL,0,0,0,1,BREAK_RETEST,2026-04-28,14,LONDON,4701.24,4554.83,0,0,4597.84,4630.72,1,1,0,1,0,0,1.8,1.0,63,,,69,FLOW,exploratory,FLOW,FLOW,69.0,0.005,5.0,8.620714285714543,LONG,4598.54,4589.919285714285,4615.781428571429,0.5799983428618602,False,True,MEDIUM,buy,BREAKOUT
2026-04-28 14:15:00,4598.54,4600.47,4595.7,4597.3,1960,4,0,1960,4598.54,-1.2399999999997817,4608.9999770774075,-1.2315765344646934,4616.49,4597.84,4.770000000000437,4.727142857143008,5.115500000000066,4.770000000000437,5.115500000000066,False,0,0,1,1,0,0,5.0,0,50,BREAKOUT,73,False,False,,,4615.88,4610.9,4615.88,4610.9,0,1,1,NEUTRAL,0,0,0,1,BREAK_RETEST,2026-04-28,14,LONDON,4701.24,4554.83,0,0,4595.7,4630.72,1,1,0,1,0,0,1.8,1.0,63,,,69,FLOW,exploratory,FLOW,FLOW,69.0,0.005,5.0,8.508857142857414,LONG,4597.3,4588.791142857142,4614.317714285715,0.5876229810953105,False,True,MEDIUM,buy,BREAKOUT
2026-04-28 14:20:00,4597.29,4604.19,4594.09,4601.79,2006,4,0,2006,4597.3,4.489999999999782,4608.313312593845,-0.6866644835627085,4616.49,4595.7,10.099999999999454,5.118571428571548,5.338500000000067,10.099999999999454,5.338500000000067,True,0,0,1,0,1,1,6.0,0,50,REVERSAL,82,True,True,4604.19,4594.09,4604.19,4594.09,4615.88,4610.9,0,1,1,LL,0,0,0,1,BREAK_RETEST,2026-04-28,14,LONDON,4701.24,4554.83,0,0,4594.09,4630.72,1,1,0,1,1,0,1.8,1.0,88,ALPHA,strict_alpha,79,FLOW,exploratory,ALPHA,ALPHA,88.0,0.01,10.0,11.260857142857407,LONG,4601.79,4590.529142857143,4624.3117142857145,0.8880318676578586,False,True,ELITE,buy,REVERSAL
2026-04-28 14:25:00,4601.79,4603.24,4598.29,4599.42,1579,4,0,1579,4601.79,-2.369999999999891,4607.46633044205,-0.8469821517946912,4616.49,4594.09,4.949999999999818,5.127857142857271,5.249000000000069,4.949999999999818,5.249000000000069,False,0,0,1,0,0,0,6.0,0,50,TREND_DOWN,73,False,False,,,4604.19,4594.09,4604.19,4594.09,0,0,0,NEUTRAL,0,0,0,0,NONE,2026-04-28,14,LONDON,4701.24,4554.83,0,0,4594.09,4630.03,1,1,0,0,0,0,1.0,1.0,56,,,31,,,NO_TRADE,NO_TRADE,0.0,0.0,0.0,9.230142857143088,SHORT,4599.42,4608.650142857143,4580.959714285714,0.0,False,False,NONE,no_trade,TREND_DOWN
2026-04-28 14:30:00,4599.42,4599.83,4588.96,4590.78,2175,4,0,2175,4599.42,-8.640000000000327,4605.877156114236,-1.5891743278143622,4616.49,4594.09,10.86999999999989,5.568571428571561,5.639000000000078,10.86999999999989,5.639000000000078,True,0,0,1,1,0,0,5.0,0,50,BREAKOUT,81,False,False,,,4604.19,4594.09,4604.19,4594.09,0,1,1,NEUTRAL,0,0,0,1,BREAK_RETEST,2026-04-28,14,LONDON,4701.24,4554.83,0,0,4588.96,4627.9,1,1,0,1,0,0,1.8,1.0,63,,,69,FLOW,exploratory,FLOW,FLOW,69.0,0.005,5.0,10.02342857142881,LONG,4590.78,4580.756571428571,4610.826857142857,0.49883130950343724,False,True,MEDIUM,buy,BREAKOUT
2026-04-28 14:35:00,4590.78,4591.63,4568.82,4569.92,3472,4,0,3472,4590.78,-20.859999999999673,4602.452665055737,-3.424491058498461,4616.49,4588.96,22.8100000000004,7.0142857142858315,6.4150000000001,22.8100000000004,6.4150000000001,True,0,0,1,1,0,0,4.0,0,50,BREAKOUT,81,False,False,,,4604.19,4594.09,4604.19,4594.09,0,1,1,NEUTRAL,0,0,0,1,BREAK_RETEST,2026-04-28,14,LONDON,4701.24,4554.83,0,0,4568.82,4627.9,1,0,0,1,0,0,1.8,0.0,53,,,69,FLOW,exploratory,FLOW,FLOW,69.0,0.005,5.0,12.625714285714498,LONG,4569.92,4557.294285714285,4595.171428571429,0.39601719846118366,False,True,MEDIUM,buy,BREAKOUT
2026-04-28 14:40:00,4569.92,4574.8,4568.17,4572.07,2658,4,0,2658,4569.92,2.149999999999636,4599.559077907572,-2.893587148165352,4616.49,4568.82,6.630000000000109,7.20357142857152,6.359000000000106,6.630000000000109,6.359000000000106,False,0,0,1,0,0,1,5.0,0,50,TREND_DOWN,73,False,False,,,4604.19,4594.09,4604.19,4594.09,0,1,1,NEUTRAL,0,0,0,1,BREAK_RETEST,2026-04-28,14,LONDON,4701.24,4554.83,0,0,4568.17,4625.8,1,0,0,1,1,0,1.8,0.0,83,ALPHA,strict_alpha,61,FLOW,exploratory,ALPHA,ALPHA,83.0,0.01,10.0,15.847857142857345,SHORT,4572.07,4587.917857142857,4540.374285714285,0.6310001352143066,False,True,HIGH,sell,TREND_DOWN
2026-04-28 14:45:00,4572.07,4574.07,4558.43,4558.98,3154,4,0,3154,4572.07,-13.090000000000146,4595.694403821137,-3.864674086435116,4616.49,4568.17,15.639999999999418,8.092142857142855,6.85900000000006,15.639999999999418,6.85900000000006,True,0,0,1,1,1,0,5.0,0,50,BREAKOUT,85,False,False,,,4604.19,4594.09,4604.19,4594.09,0,1,1,NEUTRAL,0,0,0,1,BREAK_RETEST,2026-04-28,14,LONDON,4701.24,4554.83,0,0,4558.43,4622.23,1,0,0,1,0,0,1.8,0.0,53,,,69,FLOW,exploratory,FLOW,FLOW,69.0,0.005,5.0,14.56585714285714,LONG,4558.98,4544.414142857142,4588.111714285714,0.3432685046243172,False,True,MEDIUM,buy,BREAKOUT
2026-04-28 14:50:00,4558.98,4563.18,4555.49,4559.29,2978,4,0,2978,4558.98,0.3100000000004002,4592.227317742933,-3.467086078203465,4616.49,4558.43,7.690000000000509,8.416428571428566,7.012500000000091,7.690000000000509,7.012500000000091,False,0,0,1,0,0,1,5.0,0,50,TREND_DOWN,73,False,True,,4555.49,4604.19,4555.49,4604.19,4594.09,0,1,1,NEUTRAL,0,0,0,0,NONE,2026-04-28,14,LONDON,4701.24,4554.83,0,0,4555.49,4619.11,1,0,0,1,1,0,1.8,0.0,71,,,49,,,NO_TRADE,NO_TRADE,0.0,0.0,0.0,15.14957142857142,SHORT,4559.29,4574.439571428571,4528.990857142857,0.0,False,False,NONE,no_trade,TREND_DOWN
2026-04-28 14:55:00,4559.39,4564.29,4558.23,4562.55,2030,4,0,2030,4559.29,3.2600000000002183,4589.40090652932,-2.826411213613028,4616.49,4555.49,6.0600000000004,8.528571428571468,7.074500000000126,6.0600000000004,7.074500000000126,False,0,0,1,0,0,1,5.0,0,50,TREND_DOWN,73,False,False,,,4604.19,4555.49,4604.19,4555.49,0,0,0,NEUTRAL,0,0,0,0,NONE,2026-04-28,14,LONDON,4701.24,4554.83,0,0,4555.49,4619.11,1,0,0,0,0,0,1.0,0.0,46,,,31,,,NO_TRADE,NO_TRADE,0.0,0.0,0.0,15.351428571428642,SHORT,4562.55,4577.901428571429,4531.847142857143,0.0,False,False,NONE,no_trade,TREND_DOWN
2026-04-28 15:00:00,4562.55,4570.12,4554.83,4569.23,2893,4,0,2893,4562.55,6.6799999999993815,4587.479867812242,-1.9210387170778631,4616.49,4555.49,15.289999999999964,9.195714285714335,7.604000000000132,15.289999999999964,7.604000000000132,True,0,0,1,0,0,1,5.0,0,50,TREND_DOWN,81,False,True,,4554.83,4604.19,4554.83,4604.19,4555.49,0,0,0,NEUTRAL,0,0,1,0,DOUBLE_BOTTOM,2026-04-28,15,LONDON,4701.24,4554.83,0,1,4554.83,4616.49,1,0,0,1,0,0,2.3,0.0,56,,,51,,,NO_TRADE,NO_TRADE,0.0,0.0,0.0,16.5522857142858,SHORT,4569.23,4585.7822857142855,4536.125428571428,0.0,False,False,NONE,no_trade,TREND_DOWN
2026-04-28 15:05:00,4569.23,4573.74,4567.36,4570.06,2210,4,0,2210,4569.23,0.8300000000008367,4585.820832782505,-1.6590350297374243,4615.88,4554.83,6.380000000000109,9.149285714285725,7.794500000000108,6.380000000000109,7.794500000000108,False,0,0,1,0,0,1,4.0,0,50,TREND_DOWN,73,False,False,,,4604.19,4554.83,4604.19,4554.83,0,0,0,NEUTRAL,0,0,0,0,NONE,2026-04-28,15,LONDON,4701.24,4554.83,0,0,4554.83,4616.49,1,0,0,0,0,0,1.0,0.0,46,,,31,,,NO_TRADE,NO_TRADE,0.0,0.0,0.0,16.468714285714306,SHORT,4570.06,4586.528714285715,4537.122571428572,0.0,False,False,NONE,no_trade,TREND_DOWN
2026-04-28 15:10:00,4570.06,4581.64,4569.76,4581.53,2479,4,0,2479,4570.06,11.469999999999345,4585.412182041314,-0.40865074119119527,4615.88,4554.83,11.88000000000011,9.504285714285743,8.18950000000009,11.88000000000011,8.18950000000009,True,0,0,0,0,0,1,3.0,0,50,RANGE,58,False,False,,,4604.19,4554.83,4604.19,4554.83,0,0,0,NEUTRAL,0,0,0,0,NONE,2026-04-28,15,LONDON,4701.24,4554.83,0,0,4554.83,4616.49,1,1,0,0,0,0,1.0,1.0,28,,,49,,,NO_TRADE,NO_TRADE,0.0,0.0,0.0,17.107714285714337,LONG,4581.53,4564.422285714285,4615.745428571428,0.0,False,False,NONE,no_trade,RANGE
2026-04-28 15:15:00,4581.53,4586.92,4577.69,4579.28,2368,4,0,2368,4581.53,-2.25,4584.828164704046,-0.584017337268051,4615.88,4554.83,9.230000000000473,9.775714285714328,8.491000000000076,9.230000000000473,8.491000000000076,False,0,0,0,0,0,0,4.0,0,50,RANGE,50,False,False,,,4604.19,4554.83,4604.19,4554.83,0,0,0,NEUTRAL,0,0,0,0,NONE,2026-04-28,15,LONDON,4701.24,4554.83,0,0,4554.83,4616.49,1,1,0,0,0,0,1.0,1.0,28,,,44,,,NO_TRADE,NO_TRADE,0.0,0.0,0.0,17.59628571428579,LONG,4579.28,4561.683714285714,4614.472571428571,0.0,False,False,NONE,no_trade,RANGE
2026-04-28 15:20:00,4579.29,4598.01,4576.53,4577.9,3285,4,0,3285,4579.28,-1.3800000000001091,4584.1683394941365,-0.6598252099092861,4615.88,4554.83,21.480000000000473,10.984285714285827,9.407500000000073,21.480000000000473,9.407500000000073,True,0,0,0,0,0,0,4.0,0,50,RANGE,58,True,False,4598.01,,4598.01,4554.83,4604.19,4554.83,0,0,0,LH,0,0,0,0,NONE,2026-04-28,15,LONDON,4701.24,4554.83,0,0,4554.83,4616.49,1,1,0,0,0,0,1.0,1.0,28,,,61,FLOW,exploratory,FLOW,FLOW,61.0,0.005,5.0,19.771714285714488,LONG,4577.9,4558.128285714285,4617.443428571429,0.252886518980937,False,True,MEDIUM,buy,RANGE
2026-04-28 15:25:00,4577.9,4581.52,4573.79,4580.2,2292,4,0,2292,4577.9,2.300000000000182,4583.790402399457,-0.37793709467950976,4615.54,4554.83,7.730000000000473,11.1957142857144,9.569500000000108,7.730000000000473,9.569500000000108,False,0,0,0,0,0,1,4.0,0,50,RANGE,50,False,False,,,4598.01,4554.83,4598.01,4554.83,0,0,0,NEUTRAL,0,0,0,0,NONE,2026-04-28,15,LONDON,4701.24,4554.83,0,0,4554.83,4616.49,1,1,0,0,1,0,1.0,1.0,38,,,54,,,NO_TRADE,NO_TRADE,0.0,0.0,0.0,20.15228571428592,LONG,4580.2,4560.0477142857135,4620.504571428572,0.0,False,False,NONE,no_trade,RANGE
2026-04-28 15:30:00,4580.2,4582.19,4570.64,4579.06,2141,4,0,2141,4580.2,-1.139999999999418,4583.339887885223,-0.45051451423387334,4614.15,4554.83,11.549999999999272,11.299285714285816,9.84950000000008,11.549999999999272,9.84950000000008,False,0,0,0,0,0,0,4.0,0,50,RANGE,50,False,True,,4570.64,4598.01,4570.64,4598.01,4554.83,0,0,0,HL,0,0,0,0,NONE,2026-04-28,15,LONDON,4701.24,4554.83,0,0,4554.83,4616.49,1,1,0,0,0,0,1.0,1.0,28,,,56,FLOW,exploratory,FLOW,FLOW,56.0,0.005,5.0,20.33871428571447,LONG,4579.06,4558.721285714286,4619.7374285714295,0.2458365818881632,False,True,MEDIUM,buy,RANGE
2026-04-28 15:35:00,4579.06,4585.71,4578.98,4583.86,2003,4,0,2003,4579.06,4.799999999999272,4583.389422372345,0.04953448712149111,4610.1,4554.83,6.730000000000473,11.426428571428719,9.834500000000071,6.730000000000473,9.834500000000071,False,0,1,0,0,0,1,4.0,1,50,TREND_UP,73,False,False,,,4598.01,4570.64,4598.01,4570.64,0,0,0,NEUTRAL,0,0,0,0,NONE,2026-04-28,15,LONDON,4701.24,4554.83,0,0,4554.83,4616.49,1,1,0,0,1,0,1.0,1.0,56,,,43,,,NO_TRADE,NO_TRADE,0.0,0.0,0.0,20.567571428571696,LONG,4583.86,4563.292428571428,4624.995142857143,0.0,False,False,NONE,no_trade,TREND_UP
2026-04-28 15:40:00,4583.86,4588.81,4582.78,4587.02,2061,4,0,2061,4583.86,3.160000000000764,4583.735191670216,0.34576929787181143,4608.73,4554.83,6.030000000000655,11.080714285714489,9.790500000000112,6.030000000000655,9.790500000000112,False,0,1,0,0,0,1,4.0,1,50,TREND_UP,73,False,False,,,4598.01,4570.64,4598.01,4570.64,0,0,0,NEUTRAL,0,0,0,0,NONE,2026-04-28,15,LONDON,4701.24,4554.83,0,0,4554.83,4616.49,1,1,0,0,0,0,1.0,1.0,46,,,33,,,NO_TRADE,NO_TRADE,0.0,0.0,0.0,19.94528571428608,LONG,4587.02,4567.074714285714,4626.910571428572,0.0,False,False,NONE,no_trade,TREND_UP
2026-04-28 15:45:00,4587.02,4599.55,4584.46,4599.12,2068,4,0,2068,4587.02,12.099999999999454,4585.200411511149,1.46521984093215,4606.25,4554.83,15.090000000000146,10.5292857142859,10.273500000000103,15.090000000000146,10.273500000000103,True,0,1,0,0,0,1,4.0,0,50,TREND_UP,81,False,False,,,4598.01,4570.64,4598.01,4570.64,1,0,1,NEUTRAL,0,0,0,1,BREAK_RETEST,2026-04-28,15,LONDON,4701.24,4554.83,0,0,4554.83,4616.49,1,1,0,0,0,0,1.0,1.0,83,ALPHA,strict_alpha,43,,,ALPHA,ALPHA,83.0,0.01,10.0,23.16442857142898,LONG,4599.12,4575.955571428571,4645.448857142858,0.43169638176760405,False,True,HIGH,buy,TREND_UP
2026-04-28 15:50:00,4599.16,4600.16,4593.26,4594.6,2163,4,0,2163,4599.12,-4.519999999999527,4586.095610414848,0.8951989036995656,4604.19,4554.83,6.899999999999636,10.548571428571579,10.390500000000111,6.899999999999636,10.390500000000111,False,0,1,0,0,0,0,5.0,1,50,TREND_UP,73,True,False,4600.16,,4600.16,4570.64,4598.01,4570.64,0,0,0,NEUTRAL,0,0,0,0,NONE,2026-04-28,15,LONDON,4701.24,4554.83,0,0,4554.83,4615.88,1,1,0,0,0,0,1.0,1.0,46,,,33,,,NO_TRADE,NO_TRADE,0.0,0.0,0.0,18.987428571428843,LONG,4594.6,4575.612571428572,4632.5748571428585,0.0,False,False,NONE,no_trade,TREND_UP
2026-04-28 15:55:00,4594.9,4600.02,4592.01,4593.78,2081,4,0,2081,4594.6,-0.8200000000006185,4586.827457042006,0.7318466271581201,4604.19,4554.83,8.010000000000218,10.003571428571636,10.5525000000001,8.010000000000218,10.5525000000001,False,0,1,0,0,0,0,5.0,1,50,TREND_UP,73,False,False,,,4600.16,4570.64,4600.16,4570.64,0,0,0,NEUTRAL,0,0,0,0,NONE,2026-04-28,15,LONDON,4701.24,4554.83,0,0,4554.83,4615.88,1,1,0,0,0,0,1.0,1.0,46,,,33,,,NO_TRADE,NO_TRADE,0.0,0.0,0.0,18.006428571428945,LONG,4593.78,4575.773571428571,4629.792857142857,0.0,False,False,NONE,no_trade,TREND_UP
2026-04-28 16:00:00,4593.78,4594.67,4584.24,4584.29,2461,4,0,2461,4593.78,-9.489999999999782,4586.585794466577,-0.24166257542947278,4604.19,4554.83,10.430000000000291,10.199285714285907,10.569000000000141,10.430000000000291,10.569000000000141,False,0,0,0,0,0,0,4.0,0,50,RANGE,50,False,False,,,4600.16,4570.64,4600.16,4570.64,0,0,0,NEUTRAL,0,0,0,0,NONE,2026-04-28,16,NEW_YORK,4701.24,4554.83,0,0,4554.83,4615.88,1,1,0,0,0,0,1.0,1.0,28,,,44,,,NO_TRADE,NO_TRADE,0.0,0.0,0.0,18.358714285714633,LONG,4584.29,4565.931285714285,4621.007428571429,0.0,False,False,NONE,no_trade,RANGE
2026-04-28 16:05:00,4584.29,4584.31,4571.39,4573.11,2500,4,0,2500,4584.29,-11.180000000000291,4585.30238546976,-1.2834089968164335,4603.24,4554.83,12.920000000000073,10.689285714285884,10.967500000000154,12.920000000000073,10.967500000000154,False,0,0,1,0,0,0,4.0,0,50,TREND_DOWN,73,False,False,,,4600.16,4570.64,4600.16,4570.64,0,0,0,NEUTRAL,0,0,0,0,NONE,2026-04-28,16,NEW_YORK,4701.24,4554.83,0,0,4554.83,4615.88,1,1,0,0,0,0,1.0,1.0,56,,,31,,,NO_TRADE,NO_TRADE,0.0,0.0,0.0,19.240714285714592,SHORT,4573.11,4592.350714285714,4534.6285714285705,0.0,False,False,NONE,no_trade,TREND_DOWN
2026-04-28 16:10:00,4573.11,4581.64,4571.24,4576.22,2178,4,0,2178,4573.11,3.110000000000582,4584.437396377402,-0.8649890923579733,4600.16,4554.83,10.400000000000546,10.340000000000211,10.944000000000187,10.400000000000546,10.944000000000187,False,0,0,1,0,0,1,4.0,0,50,TREND_DOWN,73,False,True,,4571.24,4600.16,4571.24,4600.16,4570.64,0,0,0,HL,0,0,1,0,DOUBLE_BOTTOM,2026-04-28,16,NEW_YORK,4701.24,4554.83,0,0,4554.83,4615.54,1,1,0,0,1,0,1.0,1.0,76,ALPHA,strict_alpha,65,FLOW,exploratory,ALPHA,ALPHA,76.0,0.01,10.0,22.748000000000467,SHORT,4576.22,4598.968000000001,4530.723999999999,0.4395990856338929,False,True,HIGH,sell,TREND_DOWN
2026-04-28 16:15:00,4576.22,4579.68,4573.29,4577.42,2019,4,0,2019,4576.22,1.199999999999818,4583.769072912888,-0.6683234645142875,4600.16,4554.83,6.390000000000327,10.340714285714512,10.123000000000184,6.390000000000327,10.123000000000184,False,0,0,1,0,0,1,3.0,0,50,TREND_DOWN,73,False,False,,,4600.16,4571.24,4600.16,4571.24,0,0,0,NEUTRAL,0,0,0,0,NONE,2026-04-28,16,NEW_YORK,4701.24,4554.83,0,0,4554.83,4614.15,1,1,0,0,0,0,1.0,1.0,56,,,31,,,NO_TRADE,NO_TRADE,0.0,0.0,0.0,18.61328571428612,SHORT,4577.42,4596.033285714286,4540.193428571428,0.0,False,False,NONE,no_trade,TREND_DOWN
2026-04-28 16:20:00,4577.42,4581.2,4575.52,4576.32,2031,4,0,2031,4577.42,-1.1000000000003638,4583.059637397375,-0.709435515513178,4600.16,4554.83,5.6799999999993815,9.897857142857317,10.075500000000147,5.6799999999993815,10.075500000000147,False,0,0,1,0,0,0,3.0,0,50,TREND_DOWN,73,False,False,,,4600.16,4571.24,4600.16,4571.24,0,0,0,NEUTRAL,0,0,0,0,NONE,2026-04-28,16,NEW_YORK,4701.24,4554.83,0,0,4554.83,4610.1,1,1,0,0,0,0,1.0,1.0,56,,,31,,,NO_TRADE,NO_TRADE,0.0,0.0,0.0,17.81614285714317,SHORT,4576.32,4594.136142857143,4540.687714285714,0.0,False,False,NONE,no_trade,TREND_DOWN
2026-04-28 16:25:00,4576.32,4584.36,4572.23,4581.63,2434,4,0,2434,4576.32,5.3100000000004,4582.923481454768,-0.13615594260681974,4600.16,4554.83,12.13000000000011,10.105000000000148,9.900000000000182,12.13000000000011,9.900000000000182,False,0,0,1,0,0,1,4.0,0,50,TREND_DOWN,73,True,False,4584.36,,4584.36,4571.24,4600.16,4571.24,0,0,0,LH,0,0,0,0,NONE,2026-04-28,16,NEW_YORK,4701.24,4554.83,0,0,4554.83,4608.73,1,1,0,0,1,0,1.0,1.0,66,,,53,,,NO_TRADE,NO_TRADE,0.0,0.0,0.0,18.189000000000267,SHORT,4581.63,4599.819,4545.2519999999995,0.0,False,False,NONE,no_trade,TREND_DOWN
2026-04-28 16:30:00,4581.63,4581.84,4570.82,4577.93,3108,4,0,3108,4581.63,-3.699999999999818,4582.447911792409,-0.4755696623587937,4600.16,4554.83,11.020000000000437,9.357857142857288,10.066500000000179,11.020000000000437,10.066500000000179,False,0,0,0,0,0,0,5.0,0,50,RANGE,50,False,True,,4570.82,4584.36,4570.82,4584.36,4571.24,0,0,0,NEUTRAL,0,0,0,0,NONE,2026-04-28,16,NEW_YORK,4701.24,4554.83,0,0,4554.83,4606.25,1,1,0,0,0,0,1.0,1.0,28,,,44,,,NO_TRADE,NO_TRADE,0.0,0.0,0.0,16.84414285714312,LONG,4577.93,4561.085857142857,4611.618285714287,0.0,False,False,NONE,no_trade,RANGE
2026-04-28 16:35:00,4577.93,4582.93,4575.67,4579.77,2814,4,0,2814,4577.93,1.8400000000001455,4582.1928725740845,-0.25503921832478227,4600.16,4554.83,7.260000000000218,9.32428571428584,10.126500000000169,7.260000000000218,10.126500000000169,False,0,0,0,0,0,1,5.0,1,50,CHOPPY,40,False,False,,,4584.36,4570.82,4584.36,4570.82,0,0,0,NEUTRAL,0,0,0,0,NONE,2026-04-28,16,NEW_YORK,4701.24,4554.83,0,0,4554.83,4604.19,1,1,0,0,1,0,1.0,1.0,28,,,38,,,NO_TRADE,NO_TRADE,0.0,0.0,0.0,16.783714285714513,LONG,4579.77,4562.986285714286,4613.33742857143,0.0,False,False,NONE,no_trade,CHOPPY
2026-04-28 16:40:00,4579.77,4591.64,4573.58,4581.85,2830,4,0,2830,4579.77,2.0799999999999272,4582.160218043219,-0.032654530865329434,4600.16,4554.83,18.0600000000004,9.789285714285922,10.26500000000019,18.0600000000004,10.26500000000019,True,0,0,0,0,0,1,5.0,0,50,RANGE,58,False,True,,4573.58,4584.36,4573.58,4584.36,4570.82,0,0,0,HL,0,0,0,0,NONE,2026-04-28,16,NEW_YORK,4701.24,4554.83,0,0,4554.83,4604.19,1,1,0,0,0,0,1.0,1.0,28,,,61,FLOW,exploratory,FLOW,FLOW,61.0,0.005,5.0,17.620714285714662,LONG,4581.85,4564.229285714286,4617.09142857143,0.28375694191089423,False,True,MEDIUM,buy,RANGE
2026-04-28 16:45:00,4581.85,4592.6,4580.44,4586.42,2658,4,0,2658,4581.85,4.569999999999709,4582.565911562912,0.40569351969315903,4600.16,4567.36,12.160000000000764,10.177142857143085,10.554000000000224,12.160000000000764,10.554000000000224,False,0,1,0,0,0,1,5.0,0,50,TREND_UP,73,True,False,4592.6,,4592.6,4573.58,4584.36,4573.58,1,0,1,NEUTRAL,0,0,0,1,BREAK_RETEST,2026-04-28,16,NEW_YORK,4701.24,4554.83,0,0,4554.83,4604.19,1,1,0,0,0,0,1.0,1.0,83,ALPHA,strict_alpha,43,,,ALPHA,ALPHA,83.0,0.01,10.0,22.38971428571479,LONG,4586.42,4564.030285714285,4631.19942857143,0.4466336583124804,False,True,HIGH,buy,TREND_UP
2026-04-28 16:50:00,4586.42,4590.66,4579.6,4581.13,2733,4,0,2733,4586.42,-5.289999999999964,4582.42915808073,-0.13675348218202998,4600.16,4569.76,11.05999999999949,10.536428571428717,10.513000000000194,11.05999999999949,10.513000000000194,False,0,0,1,0,0,0,6.0,0,50,TREND_DOWN,73,False,False,,,4592.6,4573.58,4592.6,4573.58,0,0,0,NEUTRAL,0,0,0,0,NONE,2026-04-28,16,NEW_YORK,4701.24,4554.83,0,0,4554.83,4603.24,1,1,0,0,0,0,1.0,1.0,56,,,31,,,NO_TRADE,NO_TRADE,0.0,0.0,0.0,18.96557142857169,SHORT,4581.13,4600.095571428572,4543.1988571428565,0.0,False,False,NONE,no_trade,TREND_DOWN
2026-04-28 16:55:00,4581.14,4582.4,4574.79,4580.2,2555,4,0,2555,4581.13,-0.930000000000291,4582.216857311137,-0.21230076959363942,4600.16,4570.64,7.609999999999673,10.00214285714297,10.432000000000153,7.609999999999673,10.432000000000153,False,0,0,0,0,0,0,5.0,1,50,CHOPPY,40,False,False,,,4592.6,4573.58,4592.6,4573.58,0,0,0,NEUTRAL,0,0,0,0,NONE,2026-04-28,16,NEW_YORK,4701.24,4554.83,0,0,4554.83,4600.16,1,1,0,0,0,0,1.0,1.0,18,,,28,,,NO_TRADE,NO_TRADE,0.0,0.0,0.0,18.003857142857346,LONG,4580.2,4562.196142857142,4616.207714285714,0.0,False,False,NONE,no_trade,CHOPPY
2026-04-28 17:00:00,4580.23,4580.61,4565.25,4565.91,3560,4,0,3560,4580.2,-14.289999999999964,4580.663823281505,-1.5530340296318172,4600.16,4570.64,15.359999999999673,10.606428571428685,10.126000000000113,15.359999999999673,10.126000000000113,True,0,0,1,1,0,0,5.0,0,50,BREAKOUT,81,False,False,,,4592.6,4573.58,4592.6,4573.58,0,1,1,NEUTRAL,0,0,0,1,BREAK_RETEST,2026-04-28,17,NEW_YORK,4701.24,4554.83,0,0,4554.83,4600.16,1,1,0,0,0,0,1.0,1.0,63,,,61,FLOW,exploratory,FLOW,FLOW,61.0,0.005,5.0,19.091571428571633,LONG,4565.91,4546.818428571428,4604.093142857143,0.26189567572825423,False,True,MEDIUM,buy,BREAKOUT
2026-04-28 17:05:00,4565.89,4574.99,4564.81,4569.4,3274,4,0,3274,4565.91,3.4899999999997817,4579.591078207076,-1.0727450744288944,4600.16,4565.25,10.179999999999382,10.761428571428626,10.248500000000059,10.179999999999382,10.248500000000059,False,0,0,1,0,0,1,5.0,0,50,TREND_DOWN,73,False,True,,4564.81,4592.6,4564.81,4592.6,4573.58,0,1,1,NEUTRAL,0,0,0,1,BREAK_RETEST,2026-04-28,17,NEW_YORK,4701.24,4554.83,0,0,4554.83,4600.16,1,1,0,0,1,0,1.0,1.0,93,ALPHA,strict_alpha,53,,,ALPHA,ALPHA,93.0,0.01,10.0,23.67514285714298,SHORT,4569.4,4593.075142857143,4522.049714285714,0.4223839349287356,False,True,ELITE,sell,TREND_DOWN
2026-04-28 17:10:00,4569.58,4572.58,4566.09,4568.3,2949,4,0,2949,4569.4,-1.0999999999994543,4578.5157374254495,-1.075340781626437,4600.16,4564.81,6.489999999999782,10.480000000000018,9.995500000000083,6.489999999999782,9.995500000000083,False,0,0,1,0,0,0,5.0,1,50,TREND_DOWN,73,False,False,,,4592.6,4564.81,4592.6,4564.81,0,0,0,NEUTRAL,0,0,0,0,NONE,2026-04-28,17,NEW_YORK,4701.24,4554.83,0,0,4554.83,4600.16,1,1,0,0,0,0,1.0,1.0,46,,,33,,,NO_TRADE,NO_TRADE,0.0,0.0,0.0,18.864000000000033,SHORT,4568.3,4587.164000000001,4530.572,0.0,False,False,NONE,no_trade,TREND_DOWN
2026-04-28 17:15:00,4568.29,4577.89,4564.43,4571.44,3300,4,0,3300,4568.3,3.139999999999418,4577.841857670645,-0.6738797548041475,4600.16,4564.81,13.460000000000036,10.518571428571445,10.332000000000061,13.460000000000036,10.332000000000061,True,0,0,1,0,1,1,5.0,0,50,REVERSAL,82,True,True,4577.89,4564.43,4577.89,4564.43,4592.6,4564.81,0,0,0,LL,0,0,1,0,DOUBLE_BOTTOM,2026-04-28,17,NEW_YORK,4701.24,4554.83,0,0,4554.83,4600.16,1,1,0,0,1,0,1.0,1.0,71,,,71,FLOW,exploratory,FLOW,FLOW,71.0,0.005,5.0,18.9334285714286,LONG,4571.44,4552.506571428571,4609.306857142857,0.2640831786560426,False,True,HIGH,buy,REVERSAL
2026-04-28 17:20:00,4571.44,4574.46,4565.21,4568.1,2908,4,0,2908,4571.44,-3.339999999999236,4576.914061702013,-0.9277959686323811,4600.16,4564.43,9.25,10.436428571428548,10.493000000000029,9.25,10.493000000000029,False,0,0,1,0,0,0,5.0,0,50,TREND_DOWN,73,False,False,,,4577.89,4564.43,4577.89,4564.43,0,0,0,NEUTRAL,0,0,0,0,NONE,2026-04-28,17,NEW_YORK,4701.24,4554.83,0,0,4554.83,4600.16,1,1,0,0,0,0,1.0,1.0,56,,,31,,,NO_TRADE,NO_TRADE,0.0,0.0,0.0,18.785571428571387,SHORT,4568.1,4586.885571428572,4530.528857142857,0.0,False,False,NONE,no_trade,TREND_DOWN
2026-04-28 17:25:00,4568.1,4573.19,4567.61,4571.54,2984,4,0,2984,4568.1,3.4399999999996,4576.402246301821,-0.511815400192063,4600.16,4564.43,5.579999999999927,10.378571428571377,10.017500000000018,5.579999999999927,10.017500000000018,False,0,0,0,0,0,1,6.0,1,50,CHOPPY,40,False,False,,,4577.89,4564.43,4577.89,4564.43,0,0,0,NEUTRAL,0,0,0,0,NONE,2026-04-28,17,NEW_YORK,4701.24,4554.83,0,0,4554.83,4600.16,1,1,0,0,1,0,1.0,1.0,28,,,38,,,NO_TRADE,NO_TRADE,0.0,0.0,0.0,18.68142857142848,LONG,4571.54,4552.858571428572,4608.902857142857,0.0,False,False,NONE,no_trade,CHOPPY
2026-04-28 17:30:00,4571.54,4578.07,4569.1,4569.96,2931,4,0,2931,4571.54,-1.5799999999999272,4575.788699034981,-0.6135472668402144,4600.16,4564.43,8.969999999999345,10.613571428571374,10.121000000000004,8.969999999999345,10.121000000000004,False,0,0,0,0,0,0,7.0,0,50,RANGE,50,True,False,4578.07,,4578.07,4564.43,4577.89,4564.43,0,0,0,NEUTRAL,0,1,0,0,DOUBLE_TOP,2026-04-28,17,NEW_YORK,4701.24,4554.83,0,0,4564.43,4600.16,1,1,0,0,0,0,1.0,1.0,38,,,56,FLOW,exploratory,FLOW,FLOW,56.0,0.005,5.0,19.104428571428475,LONG,4569.96,4550.855571428571,4608.168857142857,0.26171942182441005,False,True,MEDIUM,buy,RANGE
2026-04-28 17:35:00,4569.96,4570.52,4560.11,4560.29,3401,4,0,3401,4569.96,-9.670000000000073,4574.312632460221,-1.4760665747598978,4600.02,4564.43,10.410000000000764,10.490714285714278,10.241000000000032,10.410000000000764,10.241000000000032,False,0,0,1,1,0,0,6.0,0,50,BREAKOUT,73,False,False,,,4578.07,4564.43,4578.07,4564.43,0,1,1,NEUTRAL,0,0,0,1,BREAK_RETEST,2026-04-28,17,NEW_YORK,4701.24,4554.83,0,0,4560.11,4600.16,1,1,0,1,0,0,1.8,1.0,63,,,69,FLOW,exploratory,FLOW,FLOW,69.0,0.005,5.0,18.8832857142857,LONG,4560.29,4541.406714285714,4598.056571428571,0.2647844276495466,False,True,MEDIUM,buy,BREAKOUT
2026-04-28 17:40:00,4560.29,4565.72,4557.29,4564.17,3306,4,0,3306,4560.29,3.880000000000109,4573.346667464009,-0.965964996211369,4594.67,4560.11,8.430000000000291,10.305714285714268,10.14100000000003,8.430000000000291,10.14100000000003,False,0,0,1,0,0,1,7.0,0,50,TREND_DOWN,73,False,True,,4557.29,4578.07,4557.29,4578.07,4564.43,0,1,1,NEUTRAL,0,0,0,1,BREAK_RETEST,2026-04-28,17,NEW_YORK,4701.24,4554.83,0,0,4557.29,4600.16,1,1,0,1,1,0,1.8,1.0,93,ALPHA,strict_alpha,61,FLOW,exploratory,ALPHA,ALPHA,93.0,0.01,10.0,22.67257142857139,SHORT,4564.17,4586.842571428571,4518.824857142858,0.4410615721954792,False,True,ELITE,sell,TREND_DOWN
2026-04-28 17:45:00,4564.18,4567.43,4560.83,4563.04,3106,4,0,3106,4564.17,-1.1300000000001091,4572.365080086484,-0.9815873775251021,4592.6,4557.29,6.600000000000364,10.25857142857142,9.825000000000045,6.600000000000364,9.825000000000045,False,0,0,1,0,0,0,8.0,1,50,TREND_DOWN,73,True,False,4567.43,,4567.43,4557.29,4578.07,4557.29,0,0,0,LH,0,0,0,0,NONE,2026-04-28,17,NEW_YORK,4701.24,4554.83,0,0,4557.29,4600.16,1,1,0,0,0,0,1.0,1.0,46,,,45,,,NO_TRADE,NO_TRADE,0.0,0.0,0.0,18.465428571428557,SHORT,4563.04,4581.505428571429,4526.109142857143,0.0,False,False,NONE,no_trade,TREND_DOWN
2026-04-28 17:50:00,4563.04,4565.38,4557.33,4563.79,3073,4,0,3073,4563.04,0.75,4571.548405792533,-0.8166742939511096,4592.6,4557.29,8.050000000000182,9.543571428571406,9.707500000000028,8.050000000000182,9.707500000000028,False,0,0,1,0,0,1,8.0,0,50,TREND_DOWN,73,False,True,,4557.33,4567.43,4557.33,4567.43,4557.29,0,0,0,HL,0,0,1,0,DOUBLE_BOTTOM,2026-04-28,17,NEW_YORK,4701.24,4554.83,0,0,4557.29,4600.16,1,1,0,0,1,0,1.0,1.0,76,ALPHA,strict_alpha,65,FLOW,exploratory,ALPHA,ALPHA,76.0,0.01,10.0,20.995857142857094,SHORT,4563.79,4584.785857142857,4521.798285714286,0.4762844370658168,False,True,HIGH,sell,TREND_DOWN
2026-04-28 17:55:00,4563.79,4574.77,4560.28,4574.44,3764,4,0,3764,4563.79,10.649999999999636,4571.823795717053,0.2753899245199136,4592.6,4557.29,14.490000000000691,9.70999999999997,10.112500000000045,14.490000000000691,10.112500000000045,True,0,1,0,0,0,1,7.0,0,50,TREND_UP,81,False,False,,,4567.43,4557.33,4567.43,4557.33,1,0,1,NEUTRAL,0,0,0,1,BREAK_RETEST,2026-04-28,17,NEW_YORK,4701.24,4554.83,0,0,4557.29,4600.16,1,1,0,0,0,0,1.0,1.0,83,ALPHA,strict_alpha,43,,,ALPHA,ALPHA,83.0,0.01,10.0,21.361999999999938,LONG,4574.44,4553.0779999999995,4617.164,0.46812096245670015,False,True,HIGH,buy,TREND_UP
2026-04-28 18:00:00,4574.44,4582.07,4574.24,4576.15,3298,4,0,3298,4574.44,1.7100000000000364,4572.235815172572,0.41201945551893004,4592.6,4557.29,7.829999999999927,9.479285714285718,10.220000000000073,7.829999999999927,10.220000000000073,False,0,1,0,0,0,1,6.0,1,50,TREND_UP,73,True,False,4582.07,,4582.07,4557.33,4567.43,4557.33,1,0,1,NEUTRAL,0,0,0,1,BREAK_RETEST,2026-04-28,18,NEW_YORK,4701.24,4554.83,0,0,4557.29,4600.16,1,1,0,0,0,0,1.0,1.0,73,,,45,,,NO_TRADE,NO_TRADE,0.0,0.0,0.0,17.062714285714293,LONG,4576.15,4559.087285714285,4610.275428571428,0.0,False,False,NONE,no_trade,TREND_UP
2026-04-28 18:05:00,4576.13,4580.03,4570.72,4572.73,2812,4,0,2812,4576.15,-3.4200000000000728,4572.282880394232,0.047065221659977396,4592.6,4557.29,9.30999999999949,9.600714285714275,10.079000000000041,9.30999999999949,10.079000000000041,False,0,1,0,0,0,0,6.0,0,50,TREND_UP,73,False,False,,,4582.07,4557.33,4582.07,4557.33,0,0,0,NEUTRAL,0,0,0,0,NONE,2026-04-28,18,NEW_YORK,4701.24,4554.83,0,0,4557.29,4600.16,1,1,0,0,0,0,1.0,1.0,56,,,31,,,NO_TRADE,NO_TRADE,0.0,0.0,0.0,17.281285714285698,LONG,4572.73,4555.448714285714,4607.292571428571,0.0,False,False,NONE,no_trade,TREND_UP
2026-04-28 18:10:00,4572.73,4574.81,4570.39,4572.68,2916,4,0,2916,4572.73,-0.049999999999272404,4572.320701309067,0.03782091483481054,4592.6,4557.29,4.420000000000073,8.819285714285732,9.749000000000024,4.420000000000073,9.749000000000024,False,0,1,0,0,0,0,5.0,1,50,TREND_UP,73,False,False,,,4582.07,4557.33,4582.07,4557.33,0,0,0,NEUTRAL,0,0,0,0,NONE,2026-04-28,18,NEW_YORK,4701.24,4554.83,0,0,4557.29,4600.16,1,1,0,0,0,0,1.0,1.0,46,,,33,,,NO_TRADE,NO_TRADE,0.0,0.0,0.0,15.874714285714317,LONG,4572.68,4556.805285714286,4604.429428571429,0.0,False,False,NONE,no_trade,TREND_UP
2026-04-28 18:15:00,4572.68,4576.0,4569.91,4572.68,2444,4,0,2444,4572.68,0.0,4572.354920232014,0.034218922946820385,4592.6,4557.29,6.0900000000001455,8.52714285714293,9.69050000000002,6.0900000000001455,9.69050000000002,False,0,1,0,0,0,0,4.0,1,50,TREND_UP,73,True,False,4576.0,,4576.0,4557.33,4582.07,4557.33,0,0,0,LH,0,0,0,0,NONE,2026-04-28,18,NEW_YORK,4701.24,4554.83,0,0,4557.29,4600.16,1,1,0,0,0,0,1.0,1.0,46,,,45,,,NO_TRADE,NO_TRADE,0.0,0.0,0.0,15.348857142857275,LONG,4572.68,4557.331142857143,4603.377714285715,0.0,False,False,NONE,no_trade,TREND_UP
2026-04-28 18:20:00,4572.71,4573.24,4567.01,4571.95,2307,4,0,2307,4572.68,-0.7300000000004729,4572.3163564003935,-0.03856383162019483,4592.6,4557.29,6.229999999999563,8.508571428571486,9.098999999999979,6.229999999999563,9.098999999999979,False,0,0,1,0,0,0,4.0,1,50,TREND_DOWN,73,False,True,,4567.01,4576.0,4567.01,4576.0,4557.33,0,0,0,HL,0,0,0,0,NONE,2026-04-28,18,NEW_YORK,4701.24,4554.83,0,0,4557.29,4600.02,1,1,0,0,0,0,1.0,1.0,46,,,45,,,NO_TRADE,NO_TRADE,0.0,0.0,0.0,15.315428571428674,SHORT,4571.95,4587.265428571429,4541.319142857143,0.0,False,False,NONE,no_trade,TREND_DOWN
2026-04-28 18:25:00,4571.95,4577.32,4570.41,4577.0,2485,4,0,2485,4571.95,5.050000000000182,4572.762417695593,0.4460612951997973,4592.6,4557.29,6.9099999999998545,8.04071428571433,8.836499999999933,6.9099999999998545,8.836499999999933,False,0,1,0,0,0,1,4.0,1,50,TREND_UP,73,False,False,,,4576.0,4567.01,4576.0,4567.01,1,0,1,NEUTRAL,0,0,0,1,BREAK_RETEST,2026-04-28,18,NEW_YORK,4701.24,4554.83,0,0,4557.29,4594.67,1,1,0,0,1,0,1.0,1.0,83,ALPHA,strict_alpha,55,FLOW,exploratory,ALPHA,ALPHA,83.0,0.01,10.0,17.689571428571526,LONG,4577.0,4559.310428571429,4612.379142857143,0.5653048204349586,False,True,HIGH,buy,TREND_UP
2026-04-28 18:30:00,4576.98,4577.76,4571.18,4571.6,2369,4,0,2369,4577.0,-5.399999999999636,4572.651711248393,-0.11070644719984557,4590.66,4557.29,6.579999999999927,7.850000000000039,8.612499999999955,6.579999999999927,8.612499999999955,False,0,0,1,0,0,0,4.0,1,50,TREND_DOWN,73,False,False,,,4576.0,4567.01,4576.0,4567.01,0,0,0,NEUTRAL,0,0,0,0,NONE,2026-04-28,18,NEW_YORK,4701.24,4554.83,0,0,4557.29,4592.6,1,1,0,0,0,0,1.0,1.0,46,,,33,,,NO_TRADE,NO_TRADE,0.0,0.0,0.0,14.13000000000007,SHORT,4571.6,4585.7300000000005,4543.34,0.0,False,False,NONE,no_trade,TREND_DOWN
2026-04-28 18:35:00,4571.6,4581.45,4571.1,4578.85,2275,4,0,2275,4571.6,7.25,4573.242024462832,0.5903132144385381,4582.4,4557.29,10.349999999999454,8.190714285714291,8.749499999999944,10.349999999999454,8.749499999999944,False,0,1,0,0,0,1,4.0,0,50,TREND_UP,73,True,True,4581.45,4571.1,4581.45,4571.1,4576.0,4567.01,1,0,1,HH,0,0,0,1,BREAK_RETEST,2026-04-28,18,NEW_YORK,4701.24,4554.83,0,0,4557.29,4592.6,1,1,0,0,1,0,1.0,1.0,108,ALPHA,strict_alpha,53,,,ALPHA,ALPHA,108.0,0.01,10.0,18.019571428571442,LONG,4578.85,4560.830428571429,4614.889142857143,0.5549521551963337,False,True,ELITE,buy,TREND_UP
2026-04-28 18:40:00,4578.81,4580.89,4576.87,4577.81,2062,4,0,2062,4578.85,-1.0399999999999636,4573.677069752086,0.43504528925404884,4582.07,4557.29,4.020000000000437,7.837142857142941,8.182499999999981,4.020000000000437,8.182499999999981,False,0,1,0,0,0,0,5.0,1,50,TREND_UP,73,False,False,,,4581.45,4571.1,4581.45,4571.1,0,0,0,NEUTRAL,0,0,0,0,NONE,2026-04-28,18,NEW_YORK,4701.24,4554.83,0,0,4557.29,4592.6,1,1,0,0,0,0,1.0,1.0,46,,,33,,,NO_TRADE,NO_TRADE,0.0,0.0,0.0,14.106857142857294,LONG,4577.81,4563.703142857143,4606.023714285715,0.0,False,False,NONE,no_trade,TREND_UP
2026-04-28 18:45:00,4577.81,4583.17,4576.66,4581.81,1988,4,0,1988,4577.81,4.0,4574.451634537601,0.7745647855153948,4582.07,4557.29,6.510000000000218,7.558571428571473,7.999000000000024,6.510000000000218,7.999000000000024,False,0,1,0,0,0,1,6.0,0,50,TREND_UP,73,False,True,,4576.66,4581.45,4576.66,4581.45,4571.1,1,0,1,HL,0,0,0,1,BREAK_RETEST,2026-04-28,18,NEW_YORK,4701.24,4554.83,0,0,4557.29,4592.6,1,1,0,0,1,0,1.0,1.0,93,ALPHA,strict_alpha,65,FLOW,exploratory,ALPHA,ALPHA,93.0,0.01,10.0,16.628857142857242,LONG,4581.81,4565.181142857143,4615.067714285715,0.6013642377278705,False,True,ELITE,buy,TREND_UP
2026-04-28 18:50:00,4581.81,4586.17,4581.48,4583.86,1884,4,0,1884,4581.81,2.0499999999992724,4575.347669343544,0.8960348059426906,4583.17,4557.29,4.690000000000509,7.291428571428631,7.90900000000006,4.690000000000509,7.90900000000006,False,0,1,0,1,0,1,5.0,1,50,BREAKOUT,73,False,False,,,4581.45,4576.66,4581.45,4576.66,1,0,1,NEUTRAL,0,0,0,1,BREAK_RETEST,2026-04-28,18,NEW_YORK,4701.24,4554.83,0,0,4557.29,4592.6,1,1,0,0,0,0,1.0,1.0,53,,,63,FLOW,exploratory,FLOW,FLOW,63.0,0.005,5.0,13.124571428571537,LONG,4583.86,4570.735428571428,4610.109142857143,0.3809648206199899,False,True,MEDIUM,buy,BREAKOUT
2026-04-28 18:55:00,4583.86,4586.57,4581.72,4586.57,1748,4,0,1748,4583.86,2.7100000000000364,4576.416462739397,1.068793395852481,4586.17,4557.29,4.849999999999454,7.1664285714285665,7.478500000000031,4.849999999999454,7.478500000000031,False,0,1,0,1,0,1,5.0,1,50,BREAKOUT,73,False,False,,,4581.45,4576.66,4581.45,4576.66,1,0,1,NEUTRAL,0,0,0,1,BREAK_RETEST,2026-04-28,18,NEW_YORK,4701.24,4554.83,0,0,4557.29,4592.6,1,1,0,0,0,0,1.0,1.0,53,,,63,FLOW,exploratory,FLOW,FLOW,63.0,0.005,5.0,12.89957142857142,LONG,4586.57,4573.670428571429,4612.369142857143,0.38760977662602325,False,True,MEDIUM,buy,BREAKOUT
2026-04-28 19:00:00,4586.57,4586.86,4582.3,4583.88,1904,4,0,1904,4586.57,-2.6899999999996,4577.127275811836,0.7108130724391231,4586.57,4557.29,4.559999999999491,6.917142857142802,7.244000000000005,4.559999999999491,7.244000000000005,False,0,1,0,0,0,0,6.0,1,50,TREND_UP,73,True,False,4586.86,,4586.86,4576.66,4581.45,4576.66,1,0,1,NEUTRAL,0,0,0,1,BREAK_RETEST,2026-04-28,19,NEW_YORK,4701.24,4554.83,0,0,4557.29,4592.6,1,1,0,0,0,0,1.0,1.0,73,,,45,,,NO_TRADE,NO_TRADE,0.0,0.0,0.0,12.450857142857044,LONG,4583.88,4571.429142857143,4608.781714285714,0.0,False,False,NONE,no_trade,TREND_UP
2026-04-28 19:05:00,4583.88,4586.34,4582.95,4585.09,1855,4,0,1855,4583.88,1.2100000000000364,4577.885630496423,0.7583546845871751,4586.86,4557.29,3.3900000000003274,6.124285714285634,7.134500000000026,3.3900000000003274,7.134500000000026,False,0,1,0,0,0,1,7.0,1,50,TREND_UP,73,False,False,,,4586.86,4576.66,4586.86,4576.66,0,0,0,NEUTRAL,0,0,0,0,NONE,2026-04-28,19,NEW_YORK,4701.24,4554.83,0,0,4557.29,4592.6,1,1,0,0,1,0,1.0,1.0,56,,,43,,,NO_TRADE,NO_TRADE,0.0,0.0,0.0,11.02371428571414,LONG,4585.09,4574.066285714286,4607.137428571428,0.0,False,False,NONE,no_trade,TREND_UP
2026-04-28 19:10:00,4585.13,4585.92,4582.8,4585.19,1592,4,0,1592,4585.09,0.0999999999994543,4578.581284734859,0.6956542384359636,4586.86,4557.29,3.119999999999891,5.787857142857059,6.842000000000053,3.119999999999891,6.842000000000053,False,0,1,0,0,0,1,6.0,1,50,TREND_UP,73,False,False,,,4586.86,4576.66,4586.86,4576.66,0,0,0,NEUTRAL,0,0,0,0,NONE,2026-04-28,19,NEW_YORK,4701.24,4554.83,0,0,4557.29,4592.6,1,1,0,0,0,0,1.0,1.0,46,,,33,,,NO_TRADE,NO_TRADE,0.0,0.0,0.0,10.418142857142707,LONG,4585.19,4574.771857142857,4606.026285714285,0.0,False,False,NONE,no_trade,TREND_UP
2026-04-28 19:15:00,4585.15,4585.69,4577.84,4580.75,2040,4,0,2040,4585.19,-4.4399999999996,4578.787829045825,0.20654431096590997,4586.86,4557.29,7.849999999999454,5.683571428571343,6.713999999999987,7.849999999999454,6.713999999999987,False,0,0,0,0,0,0,6.0,0,50,RANGE,50,False,True,,4577.84,4586.86,4577.84,4586.86,4576.66,0,0,0,HL,0,0,0,0,NONE,2026-04-28,19,NEW_YORK,4701.24,4554.83,0,0,4557.29,4590.66,1,1,0,0,0,0,1.0,1.0,28,,,56,FLOW,exploratory,FLOW,FLOW,56.0,0.005,5.0,10.230428571428417,LONG,4580.75,4570.519571428572,4601.210857142857,0.48873807828188354,False,True,MEDIUM,buy,RANGE
2026-04-28 19:20:00,4580.75,4583.28,4580.62,4581.79,1773,4,0,1773,4580.75,1.0399999999999636,4579.07375008908,0.28592104325525725,4586.86,4557.29,2.6599999999998545,5.557857142857041,6.425499999999966,2.6599999999998545,6.425499999999966,False,0,0,0,0,0,1,6.0,1,50,CHOPPY,40,False,False,,,4586.86,4577.84,4586.86,4577.84,0,0,0,NEUTRAL,0,0,0,0,NONE,2026-04-28,19,NEW_YORK,4701.24,4554.83,0,0,4557.29,4586.86,1,1,0,0,1,0,1.0,1.0,28,,,38,,,NO_TRADE,NO_TRADE,0.0,0.0,0.0,10.004142857142675,LONG,4581.79,4571.785857142857,4601.798285714285,0.0,False,False,NONE,no_trade,CHOPPY
2026-04-28 19:25:00,4581.78,4585.44,4581.75,4582.77,2012,4,0,2012,4581.79,0.9800000000004729,4579.425773890121,0.3520238010405592,4586.86,4557.33,3.6899999999996,5.386428571428431,6.279999999999927,3.6899999999996,6.279999999999927,False,0,0,0,0,0,1,5.0,1,50,CHOPPY,40,True,False,4585.44,,4585.44,4577.84,4586.86,4577.84,0,0,0,LH,0,0,0,0,NONE,2026-04-28,19,NEW_YORK,4701.24,4554.83,0,0,4557.29,4586.86,1,1,0,0,0,0,1.0,1.0,18,,,40,,,NO_TRADE,NO_TRADE,0.0,0.0,0.0,9.695571428571176,LONG,4582.77,4573.074428571429,4602.161142857143,0.0,False,False,NONE,no_trade,CHOPPY
2026-04-28 19:30:00,4582.77,4585.06,4580.92,4580.98,1762,4,0,1762,4582.77,-1.7900000000008731,4579.573795424395,0.14802153427444864,4586.86,4557.33,4.140000000000327,5.237142857142771,6.0844999999999345,4.140000000000327,6.0844999999999345,False,0,0,0,0,0,0,5.0,1,50,CHOPPY,40,False,False,,,4585.44,4577.84,4585.44,4577.84,0,0,0,NEUTRAL,0,0,0,0,NONE,2026-04-28,19,NEW_YORK,4701.24,4554.83,0,0,4557.29,4586.86,1,1,0,0,0,0,1.0,1.0,18,,,28,,,NO_TRADE,NO_TRADE,0.0,0.0,0.0,9.426857142856989,LONG,4580.98,4571.553142857143,4599.8337142857135,0.0,False,False,NONE,no_trade,CHOPPY
2026-04-28 19:35:00,4580.98,4586.75,4580.54,4584.76,2282,4,0,2282,4580.98,3.780000000000655,4580.067719669691,0.4939242452956023,4586.86,4560.28,6.210000000000036,5.187142857142784,5.670499999999902,6.210000000000036,5.670499999999902,False,0,0,0,0,0,1,6.0,0,50,RANGE,50,True,True,4586.75,4580.54,4586.75,4580.54,4585.44,4577.84,0,0,0,HH,0,0,0,0,NONE,2026-04-28,19,NEW_YORK,4701.24,4554.83,0,0,4557.29,4586.86,1,1,0,0,1,0,1.0,1.0,53,,,54,,,NO_TRADE,NO_TRADE,0.0,0.0,0.0,9.336857142857012,LONG,4584.76,4575.423142857143,4603.433714285714,0.0,False,False,NONE,no_trade,RANGE
2026-04-28 19:40:00,4584.76,4585.6,4582.7,4584.86,1422,4,0,1422,4584.76,0.0999999999994543,4580.524127320196,0.4564076505057528,4586.86,4567.01,2.9000000000005457,4.924285714285686,5.423999999999933,2.9000000000005457,5.423999999999933,False,0,1,0,0,0,1,6.0,1,50,TREND_UP,73,False,False,,,4586.75,4580.54,4586.75,4580.54,0,0,0,NEUTRAL,0,0,0,0,NONE,2026-04-28,19,NEW_YORK,4701.24,4554.83,0,0,4557.29,4586.86,1,1,0,0,0,0,1.0,1.0,46,,,33,,,NO_TRADE,NO_TRADE,0.0,0.0,0.0,8.863714285714234,LONG,4584.86,4575.9962857142855,4602.587428571428,0.0,False,False,NONE,no_trade,TREND_UP
2026-04-28 19:45:00,4584.86,4588.38,4583.76,4586.44,1854,4,0,1854,4584.86,1.5799999999999272,4581.087543765892,0.5634164456960207,4586.86,4567.01,4.619999999999891,4.515000000000002,5.189499999999953,4.619999999999891,5.189499999999953,False,0,1,0,0,0,1,5.0,0,50,TREND_UP,73,False,False,,,4586.75,4580.54,4586.75,4580.54,0,0,0,NEUTRAL,0,0,0,0,NONE,2026-04-28,19,NEW_YORK,4701.24,4554.83,0,0,4557.29,4588.38,1,1,1,0,0,0,1.0,1.8,56,,,39,,,NO_TRADE,NO_TRADE,0.0,0.0,0.0,8.127000000000004,LONG,4586.44,4578.312999999999,4602.6939999999995,0.0,False,False,NONE,no_trade,TREND_UP
2026-04-28 19:50:00,4586.42,4594.44,4586.42,4593.34,2487,4,0,2487,4586.44,6.900000000000546,4582.254444359617,1.1669005937246766,4588.38,4567.01,8.019999999999527,4.800714285714223,5.369499999999926,8.019999999999527,5.369499999999926,True,0,1,0,1,0,1,4.0,0,50,BREAKOUT,81,False,False,,,4586.75,4580.54,4586.75,4580.54,1,0,1,NEUTRAL,0,0,0,1,BREAK_RETEST,2026-04-28,19,NEW_YORK,4701.24,4554.83,0,0,4557.29,4594.44,1,1,1,0,0,0,1.0,1.8,63,,,69,FLOW,exploratory,FLOW,FLOW,69.0,0.005,5.0,8.641285714285601,LONG,4593.34,4584.698714285714,4610.622571428571,0.5786175998942032,False,True,MEDIUM,buy,BREAKOUT
2026-04-28 19:55:00,4593.34,4594.75,4591.5,4592.23,1861,4,0,1861,4593.34,-1.110000000000582,4583.2044972777485,0.950052918131405,4594.44,4567.01,3.25,4.567857142857065,5.227499999999918,3.25,5.227499999999918,False,0,1,0,0,0,0,5.0,1,50,TREND_UP,73,True,False,4594.75,,4594.75,4580.54,4586.75,4580.54,1,0,1,NEUTRAL,0,0,0,1,BREAK_RETEST,2026-04-28,19,NEW_YORK,4701.24,4554.83,0,0,4557.29,4594.75,1,1,1,0,0,0,1.0,1.8,73,,,53,,,NO_TRADE,NO_TRADE,0.0,0.0,0.0,8.222142857142718,LONG,4592.23,4584.007857142857,4608.674285714285,0.0,False,False,NONE,no_trade,TREND_UP
2026-04-28 20:00:00,4592.23,4594.03,4589.71,4589.76,1825,4,0,1825,4592.23,-2.469999999999345,4583.828830870344,0.6243335925955762,4594.75,4567.01,4.319999999999709,4.541428571428436,5.131999999999925,4.319999999999709,5.131999999999925,False,0,1,0,0,0,0,4.0,0,50,TREND_UP,73,False,False,,,4594.75,4580.54,4594.75,4580.54,0,0,0,NEUTRAL,0,0,0,0,NONE,2026-04-28,20,NEW_YORK,4701.24,4554.83,0,0,4557.29,4594.75,1,1,0,0,0,0,1.0,1.0,56,,,31,,,NO_TRADE,NO_TRADE,0.0,0.0,0.0,8.174571428571184,LONG,4589.76,4581.5854285714295,4606.109142857143,0.0,False,False,NONE,no_trade,TREND_UP
2026-04-28 20:05:00,4589.87,4591.84,4588.49,4591.19,1855,4,0,1855,4589.76,1.4299999999993815,4584.529894596978,0.7010637266339472,4594.75,4570.41,3.350000000000364,4.434285714285644,4.953999999999951,3.350000000000364,4.953999999999951,False,0,1,0,0,0,1,4.0,1,50,TREND_UP,73,False,True,,4588.49,4594.75,4588.49,4594.75,4580.54,0,0,0,HL,0,0,0,0,NONE,2026-04-28,20,NEW_YORK,4701.24,4554.83,0,0,4557.29,4594.75,1,1,0,0,1,0,1.0,1.0,56,,,55,FLOW,exploratory,FLOW,FLOW,55.0,0.005,5.0,8.0,LONG,4591.19,4583.19,4607.19,0.625,False,True,MEDIUM,buy,TREND_UP
2026-04-28 20:10:00,4591.22,4594.8,4590.01,4593.68,1624,4,0,1624,4591.19,2.490000000000691,4585.40133320679,0.8714386098117757,4594.75,4571.1,4.789999999999964,4.450714285714249,4.8644999999999525,4.789999999999964,4.8644999999999525,False,0,1,0,0,0,1,4.0,0,50,TREND_UP,73,True,False,4594.8,,4594.8,4588.49,4594.75,4588.49,0,0,0,NEUTRAL,0,0,0,0,NONE,2026-04-28,20,NEW_YORK,4701.24,4554.83,0,0,4557.33,4594.8,1,1,1,0,0,0,1.0,1.8,56,,,39,,,NO_TRADE,NO_TRADE,0.0,0.0,0.0,8.011285714285648,LONG,4593.68,4585.6687142857145,4609.702571428572,0.0,False,False,NONE,no_trade,TREND_UP
2026-04-28 20:15:00,4593.68,4594.14,4587.37,4588.39,1804,4,0,1804,4593.68,-5.289999999999964,4585.685968139477,0.28463493268736784,4594.8,4571.1,6.770000000000437,4.692142857142828,4.685500000000002,6.770000000000437,4.685500000000002,True,0,0,0,0,1,0,4.0,0,50,REVERSAL,77,False,False,,,4594.8,4588.49,4594.8,4588.49,0,1,1,NEUTRAL,0,0,0,1,BREAK_RETEST,2026-04-28,20,NEW_YORK,4701.24,4554.83,0,0,4557.33,4594.8,1,1,0,0,0,0,1.0,1.0,63,,,61,FLOW,exploratory,FLOW,FLOW,61.0,0.005,5.0,8.445857142857092,LONG,4588.39,4579.944142857144,4605.281714285715,0.5920062245225929,False,True,MEDIUM,buy,REVERSAL
2026-04-28 20:20:00,4588.39,4595.46,4587.19,4595.05,2033,4,0,2033,4588.39,6.6599999999998545,4586.577780697622,0.8918125581449203,4594.8,4576.66,8.270000000000437,5.06000000000001,4.8980000000000015,8.270000000000437,4.8980000000000015,True,0,1,0,1,1,1,4.0,0,50,BREAKOUT,85,False,True,,4587.19,4594.8,4587.19,4594.8,4588.49,1,0,1,NEUTRAL,0,0,0,1,BREAK_RETEST,2026-04-28,20,NEW_YORK,4701.24,4554.83,0,0,4560.28,4595.46,1,1,1,0,1,0,1.0,1.8,73,,,79,FLOW,exploratory,FLOW,FLOW,79.0,0.005,5.0,9.108000000000018,LONG,4595.05,4585.942,4613.2660000000005,0.548967940272287,False,True,HIGH,buy,BREAKOUT
2026-04-28 20:25:00,4595.05,4597.16,4592.45,4593.59,2083,4,0,2083,4595.05,-1.4600000000000364,4587.2456111073725,0.6678304097504224,4595.46,4576.66,4.710000000000036,4.835714285714338,4.807999999999993,4.710000000000036,4.807999999999993,False,0,1,0,0,0,0,5.0,0,50,TREND_UP,73,True,False,4597.16,,4597.16,4587.19,4594.8,4587.19,0,0,0,NEUTRAL,0,0,0,0,NONE,2026-04-28,20,NEW_YORK,4701.24,4554.83,0,0,4567.01,4597.16,1,1,1,0,0,0,1.0,1.8,56,,,39,,,NO_TRADE,NO_TRADE,0.0,0.0,0.0,8.704285714285808,LONG,4593.59,4584.885714285714,4610.998571428572,0.0,False,False,NONE,no_trade,TREND_UP
2026-04-28 20:30:00,4593.66,4597.12,4593.66,4595.51,1809,4,0,1809,4593.59,1.9200000000000728,4588.0326957638135,0.7870846564410385,4597.16,4577.84,3.5299999999997453,4.897857142857187,4.749999999999955,3.4600000000000364,4.746499999999969,False,0,1,0,0,0,1,6.0,1,50,TREND_UP,73,False,False,,,4597.16,4587.19,4597.16,4587.19,0,0,0,NEUTRAL,0,0,0,0,NONE,2026-04-28,20,NEW_YORK,4701.24,4554.83,0,0,4567.01,4597.16,1,1,0,0,1,0,1.0,1.0,56,,,43,,,NO_TRADE,NO_TRADE,0.0,0.0,0.0,8.816142857142935,LONG,4595.51,4586.693857142857,4613.142285714286,0.0,False,False,NONE,no_trade,TREND_UP
2026-04-28 20:35:00,4595.51,4599.4,4595.51,4598.38,1647,4,0,1647,4595.51,2.869999999999891,4589.018153310118,0.9854575463041328,4597.16,4577.84,3.889999999999418,4.9121428571428885,4.701999999999953,3.889999999999418,4.698499999999967,False,0,1,0,1,0,1,6.0,0,50,BREAKOUT,73,False,False,,,4597.16,4587.19,4597.16,4587.19,1,0,1,NEUTRAL,0,0,0,1,BREAK_RETEST,2026-04-28,20,NEW_YORK,4701.24,4554.83,0,0,4567.01,4599.4,1,1,1,0,0,0,1.0,1.8,63,,,69,FLOW,exploratory,FLOW,FLOW,69.0,0.005,5.0,8.841857142857199,LONG,4598.38,4589.538142857143,4616.063714285715,0.5654920588757982,False,True,MEDIUM,buy,BREAKOUT
2026-04-28 20:40:00,4598.41,4601.51,4598.31,4599.05,1449,4,0,1449,4598.38,0.6700000000000728,4589.973567280583,0.9554139704650879,4599.4,4577.84,3.199999999999818,4.844999999999994,4.633999999999969,3.199999999999818,4.630499999999984,False,0,1,0,0,0,1,5.0,1,50,TREND_UP,73,True,False,4601.51,,4601.51,4587.19,4597.16,4587.19,1,0,1,NEUTRAL,0,0,0,1,BREAK_RETEST,2026-04-28,20,NEW_YORK,4701.24,4554.83,0,0,4567.01,4601.51,1,1,1,0,0,0,1.0,1.8,73,,,53,,,NO_TRADE,NO_TRADE,0.0,0.0,0.0,8.72099999999999,LONG,4599.05,4590.329000000001,4616.492,0.0,False,False,NONE,no_trade,TREND_UP
2026-04-28 20:45:00,4599.05,4600.52,4597.74,4598.15,1670,4,0,1670,4599.05,-0.9000000000005457,4590.752275158623,0.7787078780402226,4601.51,4577.84,2.780000000000655,4.600000000000039,4.603499999999985,2.780000000000655,4.6,False,0,1,0,0,0,0,6.0,1,50,TREND_UP,73,False,False,,,4601.51,4587.19,4601.51,4587.19,0,0,0,NEUTRAL,0,0,0,0,NONE,2026-04-28,20,NEW_YORK,4701.24,4554.83,0,0,4567.01,4601.51,1,1,0,0,0,0,1.0,1.0,46,,,33,,,NO_TRADE,NO_TRADE,0.0,0.0,0.0,8.28000000000007,LONG,4598.15,4589.87,4614.71,0.0,False,False,NONE,no_trade,TREND_UP
2026-04-28 20:50:00,4598.15,4598.42,4596.4,4597.33,1026,4,0,1026,4598.15,-0.819999999999709,4591.378725143516,0.6264499848930427,4601.51,4577.84,2.0200000000004366,4.5371428571428885,4.548500000000013,2.0200000000004366,4.5450000000000275,False,0,1,0,0,0,0,5.0,1,50,TREND_UP,73,False,False,,,4601.51,4587.19,4601.51,4587.19,0,0,0,NEUTRAL,0,0,0,0,NONE,2026-04-28,20,NEW_YORK,4701.24,4554.83,0,0,4570.41,4601.51,1,1,0,0,0,0,1.0,1.0,46,,,33,,,NO_TRADE,NO_TRADE,0.0,0.0,0.0,8.1668571428572,LONG,4597.33,4589.163142857143,4613.663714285714,0.0,False,False,NONE,no_trade,TREND_UP
2026-04-28 20:55:00,4597.33,4597.99,4594.1,4594.73,988,4,0,988,4597.33,-2.600000000000364,4591.697894177467,0.31916903395085683,4601.51,4577.84,3.889999999999418,4.484999999999998,4.350500000000011,3.889999999999418,4.347000000000025,False,0,0,0,0,0,0,5.0,0,50,RANGE,50,False,False,,,4601.51,4587.19,4601.51,4587.19,0,0,0,NEUTRAL,0,0,0,0,NONE,2026-04-28,20,NEW_YORK,4701.24,4554.83,0,0,4571.1,4601.51,1,1,0,0,0,0,1.0,1.0,28,,,44,,,NO_TRADE,NO_TRADE,0.0,0.0,0.0,8.072999999999997,LONG,4594.73,4586.656999999999,4610.875999999999,0.0,False,False,NONE,no_trade,RANGE
2026-04-28 21:00:00,4594.73,4598.44,4592.0,4593.68,1742,4,0,1742,4594.73,-1.0499999999992724,4591.886666160566,0.18877198309928644,4601.51,4580.54,6.4399999999996,4.37214285714286,4.5394999999999985,6.4399999999996,4.536000000000013,True,0,0,0,0,0,0,4.0,0,50,RANGE,58,True,True,4598.44,4592.0,4598.44,4592.0,4601.51,4587.19,0,0,0,LH,0,0,0,0,NONE,2026-04-28,21,NEW_YORK,4701.24,4554.83,0,0,4571.1,4601.51,1,1,0,0,0,0,1.0,1.0,28,,,61,FLOW,exploratory,FLOW,FLOW,61.0,0.005,5.0,8.0,LONG,4593.68,4585.68,4609.68,0.625,False,True,MEDIUM,buy,RANGE
2026-04-28 21:05:00,4593.68,4597.57,4593.41,4596.19,1440,4,0,1440,4593.68,2.509999999999309,4592.296507478607,0.40984131804088975,4601.51,4580.54,4.1599999999998545,4.43714285714285,4.563000000000011,4.1599999999998545,4.559500000000026,False,0,0,0,0,0,1,4.0,0,50,RANGE,50,False,False,,,4598.44,4592.0,4598.44,4592.0,0,0,0,NEUTRAL,0,0,0,0,NONE,2026-04-28,21,NEW_YORK,4701.24,4554.83,0,0,4576.66,4601.51,1,1,0,0,1,0,1.0,1.0,38,,,54,,,NO_TRADE,NO_TRADE,0.0,0.0,0.0,8.0,LONG,4596.19,4588.19,4612.19,0.0,False,False,NONE,no_trade,RANGE
2026-04-28 21:10:00,4596.19,4596.73,4594.76,4596.09,961,4,0,961,4596.19,-0.0999999999994543,4592.657792480644,0.3612850020372207,4601.51,4580.54,1.9699999999993452,4.26928571428568,4.454499999999962,1.9699999999993452,4.4509999999999765,False,0,0,0,0,0,0,4.0,1,50,CHOPPY,40,False,False,,,4598.44,4592.0,4598.44,4592.0,0,0,0,NEUTRAL,0,0,0,0,NONE,2026-04-28,21,NEW_YORK,4701.24,4554.83,0,0,4576.66,4601.51,1,1,0,0,0,0,1.0,1.0,18,,,28,,,NO_TRADE,NO_TRADE,0.0,0.0,0.0,8.0,LONG,4596.09,4588.09,4612.09,0.0,False,False,NONE,no_trade,CHOPPY
2026-04-28 21:15:00,4596.11,4599.26,4596.03,4597.73,976,4,0,976,4596.09,1.639999999999418,4593.140859863441,0.4830673827964347,4601.51,4580.54,3.230000000000473,4.2607142857142595,4.3054999999999835,3.230000000000473,4.301999999999998,False,0,1,0,0,0,1,4.0,1,50,TREND_UP,73,False,False,,,4598.44,4592.0,4598.44,4592.0,0,0,0,NEUTRAL,0,0,0,0,NONE,2026-04-28,21,NEW_YORK,4701.24,4554.83,0,0,4577.84,4601.51,1,1,0,0,1,0,1.0,1.0,56,,,43,,,NO_TRADE,NO_TRADE,0.0,0.0,0.0,8.0,LONG,4597.73,4589.73,4613.73,0.0,False,False,NONE,no_trade,TREND_UP
2026-04-28 21:20:00,4597.73,4600.19,4596.98,4599.28,1780,4,0,1780,4597.73,1.550000000000182,4593.725539876446,0.584680013005709,4601.51,4582.7,3.2100000000000364,4.147857142857122,4.320999999999958,3.2100000000000364,4.317499999999972,False,0,1,0,0,0,1,4.0,1,50,TREND_UP,73,False,False,,,4598.44,4592.0,4598.44,4592.0,1,0,1,NEUTRAL,0,0,0,1,BREAK_RETEST,2026-04-28,21,NEW_YORK,4701.24,4554.83,0,0,4577.84,4601.51,1,1,0,0,0,0,1.0,1.0,73,,,45,,,NO_TRADE,NO_TRADE,0.0,0.0,0.0,8.0,LONG,4599.28,4591.28,4615.28,0.0,False,False,NONE,no_trade,TREND_UP
2026-04-28 21:25:00,4599.28,4600.49,4597.98,4598.88,1338,4,0,1338,4599.28,-0.3999999999996362,4594.216440840594,0.49090096414784057,4601.51,4583.76,2.5100000000002183,3.843571428571392,4.215499999999975,2.5100000000002183,4.211999999999989,False,0,1,0,0,0,0,5.0,1,50,TREND_UP,73,True,False,4600.49,,4600.49,4592.0,4598.44,4592.0,1,0,1,NEUTRAL,0,0,0,1,BREAK_RETEST,2026-04-28,21,NEW_YORK,4701.24,4554.83,0,0,4577.84,4601.51,1,1,0,0,0,0,1.0,1.0,73,,,45,,,NO_TRADE,NO_TRADE,0.0,0.0,0.0,8.0,LONG,4598.88,4590.88,4614.88,0.0,False,False,NONE,no_trade,TREND_UP
2026-04-28 21:30:00,4598.88,4599.45,4594.51,4594.94,1252,4,0,1252,4598.88,-3.9400000000005093,4594.285351236728,0.06891039613401517,4601.51,4586.42,4.9399999999996,3.6057142857141895,4.061499999999978,4.9399999999996,4.057999999999993,False,0,0,0,0,0,0,4.0,0,50,RANGE,50,False,False,,,4600.49,4592.0,4600.49,4592.0,0,0,0,NEUTRAL,0,0,0,0,NONE,2026-04-28,21,NEW_YORK,4701.24,4554.83,0,0,4577.84,4601.51,1,1,0,0,0,0,1.0,1.0,28,,,44,,,NO_TRADE,NO_TRADE,0.0,0.0,0.0,8.0,LONG,4594.94,4586.94,4610.94,0.0,False,False,NONE,no_trade,RANGE
2026-04-28 21:35:00,4594.94,4596.7,4593.52,4596.18,1031,4,0,1031,4594.94,1.2400000000006912,4594.465793976087,0.1804427393590231,4601.51,4587.19,3.1799999999993815,3.4964285714284284,4.057999999999947,3.1799999999993815,4.054499999999962,False,0,1,0,0,0,1,5.0,1,50,TREND_UP,73,False,True,,4593.52,4600.49,4593.52,4600.49,4592.0,0,0,0,HL,0,0,0,0,NONE,2026-04-28,21,NEW_YORK,4701.24,4554.83,0,0,4577.84,4601.51,1,1,0,0,1,0,1.0,1.0,56,,,55,FLOW,exploratory,FLOW,FLOW,55.0,0.005,5.0,8.0,LONG,4596.18,4588.18,4612.18,0.625,False,True,MEDIUM,buy,TREND_UP
2026-04-28 21:40:00,4596.18,4598.02,4596.06,4597.73,1263,4,0,1263,4596.18,1.5499999999992724,4594.77667074027,0.310876764182467,4601.51,4587.19,1.9600000000000364,3.384285714285592,3.9399999999999635,1.9600000000000364,3.9364999999999783,False,0,0,0,0,0,1,5.0,1,50,CHOPPY,40,False,False,,,4600.49,4593.52,4600.49,4593.52,0,0,0,NEUTRAL,0,0,0,0,NONE,2026-04-28,21,NEW_YORK,4701.24,4554.83,0,0,4577.84,4601.51,1,1,0,0,0,0,1.0,1.0,18,,,28,,,NO_TRADE,NO_TRADE,0.0,0.0,0.0,8.0,LONG,4597.73,4589.73,4613.73,0.0,False,False,NONE,no_trade,CHOPPY
2026-04-28 21:45:00,4597.74,4598.81,4597.11,4598.0,1069,4,0,1069,4597.73,0.27000000000043656,4595.083654479291,0.3069837390212342,4601.51,4587.19,1.7000000000007276,3.2278571428571143,3.8574999999999817,1.7000000000007276,3.8539999999999965,False,0,0,0,0,0,1,5.0,1,50,CHOPPY,40,True,False,4598.81,,4598.81,4593.52,4600.49,4593.52,0,0,0,LH,0,0,0,0,NONE,2026-04-28,21,NEW_YORK,4701.24,4554.83,0,0,4580.54,4601.51,1,1,0,0,0,0,1.0,1.0,18,,,40,,,NO_TRADE,NO_TRADE,0.0,0.0,0.0,8.0,LONG,4598.0,4590.0,4614.0,0.0,False,False,NONE,no_trade,CHOPPY
2026-04-28 21:50:00,4598.0,4598.61,4595.07,4595.32,891,4,0,891,4598.0,-2.680000000000291,4595.106163576502,0.022509097210786422,4601.51,4587.19,3.5399999999999636,3.252142857142839,3.7949999999999817,3.5399999999999636,3.7914999999999965,False,0,0,0,0,0,0,5.0,0,50,RANGE,50,False,False,,,4598.81,4593.52,4598.81,4593.52,0,0,0,NEUTRAL,0,0,0,0,NONE,2026-04-28,21,NEW_YORK,4701.24,4554.83,0,0,4580.54,4601.51,1,1,0,0,0,0,1.0,1.0,28,,,44,,,NO_TRADE,NO_TRADE,0.0,0.0,0.0,8.0,LONG,4595.32,4587.32,4611.32,0.0,False,False,NONE,no_trade,RANGE
2026-04-28 21:55:00,4595.32,4595.54,4593.17,4594.26,852,4,0,852,4595.32,-1.0599999999994907,4595.025576569216,-0.08058700728543045,4601.51,4587.19,2.369999999999891,3.22285714285707,3.5749999999999544,2.369999999999891,3.5714999999999693,False,0,0,1,0,0,0,4.0,1,50,TREND_DOWN,73,False,True,,4593.17,4598.81,4593.17,4598.81,4593.52,0,0,0,NEUTRAL,0,0,0,0,NONE,2026-04-28,21,NEW_YORK,4701.24,4554.83,0,0,4580.54,4601.51,1,1,0,0,0,0,1.0,1.0,46,,,33,,,NO_TRADE,NO_TRADE,0.0,0.0,0.0,8.0,SHORT,4594.26,4602.26,4578.26,0.0,False,False,NONE,no_trade,TREND_DOWN
2026-04-28 22:00:00,4594.26,4597.58,4593.86,4595.81,901,4,0,901,4594.26,1.550000000000182,4595.100283562624,0.07470699340774445,4601.51,4587.19,3.7200000000002547,3.3442857142856286,3.3474999999999455,3.7200000000002547,3.34399999999996,False,0,0,0,0,0,1,4.0,0,50,RANGE,50,False,False,,,4598.81,4593.17,4598.81,4593.17,0,0,0,NEUTRAL,0,0,0,0,NONE,2026-04-28,22,NEW_YORK,4701.24,4554.83,0,0,4580.54,4601.51,1,1,0,0,1,0,1.0,1.0,38,,,54,,,NO_TRADE,NO_TRADE,0.0,0.0,0.0,8.0,LONG,4595.81,4587.81,4611.81,0.0,False,False,NONE,no_trade,RANGE
2026-04-28 22:05:00,4595.84,4598.75,4595.84,4596.76,740,4,0,740,4595.81,0.9499999999998181,4595.258351794755,0.15806823213097232,4601.51,4592.0,2.9399999999996,3.276428571428499,3.2589999999999235,2.9099999999998545,3.2539999999999507,False,0,0,0,0,0,1,4.0,0,50,RANGE,50,True,False,4598.75,,4598.75,4593.17,4598.81,4593.17,0,0,0,LH,0,0,0,0,NONE,2026-04-28,22,NEW_YORK,4701.24,4554.83,0,0,4582.7,4601.51,1,1,0,0,0,0,1.0,1.0,28,,,56,FLOW,exploratory,FLOW,FLOW,56.0,0.005,5.0,8.0,LONG,4596.76,4588.76,4612.76,0.625,False,True,MEDIUM,buy,RANGE
2026-04-28 22:10:00,4596.76,4597.55,4595.68,4595.75,676,4,0,676,4596.76,-1.0100000000002183,4595.30517543335,0.04682363859501493,4601.51,4592.0,1.8699999999998909,2.949999999999948,3.175999999999931,1.8699999999998909,3.1744999999999437,False,0,0,0,0,0,0,4.0,1,50,CHOPPY,40,False,False,,,4598.75,4593.17,4598.75,4593.17,0,0,0,NEUTRAL,0,0,0,0,NONE,2026-04-28,22,NEW_YORK,4701.24,4554.83,0,0,4583.76,4601.51,1,1,0,0,0,0,1.0,1.0,18,,,28,,,NO_TRADE,NO_TRADE,0.0,0.0,0.0,8.0,LONG,4595.75,4587.75,4611.75,0.0,False,False,NONE,no_trade,CHOPPY
2026-04-28 22:15:00,4595.75,4595.86,4594.26,4594.89,892,4,0,892,4595.75,-0.8599999999996726,4595.265634915889,-0.039540517461318814,4601.51,4592.0,1.5999999999994543,2.7671428571427765,3.0614999999999326,1.5999999999994543,3.0599999999999454,False,0,0,1,0,0,0,4.0,1,50,TREND_DOWN,73,False,False,,,4598.75,4593.17,4598.75,4593.17,0,0,0,NEUTRAL,0,0,0,0,NONE,2026-04-28,22,NEW_YORK,4701.24,4554.83,0,0,4586.42,4601.51,1,1,0,0,0,0,1.0,1.0,46,,,33,,,NO_TRADE,NO_TRADE,0.0,0.0,0.0,8.0,SHORT,4594.89,4602.89,4578.89,0.0,False,False,NONE,no_trade,TREND_DOWN
2026-04-28 22:20:00,4594.89,4596.28,4593.79,4596.0,975,4,0,975,4594.89,1.1099999999996726,4595.3355744477085,0.06993953181972756,4601.51,4592.0,2.4899999999997817,2.804285714285665,3.025999999999931,2.4899999999997817,3.024499999999944,False,0,1,0,0,0,1,4.0,0,50,TREND_UP,73,False,True,,4593.79,4598.75,4593.79,4598.75,4593.17,0,0,0,HL,0,0,0,0,NONE,2026-04-28,22,NEW_YORK,4701.24,4554.83,0,0,4587.19,4601.51,1,1,0,0,1,0,1.0,1.0,66,,,53,,,NO_TRADE,NO_TRADE,0.0,0.0,0.0,8.0,LONG,4596.0,4588.0,4612.0,0.0,False,False,NONE,no_trade,TREND_UP
2026-04-28 22:25:00,4596.0,4597.21,4595.37,4596.26,856,4,0,856,4596.0,0.2600000000002183,4595.423614976498,0.08804052878986113,4600.52,4592.0,1.8400000000001455,2.7049999999999272,2.9789999999999055,1.8400000000001455,2.9774999999999183,False,0,1,0,0,0,1,4.0,1,50,TREND_UP,73,True,False,4597.21,,4597.21,4593.79,4598.75,4593.79,0,0,0,LH,0,0,0,0,NONE,2026-04-28,22,NEW_YORK,4701.24,4554.83,0,0,4587.19,4601.51,1,1,0,0,0,0,1.0,1.0,46,,,45,,,NO_TRADE,NO_TRADE,0.0,0.0,0.0,8.0,LONG,4596.26,4588.26,4612.26,0.0,False,False,NONE,no_trade,TREND_UP
2026-04-28 22:30:00,4596.26,4596.79,4594.77,4596.44,1164,4,0,1164,4596.26,0.17999999999938154,4595.520413550165,0.09679857366700162,4600.49,4592.0,2.019999999999527,2.619999999999891,2.9789999999998598,2.019999999999527,2.9774999999998726,False,0,0,0,0,0,1,4.0,1,50,CHOPPY,40,False,True,,4594.77,4597.21,4594.77,4597.21,4593.79,0,0,0,HL,0,0,0,0,NONE,2026-04-28,22,NEW_YORK,4701.24,4554.83,0,0,4587.19,4601.51,1,1,0,0,0,0,1.0,1.0,18,,,40,,,NO_TRADE,NO_TRADE,0.0,0.0,0.0,8.0,LONG,4596.44,4588.44,4612.44,0.0,False,False,NONE,no_trade,CHOPPY
2026-04-28 22:35:00,4596.44,4598.74,4596.44,4598.58,746,4,0,746,4596.44,2.1400000000003274,4595.811802735864,0.29138918569879024,4600.49,4592.0,2.300000000000182,2.604999999999888,2.899499999999898,2.300000000000182,2.897999999999911,False,0,1,0,0,0,1,3.0,0,50,TREND_UP,73,False,False,,,4597.21,4594.77,4597.21,4594.77,1,0,1,NEUTRAL,0,0,0,1,BREAK_RETEST,2026-04-28,22,NEW_YORK,4701.24,4554.83,0,0,4587.19,4601.51,1,1,0,0,0,0,1.0,1.0,83,ALPHA,strict_alpha,43,,,ALPHA,ALPHA,83.0,0.01,10.0,8.0,LONG,4598.58,4590.58,4614.58,1.25,False,True,HIGH,buy,TREND_UP
2026-04-28 22:40:00,4598.58,4599.93,4597.85,4598.5,982,4,0,982,4598.58,-0.07999999999992724,4596.0678215229245,0.25601878706038406,4600.49,4592.0,2.0799999999999272,2.4007142857141974,2.6814999999999145,2.0799999999999272,2.6799999999999273,False,0,1,0,0,0,0,4.0,1,50,TREND_UP,73,True,False,4599.93,,4599.93,4594.77,4597.21,4594.77,1,0,1,NEUTRAL,0,0,0,1,BREAK_RETEST,2026-04-28,22,NEW_YORK,4701.24,4554.83,0,0,4587.19,4601.51,1,1,0,0,0,0,1.0,1.0,73,,,45,,,NO_TRADE,NO_TRADE,0.0,0.0,0.0,8.0,LONG,4598.5,4590.5,4614.5,0.0,False,False,NONE,no_trade,TREND_UP
2026-04-28 22:45:00,4598.5,4599.32,4596.41,4597.92,1155,4,0,1155,4598.5,-0.5799999999999272,4596.244219473122,0.17639795019749727,4600.49,4593.17,2.9099999999998545,2.381428571428517,2.6189999999999145,2.9099999999998545,2.6174999999999273,False,0,1,0,0,0,0,3.0,0,50,TREND_UP,73,False,False,,,4599.93,4594.77,4599.93,4594.77,0,0,0,NEUTRAL,0,0,0,0,NONE,2026-04-28,22,NEW_YORK,4701.24,4554.83,0,0,4587.19,4601.51,1,1,0,0,0,0,1.0,1.0,56,,,31,,,NO_TRADE,NO_TRADE,0.0,0.0,0.0,8.0,LONG,4597.92,4589.92,4613.92,0.0,False,False,NONE,no_trade,TREND_UP
2026-04-28 22:50:00,4597.89,4598.34,4593.36,4595.3,1586,4,0,1586,4597.92,-2.619999999999891,4596.154293809015,-0.08992566410688596,4600.49,4593.17,4.980000000000473,2.597142857142834,2.769499999999971,4.980000000000473,2.767999999999984,True,0,0,1,0,0,0,3.0,0,50,TREND_DOWN,81,False,True,,4593.36,4599.93,4593.36,4599.93,4594.77,0,0,0,NEUTRAL,0,0,0,0,NONE,2026-04-28,22,NEW_YORK,4701.24,4554.83,0,0,4592.0,4601.51,1,1,0,0,0,0,1.0,1.0,56,,,31,,,NO_TRADE,NO_TRADE,0.0,0.0,0.0,8.0,SHORT,4595.3,4603.3,4579.3,0.0,False,False,NONE,no_trade,TREND_DOWN
2026-04-28 22:55:00,4595.31,4596.57,4594.25,4595.67,1817,4,0,1817,4595.3,0.36999999999989086,4596.108170589108,-0.04612321990680357,4600.49,4593.17,2.319999999999709,2.641428571428475,2.7239999999999327,2.319999999999709,2.7224999999999455,False,0,0,1,0,0,1,3.0,0,50,TREND_DOWN,73,False,False,,,4599.93,4593.36,4599.93,4593.36,0,0,0,NEUTRAL,0,0,0,0,NONE,2026-04-28,22,NEW_YORK,4701.24,4554.83,0,0,4592.0,4601.51,1,1,0,0,1,0,1.0,1.0,66,,,41,,,NO_TRADE,NO_TRADE,0.0,0.0,0.0,8.0,SHORT,4595.67,4603.67,4579.67,0.0,False,False,NONE,no_trade,TREND_DOWN
2026-04-29 01:00:00,4596.54,4599.6,4595.65,4597.88,647,58,0,647,4595.67,2.2100000000000364,4596.276916247289,0.1687456581803417,4600.49,4593.17,3.9500000000007276,2.670714285714244,2.7609999999999673,3.9500000000007276,2.75949999999998,True,0,0,0,0,0,1,3.0,0,50,RANGE,58,True,False,4599.6,,4599.6,4593.36,4599.93,4593.36,0,0,0,LH,0,0,0,0,NONE,2026-04-29,1,ASIA,4610.25,4510.02,0,0,4592.0,4601.51,1,1,0,0,0,0,1.0,1.0,20,,,55,FLOW,exploratory,FLOW,FLOW,55.0,0.005,5.0,8.0,LONG,4597.88,4589.88,4613.88,0.625,False,True,MEDIUM,buy,RANGE
2026-04-29 01:05:00,4598.36,4598.38,4594.19,4595.35,527,4,0,527,4597.88,-2.5299999999997453,4596.188638509451,-0.08827773783741577,4600.49,4593.17,4.190000000000509,2.8007142857142884,2.844999999999982,4.190000000000509,2.8434999999999944,True,0,0,1,0,1,0,3.0,0,50,REVERSAL,82,False,True,,4594.19,4599.6,4594.19,4599.6,4593.36,0,0,0,HL,0,0,0,0,NONE,2026-04-29,1,ASIA,4610.25,4510.02,0,0,4592.0,4601.51,1,1,0,0,0,0,1.0,1.0,28,,,55,FLOW,exploratory,FLOW,FLOW,55.0,0.005,5.0,8.0,LONG,4595.35,4587.35,4611.35,0.625,False,True,MEDIUM,buy,REVERSAL
2026-04-29 01:10:00,4595.35,4597.02,4595.02,4596.35,428,4,0,428,4595.35,1.0,4596.204006270456,0.01536776100510906,4599.93,4593.17,2.0,2.6778571428571274,2.6980000000000017,2.0,2.6965000000000146,False,0,0,0,0,0,1,4.0,1,50,CHOPPY,40,False,False,,,4599.6,4594.19,4599.6,4594.19,0,0,0,NEUTRAL,0,0,0,0,NONE,2026-04-29,1,ASIA,4610.25,4510.02,0,0,4592.0,4600.52,1,1,0,0,1,0,1.0,1.0,20,,,32,,,NO_TRADE,NO_TRADE,0.0,0.0,0.0,8.0,LONG,4596.35,4588.35,4612.35,0.0,False,False,NONE,no_trade,CHOPPY
2026-04-29 01:15:00,4596.35,4597.28,4595.1,4596.74,323,4,0,323,4596.35,0.3899999999994179,4596.255053292318,0.05104702186145005,4599.93,4593.17,2.1799999999993815,2.6235714285713976,2.648000000000002,2.1799999999993815,2.6465000000000147,False,0,1,0,0,0,1,4.0,0,50,TREND_UP,73,True,False,4597.28,,4597.28,4594.19,4599.6,4594.19,0,0,0,LH,0,0,0,0,NONE,2026-04-29,1,ASIA,4610.25,4510.02,0,0,4592.0,4600.49,1,1,0,0,0,0,1.0,1.0,48,,,37,,,NO_TRADE,NO_TRADE,0.0,0.0,0.0,8.0,LONG,4596.74,4588.74,4612.74,0.0,False,False,NONE,no_trade,TREND_UP
2026-04-29 01:20:00,4596.74,4597.14,4596.12,4596.61,287,4,0,287,4596.74,-0.13000000000010914,4596.288857740668,0.03380444835056551,4599.93,4593.17,1.0200000000004366,2.5628571428571507,2.6010000000000217,1.0200000000004366,2.5995000000000346,False,0,1,0,0,0,0,5.0,1,50,TREND_UP,73,False,False,,,4597.28,4594.19,4597.28,4594.19,0,0,0,NEUTRAL,0,0,0,0,NONE,2026-04-29,1,ASIA,4610.25,4510.02,0,0,4592.0,4600.49,1,1,0,0,0,0,1.0,1.0,38,,,27,,,NO_TRADE,NO_TRADE,0.0,0.0,0.0,8.0,LONG,4596.61,4588.61,4612.61,0.0,False,False,NONE,no_trade,TREND_UP
2026-04-29 01:25:00,4596.7,4596.9,4595.25,4595.86,227,4,0,227,4596.61,-0.75,4596.248014146318,-0.04084359435000806,4599.93,4593.17,1.6499999999996362,2.566428571428592,2.598499999999967,1.6499999999996362,2.59699999999998,False,0,0,1,0,0,0,4.0,1,50,TREND_DOWN,73,False,True,,4595.25,4597.28,4595.25,4597.28,4594.19,0,0,0,HL,0,0,0,0,NONE,2026-04-29,1,ASIA,4610.25,4510.02,0,0,4592.0,4600.49,1,1,0,0,0,0,1.0,1.0,38,,,39,,,NO_TRADE,NO_TRADE,0.0,0.0,0.0,8.0,SHORT,4595.86,4603.86,4579.86,0.0,False,False,NONE,no_trade,TREND_DOWN
2026-04-29 01:30:00,4595.92,4597.13,4595.92,4597.05,291,4,0,291,4595.86,1.1900000000005093,4596.324393751431,0.07637960511237907,4599.93,4593.17,1.2700000000004366,2.479285714285782,2.484999999999991,1.2100000000000364,2.4804999999999837,False,0,1,0,0,0,1,5.0,1,50,TREND_UP,73,False,False,,,4597.28,4595.25,4597.28,4595.25,0,0,0,NEUTRAL,0,0,0,0,NONE,2026-04-29,1,ASIA,4610.25,4510.02,0,0,4593.17,4600.49,1,1,0,0,1,0,1.0,1.0,48,,,37,,,NO_TRADE,NO_TRADE,0.0,0.0,0.0,8.0,LONG,4597.05,4589.05,4613.05,0.0,False,False,NONE,no_trade,TREND_UP
2026-04-29 01:35:00,4596.98,4597.24,4593.89,4594.18,310,4,0,310,4597.05,-2.869999999999891,4596.1201657751035,-0.20422797632727452,4599.93,4593.17,3.3499999999994543,2.5871428571428754,2.533999999999969,3.3499999999994543,2.529499999999962,True,0,0,1,0,1,0,6.0,0,50,REVERSAL,82,True,False,4597.24,,4597.24,4595.25,4597.28,4595.25,0,1,1,LH,0,1,0,1,BREAK_RETEST,2026-04-29,1,ASIA,4610.25,4510.02,0,0,4593.17,4600.49,1,1,0,0,0,0,1.0,1.0,55,,,67,FLOW,exploratory,FLOW,FLOW,67.0,0.005,5.0,8.0,LONG,4594.18,4586.18,4610.18,0.625,False,True,MEDIUM,buy,REVERSAL
2026-04-29 01:40:00,4594.18,4595.22,4592.97,4593.62,505,4,0,505,4594.18,-0.5600000000004002,4595.882054748903,-0.23811102620038582,4599.93,4593.36,2.25,2.6035714285714806,2.460499999999956,2.25,2.455999999999949,False,0,0,1,0,0,0,5.0,0,50,TREND_DOWN,73,False,False,,,4597.24,4595.25,4597.24,4595.25,0,1,1,NEUTRAL,0,0,0,1,BREAK_RETEST,2026-04-29,1,ASIA,4610.25,4510.02,0,0,4592.97,4600.49,1,1,0,1,0,0,1.8,1.0,75,ALPHA,strict_alpha,45,,,ALPHA,ALPHA,75.0,0.01,10.0,8.0,SHORT,4593.62,4601.62,4577.62,1.25,False,True,HIGH,sell,TREND_DOWN
2026-04-29 01:45:00,4593.61,4595.38,4592.86,4593.96,391,4,0,391,4593.62,0.3400000000001455,4595.699001915675,-0.18305283322843025,4599.93,4592.97,2.5200000000004366,2.6192857142857844,2.439499999999998,2.5200000000004366,2.4364999999999783,False,0,0,1,0,0,1,6.0,0,50,TREND_DOWN,73,True,False,4595.38,,4595.38,4595.25,4597.24,4595.25,0,1,1,LH,0,0,0,1,BREAK_RETEST,2026-04-29,1,ASIA,4610.25,4510.02,0,0,4592.86,4600.49,1,1,0,1,1,0,1.8,1.0,85,ALPHA,strict_alpha,67,FLOW,exploratory,ALPHA,ALPHA,85.0,0.01,10.0,8.0,SHORT,4593.96,4601.96,4577.96,1.25,False,True,ELITE,sell,TREND_DOWN
2026-04-29 01:50:00,4593.96,4595.17,4592.58,4594.99,458,4,0,458,4593.96,1.0299999999997453,4595.631477923706,-0.06752399196830083,4599.93,4592.86,2.5900000000001455,2.6557142857143714,2.475500000000011,2.5900000000001455,2.472499999999991,False,0,0,1,0,0,1,5.0,0,50,TREND_DOWN,73,False,False,,,4595.38,4595.25,4595.38,4595.25,0,1,1,NEUTRAL,0,0,0,1,BREAK_RETEST,2026-04-29,1,ASIA,4610.25,4510.02,0,0,4592.58,4600.49,1,1,0,1,0,0,1.8,1.0,75,ALPHA,strict_alpha,45,,,ALPHA,ALPHA,75.0,0.01,10.0,8.0,SHORT,4594.99,4602.99,4578.99,1.25,False,True,HIGH,sell,TREND_DOWN
2026-04-29 01:55:00,4594.99,4595.07,4592.38,4594.08,451,4,0,451,4594.99,-0.9099999999998545,4595.483718121449,-0.14775980225749663,4599.93,4592.58,2.6899999999996,2.6400000000000676,2.530000000000018,2.6899999999996,2.5269999999999984,False,0,0,1,0,0,0,5.0,0,50,TREND_DOWN,73,False,False,,,4595.38,4595.25,4595.38,4595.25,0,1,1,NEUTRAL,0,0,0,1,BREAK_RETEST,2026-04-29,1,ASIA,4610.25,4510.02,0,0,4592.38,4599.93,1,1,0,1,0,0,1.8,1.0,75,ALPHA,strict_alpha,45,,,ALPHA,ALPHA,75.0,0.01,10.0,8.0,SHORT,4594.08,4602.08,4578.08,1.25,False,True,HIGH,sell,TREND_DOWN
2026-04-29 02:00:00,4594.08,4594.47,4592.31,4593.41,509,4,0,509,4594.08,-0.6700000000000728,4595.286221157502,-0.1974969639468327,4599.93,4592.38,2.1599999999998545,2.438571428571452,2.513500000000022,2.1599999999998545,2.5105000000000017,False,0,0,1,0,0,0,5.0,0,50,TREND_DOWN,73,False,False,,,4595.38,4595.25,4595.38,4595.25,0,1,1,NEUTRAL,0,0,0,1,BREAK_RETEST,2026-04-29,2,ASIA,4610.25,4510.02,0,0,4592.31,4599.93,1,1,0,1,0,0,1.8,1.0,75,ALPHA,strict_alpha,45,,,ALPHA,ALPHA,75.0,0.01,10.0,8.0,SHORT,4593.41,4601.41,4577.41,1.25,False,True,HIGH,sell,TREND_DOWN
2026-04-29 02:05:00,4593.41,4593.55,4590.77,4590.91,711,4,0,711,4593.41,-2.5,4594.869438190121,-0.4167829673806409,4599.93,4592.31,2.7799999999997453,2.4714285714285973,2.560500000000002,2.7799999999997453,2.557499999999982,False,0,0,1,1,0,0,4.0,0,50,BREAKOUT,73,False,False,,,4595.38,4595.25,4595.38,4595.25,0,1,1,NEUTRAL,0,0,0,1,BREAK_RETEST,2026-04-29,2,ASIA,4610.25,4510.02,0,0,4590.77,4599.93,1,1,0,1,0,0,1.8,1.0,55,,,63,FLOW,exploratory,FLOW,FLOW,63.0,0.005,5.0,8.0,LONG,4590.91,4582.91,4606.91,0.625,False,True,MEDIUM,buy,BREAKOUT
2026-04-29 02:10:00,4590.91,4591.28,4589.27,4590.93,596,4,0,596,4590.91,0.020000000000436557,4594.494253600586,-0.3751845895358201,4599.93,4590.77,2.009999999999309,2.3328571428570677,2.5599999999999907,2.009999999999309,2.556999999999971,False,0,0,1,0,0,1,5.0,1,50,TREND_DOWN,73,False,True,,4589.27,4595.38,4589.27,4595.38,4595.25,0,1,1,NEUTRAL,0,0,0,1,BREAK_RETEST,2026-04-29,2,ASIA,4610.25,4510.02,0,0,4589.27,4599.93,1,1,0,1,1,0,1.8,1.0,75,ALPHA,strict_alpha,57,FLOW,exploratory,ALPHA,ALPHA,75.0,0.01,10.0,8.0,SHORT,4590.93,4598.93,4574.93,1.25,False,True,HIGH,sell,TREND_DOWN
2026-04-29 02:15:00,4590.93,4592.78,4590.29,4592.09,585,4,0,585,4590.93,1.1599999999998545,4594.265277067197,-0.22897653338895907,4599.93,4589.27,2.4899999999997817,2.2114285714284443,2.569499999999971,2.4899999999997817,2.5664999999999507,False,0,0,1,0,0,1,4.0,0,50,TREND_DOWN,73,True,False,4592.78,,4592.78,4589.27,4595.38,4589.27,0,0,0,LH,0,0,0,0,NONE,2026-04-29,2,ASIA,4610.25,4510.02,0,0,4589.27,4599.93,1,1,0,0,0,0,1.0,1.0,48,,,37,,,NO_TRADE,NO_TRADE,0.0,0.0,0.0,8.0,SHORT,4592.09,4600.09,4576.09,0.0,False,False,NONE,no_trade,TREND_DOWN
2026-04-29 02:20:00,4592.07,4592.36,4591.33,4592.1,320,4,0,320,4592.09,0.010000000000218279,4594.059060203654,-0.20621686354297708,4599.93,4589.27,1.0299999999997453,2.1421428571427117,2.5169999999999617,1.0299999999997453,2.5139999999999416,False,0,0,1,0,0,1,3.0,0,50,TREND_DOWN,73,False,False,,,4592.78,4589.27,4592.78,4589.27,0,0,0,NEUTRAL,0,0,0,0,NONE,2026-04-29,2,ASIA,4610.25,4510.02,0,0,4589.27,4599.93,1,1,0,0,0,0,1.0,1.0,48,,,25,,,NO_TRADE,NO_TRADE,0.0,0.0,0.0,8.0,SHORT,4592.1,4600.1,4576.1,0.0,False,False,NONE,no_trade,TREND_DOWN
2026-04-29 02:25:00,4592.1,4592.37,4590.35,4592.2,430,4,0,430,4592.1,0.0999999999994543,4593.882006850925,-0.17705335272876255,4599.6,4589.27,2.019999999999527,2.130714285714151,2.4724999999999455,2.019999999999527,2.4694999999999254,False,0,0,1,0,0,1,3.0,0,50,TREND_DOWN,73,False,True,,4590.35,4592.78,4590.35,4592.78,4589.27,0,0,0,HL,0,0,0,0,NONE,2026-04-29,2,ASIA,4610.25,4510.02,0,0,4589.27,4599.93,1,1,0,0,0,0,1.0,1.0,48,,,37,,,NO_TRADE,NO_TRADE,0.0,0.0,0.0,8.0,SHORT,4592.2,4600.2,4576.2,0.0,False,False,NONE,no_trade,TREND_DOWN
2026-04-29 02:30:00,4592.21,4593.43,4590.59,4591.33,676,4,0,676,4592.2,-0.8699999999998909,4593.638958579409,-0.2430482715162725,4599.6,4589.27,2.8400000000001455,2.26071428571413,2.365499999999929,2.8400000000001455,2.3624999999999092,False,0,0,0,0,0,0,3.0,0,50,RANGE,50,True,False,4593.43,,4593.43,4590.35,4592.78,4590.35,0,0,0,NEUTRAL,0,0,0,0,NONE,2026-04-29,2,ASIA,4610.25,4510.02,0,0,4589.27,4599.93,1,1,0,0,0,0,1.0,1.0,20,,,38,,,NO_TRADE,NO_TRADE,0.0,0.0,0.0,8.0,LONG,4591.33,4583.33,4607.33,0.0,False,False,NONE,no_trade,RANGE
2026-04-29 02:35:00,4591.33,4591.39,4587.9,4588.4,716,4,0,716,4591.33,-2.930000000000291,4593.140010143275,-0.49894843613401463,4599.6,4589.27,3.490000000000691,2.3921428571427765,2.423999999999978,3.490000000000691,2.420999999999958,True,0,0,1,1,0,0,3.0,0,50,BREAKOUT,81,False,True,,4587.9,4593.43,4587.9,4593.43,4590.35,0,1,1,NEUTRAL,0,0,0,1,BREAK_RETEST,2026-04-29,2,ASIA,4610.25,4510.02,0,0,4587.9,4599.93,1,1,0,1,0,0,1.8,1.0,55,,,63,FLOW,exploratory,FLOW,FLOW,63.0,0.005,5.0,8.0,LONG,4588.4,4580.4,4604.4,0.625,False,True,MEDIUM,buy,BREAKOUT
2026-04-29 02:40:00,4588.4,4590.63,4588.0,4589.89,590,4,0,590,4588.4,1.4900000000006912,4592.830485367725,-0.3095247755500168,4599.6,4587.9,2.630000000000109,2.4892857142856104,2.3579999999999472,2.630000000000109,2.354999999999927,False,0,0,1,0,0,1,3.0,0,50,TREND_DOWN,73,False,False,,,4593.43,4587.9,4593.43,4587.9,0,0,0,NEUTRAL,0,0,0,0,NONE,2026-04-29,2,ASIA,4610.25,4510.02,0,0,4587.9,4599.93,1,1,0,0,1,0,1.0,1.0,58,,,35,,,NO_TRADE,NO_TRADE,0.0,0.0,0.0,8.0,SHORT,4589.89,4597.89,4573.89,0.0,False,False,NONE,no_trade,TREND_DOWN
2026-04-29 02:45:00,4589.89,4592.95,4588.85,4589.17,859,4,0,859,4589.89,-0.7200000000002547,4592.481867713655,-0.34861765406913037,4598.38,4587.9,4.099999999999454,2.542857142857039,2.3534999999998947,4.099999999999454,2.3504999999998746,True,0,0,1,0,1,0,4.0,0,50,REVERSAL,82,True,False,4592.95,,4592.95,4587.9,4593.43,4587.9,0,0,0,LH,0,1,0,0,DOUBLE_TOP,2026-04-29,2,ASIA,4610.25,4510.02,0,0,4587.9,4599.93,1,1,0,0,0,0,1.0,1.0,38,,,67,FLOW,exploratory,FLOW,FLOW,67.0,0.005,5.0,8.0,LONG,4589.17,4581.17,4605.17,0.625,False,True,MEDIUM,buy,REVERSAL
2026-04-29 02:50:00,4589.17,4592.4,4589.16,4592.35,690,4,0,690,4589.17,3.180000000000291,4592.469308883784,-0.012558829871522903,4597.28,4587.9,3.2399999999997817,2.613571428571309,2.4154999999998834,3.2399999999997817,2.4124999999998638,True,0,0,0,0,1,1,5.0,0,50,REVERSAL,77,False,False,,,4592.95,4587.9,4592.95,4587.9,0,0,0,NEUTRAL,0,0,0,0,NONE,2026-04-29,2,ASIA,4610.25,4510.02,0,0,4587.9,4599.93,1,1,0,0,1,0,1.0,1.0,38,,,53,,,NO_TRADE,NO_TRADE,0.0,0.0,0.0,8.0,LONG,4592.35,4584.35,4608.35,0.0,False,False,NONE,no_trade,REVERSAL
2026-04-29 02:55:00,4592.35,4596.21,4592.35,4595.65,739,4,0,739,4592.35,3.2999999999992724,4592.772231847233,0.3029229634494186,4597.28,4587.9,3.8599999999996726,2.70928571428554,2.499499999999898,3.8599999999996726,2.496499999999878,True,0,1,0,0,0,1,4.0,0,50,TREND_UP,81,False,False,,,4592.95,4587.9,4592.95,4587.9,1,0,1,NEUTRAL,0,0,0,1,BREAK_RETEST,2026-04-29,2,ASIA,4610.25,4510.02,0,0,4587.9,4599.93,1,1,0,0,0,0,1.0,1.0,75,ALPHA,strict_alpha,37,,,ALPHA,ALPHA,75.0,0.01,10.0,8.0,LONG,4595.65,4587.65,4611.65,1.25,False,True,HIGH,buy,TREND_UP
2026-04-29 03:00:00,4595.68,4606.83,4594.95,4606.48,2095,4,0,2095,4595.65,10.829999999999927,4594.077733576069,1.3055017288352246,4597.24,4587.9,11.88000000000011,3.372857142856966,3.042499999999882,11.88000000000011,3.0394999999998618,True,0,1,0,1,0,1,4.0,0,50,BREAKOUT,81,False,False,,,4592.95,4587.9,4592.95,4587.9,1,0,1,NEUTRAL,0,0,0,1,BREAK_RETEST,2026-04-29,3,ASIA,4610.25,4510.02,0,0,4587.9,4606.83,1,1,1,0,0,0,1.0,1.8,55,,,63,FLOW,exploratory,FLOW,FLOW,63.0,0.005,5.0,8.0,LONG,4606.48,4598.48,4622.48,0.625,False,True,MEDIUM,buy,BREAKOUT
2026-04-29 03:05:00,4606.48,4608.42,4605.17,4608.27,1568,4,0,1568,4606.48,1.7900000000008731,4595.429377997396,1.3516444213273644,4606.83,4587.9,3.25,3.412857142856995,3.1224999999999,3.25,3.11949999999988,False,0,1,0,1,0,1,4.0,0,50,BREAKOUT,73,False,False,,,4592.95,4587.9,4592.95,4587.9,1,0,1,NEUTRAL,0,0,0,1,BREAK_RETEST,2026-04-29,3,ASIA,4610.25,4510.02,0,0,4587.9,4608.42,1,1,1,0,0,0,1.0,1.8,55,,,63,FLOW,exploratory,FLOW,FLOW,63.0,0.005,5.0,8.0,LONG,4608.27,4600.27,4624.27,0.625,False,True,MEDIUM,buy,BREAKOUT
2026-04-29 03:10:00,4608.27,4610.25,4606.77,4607.38,1397,4,0,1397,4608.27,-0.8900000000003274,4596.567532473834,1.1381544764381033,4608.42,4587.9,3.4799999999995634,3.5071428571426884,3.232999999999856,3.4799999999995634,3.232999999999856,False,0,1,0,0,0,0,5.0,0,50,TREND_UP,73,True,False,4610.25,,4610.25,4587.9,4592.95,4587.9,1,0,1,NEUTRAL,0,0,0,1,BREAK_RETEST,2026-04-29,3,ASIA,4610.25,4510.02,1,0,4587.9,4610.25,1,1,1,0,0,0,1.0,2.3,75,ALPHA,strict_alpha,45,,,ALPHA,ALPHA,75.0,0.01,10.0,8.0,LONG,4607.38,4599.38,4623.38,1.25,False,True,HIGH,buy,TREND_UP
2026-04-29 03:15:00,4607.41,4607.77,4600.77,4600.78,1234,4,0,1234,4607.38,-6.600000000000364,4596.968719857278,0.40118738344426674,4610.25,4587.9,7.0,3.8085714285712777,3.4154999999998834,7.0,3.4154999999998834,True,0,1,0,0,0,0,4.0,0,50,TREND_UP,81,False,False,,,4610.25,4587.9,4610.25,4587.9,0,0,0,NEUTRAL,0,0,0,0,NONE,2026-04-29,3,ASIA,4610.25,4510.02,0,0,4587.9,4610.25,1,1,0,0,0,0,1.0,1.0,48,,,25,,,NO_TRADE,NO_TRADE,0.0,0.0,0.0,8.0,LONG,4600.78,4592.78,4616.78,0.0,False,False,NONE,no_trade,TREND_UP
2026-04-29 03:20:00,4600.78,4603.14,4599.59,4602.48,1363,4,0,1363,4600.78,1.699999999999818,4597.493603680395,0.5248838231163973,4610.25,4587.9,3.550000000000182,3.91857142857134,3.4804999999998927,3.550000000000182,3.4804999999998927,False,0,1,0,0,0,1,5.0,0,50,TREND_UP,73,False,False,,,4610.25,4587.9,4610.25,4587.9,0,0,0,NEUTRAL,0,0,0,0,NONE,2026-04-29,3,ASIA,4610.25,4510.02,0,0,4587.9,4610.25,1,1,0,0,1,0,1.0,1.0,58,,,35,,,NO_TRADE,NO_TRADE,0.0,0.0,0.0,8.0,LONG,4602.48,4594.48,4618.48,0.0,False,False,NONE,no_trade,TREND_UP
2026-04-29 03:25:00,4602.48,4604.67,4598.65,4600.06,1288,4,0,1288,4602.48,-2.4199999999991633,4597.7380223775,0.24441869710517494,4610.25,4587.9,6.020000000000437,4.1707142857142445,3.6554999999998925,6.020000000000437,3.6554999999998925,True,0,0,0,0,1,0,5.0,0,50,REVERSAL,77,True,True,4604.67,4598.65,4604.67,4598.65,4610.25,4587.9,0,0,0,LH,0,0,0,0,NONE,2026-04-29,3,ASIA,4610.25,4510.02,0,0,4587.9,4610.25,1,1,0,0,0,0,1.0,1.0,28,,,55,FLOW,exploratory,FLOW,FLOW,55.0,0.005,5.0,8.0,LONG,4600.06,4592.06,4616.06,0.625,False,True,MEDIUM,buy,REVERSAL
2026-04-29 03:30:00,4600.06,4602.3,4599.69,4601.71,1088,4,0,1088,4600.06,1.6499999999996362,4598.116305960595,0.37828358309525356,4610.25,4587.9,2.610000000000582,4.283571428571447,3.6564999999999146,2.610000000000582,3.6564999999999146,False,0,0,0,0,0,1,5.0,1,50,CHOPPY,40,False,False,,,4604.67,4598.65,4604.67,4598.65,0,0,0,NEUTRAL,0,0,0,0,NONE,2026-04-29,3,ASIA,4610.25,4510.02,0,0,4587.9,4610.25,1,1,0,0,1,0,1.0,1.0,20,,,32,,,NO_TRADE,NO_TRADE,0.0,0.0,0.0,8.0,LONG,4601.71,4593.71,4617.71,0.0,False,False,NONE,no_trade,CHOPPY
2026-04-29 03:35:00,4601.71,4602.93,4599.27,4602.91,978,4,0,978,4601.71,1.199999999999818,4598.572848250062,0.45654228946659714,4610.25,4587.9,3.6599999999998545,4.4007142857143275,3.7049999999999272,3.6599999999998545,3.7049999999999272,False,0,0,0,0,0,1,4.0,0,50,RANGE,50,False,True,,4599.27,4604.67,4599.27,4604.67,4598.65,0,0,0,HL,0,0,1,0,DOUBLE_BOTTOM,2026-04-29,3,ASIA,4610.25,4510.02,0,0,4587.9,4610.25,1,1,0,0,0,0,1.0,1.0,30,,,62,FLOW,exploratory,FLOW,FLOW,62.0,0.005,5.0,8.0,LONG,4602.91,4594.91,4618.91,0.625,False,True,MEDIUM,buy,RANGE
2026-04-29 03:40:00,4602.91,4604.79,4602.55,4603.65,928,4,0,928,4602.91,0.7399999999997817,4599.05638651196,0.48353826189850224,4610.25,4587.9,2.2399999999997817,4.357857142857158,3.7089999999999237,2.2399999999997817,3.7089999999999237,False,0,1,0,0,0,1,4.0,1,50,TREND_UP,73,True,False,4604.79,,4604.79,4599.27,4604.67,4599.27,0,0,0,NEUTRAL,0,0,0,0,NONE,2026-04-29,3,ASIA,4610.25,4510.02,0,0,4587.9,4610.25,1,1,0,0,0,0,1.0,1.0,38,,,27,,,NO_TRADE,NO_TRADE,0.0,0.0,0.0,8.0,LONG,4603.65,4595.65,4619.65,0.0,False,False,NONE,no_trade,TREND_UP
2026-04-29 03:45:00,4603.69,4604.03,4599.4,4600.04,1129,4,0,1129,4603.65,-3.6099999999996726,4599.150063987011,0.09367747505075386,4610.25,4587.9,4.630000000000109,4.439285714285688,3.8014999999999417,4.630000000000109,3.8014999999999417,False,0,0,0,0,0,0,5.0,0,50,RANGE,50,False,False,,,4604.79,4599.27,4604.79,4599.27,0,0,0,NEUTRAL,0,0,0,0,NONE,2026-04-29,3,ASIA,4610.25,4510.02,0,0,4587.9,4610.25,1,1,0,0,0,0,1.0,1.0,20,,,38,,,NO_TRADE,NO_TRADE,0.0,0.0,0.0,8.0,LONG,4600.04,4592.04,4616.04,0.0,False,False,NONE,no_trade,RANGE
2026-04-29 03:50:00,4599.99,4599.99,4596.13,4598.15,1320,4,0,1320,4600.04,-1.8900000000003274,4599.054819797772,-0.09524418923865596,4610.25,4587.9,3.9099999999998545,4.530714285714241,3.896499999999969,3.8599999999996726,3.89399999999996,False,0,0,1,0,0,0,5.0,0,50,TREND_DOWN,73,False,True,,4596.13,4604.79,4596.13,4604.79,4599.27,0,1,1,NEUTRAL,0,0,0,1,BREAK_RETEST,2026-04-29,3,ASIA,4610.25,4510.02,0,0,4587.9,4610.25,1,1,0,0,0,0,1.0,1.0,75,ALPHA,strict_alpha,37,,,ALPHA,ALPHA,75.0,0.01,10.0,9.96757142857133,SHORT,4598.15,4608.117571428571,4578.214857142857,1.0032534074785473,False,True,HIGH,sell,TREND_DOWN
2026-04-29 03:55:00,4598.17,4601.93,4597.91,4600.15,1001,4,0,1001,4598.15,2.0,4599.159122674175,0.10430287640247116,4610.25,4587.9,4.020000000000437,4.525000000000026,3.9730000000000016,4.020000000000437,3.970499999999993,False,0,0,0,0,0,1,5.0,0,50,RANGE,50,True,False,4601.93,,4601.93,4596.13,4604.79,4596.13,0,0,0,LH,0,0,0,0,NONE,2026-04-29,3,ASIA,4610.25,4510.02,0,0,4587.9,4610.25,1,1,0,0,1,0,1.0,1.0,30,,,60,FLOW,exploratory,FLOW,FLOW,60.0,0.005,5.0,8.145000000000048,LONG,4600.15,4592.004999999999,4616.44,0.6138735420503341,False,True,MEDIUM,buy,RANGE
2026-04-29 04:00:00,4600.15,4600.38,4580.27,4582.65,2985,4,0,2985,4600.15,-17.5,4597.586825276634,-1.5722973975407513,4610.25,4587.9,20.109999999999673,5.730000000000018,4.926999999999998,20.109999999999673,4.924499999999989,True,0,0,1,1,1,0,6.0,0,50,BREAKOUT,85,False,False,,,4601.93,4596.13,4601.93,4596.13,0,1,1,NEUTRAL,0,0,0,1,BREAK_RETEST,2026-04-29,4,ASIA,4610.25,4510.02,0,0,4580.27,4610.25,1,1,0,1,0,0,1.8,1.0,55,,,63,FLOW,exploratory,FLOW,FLOW,63.0,0.005,5.0,10.314000000000034,LONG,4582.65,4572.335999999999,4603.277999999999,0.48477797168896486,False,True,MEDIUM,buy,BREAKOUT
2026-04-29 04:05:00,4582.65,4586.74,4575.99,4581.23,2469,4,0,2469,4582.65,-1.4200000000000728,4596.029032393145,-1.5577928834891281,4610.25,4580.27,10.75,6.222142857142899,5.3635000000000215,10.75,5.361000000000013,True,0,0,1,0,0,0,5.0,0,50,TREND_DOWN,81,False,True,,4575.99,4601.93,4575.99,4601.93,4596.13,0,1,1,NEUTRAL,0,0,0,1,BREAK_RETEST,2026-04-29,4,ASIA,4610.25,4510.02,0,0,4575.99,4610.25,1,1,0,1,0,0,1.8,1.0,75,ALPHA,strict_alpha,45,,,ALPHA,ALPHA,75.0,0.01,10.0,13.688714285714378,SHORT,4581.23,4594.918714285714,4553.852571428571,0.7305287984888441,False,True,HIGH,sell,TREND_DOWN
2026-04-29 04:10:00,4581.23,4585.71,4581.18,4582.66,1825,4,0,1825,4581.23,1.430000000000291,4594.755791212845,-1.2732411802999195,4610.25,4575.99,4.529999999999745,5.697142857142873,5.448000000000002,4.529999999999745,5.445499999999993,False,0,0,1,0,0,1,5.0,0,50,TREND_DOWN,73,False,False,,,4601.93,4575.99,4601.93,4575.99,0,0,0,NEUTRAL,0,0,0,0,NONE,2026-04-29,4,ASIA,4610.25,4510.02,0,0,4575.99,4610.25,1,1,0,0,1,0,1.0,1.0,58,,,35,,,NO_TRADE,NO_TRADE,0.0,0.0,0.0,10.25485714285717,SHORT,4582.66,4592.914857142857,4562.150285714286,0.0,False,False,NONE,no_trade,TREND_DOWN
2026-04-29 04:15:00,4582.4,4586.05,4579.2,4585.63,1903,4,0,1903,4582.66,2.9700000000002547,4593.886668240193,-0.8691229726518941,4610.25,4575.99,6.850000000000364,5.9542857142857555,5.6159999999999854,6.850000000000364,5.613499999999976,False,0,0,1,0,0,1,4.0,0,50,TREND_DOWN,73,False,True,,4579.2,4601.93,4579.2,4601.93,4575.99,0,0,0,HL,0,0,0,0,NONE,2026-04-29,4,ASIA,4610.25,4510.02,0,0,4575.99,4610.25,1,1,0,0,0,0,1.0,1.0,48,,,37,,,NO_TRADE,NO_TRADE,0.0,0.0,0.0,10.71771428571436,SHORT,4585.63,4596.347714285715,4564.194571428571,0.0,False,False,NONE,no_trade,TREND_DOWN
2026-04-29 04:20:00,4585.63,4586.48,4582.27,4585.12,1659,4,0,1659,4585.63,-0.5100000000002183,4593.051747455413,-0.8349207847804792,4610.25,4575.99,4.209999999999127,6.006428571428581,5.694999999999936,4.209999999999127,5.692499999999927,False,0,0,1,0,0,0,5.0,1,50,TREND_DOWN,73,True,False,4586.48,,4586.48,4579.2,4601.93,4579.2,0,0,0,LH,0,0,0,0,NONE,2026-04-29,4,ASIA,4610.25,4510.02,0,0,4575.99,4610.25,1,1,0,0,0,0,1.0,1.0,38,,,39,,,NO_TRADE,NO_TRADE,0.0,0.0,0.0,10.811571428571447,SHORT,4585.12,4595.931571428571,4563.496857142857,0.0,False,False,NONE,no_trade,TREND_DOWN
2026-04-29 04:25:00,4585.12,4585.79,4580.21,4580.44,1691,4,0,1691,4585.12,-4.680000000000291,4591.850628650135,-1.2011188052774742,4610.25,4575.99,5.579999999999927,5.905000000000006,5.76899999999996,5.579999999999927,5.766499999999951,False,0,0,1,0,0,0,5.0,0,50,TREND_DOWN,73,False,False,,,4586.48,4579.2,4586.48,4579.2,0,0,0,NEUTRAL,0,0,0,0,NONE,2026-04-29,4,ASIA,4610.25,4510.02,0,0,4575.99,4610.25,1,1,0,0,0,0,1.0,1.0,48,,,25,,,NO_TRADE,NO_TRADE,0.0,0.0,0.0,10.62900000000001,SHORT,4580.44,4591.0689999999995,4559.182,0.0,False,False,NONE,no_trade,TREND_DOWN
2026-04-29 04:30:00,4580.46,4586.55,4579.09,4586.19,2160,4,0,2160,4580.44,5.75,4591.311521159646,-0.5391074904891866,4610.25,4575.99,7.460000000000036,6.184285714285709,5.979999999999973,7.460000000000036,5.977499999999964,False,0,0,0,0,0,1,5.0,0,50,RANGE,50,False,True,,4579.09,4586.48,4579.09,4586.48,4579.2,0,0,0,NEUTRAL,0,0,1,0,DOUBLE_BOTTOM,2026-04-29,4,ASIA,4610.25,4510.02,0,0,4575.99,4610.25,1,1,0,0,1,0,1.0,1.0,40,,,60,FLOW,exploratory,FLOW,FLOW,60.0,0.005,5.0,11.131714285714276,LONG,4586.19,4575.058285714285,4608.453428571428,0.4491671158337829,False,True,MEDIUM,buy,RANGE
2026-04-29 04:35:00,4586.22,4589.18,4584.03,4584.89,1830,4,0,1830,4586.19,-1.2999999999992724,4590.69994771587,-0.6115734437762512,4610.25,4575.99,5.150000000000546,6.12214285714286,6.044500000000016,5.150000000000546,6.042000000000007,False,0,0,0,0,0,0,6.0,0,50,RANGE,50,False,False,,,4586.48,4579.09,4586.48,4579.09,0,0,0,NEUTRAL,0,0,0,0,NONE,2026-04-29,4,ASIA,4610.25,4510.02,0,0,4575.99,4610.25,1,1,0,0,0,0,1.0,1.0,20,,,38,,,NO_TRADE,NO_TRADE,0.0,0.0,0.0,11.019857142857148,LONG,4584.89,4573.870142857143,4606.929714285715,0.0,False,False,NONE,no_trade,RANGE
2026-04-29 04:40:00,4584.89,4591.49,4582.54,4590.56,1749,4,0,1749,4584.89,5.670000000000073,4590.686619361977,-0.013328353892575251,4610.25,4575.99,8.949999999999818,6.574999999999948,5.8980000000000015,8.949999999999818,5.895499999999993,True,0,0,0,0,1,1,6.0,0,50,REVERSAL,77,False,False,,,4586.48,4579.09,4586.48,4579.09,1,0,1,NEUTRAL,0,0,0,1,BREAK_RETEST,2026-04-29,4,ASIA,4610.25,4510.02,0,0,4575.99,4610.25,1,1,0,0,1,0,1.0,1.0,65,,,65,FLOW,exploratory,FLOW,FLOW,65.0,0.005,5.0,11.834999999999907,LONG,4590.56,4578.725,4614.2300000000005,0.42247570764681364,False,True,MEDIUM,buy,REVERSAL
2026-04-29 04:45:00,4590.56,4591.52,4582.11,4583.82,1864,4,0,1864,4590.56,-6.740000000000691,4590.032655613217,-0.6539637487603613,4610.25,4575.99,9.410000000000764,6.985714285714299,6.20600000000004,9.410000000000764,6.203500000000031,True,0,0,1,0,1,0,6.0,0,50,REVERSAL,82,True,False,4591.52,,4591.52,4579.09,4586.48,4579.09,0,0,0,NEUTRAL,0,0,0,0,NONE,2026-04-29,4,ASIA,4610.25,4510.02,0,0,4575.99,4610.25,1,1,0,0,0,0,1.0,1.0,28,,,43,,,NO_TRADE,NO_TRADE,0.0,0.0,0.0,12.574285714285738,LONG,4583.82,4571.245714285714,4608.9685714285715,0.0,False,False,NONE,no_trade,REVERSAL
2026-04-29 04:50:00,4583.78,4584.24,4580.38,4581.88,1743,4,0,1743,4583.82,-1.9399999999995998,4589.256212221482,-0.7764433917345741,4610.25,4575.99,3.8599999999996726,7.101428571428577,6.225000000000046,3.8599999999996726,6.222500000000037,False,0,0,0,0,0,0,6.0,1,50,CHOPPY,40,False,True,,4580.38,4591.52,4580.38,4591.52,4579.09,0,0,0,HL,0,0,0,0,NONE,2026-04-29,4,ASIA,4610.25,4510.02,0,0,4575.99,4610.25,1,1,0,0,0,0,1.0,1.0,10,,,34,,,NO_TRADE,NO_TRADE,0.0,0.0,0.0,12.782571428571439,LONG,4581.88,4569.097428571428,4607.445142857143,0.0,False,False,NONE,no_trade,CHOPPY
2026-04-29 04:55:00,4581.88,4585.28,4580.87,4584.79,1660,4,0,1660,4581.88,2.9099999999998545,4588.830858676579,-0.4253535449033734,4607.77,4575.99,4.4099999999998545,7.085714285714273,6.0955000000000386,4.4099999999998545,6.093000000000029,False,0,0,1,0,0,1,6.0,1,50,TREND_DOWN,73,False,False,,,4591.52,4580.38,4591.52,4580.38,0,0,0,NEUTRAL,0,0,0,0,NONE,2026-04-29,4,ASIA,4610.25,4510.02,0,0,4575.99,4610.25,1,1,0,0,1,0,1.0,1.0,48,,,37,,,NO_TRADE,NO_TRADE,0.0,0.0,0.0,12.754285714285691,SHORT,4584.79,4597.544285714285,4559.2814285714285,0.0,False,False,NONE,no_trade,TREND_DOWN
2026-04-29 05:00:00,4584.79,4595.48,4584.79,4592.48,1952,4,0,1952,4584.79,7.6899999999996,4589.178395945476,0.3475372688972129,4604.79,4575.99,10.6899999999996,7.569999999999969,6.4525000000000095,10.6899999999996,6.45,True,0,1,0,0,0,1,6.0,0,50,TREND_UP,81,False,False,,,4591.52,4580.38,4591.52,4580.38,1,0,1,NEUTRAL,0,0,0,1,BREAK_RETEST,2026-04-29,5,ASIA,4610.25,4510.02,0,0,4575.99,4610.25,1,1,0,0,0,0,1.0,1.0,75,ALPHA,strict_alpha,37,,,ALPHA,ALPHA,75.0,0.01,10.0,16.653999999999932,LONG,4592.48,4575.826,4625.788,0.6004563468235884,False,True,HIGH,buy,TREND_UP
2026-04-29 05:05:00,4592.48,4601.38,4591.84,4598.86,1657,4,0,1657,4592.48,6.380000000000109,4590.100453474478,0.9220575290019042,4604.79,4575.99,9.539999999999964,7.96428571428565,6.628499999999986,9.539999999999964,6.625999999999976,True,0,1,0,0,0,1,5.0,0,50,TREND_UP,81,False,False,,,4591.52,4580.38,4591.52,4580.38,1,0,1,NEUTRAL,0,0,0,1,BREAK_RETEST,2026-04-29,5,ASIA,4610.25,4510.02,0,0,4575.99,4610.25,1,1,0,0,0,0,1.0,1.0,75,ALPHA,strict_alpha,37,,,ALPHA,ALPHA,75.0,0.01,10.0,17.52142857142843,LONG,4598.86,4581.338571428571,4633.902857142856,0.5707297187117861,False,True,HIGH,buy,TREND_UP
2026-04-29 05:10:00,4598.86,4602.58,4598.84,4600.98,1622,4,0,1622,4598.86,2.119999999999891,4591.136600762623,1.0361472881450027,4604.79,4575.99,3.7399999999997817,6.794999999999943,6.684999999999945,3.7399999999997817,6.682499999999936,False,0,1,0,0,0,1,5.0,1,50,TREND_UP,73,False,False,,,4591.52,4580.38,4591.52,4580.38,1,0,1,NEUTRAL,0,0,0,1,BREAK_RETEST,2026-04-29,5,ASIA,4610.25,4510.02,0,0,4575.99,4610.25,1,1,0,0,0,0,1.0,1.0,65,,,39,,,NO_TRADE,NO_TRADE,0.0,0.0,0.0,12.230999999999899,LONG,4600.98,4588.749,4625.441999999999,0.0,False,False,NONE,no_trade,TREND_UP
2026-04-29 05:15:00,4600.99,4604.27,4600.06,4601.39,1232,4,0,1232,4600.98,0.410000000000764,4592.113114975706,0.9765142130827371,4604.79,4575.99,4.210000000000036,6.327857142857089,6.712499999999954,4.210000000000036,6.709999999999946,False,0,1,0,0,0,1,4.0,1,50,TREND_UP,73,True,False,4604.27,,4604.27,4580.38,4591.52,4580.38,1,0,1,NEUTRAL,0,0,0,1,BREAK_RETEST,2026-04-29,5,ASIA,4610.25,4510.02,0,0,4575.99,4610.25,1,1,0,0,0,0,1.0,1.0,65,,,39,,,NO_TRADE,NO_TRADE,0.0,0.0,0.0,11.39014285714276,LONG,4601.39,4589.999857142858,4624.1702857142855,0.0,False,False,NONE,no_trade,TREND_UP
2026-04-29 05:20:00,4601.39,4601.7,4598.6,4598.61,1099,4,0,1099,4601.39,-2.780000000000655,4592.731865930401,0.6187509546953152,4604.79,4575.99,3.0999999999994543,6.2257142857142105,6.755499999999938,3.0999999999994543,6.752999999999929,False,0,1,0,0,0,0,4.0,1,50,TREND_UP,73,False,False,,,4604.27,4580.38,4604.27,4580.38,0,0,0,NEUTRAL,0,0,0,0,NONE,2026-04-29,5,ASIA,4610.25,4510.02,0,0,4575.99,4610.25,1,1,0,0,0,0,1.0,1.0,38,,,27,,,NO_TRADE,NO_TRADE,0.0,0.0,0.0,11.20628571428558,LONG,4598.61,4587.403714285714,4621.022571428571,0.0,False,False,NONE,no_trade,TREND_UP
2026-04-29 05:25:00,4598.62,4603.21,4598.27,4599.25,1315,4,0,1315,4598.61,0.6400000000003274,4593.352640603696,0.6207746732952728,4604.27,4575.99,4.9399999999996,6.089285714285585,6.770999999999913,4.9399999999996,6.768499999999904,False,0,1,0,0,0,1,4.0,1,50,TREND_UP,73,True,True,4603.21,4598.27,4603.21,4598.27,4604.27,4580.38,0,0,0,LH,0,0,0,0,NONE,2026-04-29,5,ASIA,4610.25,4510.02,0,0,4575.99,4610.25,1,1,0,0,1,0,1.0,1.0,48,,,49,,,NO_TRADE,NO_TRADE,0.0,0.0,0.0,10.960714285714053,LONG,4599.25,4588.289285714286,4621.171428571428,0.0,False,False,NONE,no_trade,TREND_UP
2026-04-29 05:30:00,4599.25,4601.95,4598.54,4599.66,1503,4,0,1503,4599.25,0.4099999999998545,4593.953341498583,0.6007008948863586,4604.27,4575.99,3.4099999999998545,6.032142857142779,6.7459999999999125,3.4099999999998545,6.7459999999999125,False,0,1,0,0,0,1,3.0,0,50,TREND_UP,73,False,False,,,4603.21,4598.27,4603.21,4598.27,0,0,0,NEUTRAL,0,0,0,0,NONE,2026-04-29,5,ASIA,4610.25,4510.02,0,0,4575.99,4610.25,1,1,0,0,0,0,1.0,1.0,48,,,25,,,NO_TRADE,NO_TRADE,0.0,0.0,0.0,10.857857142857004,LONG,4599.66,4588.802142857143,4621.375714285714,0.0,False,False,NONE,no_trade,TREND_UP
2026-04-29 05:35:00,4599.69,4599.7,4595.85,4596.05,1486,4,0,1486,4599.66,-3.6099999999996726,4594.153023260622,0.19968176203929033,4604.27,4575.99,3.8499999999994543,5.9085714285713165,6.737499999999864,3.8499999999994543,6.737499999999864,False,0,0,0,0,0,0,4.0,1,50,CHOPPY,40,False,False,,,4603.21,4598.27,4603.21,4598.27,0,1,1,NEUTRAL,0,0,0,1,BREAK_RETEST,2026-04-29,5,ASIA,4610.25,4510.02,0,0,4575.99,4610.25,1,1,0,0,0,0,1.0,1.0,37,,,34,,,NO_TRADE,NO_TRADE,0.0,0.0,0.0,10.63542857142837,LONG,4596.05,4585.414571428571,4617.320857142857,0.0,False,False,NONE,no_trade,CHOPPY
2026-04-29 05:40:00,4596.09,4598.69,4595.7,4596.84,1194,4,0,1194,4596.05,0.7899999999999636,4594.408925807229,0.25590254660710343,4604.27,4575.99,2.9899999999997817,5.589285714285585,5.881499999999869,2.9899999999997817,5.881499999999869,False,0,0,0,0,0,1,4.0,1,50,CHOPPY,40,False,True,,4595.7,4603.21,4595.7,4603.21,4598.27,0,1,1,NEUTRAL,0,0,0,1,BREAK_RETEST,2026-04-29,5,ASIA,4610.25,4510.02,0,0,4575.99,4607.77,1,1,0,0,1,0,1.0,1.0,47,,,44,,,NO_TRADE,NO_TRADE,0.0,0.0,0.0,10.060714285714052,LONG,4596.84,4586.779285714286,4616.961428571428,0.0,False,False,NONE,no_trade,CHOPPY
2026-04-29 05:45:00,4596.84,4601.25,4596.42,4599.27,1395,4,0,1395,4596.84,2.430000000000291,4594.87188525416,0.46295944693065394,4604.27,4575.99,4.829999999999927,5.566428571428397,5.585499999999866,4.829999999999927,5.585499999999866,False,0,1,0,0,0,1,4.0,0,50,TREND_UP,73,True,False,4601.25,,4601.25,4595.7,4603.21,4595.7,0,0,0,LH,0,0,0,0,NONE,2026-04-29,5,ASIA,4610.25,4510.02,0,0,4575.99,4604.79,1,1,0,0,0,0,1.0,1.0,48,,,37,,,NO_TRADE,NO_TRADE,0.0,0.0,0.0,10.019571428571115,LONG,4599.27,4589.250428571429,4619.309142857142,0.0,False,False,NONE,no_trade,TREND_UP
2026-04-29 05:50:00,4599.27,4600.52,4592.89,4593.03,1692,4,0,1692,4599.27,-6.240000000000691,4594.6964676109055,-0.17541764325414988,4604.27,4579.09,7.630000000000109,5.472142857142704,5.740499999999884,7.630000000000109,5.740499999999884,True,0,0,1,0,1,0,5.0,0,50,REVERSAL,82,False,False,,,4601.25,4595.7,4601.25,4595.7,0,1,1,NEUTRAL,0,0,0,1,BREAK_RETEST,2026-04-29,5,ASIA,4610.25,4510.02,0,0,4575.99,4604.79,1,1,0,0,0,0,1.0,1.0,55,,,55,FLOW,exploratory,FLOW,FLOW,55.0,0.005,5.0,9.849857142856868,LONG,4593.03,4583.1801428571425,4612.729714285713,0.5076215753673147,False,True,MEDIUM,buy,REVERSAL
2026-04-29 05:55:00,4593.03,4594.58,4592.25,4593.66,1764,4,0,1764,4593.03,0.6300000000001091,4594.597756409867,-0.09871120103889552,4604.27,4579.09,2.3299999999999272,4.9664285714283585,5.514499999999861,2.3299999999999272,5.514499999999861,False,0,0,1,0,0,1,6.0,1,50,TREND_DOWN,73,False,True,,4592.25,4601.25,4592.25,4601.25,4595.7,0,1,1,NEUTRAL,0,0,0,1,BREAK_RETEST,2026-04-29,5,ASIA,4610.25,4510.02,0,0,4575.99,4604.79,1,1,0,0,1,0,1.0,1.0,75,ALPHA,strict_alpha,49,,,ALPHA,ALPHA,75.0,0.01,10.0,10.92614285714239,SHORT,4593.66,4604.5861428571425,4571.8077142857155,0.9152360655309415,False,True,HIGH,sell,TREND_DOWN
2026-04-29 06:00:00,4593.65,4597.87,4592.86,4596.61,1592,4,0,1592,4593.66,2.949999999999818,4594.789398656547,0.19164224668020324,4604.27,4579.09,5.010000000000218,5.048571428571255,5.5544999999999165,5.010000000000218,5.5544999999999165,False,0,1,0,0,0,1,6.0,0,50,TREND_UP,73,False,False,,,4601.25,4592.25,4601.25,4592.25,0,0,0,NEUTRAL,0,0,0,0,NONE,2026-04-29,6,ASIA,4610.25,4510.02,0,0,4575.99,4604.79,1,1,0,0,0,0,1.0,1.0,48,,,25,,,NO_TRADE,NO_TRADE,0.0,0.0,0.0,9.087428571428259,LONG,4596.61,4587.522571428572,4614.784857142856,0.0,False,False,NONE,no_trade,TREND_UP
2026-04-29 06:05:00,4596.8,4600.43,4596.18,4599.7,1530,4,0,1530,4596.61,3.0900000000001455,4595.257074974971,0.46767631842431,4604.27,4579.09,4.25,5.037142857142693,5.48799999999992,4.25,5.48799999999992,False,0,1,0,0,0,1,5.0,1,50,TREND_UP,73,False,False,,,4601.25,4592.25,4601.25,4592.25,0,0,0,NEUTRAL,0,0,0,0,NONE,2026-04-29,6,ASIA,4610.25,4510.02,0,0,4575.99,4604.79,1,1,0,0,0,0,1.0,1.0,38,,,27,,,NO_TRADE,NO_TRADE,0.0,0.0,0.0,9.066857142856847,LONG,4599.7,4590.633142857143,4617.8337142857135,0.0,False,False,NONE,no_trade,TREND_UP
2026-04-29 06:10:00,4599.7,4603.02,4598.54,4601.87,1352,4,0,1352,4599.7,2.1700000000000728,4595.886877358307,0.6298023833360276,4604.27,4579.09,4.480000000000473,4.593571428571328,5.338999999999942,4.480000000000473,5.338999999999942,False,0,1,0,0,0,1,4.0,0,50,TREND_UP,73,False,False,,,4601.25,4592.25,4601.25,4592.25,1,0,1,NEUTRAL,0,0,0,1,BREAK_RETEST,2026-04-29,6,ASIA,4610.25,4510.02,0,0,4575.99,4604.27,1,1,0,0,0,0,1.0,1.0,75,ALPHA,strict_alpha,37,,,ALPHA,ALPHA,75.0,0.01,10.0,10.105857142856921,LONG,4601.87,4591.764142857143,4622.081714285714,0.9895251692795061,False,True,HIGH,buy,TREND_UP
2026-04-29 06:15:00,4601.87,4603.36,4599.73,4600.05,1151,4,0,1151,4601.87,-1.819999999999709,4596.283365228945,0.3964878706374293,4604.27,4580.38,3.630000000000109,4.17142857142848,5.26299999999992,3.630000000000109,5.26299999999992,False,0,1,0,0,0,0,5.0,1,50,TREND_UP,73,True,False,4603.36,,4603.36,4592.25,4601.25,4592.25,0,0,0,NEUTRAL,0,0,0,0,NONE,2026-04-29,6,ASIA,4610.25,4510.02,0,0,4575.99,4604.27,1,1,0,0,0,0,1.0,1.0,38,,,27,,,NO_TRADE,NO_TRADE,0.0,0.0,0.0,8.0,LONG,4600.05,4592.05,4616.05,0.0,False,False,NONE,no_trade,TREND_UP
2026-04-29 06:20:00,4600.05,4601.13,4598.96,4599.54,1183,4,0,1183,4600.05,-0.5100000000002183,4596.593520921427,0.3101556924821125,4604.27,4580.38,2.1700000000000728,4.059285714285644,4.923999999999933,2.1700000000000728,4.923999999999933,False,0,1,0,0,0,0,4.0,1,50,TREND_UP,73,False,False,,,4603.36,4592.25,4603.36,4592.25,0,0,0,NEUTRAL,0,0,0,0,NONE,2026-04-29,6,ASIA,4610.25,4510.02,0,0,4575.99,4604.27,1,1,0,0,0,0,1.0,1.0,38,,,27,,,NO_TRADE,NO_TRADE,0.0,0.0,0.0,8.0,LONG,4599.54,4591.54,4615.54,0.0,False,False,NONE,no_trade,TREND_UP
2026-04-29 06:25:00,4599.54,4600.78,4597.27,4598.86,1090,4,0,1090,4599.54,-0.680000000000291,4596.8093760717675,0.21585515034075797,4604.27,4580.38,3.509999999999309,4.009285714285592,4.62899999999986,3.509999999999309,4.62899999999986,False,0,1,0,0,0,0,3.0,0,50,TREND_UP,73,False,False,,,4603.36,4592.25,4603.36,4592.25,0,0,0,NEUTRAL,0,0,0,0,NONE,2026-04-29,6,ASIA,4610.25,4510.02,0,0,4575.99,4604.27,1,1,0,0,0,0,1.0,1.0,48,,,25,,,NO_TRADE,NO_TRADE,0.0,0.0,0.0,8.0,LONG,4598.86,4590.86,4614.86,0.0,False,False,NONE,no_trade,TREND_UP
2026-04-29 06:30:00,4598.86,4598.96,4596.13,4596.96,842,4,0,842,4598.86,-1.8999999999996362,4596.823721207789,0.014345136021802318,4604.27,4580.38,2.8299999999999272,3.989999999999912,4.577499999999873,2.8299999999999272,4.577499999999873,False,0,0,0,0,0,0,3.0,0,50,RANGE,50,False,False,,,4603.36,4592.25,4603.36,4592.25,0,0,0,NEUTRAL,0,0,0,0,NONE,2026-04-29,6,ASIA,4610.25,4510.02,0,0,4575.99,4604.27,1,1,0,0,0,0,1.0,1.0,20,,,38,,,NO_TRADE,NO_TRADE,0.0,0.0,0.0,8.0,LONG,4596.96,4588.96,4612.96,0.0,False,False,NONE,no_trade,RANGE
2026-04-29 06:35:00,4596.97,4597.48,4594.82,4595.12,719,4,0,719,4596.96,-1.8400000000001455,4596.661462045142,-0.1622591626473877,4604.27,4580.87,2.6599999999998545,3.827142857142787,4.489999999999872,2.6599999999998545,4.489999999999872,False,0,0,1,0,0,0,2.0,0,50,TREND_DOWN,73,False,False,,,4603.36,4592.25,4603.36,4592.25,0,0,0,NEUTRAL,0,0,0,0,NONE,2026-04-29,6,ASIA,4610.25,4510.02,0,0,4579.09,4604.27,1,1,0,0,0,0,1.0,1.0,48,,,25,,,NO_TRADE,NO_TRADE,0.0,0.0,0.0,8.0,SHORT,4595.12,4603.12,4579.12,0.0,False,False,NONE,no_trade,TREND_DOWN
2026-04-29 06:40:00,4595.12,4595.26,4592.45,4593.87,889,4,0,889,4595.12,-1.25,4596.395608517034,-0.26585352810798213,4604.27,4584.79,2.8100000000004,3.784285714285683,4.095999999999913,2.8100000000004,4.095999999999913,False,0,0,1,0,0,0,1.0,0,50,TREND_DOWN,73,False,False,,,4603.36,4592.25,4603.36,4592.25,0,0,0,NEUTRAL,0,0,0,0,NONE,2026-04-29,6,ASIA,4610.25,4510.02,0,0,4579.09,4604.27,1,1,0,0,0,0,1.0,1.0,48,,,25,,,NO_TRADE,NO_TRADE,0.0,0.0,0.0,8.0,SHORT,4593.87,4601.87,4577.87,0.0,False,False,NONE,no_trade,TREND_DOWN
2026-04-29 06:45:00,4593.87,4595.25,4592.2,4592.86,888,4,0,888,4593.87,-1.0100000000002183,4596.058883896364,-0.33672462066988373,4604.27,4591.84,3.050000000000182,3.7271428571428777,3.7714999999999237,3.050000000000182,3.7714999999999237,False,0,0,1,0,0,0,1.0,0,50,TREND_DOWN,73,False,True,,4592.2,4603.36,4592.2,4603.36,4592.25,0,0,0,NEUTRAL,0,0,0,0,NONE,2026-04-29,6,ASIA,4610.25,4510.02,0,0,4579.09,4604.27,1,1,0,0,0,0,1.0,1.0,48,,,25,,,NO_TRADE,NO_TRADE,0.0,0.0,0.0,8.0,SHORT,4592.86,4600.86,4576.86,0.0,False,False,NONE,no_trade,TREND_DOWN
2026-04-29 06:50:00,4592.86,4595.8,4592.86,4595.07,752,4,0,752,4592.86,2.2100000000000364,4595.964704477662,-0.09417941870196955,4604.27,4592.2,2.9400000000005093,3.723571428571501,3.73149999999996,2.9400000000005093,3.73149999999996,False,0,0,1,0,0,1,2.0,0,50,TREND_DOWN,73,False,False,,,4603.36,4592.2,4603.36,4592.2,0,0,0,NEUTRAL,0,0,0,0,NONE,2026-04-29,6,ASIA,4610.25,4510.02,0,0,4579.09,4604.27,1,1,0,0,1,0,1.0,1.0,58,,,35,,,NO_TRADE,NO_TRADE,0.0,0.0,0.0,8.0,SHORT,4595.07,4603.07,4579.07,0.0,False,False,NONE,no_trade,TREND_DOWN
2026-04-29 06:55:00,4595.07,4596.49,4593.33,4595.45,781,4,0,781,4595.07,0.38000000000010914,4595.9156850036,-0.04901947406233376,4604.27,4592.2,3.1599999999998545,3.604285714285782,3.678999999999951,3.1599999999998545,3.678999999999951,False,0,0,1,0,0,1,2.0,0,50,TREND_DOWN,73,False,False,,,4603.36,4592.2,4603.36,4592.2,0,0,0,NEUTRAL,0,0,0,0,NONE,2026-04-29,6,ASIA,4610.25,4510.02,0,0,4579.09,4604.27,1,1,0,0,0,0,1.0,1.0,48,,,25,,,NO_TRADE,NO_TRADE,0.0,0.0,0.0,8.0,SHORT,4595.45,4603.45,4579.45,0.0,False,False,NONE,no_trade,TREND_DOWN
2026-04-29 07:00:00,4595.46,4598.63,4595.28,4597.75,877,4,0,877,4595.45,2.300000000000182,4596.090381669924,0.17469666632405279,4603.36,4592.2,3.350000000000364,3.298571428571514,3.6914999999999965,3.350000000000364,3.6914999999999965,False,0,1,0,0,0,1,1.0,0,50,TREND_UP,73,False,False,,,4603.36,4592.2,4603.36,4592.2,0,0,0,NEUTRAL,0,0,0,0,NONE,2026-04-29,7,ASIA,4610.25,4510.02,0,0,4580.38,4604.27,1,1,0,0,0,0,1.0,1.0,48,,,25,,,NO_TRADE,NO_TRADE,0.0,0.0,0.0,8.0,LONG,4597.75,4589.75,4613.75,0.0,False,False,NONE,no_trade,TREND_UP
2026-04-29 07:05:00,4597.78,4600.13,4596.86,4599.95,703,4,0,703,4597.75,2.199999999999818,4596.457964368026,0.36758269810252386,4603.36,4592.2,3.2700000000004366,3.365714285714408,3.6080000000000383,3.2700000000004366,3.6080000000000383,False,0,1,0,0,0,1,1.0,0,50,TREND_UP,73,False,False,,,4603.36,4592.2,4603.36,4592.2,0,0,0,NEUTRAL,0,0,0,0,NONE,2026-04-29,7,ASIA,4610.25,4510.02,0,0,4580.38,4604.27,1,1,0,0,0,0,1.0,1.0,48,,,25,,,NO_TRADE,NO_TRADE,0.0,0.0,0.0,8.0,LONG,4599.95,4591.95,4615.95,0.0,False,False,NONE,no_trade,TREND_UP
2026-04-29 07:10:00,4599.95,4603.39,4599.53,4600.83,840,4,0,840,4599.95,0.8800000000001091,4596.874348713928,0.4163843459018608,4603.36,4592.2,3.860000000000582,3.2835714285715767,3.6305000000000747,3.860000000000582,3.6305000000000747,False,0,1,0,0,0,1,1.0,0,50,TREND_UP,73,True,False,4603.39,,4603.39,4592.2,4603.36,4592.2,0,0,0,NEUTRAL,0,0,0,0,NONE,2026-04-29,7,ASIA,4610.25,4510.02,0,0,4580.38,4604.27,1,1,0,0,0,0,1.0,1.0,48,,,25,,,NO_TRADE,NO_TRADE,0.0,0.0,0.0,8.0,LONG,4600.83,4592.83,4616.83,0.0,False,False,NONE,no_trade,TREND_UP
2026-04-29 07:15:00,4600.82,4601.97,4598.99,4599.94,1004,4,0,1004,4600.83,-0.8900000000003274,4597.166315503077,0.29196678914922813,4603.39,4592.2,2.980000000000473,3.1928571428573247,3.5870000000001254,2.980000000000473,3.5870000000001254,False,0,1,0,0,0,0,2.0,0,50,TREND_UP,73,False,True,,4598.99,4603.39,4598.99,4603.39,4592.2,0,0,0,HL,0,0,0,0,NONE,2026-04-29,7,ASIA,4610.25,4510.02,0,0,4580.38,4604.27,1,1,0,0,0,0,1.0,1.0,48,,,37,,,NO_TRADE,NO_TRADE,0.0,0.0,0.0,8.0,LONG,4599.94,4591.94,4615.94,0.0,False,False,NONE,no_trade,TREND_UP
2026-04-29 07:20:00,4599.91,4600.24,4599.07,4599.09,598,4,0,598,4599.94,-0.8499999999994543,4597.349523550403,0.18320804732593388,4603.39,4592.2,1.1700000000000728,2.9564285714287246,3.49600000000014,1.1700000000000728,3.49600000000014,False,0,1,0,0,0,0,2.0,0,50,TREND_UP,73,False,False,,,4603.39,4598.99,4603.39,4598.99,0,0,0,NEUTRAL,0,0,0,0,NONE,2026-04-29,7,ASIA,4610.25,4510.02,0,0,4580.87,4604.27,1,1,0,0,0,0,1.0,1.0,48,,,25,,,NO_TRADE,NO_TRADE,0.0,0.0,0.0,8.0,LONG,4599.09,4591.09,4615.09,0.0,False,False,NONE,no_trade,TREND_UP
2026-04-29 07:25:00,4599.09,4601.86,4597.34,4601.74,746,4,0,746,4599.09,2.649999999999636,4597.76766416465,0.4181406142470223,4603.39,4592.2,4.519999999999527,3.020000000000112,3.48050000000012,4.519999999999527,3.48050000000012,True,0,1,0,0,1,1,3.0,0,50,REVERSAL,82,False,True,,4597.34,4603.39,4597.34,4603.39,4598.99,0,0,0,NEUTRAL,0,0,0,0,NONE,2026-04-29,7,ASIA,4610.25,4510.02,0,0,4584.79,4604.27,1,1,0,0,1,0,1.0,1.0,38,,,53,,,NO_TRADE,NO_TRADE,0.0,0.0,0.0,8.0,LONG,4601.74,4593.74,4617.74,0.0,False,False,NONE,no_trade,REVERSAL
2026-04-29 07:30:00,4601.74,4603.82,4601.74,4602.52,1027,4,0,1027,4601.74,0.7800000000006548,4598.220267577541,0.45260341289031203,4603.39,4592.2,2.0799999999999272,3.01357142857153,3.203000000000111,2.0799999999999272,3.203000000000111,False,0,1,0,0,0,1,3.0,0,50,TREND_UP,73,False,False,,,4603.39,4597.34,4603.39,4597.34,0,0,0,NEUTRAL,0,0,0,0,NONE,2026-04-29,7,ASIA,4610.25,4510.02,0,0,4591.84,4604.27,1,1,0,0,0,0,1.0,1.0,48,,,25,,,NO_TRADE,NO_TRADE,0.0,0.0,0.0,8.0,LONG,4602.52,4594.52,4618.52,0.0,False,False,NONE,no_trade,TREND_UP
2026-04-29 07:35:00,4602.52,4605.61,4601.98,4603.13,897,4,0,897,4602.52,0.6099999999996726,4598.687861141584,0.46759356404345453,4603.82,4592.2,3.630000000000109,3.022142857143016,3.26800000000012,3.630000000000109,3.26800000000012,False,0,1,0,0,0,1,2.0,0,50,TREND_UP,73,True,False,4605.61,,4605.61,4597.34,4603.39,4597.34,0,0,0,NEUTRAL,0,0,0,0,NONE,2026-04-29,7,ASIA,4610.25,4510.02,0,0,4592.2,4605.61,1,1,1,0,0,0,1.0,1.8,48,,,33,,,NO_TRADE,NO_TRADE,0.0,0.0,0.0,8.0,LONG,4603.13,4595.13,4619.13,0.0,False,False,NONE,no_trade,TREND_UP
2026-04-29 07:40:00,4603.13,4603.99,4601.74,4602.15,948,4,0,948,4603.13,-0.9800000000004729,4599.01758865191,0.32972751032593806,4605.61,4592.2,2.25,2.9807142857144493,3.130000000000109,2.25,3.130000000000109,False,0,1,0,0,0,0,3.0,0,50,TREND_UP,73,False,True,,4601.74,4605.61,4601.74,4605.61,4597.34,0,0,0,HL,0,0,0,0,NONE,2026-04-29,7,ASIA,4610.25,4510.02,0,0,4592.2,4605.61,1,1,0,0,0,0,1.0,1.0,48,,,37,,,NO_TRADE,NO_TRADE,0.0,0.0,0.0,8.0,LONG,4602.15,4594.15,4618.15,0.0,False,False,NONE,no_trade,TREND_UP
2026-04-29 07:45:00,4602.16,4604.3,4602.16,4604.02,823,4,0,823,4602.15,1.8700000000008004,4599.4940087803,0.47642012838969094,4605.61,4592.2,2.1500000000005457,2.9442857142859276,3.0250000000001362,2.1400000000003274,3.0245000000001254,False,0,1,0,0,0,1,4.0,1,50,TREND_UP,73,False,False,,,4605.61,4601.74,4605.61,4601.74,0,0,0,NEUTRAL,0,0,0,0,NONE,2026-04-29,7,ASIA,4610.25,4510.02,0,0,4592.2,4605.61,1,1,0,0,1,0,1.0,1.0,48,,,37,,,NO_TRADE,NO_TRADE,0.0,0.0,0.0,8.0,LONG,4604.02,4596.02,4620.02,0.0,False,False,NONE,no_trade,TREND_UP
2026-04-29 07:50:00,4604.02,4604.66,4602.76,4604.4,706,4,0,706,4604.02,0.37999999999919964,4599.961246039318,0.467237259018475,4605.61,4592.2,1.8999999999996362,2.879285714285873,2.8960000000000945,1.8999999999996362,2.8955000000000837,False,0,1,0,0,0,1,4.0,1,50,TREND_UP,73,False,False,,,4605.61,4601.74,4605.61,4601.74,0,0,0,NEUTRAL,0,0,0,0,NONE,2026-04-29,7,ASIA,4610.25,4510.02,0,0,4592.2,4605.61,1,1,0,0,0,0,1.0,1.0,38,,,27,,,NO_TRADE,NO_TRADE,0.0,0.0,0.0,8.0,LONG,4604.4,4596.4,4620.4,0.0,False,False,NONE,no_trade,TREND_UP
2026-04-29 07:55:00,4604.4,4605.58,4603.59,4604.76,784,4,0,784,4604.4,0.3600000000005821,4600.41827022605,0.4570241867313598,4605.61,4592.2,1.9899999999997817,2.8035714285715585,2.814000000000078,1.9899999999997817,2.8135000000000674,False,0,1,0,0,0,1,4.0,1,50,TREND_UP,73,False,False,,,4605.61,4601.74,4605.61,4601.74,0,0,0,NEUTRAL,0,0,0,0,NONE,2026-04-29,7,ASIA,4610.25,4510.02,0,0,4592.2,4605.61,1,1,0,0,0,0,1.0,1.0,38,,,27,,,NO_TRADE,NO_TRADE,0.0,0.0,0.0,8.0,LONG,4604.76,4596.76,4620.76,0.0,False,False,NONE,no_trade,TREND_UP
2026-04-29 08:00:00,4604.78,4607.73,4602.76,4604.83,1127,4,0,1127,4604.76,0.06999999999970896,4600.838434966426,0.4201647403760944,4605.61,4592.2,4.969999999999345,2.9485714285714755,2.954000000000042,4.969999999999345,2.953500000000031,True,0,1,0,0,0,1,3.0,0,50,TREND_UP,81,True,False,4607.73,,4607.73,4601.74,4605.61,4601.74,0,0,0,NEUTRAL,0,0,0,0,NONE,2026-04-29,8,LONDON,4610.25,4510.02,0,0,4592.2,4607.73,1,1,1,0,0,0,1.0,1.8,56,,,39,,,NO_TRADE,NO_TRADE,0.0,0.0,0.0,8.0,LONG,4604.83,4596.83,4620.83,0.0,False,False,NONE,no_trade,TREND_UP
2026-04-29 08:05:00,4604.83,4606.07,4601.97,4602.22,962,4,0,962,4604.83,-2.6099999999996726,4600.97001258867,0.13157762224454927,4607.73,4592.2,4.099999999999454,3.0157142857143038,2.983500000000049,4.099999999999454,2.9830000000000383,True,0,1,0,0,1,0,4.0,0,50,REVERSAL,82,False,False,,,4607.73,4601.74,4607.73,4601.74,0,0,0,NEUTRAL,0,0,0,0,NONE,2026-04-29,8,LONDON,4610.25,4510.02,0,0,4592.2,4607.73,1,1,0,0,0,0,1.0,1.0,36,,,49,,,NO_TRADE,NO_TRADE,0.0,0.0,0.0,8.0,LONG,4602.22,4594.22,4618.22,0.0,False,False,NONE,no_trade,REVERSAL
2026-04-29 08:10:00,4602.22,4603.04,4600.41,4600.88,926,4,0,926,4602.22,-1.3400000000001455,4600.961439961177,-0.008572627492867468,4607.73,4592.2,2.630000000000109,2.9642857142857144,2.973500000000058,2.630000000000109,2.9730000000000474,False,0,0,1,0,0,0,3.0,0,50,TREND_DOWN,73,False,True,,4600.41,4607.73,4600.41,4607.73,4601.74,0,1,1,NEUTRAL,0,0,0,1,BREAK_RETEST,2026-04-29,8,LONDON,4610.25,4510.02,0,0,4592.2,4607.73,1,1,0,0,0,0,1.0,1.0,83,ALPHA,strict_alpha,43,,,ALPHA,ALPHA,83.0,0.01,10.0,8.0,SHORT,4600.88,4608.88,4584.88,1.25,False,True,HIGH,sell,TREND_DOWN
2026-04-29 08:15:00,4600.88,4602.65,4600.48,4600.81,787,4,0,787,4600.88,-0.06999999999970896,4600.947017107732,-0.014422853445466899,4607.73,4592.2,2.1700000000000728,2.88571428571426,2.949000000000069,2.1700000000000728,2.9485000000000583,False,0,0,1,0,0,0,3.0,0,50,TREND_DOWN,73,False,False,,,4607.73,4600.41,4607.73,4600.41,0,0,0,NEUTRAL,0,0,0,0,NONE,2026-04-29,8,LONDON,4610.25,4510.02,0,0,4592.2,4607.73,1,1,0,0,0,0,1.0,1.0,56,,,31,,,NO_TRADE,NO_TRADE,0.0,0.0,0.0,8.0,SHORT,4600.81,4608.81,4584.81,0.0,False,False,NONE,no_trade,TREND_DOWN
2026-04-29 08:20:00,4600.81,4601.78,4598.65,4599.99,864,4,0,864,4600.81,-0.8200000000006185,4600.855872621281,-0.09114448645050288,4607.73,4592.2,3.130000000000109,2.8335714285713687,2.9650000000000545,3.130000000000109,2.9645000000000437,False,0,0,1,0,0,0,3.0,0,50,TREND_DOWN,73,False,True,,4598.65,4607.73,4598.65,4607.73,4600.41,0,1,1,NEUTRAL,0,0,0,1,BREAK_RETEST,2026-04-29,8,LONDON,4610.25,4510.02,0,0,4592.2,4607.73,1,1,0,0,0,0,1.0,1.0,83,ALPHA,strict_alpha,43,,,ALPHA,ALPHA,83.0,0.01,10.0,8.0,SHORT,4599.99,4607.99,4583.99,1.25,False,True,HIGH,sell,TREND_DOWN
2026-04-29 08:25:00,4599.99,4601.17,4599.24,4600.73,857,4,0,857,4599.99,0.7399999999997817,4600.843884752588,-0.011987868693722703,4607.73,4592.2,1.930000000000291,2.7585714285713556,2.90900000000006,1.930000000000291,2.908500000000049,False,0,0,1,0,0,1,3.0,0,50,TREND_DOWN,73,False,False,,,4607.73,4598.65,4607.73,4598.65,0,0,0,NEUTRAL,0,0,0,0,NONE,2026-04-29,8,LONDON,4610.25,4510.02,0,0,4592.2,4607.73,1,1,0,0,1,0,1.0,1.0,66,,,41,,,NO_TRADE,NO_TRADE,0.0,0.0,0.0,8.0,SHORT,4600.73,4608.73,4584.73,0.0,False,False,NONE,no_trade,TREND_DOWN
2026-04-29 08:30:00,4600.73,4601.59,4595.04,4595.43,1460,4,0,1460,4600.73,-5.299999999999272,4600.3282766809125,-0.5156080716751603,4607.73,4592.86,6.550000000000182,3.142857142857078,3.0895000000000437,6.550000000000182,3.089000000000033,True,0,0,1,0,1,0,3.0,0,50,REVERSAL,82,True,False,4601.59,,4601.59,4598.65,4607.73,4598.65,0,1,1,LH,0,0,0,1,BREAK_RETEST,2026-04-29,8,LONDON,4610.25,4510.02,0,0,4592.2,4607.73,1,1,0,0,0,0,1.0,1.0,63,,,73,FLOW,exploratory,FLOW,FLOW,73.0,0.005,5.0,8.0,LONG,4595.43,4587.43,4611.43,0.625,False,True,HIGH,buy,REVERSAL
2026-04-29 08:35:00,4595.43,4596.92,4594.14,4595.46,1136,4,0,1136,4595.43,0.02999999999974534,4599.86463128273,-0.4636453981820523,4607.73,4593.33,2.7799999999997453,3.0185714285713794,3.070500000000038,2.7799999999997453,3.0700000000000274,False,0,0,1,0,0,1,4.0,0,50,TREND_DOWN,73,False,True,,4594.14,4601.59,4594.14,4601.59,4598.65,0,1,1,NEUTRAL,0,0,0,1,BREAK_RETEST,2026-04-29,8,LONDON,4610.25,4510.02,0,0,4592.2,4607.73,1,1,0,0,1,0,1.0,1.0,93,ALPHA,strict_alpha,53,,,ALPHA,ALPHA,93.0,0.01,10.0,8.0,SHORT,4595.46,4603.46,4579.46,1.25,False,True,ELITE,sell,TREND_DOWN
2026-04-29 08:40:00,4595.46,4599.31,4595.28,4599.05,1202,4,0,1202,4595.46,3.5900000000001455,4599.787047351042,-0.07758393168842304,4607.73,4594.14,4.030000000000655,3.1578571428571456,3.1045000000000527,4.030000000000655,3.104000000000042,True,0,0,1,0,0,1,4.0,0,50,TREND_DOWN,81,False,False,,,4601.59,4594.14,4601.59,4594.14,0,0,0,NEUTRAL,0,0,0,0,NONE,2026-04-29,8,LONDON,4610.25,4510.02,0,0,4592.2,4607.73,1,1,0,0,0,0,1.0,1.0,56,,,31,,,NO_TRADE,NO_TRADE,0.0,0.0,0.0,8.0,SHORT,4599.05,4607.05,4583.05,0.0,False,False,NONE,no_trade,TREND_DOWN
2026-04-29 08:45:00,4599.07,4601.33,4598.65,4599.42,1540,4,0,1540,4599.05,0.36999999999989086,4599.752090460466,-0.034956890575813304,4607.73,4594.14,2.680000000000291,3.0900000000000154,3.0750000000000455,2.680000000000291,3.0745000000000346,False,0,0,1,0,0,1,4.0,0,50,TREND_DOWN,73,False,False,,,4601.59,4594.14,4601.59,4594.14,0,0,0,NEUTRAL,0,0,0,0,NONE,2026-04-29,8,LONDON,4610.25,4510.02,0,0,4592.2,4607.73,1,1,0,0,0,0,1.0,1.0,56,,,31,,,NO_TRADE,NO_TRADE,0.0,0.0,0.0,8.0,SHORT,4599.42,4607.42,4583.42,0.0,False,False,NONE,no_trade,TREND_DOWN
2026-04-29 08:50:00,4599.49,4603.3,4597.31,4597.61,1299,4,0,1299,4599.42,-1.8100000000004002,4599.548081845183,-0.2040086152828735,4607.73,4594.14,5.989999999999782,3.357142857142857,3.1815000000000055,5.989999999999782,3.1809999999999947,True,0,0,1,0,1,0,4.0,0,50,REVERSAL,82,True,False,4603.3,,4603.3,4594.14,4601.59,4594.14,0,0,0,NEUTRAL,0,0,0,0,NONE,2026-04-29,8,LONDON,4610.25,4510.02,0,0,4592.2,4607.73,1,1,0,0,0,0,1.0,1.0,36,,,49,,,NO_TRADE,NO_TRADE,0.0,0.0,0.0,8.0,LONG,4597.61,4589.61,4613.61,0.0,False,False,NONE,no_trade,REVERSAL
2026-04-29 08:55:00,4597.61,4597.72,4590.83,4591.1,1362,4,0,1362,4597.61,-6.509999999999309,4598.743502621833,-0.804579223350629,4607.73,4594.14,6.890000000000327,3.69571428571427,3.376999999999998,6.890000000000327,3.376499999999987,True,0,0,1,1,0,0,4.0,0,50,BREAKOUT,81,False,False,,,4603.3,4594.14,4603.3,4594.14,0,1,1,NEUTRAL,0,0,0,1,BREAK_RETEST,2026-04-29,8,LONDON,4610.25,4510.02,0,0,4590.83,4607.73,1,1,0,1,0,0,1.8,1.0,63,,,69,FLOW,exploratory,FLOW,FLOW,69.0,0.005,5.0,8.0,LONG,4591.1,4583.1,4607.1,0.625,False,True,MEDIUM,buy,BREAKOUT
2026-04-29 09:00:00,4591.1,4598.68,4590.44,4597.13,1956,4,0,1956,4591.1,6.029999999999745,4598.5898357054675,-0.15366691636518226,4607.73,4590.83,8.240000000000691,4.148571428571488,3.730500000000029,8.240000000000691,3.730000000000018,True,0,0,0,0,1,1,5.0,0,50,REVERSAL,77,True,True,4598.68,4590.44,4598.68,4590.44,4603.3,4594.14,0,0,0,LL,0,0,0,0,NONE,2026-04-29,9,LONDON,4610.25,4510.02,0,0,4590.44,4607.73,1,1,0,1,1,0,1.8,1.0,61,,,67,FLOW,exploratory,FLOW,FLOW,67.0,0.005,5.0,8.0,LONG,4597.13,4589.13,4613.13,0.625,False,True,MEDIUM,buy,REVERSAL
2026-04-29 09:05:00,4597.11,4598.5,4591.89,4592.64,1798,4,0,1798,4597.13,-4.489999999999782,4598.023184685899,-0.5666510195687806,4607.73,4590.44,6.609999999999673,4.47857142857148,3.8350000000000364,6.609999999999673,3.8345000000000256,True,0,0,1,0,1,0,6.0,0,50,REVERSAL,82,False,False,,,4598.68,4590.44,4598.68,4590.44,0,0,0,NEUTRAL,0,0,0,0,NONE,2026-04-29,9,LONDON,4610.25,4510.02,0,0,4590.44,4607.73,1,1,0,0,0,0,1.0,1.0,36,,,49,,,NO_TRADE,NO_TRADE,0.0,0.0,0.0,8.061428571428664,LONG,4592.64,4584.578571428572,4608.762857142858,0.0,False,False,NONE,no_trade,REVERSAL
2026-04-29 09:10:00,4592.64,4592.9,4587.06,4588.41,1634,4,0,1634,4592.64,-4.230000000000473,4597.107643287241,-0.9155413986572967,4607.73,4590.44,5.839999999999236,4.54071428571433,4.0230000000000015,5.839999999999236,4.022499999999991,True,0,0,1,1,0,0,5.0,0,50,BREAKOUT,81,False,False,,,4598.68,4590.44,4598.68,4590.44,0,1,1,NEUTRAL,0,0,0,1,BREAK_RETEST,2026-04-29,9,LONDON,4610.25,4510.02,0,0,4587.06,4607.73,1,1,0,1,0,0,1.8,1.0,63,,,69,FLOW,exploratory,FLOW,FLOW,69.0,0.005,5.0,8.173285714285795,LONG,4588.41,4580.236714285714,4604.756571428571,0.6117490780067407,False,True,MEDIUM,buy,BREAKOUT
2026-04-29 09:15:00,4588.42,4589.27,4583.91,4585.8,1708,4,0,1708,4588.41,-2.6099999999996726,4596.030724878933,-1.0769184083083019,4607.73,4587.06,5.360000000000582,4.630714285714411,4.1095000000000255,5.360000000000582,4.109000000000014,True,0,0,1,1,0,0,4.0,0,50,BREAKOUT,81,False,False,,,4598.68,4590.44,4598.68,4590.44,0,1,1,NEUTRAL,0,0,0,1,BREAK_RETEST,2026-04-29,9,LONDON,4610.25,4510.02,0,0,4583.91,4607.73,1,1,0,1,0,0,1.8,1.0,63,,,69,FLOW,exploratory,FLOW,FLOW,69.0,0.005,5.0,8.33528571428594,LONG,4585.8,4577.464714285714,4602.470571428572,0.5998594614975757,False,True,MEDIUM,buy,BREAKOUT
2026-04-29 09:20:00,4585.81,4586.55,4581.42,4584.69,1525,4,0,1525,4585.8,-1.110000000000582,4594.950655842845,-1.0800690360883891,4607.73,4583.91,5.130000000000109,4.809285714285839,4.253500000000031,5.130000000000109,4.25300000000002,False,0,0,1,0,0,0,3.0,0,50,TREND_DOWN,73,False,True,,4581.42,4598.68,4581.42,4598.68,4590.44,0,1,1,NEUTRAL,0,0,0,1,BREAK_RETEST,2026-04-29,9,LONDON,4610.25,4510.02,0,0,4581.42,4607.73,1,1,0,1,0,0,1.8,1.0,83,ALPHA,strict_alpha,51,,,ALPHA,ALPHA,83.0,0.01,10.0,10.580428571428847,SHORT,4584.69,4595.270428571428,4563.529142857142,0.9451412986241197,False,True,HIGH,sell,TREND_DOWN
2026-04-29 09:25:00,4584.69,4587.99,4584.69,4585.0,1519,4,0,1519,4584.69,0.3100000000004002,4594.002974334003,-0.9476815088419244,4607.73,4581.42,3.300000000000182,4.890000000000133,4.311000000000012,3.300000000000182,4.311000000000012,False,0,0,1,0,0,1,4.0,1,50,TREND_DOWN,73,True,False,4587.99,,4587.99,4581.42,4598.68,4581.42,0,0,0,LH,0,0,0,0,NONE,2026-04-29,9,LONDON,4610.25,4510.02,0,0,4581.42,4607.73,1,1,0,0,1,0,1.0,1.0,56,,,55,FLOW,exploratory,FLOW,FLOW,55.0,0.005,5.0,8.80200000000024,SHORT,4585.0,4593.802000000001,4567.396,0.5680527152919637,False,True,MEDIUM,sell,TREND_DOWN
2026-04-29 09:30:00,4585.0,4586.81,4582.42,4583.34,1361,4,0,1361,4585.0,-1.6599999999998545,4592.9874529688595,-1.015521365143286,4607.73,4581.42,4.390000000000327,4.980000000000148,4.435500000000047,4.390000000000327,4.435500000000047,False,0,0,1,0,0,0,5.0,0,50,TREND_DOWN,73,False,False,,,4587.99,4581.42,4587.99,4581.42,0,0,0,NEUTRAL,0,0,0,0,NONE,2026-04-29,9,LONDON,4610.25,4510.02,0,0,4581.42,4607.73,1,1,0,0,0,0,1.0,1.0,56,,,31,,,NO_TRADE,NO_TRADE,0.0,0.0,0.0,8.964000000000267,SHORT,4583.34,4592.304,4565.411999999999,0.0,False,False,NONE,no_trade,TREND_DOWN
2026-04-29 09:35:00,4583.34,4585.35,4580.99,4585.12,1501,4,0,1501,4583.34,1.7799999999997453,4592.23817173373,-0.7492812351292741,4607.73,4581.42,4.360000000000582,5.153571428571597,4.554000000000087,4.360000000000582,4.554000000000087,False,0,0,1,0,0,1,5.0,0,50,TREND_DOWN,73,False,True,,4580.99,4587.99,4580.99,4587.99,4581.42,0,0,0,NEUTRAL,0,0,1,0,DOUBLE_BOTTOM,2026-04-29,9,LONDON,4610.25,4510.02,0,0,4580.99,4607.73,1,1,0,1,1,0,1.8,1.0,76,ALPHA,strict_alpha,61,FLOW,exploratory,ALPHA,ALPHA,76.0,0.01,10.0,11.337857142857516,SHORT,4585.12,4596.457857142857,4562.444285714285,0.882000882000853,False,True,HIGH,sell,TREND_DOWN
2026-04-29 09:40:00,4585.12,4587.51,4584.75,4584.9,1501,4,0,1501,4585.12,-0.22000000000025466,4591.53929823528,-0.6988734984506664,4607.73,4580.99,2.7600000000002183,4.882857142857314,4.443500000000131,2.7600000000002183,4.443500000000131,False,0,0,1,0,0,0,6.0,1,50,TREND_DOWN,73,True,False,4587.51,,4587.51,4580.99,4587.99,4580.99,0,0,0,LH,0,1,0,0,DOUBLE_TOP,2026-04-29,9,LONDON,4610.25,4510.02,0,0,4580.99,4607.73,1,1,0,0,0,0,1.0,1.0,56,,,57,FLOW,exploratory,FLOW,FLOW,57.0,0.005,5.0,8.789142857143165,SHORT,4584.9,4593.6891428571425,4567.321714285713,0.5688836876665817,False,True,MEDIUM,sell,TREND_DOWN
2026-04-29 09:45:00,4584.9,4586.86,4584.07,4585.0,1246,4,0,1246,4584.9,0.1000000000003638,4590.916507927158,-0.6227903081216937,4606.07,4580.99,2.7899999999999636,4.883571428571615,4.378000000000156,2.7899999999999636,4.378000000000156,False,0,0,0,0,0,1,6.0,1,50,CHOPPY,40,False,False,,,4587.51,4580.99,4587.51,4580.99,0,0,0,NEUTRAL,0,0,0,0,NONE,2026-04-29,9,LONDON,4610.25,4510.02,0,0,4580.99,4607.73,1,1,0,0,1,0,1.0,1.0,28,,,38,,,NO_TRADE,NO_TRADE,0.0,0.0,0.0,8.790428571428908,LONG,4585.0,4576.2095714285715,4602.580857142858,0.0,False,False,NONE,no_trade,CHOPPY
2026-04-29 09:50:00,4585.0,4585.0,4581.2,4583.57,1384,4,0,1384,4585.0,-1.430000000000291,4590.216840505524,-0.6996674216343308,4603.3,4580.99,3.800000000000182,4.86714285714301,4.43650000000016,3.800000000000182,4.43650000000016,False,0,0,1,0,0,0,6.0,0,50,TREND_DOWN,73,False,True,,4581.2,4587.51,4581.2,4587.51,4580.99,0,0,0,HL,0,0,0,0,NONE,2026-04-29,9,LONDON,4610.25,4510.02,0,0,4580.99,4607.73,1,1,0,0,0,0,1.0,1.0,56,,,43,,,NO_TRADE,NO_TRADE,0.0,0.0,0.0,8.760857142857418,SHORT,4583.57,4592.330857142857,4566.048285714285,0.0,False,False,NONE,no_trade,TREND_DOWN
2026-04-29 09:55:00,4583.59,4585.0,4582.96,4584.51,1151,4,0,1151,4583.57,0.9400000000005093,4589.67333188595,-0.5435086195739132,4603.3,4580.99,2.0399999999999636,4.821428571428702,4.430000000000154,2.0399999999999636,4.430000000000154,False,0,0,0,0,0,1,7.0,1,50,CHOPPY,40,False,False,,,4587.51,4581.2,4587.51,4581.2,0,0,0,NEUTRAL,0,0,0,0,NONE,2026-04-29,9,LONDON,4610.25,4510.02,0,0,4580.99,4607.73,1,1,0,0,1,0,1.0,1.0,28,,,38,,,NO_TRADE,NO_TRADE,0.0,0.0,0.0,8.678571428571663,LONG,4584.51,4575.831428571429,4601.867142857143,0.0,False,False,NONE,no_trade,CHOPPY
2026-04-29 10:00:00,4584.51,4588.91,4583.13,4588.23,1591,4,0,1591,4584.51,3.719999999999345,4589.5358717063355,-0.13746017961420876,4603.3,4580.99,5.779999999999745,4.8064285714286985,4.562500000000137,5.779999999999745,4.562500000000137,True,0,0,0,0,0,1,7.0,0,50,RANGE,58,True,False,4588.91,,4588.91,4581.2,4587.51,4581.2,1,0,1,NEUTRAL,0,0,0,1,BREAK_RETEST,2026-04-29,10,LONDON,4610.25,4510.02,0,0,4580.99,4607.73,1,1,0,0,0,0,1.0,1.0,55,,,61,FLOW,exploratory,FLOW,FLOW,61.0,0.005,5.0,8.651571428571657,LONG,4588.23,4579.578428571428,4605.533142857143,0.5779296907250389,False,True,MEDIUM,buy,RANGE
2026-04-29 10:05:00,4588.23,4588.59,4579.3,4579.54,1676,4,0,1676,4588.23,-8.6899999999996,4588.58388392478,-0.9519877815555446,4603.3,4580.99,9.289999999999964,4.9778571428572445,4.93050000000012,9.289999999999964,4.93050000000012,True,0,0,1,1,1,0,8.0,0,50,BREAKOUT,85,False,False,,,4588.91,4581.2,4588.91,4581.2,0,1,1,NEUTRAL,0,0,0,1,BREAK_RETEST,2026-04-29,10,LONDON,4610.25,4510.02,0,0,4579.3,4607.73,1,1,0,1,0,0,1.8,1.0,63,,,69,FLOW,exploratory,FLOW,FLOW,69.0,0.005,5.0,8.96014285714304,LONG,4579.54,4570.579857142857,4597.460285714286,0.5580268171744597,False,True,MEDIUM,buy,BREAKOUT
2026-04-29 10:10:00,4579.54,4581.4,4576.69,4578.64,1685,4,0,1685,4579.54,-0.8999999999996362,4587.636847360515,-0.9470365642646357,4603.3,4579.3,4.710000000000036,4.72571428571434,4.838500000000113,4.710000000000036,4.838500000000113,False,0,0,1,1,0,0,7.0,0,50,BREAKOUT,73,False,False,,,4588.91,4581.2,4588.91,4581.2,0,1,1,NEUTRAL,0,0,0,1,BREAK_RETEST,2026-04-29,10,LONDON,4610.25,4510.02,0,0,4576.69,4607.73,1,1,0,1,0,0,1.8,1.0,63,,,69,FLOW,exploratory,FLOW,FLOW,69.0,0.005,5.0,8.506285714285813,LONG,4578.64,4570.133714285715,4595.652571428572,0.5878006180303573,False,True,MEDIUM,buy,BREAKOUT
2026-04-29 10:15:00,4578.64,4581.27,4575.87,4576.63,1523,4,0,1523,4578.64,-2.0100000000002183,4586.588576183323,-1.048271177191964,4603.3,4576.69,5.400000000000546,4.6392857142858315,4.969500000000153,5.400000000000546,4.969500000000153,False,0,0,1,1,0,0,6.0,0,50,BREAKOUT,73,False,False,,,4588.91,4581.2,4588.91,4581.2,0,1,1,NEUTRAL,0,0,0,1,BREAK_RETEST,2026-04-29,10,LONDON,4610.25,4510.02,0,0,4575.87,4607.73,1,1,0,1,0,0,1.8,1.0,63,,,69,FLOW,exploratory,FLOW,FLOW,69.0,0.005,5.0,8.350714285714497,LONG,4576.63,4568.279285714286,4593.331428571429,0.5987511761183665,False,True,MEDIUM,buy,BREAKOUT
2026-04-29 10:20:00,4576.63,4579.72,4574.38,4575.5,1742,4,0,1742,4576.63,-1.1300000000001091,4585.532521308721,-1.0560548746025233,4603.3,4575.87,5.3400000000001455,4.603571428571611,5.035000000000127,5.3400000000001455,5.035000000000127,False,0,0,1,1,0,0,5.0,0,50,BREAKOUT,73,False,False,,,4588.91,4581.2,4588.91,4581.2,0,1,1,NEUTRAL,0,0,0,1,BREAK_RETEST,2026-04-29,10,LONDON,4610.25,4510.02,0,0,4574.38,4607.73,1,1,0,1,0,0,1.8,1.0,63,,,69,FLOW,exploratory,FLOW,FLOW,69.0,0.005,5.0,8.2864285714289,LONG,4575.5,4567.213571428571,4592.072857142858,0.6033962589431706,False,True,MEDIUM,buy,BREAKOUT
2026-04-29 10:25:00,4575.56,4576.7,4569.49,4575.18,1941,4,0,1941,4575.5,-0.31999999999970896,4584.546566898366,-0.9859544103546796,4603.3,4574.38,7.210000000000036,4.735714285714429,5.261500000000114,7.210000000000036,5.261500000000114,True,0,0,1,0,0,0,4.0,0,50,TREND_DOWN,81,False,True,,4569.49,4588.91,4569.49,4588.91,4581.2,0,1,1,NEUTRAL,0,0,0,1,BREAK_RETEST,2026-04-29,10,LONDON,4610.25,4510.02,0,0,4569.49,4607.73,1,1,0,1,0,0,1.8,1.0,83,ALPHA,strict_alpha,51,,,ALPHA,ALPHA,83.0,0.01,10.0,10.418571428571743,SHORT,4575.18,4585.598571428572,4554.342857142857,0.959824489236225,False,True,HIGH,sell,TREND_DOWN
2026-04-29 10:30:00,4575.18,4578.74,4573.73,4577.88,1677,4,0,1677,4575.18,2.699999999999818,4583.911655765188,-0.6349111331783206,4603.3,4569.49,5.010000000000218,4.727142857143008,5.212500000000136,5.010000000000218,5.212500000000136,False,0,0,1,0,0,1,4.0,0,50,TREND_DOWN,73,True,False,4578.74,,4578.74,4569.49,4588.91,4569.49,0,0,0,LH,0,0,0,0,NONE,2026-04-29,10,LONDON,4610.25,4510.02,0,0,4569.49,4606.07,1,1,0,0,1,0,1.0,1.0,66,,,53,,,NO_TRADE,NO_TRADE,0.0,0.0,0.0,8.508857142857414,SHORT,4577.88,4586.388857142858,4560.8622857142855,0.0,False,False,NONE,no_trade,TREND_DOWN
2026-04-29 10:35:00,4577.88,4578.09,4570.83,4571.69,1679,4,0,1679,4577.88,-6.190000000000509,4582.747688549455,-1.163967215732555,4598.68,4569.49,7.260000000000218,5.010000000000153,5.231000000000131,7.260000000000218,5.231000000000131,True,0,0,1,0,1,0,4.0,0,50,REVERSAL,82,False,False,,,4578.74,4569.49,4578.74,4569.49,0,0,0,NEUTRAL,0,0,0,0,NONE,2026-04-29,10,LONDON,4610.25,4510.02,0,0,4569.49,4603.3,1,1,0,0,0,0,1.0,1.0,36,,,49,,,NO_TRADE,NO_TRADE,0.0,0.0,0.0,9.018000000000276,LONG,4571.69,4562.672,4589.726000000001,0.0,False,False,NONE,no_trade,REVERSAL
2026-04-29 10:40:00,4571.69,4575.14,4569.17,4570.4,1985,4,0,1985,4571.69,-1.2899999999999636,4581.571718211411,-1.1759703380439532,4598.68,4569.49,5.970000000000255,5.122857142857291,5.117500000000109,5.970000000000255,5.117500000000109,False,0,0,1,0,0,0,3.0,0,50,TREND_DOWN,73,False,False,,,4578.74,4569.49,4578.74,4569.49,0,0,0,NEUTRAL,0,0,0,0,NONE,2026-04-29,10,LONDON,4610.25,4510.02,0,0,4569.17,4603.3,1,1,0,1,0,0,1.8,1.0,56,,,39,,,NO_TRADE,NO_TRADE,0.0,0.0,0.0,9.221142857143125,SHORT,4570.4,4579.621142857142,4551.957714285713,0.0,False,False,NONE,no_trade,TREND_DOWN
2026-04-29 10:45:00,4570.4,4572.42,4567.43,4570.2,2131,4,0,2131,4570.4,-0.1999999999998181,4580.488697429372,-1.083020782039057,4598.5,4569.17,4.989999999999782,5.167857142857234,5.036500000000115,4.989999999999782,5.036500000000115,False,0,0,1,0,0,0,3.0,0,50,TREND_DOWN,73,False,True,,4567.43,4578.74,4567.43,4578.74,4569.49,0,0,0,NEUTRAL,0,0,0,0,NONE,2026-04-29,10,LONDON,4610.25,4510.02,0,0,4567.43,4603.3,1,1,0,1,0,0,1.8,1.0,56,,,39,,,NO_TRADE,NO_TRADE,0.0,0.0,0.0,9.302142857143021,SHORT,4570.2,4579.502142857143,4551.595714285714,0.0,False,False,NONE,no_trade,TREND_DOWN
2026-04-29 10:50:00,4570.2,4572.4,4569.33,4570.19,1495,4,0,1495,4570.2,-0.010000000000218279,4579.507869102766,-0.98082832660657,4592.9,4567.43,3.069999999999709,5.190000000000055,4.898000000000138,3.069999999999709,4.898000000000138,False,0,0,1,0,0,0,2.0,0,50,TREND_DOWN,73,False,False,,,4578.74,4567.43,4578.74,4567.43,0,0,0,NEUTRAL,0,0,0,0,NONE,2026-04-29,10,LONDON,4610.25,4510.02,0,0,4567.43,4603.3,1,1,0,0,0,0,1.0,1.0,56,,,31,,,NO_TRADE,NO_TRADE,0.0,0.0,0.0,9.342000000000098,SHORT,4570.19,4579.531999999999,4551.505999999999,0.0,False,False,NONE,no_trade,TREND_DOWN
2026-04-29 10:55:00,4570.19,4571.05,4567.29,4567.83,1359,4,0,1359,4570.19,-2.3599999999996726,4578.395691092978,-1.1121780097873852,4589.27,4567.43,3.7600000000002183,5.259285714285787,4.81800000000012,3.7600000000002183,4.81800000000012,False,0,0,1,0,0,0,2.0,0,50,TREND_DOWN,73,False,True,,4567.29,4578.74,4567.29,4578.74,4567.43,0,0,0,NEUTRAL,0,0,0,0,NONE,2026-04-29,10,LONDON,4610.25,4510.02,0,0,4567.29,4603.3,1,1,0,1,0,0,1.8,1.0,56,,,39,,,NO_TRADE,NO_TRADE,0.0,0.0,0.0,9.466714285714417,SHORT,4567.83,4577.296714285714,4548.896571428571,0.0,False,False,NONE,no_trade,TREND_DOWN
2026-04-29 11:00:00,4567.99,4573.35,4567.49,4568.94,1918,4,0,1918,4567.83,1.1099999999996726,4577.495149084123,-0.9005420088551546,4588.91,4567.29,5.860000000000582,5.406428571428672,4.854500000000144,5.860000000000582,4.854500000000144,False,0,0,1,0,0,1,3.0,0,50,TREND_DOWN,73,True,False,4573.35,,4573.35,4567.29,4578.74,4567.29,0,0,0,LH,0,0,0,0,NONE,2026-04-29,11,LONDON,4610.25,4510.02,0,0,4567.29,4603.3,1,1,0,0,1,0,1.0,1.0,66,,,53,,,NO_TRADE,NO_TRADE,0.0,0.0,0.0,9.73157142857161,SHORT,4568.94,4578.671571428571,4549.476857142857,0.0,False,False,NONE,no_trade,TREND_DOWN
2026-04-29 11:05:00,4568.94,4570.19,4564.54,4567.65,1980,4,0,1980,4568.94,-1.2899999999999636,4576.557515838016,-0.9376332461069978,4588.91,4567.29,5.649999999999636,5.664285714285792,4.972000000000117,5.649999999999636,4.972000000000117,False,0,0,1,0,0,0,4.0,0,50,TREND_DOWN,73,False,False,,,4573.35,4567.29,4573.35,4567.29,0,0,0,NEUTRAL,0,0,0,0,NONE,2026-04-29,11,LONDON,4610.25,4510.02,0,0,4564.54,4603.3,1,1,0,1,0,0,1.8,1.0,56,,,39,,,NO_TRADE,NO_TRADE,0.0,0.0,0.0,10.195714285714425,SHORT,4567.65,4577.845714285714,4547.258571428571,0.0,False,False,NONE,no_trade,TREND_DOWN
2026-04-29 11:10:00,4567.65,4569.44,4564.45,4565.21,1821,4,0,1821,4567.65,-2.4399999999996,4575.47680004392,-1.0807157940962497,4588.91,4564.54,4.989999999999782,5.607857142857223,5.0020000000000895,4.989999999999782,5.0020000000000895,False,0,0,1,0,0,0,4.0,0,50,TREND_DOWN,73,False,True,,4564.45,4573.35,4564.45,4573.35,4567.29,0,1,1,NEUTRAL,0,0,0,1,BREAK_RETEST,2026-04-29,11,LONDON,4610.25,4510.02,0,0,4564.45,4603.3,1,1,0,1,0,0,1.8,1.0,83,ALPHA,strict_alpha,51,,,ALPHA,ALPHA,83.0,0.01,10.0,12.337285714285892,SHORT,4565.21,4577.547285714286,4540.535428571428,0.8105510589270503,False,True,HIGH,sell,TREND_DOWN
2026-04-29 11:15:00,4565.21,4570.12,4565.19,4569.65,1591,4,0,1591,4565.21,4.4399999999996,4574.921866706403,-0.5549333375165588,4588.91,4564.45,4.930000000000291,5.296428571428676,5.030500000000075,4.930000000000291,5.030500000000075,False,0,0,1,0,0,1,4.0,0,50,TREND_DOWN,73,False,False,,,4573.35,4564.45,4573.35,4564.45,0,0,0,NEUTRAL,0,0,0,0,NONE,2026-04-29,11,LONDON,4610.25,4510.02,0,0,4564.45,4603.3,1,1,0,0,1,0,1.0,1.0,66,,,41,,,NO_TRADE,NO_TRADE,0.0,0.0,0.0,9.533571428571616,SHORT,4569.65,4579.183571428572,4550.5828571428565,0.0,False,False,NONE,no_trade,TREND_DOWN
2026-04-29 11:20:00,4569.65,4571.15,4565.85,4568.52,1525,4,0,1525,4569.65,-1.1299999999991996,4574.312165115317,-0.6097015910863774,4588.91,4564.45,5.299999999999272,5.338571428571478,5.157500000000027,5.299999999999272,5.157500000000027,False,0,0,0,0,0,0,4.0,0,50,RANGE,50,False,False,,,4573.35,4564.45,4573.35,4564.45,0,0,0,NEUTRAL,0,0,0,0,NONE,2026-04-29,11,LONDON,4610.25,4510.02,0,0,4564.45,4598.68,1,1,0,0,0,0,1.0,1.0,28,,,44,,,NO_TRADE,NO_TRADE,0.0,0.0,0.0,9.60942857142866,LONG,4568.52,4558.9105714285715,4587.738857142857,0.0,False,False,NONE,no_trade,RANGE
2026-04-29 11:25:00,4568.52,4571.4,4566.11,4566.37,1642,4,0,1642,4568.52,-2.1500000000005457,4573.555768437668,-0.7563966776488087,4588.91,4564.45,5.289999999999964,5.3307142857142935,5.282500000000027,5.289999999999964,5.282500000000027,False,0,0,1,0,0,0,4.0,0,50,TREND_DOWN,73,True,False,4571.4,,4571.4,4564.45,4573.35,4564.45,0,0,0,LH,0,0,0,0,NONE,2026-04-29,11,LONDON,4610.25,4510.02,0,0,4564.45,4598.68,1,1,0,0,0,0,1.0,1.0,56,,,43,,,NO_TRADE,NO_TRADE,0.0,0.0,0.0,9.595285714285728,SHORT,4566.37,4575.9652857142855,4547.179428571429,0.0,False,False,NONE,no_trade,TREND_DOWN
2026-04-29 11:30:00,4566.24,4568.17,4562.07,4562.42,1878,4,0,1878,4566.37,-3.949999999999818,4572.495219062653,-1.0605493750153983,4588.91,4564.45,6.100000000000364,5.385000000000024,5.397500000000036,6.100000000000364,5.397500000000036,False,0,0,1,1,0,0,4.0,0,50,BREAKOUT,73,False,False,,,4571.4,4564.45,4571.4,4564.45,0,1,1,NEUTRAL,0,0,0,1,BREAK_RETEST,2026-04-29,11,LONDON,4610.25,4510.02,0,0,4562.07,4598.5,1,1,0,1,0,0,1.8,1.0,63,,,69,FLOW,exploratory,FLOW,FLOW,69.0,0.005,5.0,9.693000000000042,LONG,4562.42,4552.727,4581.8060000000005,0.5158361704322685,False,True,MEDIUM,buy,BREAKOUT
2026-04-29 11:35:00,4562.41,4563.31,4557.19,4562.26,1990,4,0,1990,4562.42,-0.15999999999985448,4571.520436294781,-0.9747827678720569,4588.91,4562.07,6.1200000000008,5.307142857142935,5.601500000000078,6.1200000000008,5.601500000000078,False,0,0,1,0,0,0,4.0,0,50,TREND_DOWN,73,False,True,,4557.19,4571.4,4557.19,4571.4,4564.45,0,1,1,NEUTRAL,0,0,0,1,BREAK_RETEST,2026-04-29,11,LONDON,4610.25,4510.02,0,0,4557.19,4592.9,1,1,0,1,0,0,1.8,1.0,83,ALPHA,strict_alpha,51,,,ALPHA,ALPHA,83.0,0.01,10.0,11.675714285714458,SHORT,4562.26,4573.935714285714,4538.908571428571,0.8564786492108035,False,True,HIGH,sell,TREND_DOWN
2026-04-29 11:40:00,4562.26,4568.85,4561.38,4568.26,1632,4,0,1632,4562.26,6.0,4571.20991855242,-0.3105177423603891,4588.91,4557.19,7.470000000000255,5.482857142857223,5.686000000000104,7.470000000000255,5.686000000000104,True,0,0,1,0,1,1,5.0,0,50,REVERSAL,82,False,False,,,4571.4,4557.19,4571.4,4557.19,0,0,0,NEUTRAL,0,0,0,0,NONE,2026-04-29,11,LONDON,4610.25,4510.02,0,0,4557.19,4589.27,1,1,0,0,1,0,1.0,1.0,46,,,59,FLOW,exploratory,FLOW,FLOW,59.0,0.005,5.0,9.869142857143002,LONG,4568.26,4558.390857142857,4587.998285714286,0.5066296103294465,False,True,MEDIUM,buy,REVERSAL
2026-04-29 11:45:00,4568.26,4572.91,4568.2,4570.82,1783,4,0,1783,4568.26,2.5599999999994907,4571.17278345219,-0.03713510023044364,4588.59,4557.19,4.710000000000036,5.300714285714354,5.457000000000107,4.710000000000036,5.457000000000107,False,0,0,0,0,0,1,4.0,0,50,RANGE,50,False,False,,,4571.4,4557.19,4571.4,4557.19,0,0,0,NEUTRAL,0,0,0,0,NONE,2026-04-29,11,LONDON,4610.25,4510.02,0,0,4557.19,4588.91,1,1,0,0,0,0,1.0,1.0,28,,,44,,,NO_TRADE,NO_TRADE,0.0,0.0,0.0,9.541285714285836,LONG,4570.82,4561.278714285714,4589.902571428572,0.0,False,False,NONE,no_trade,RANGE
2026-04-29 11:50:00,4570.82,4575.29,4570.55,4574.88,1592,4,0,1592,4570.82,4.0600000000004,4571.525851694839,0.3530682426489875,4581.4,4557.19,4.739999999999782,5.212857142857176,5.458500000000095,4.739999999999782,5.458500000000095,False,0,1,0,0,0,1,3.0,0,50,TREND_UP,73,False,False,,,4571.4,4557.19,4571.4,4557.19,1,0,1,NEUTRAL,0,0,0,1,BREAK_RETEST,2026-04-29,11,LONDON,4610.25,4510.02,0,0,4557.19,4588.91,1,1,0,0,0,0,1.0,1.0,83,ALPHA,strict_alpha,43,,,ALPHA,ALPHA,83.0,0.01,10.0,11.46828571428579,LONG,4574.88,4563.411714285714,4597.8165714285715,0.8719699045815733,False,True,HIGH,buy,TREND_UP
2026-04-29 11:55:00,4574.88,4576.73,4573.02,4573.13,1225,4,0,1225,4574.88,-1.75,4571.678627723902,0.15277602906280663,4581.27,4557.19,3.709999999999127,5.121428571428559,5.374000000000024,3.709999999999127,5.374000000000024,False,0,1,0,0,0,0,4.0,1,50,TREND_UP,73,True,False,4576.73,,4576.73,4557.19,4571.4,4557.19,1,0,1,NEUTRAL,0,0,0,1,BREAK_RETEST,2026-04-29,11,LONDON,4610.25,4510.02,0,0,4557.19,4588.91,1,1,0,0,0,0,1.0,1.0,73,,,45,,,NO_TRADE,NO_TRADE,0.0,0.0,0.0,9.218571428571405,LONG,4573.13,4563.911428571429,4591.567142857143,0.0,False,False,NONE,no_trade,TREND_UP
2026-04-29 12:00:00,4573.13,4575.35,4570.3,4574.51,1746,4,0,1746,4573.13,1.3800000000001091,4571.948282226387,0.2696545024855368,4579.72,4557.19,5.050000000000182,5.262857142857164,5.3595000000000255,5.050000000000182,5.3595000000000255,False,0,1,0,0,0,1,4.0,0,50,TREND_UP,73,False,True,,4570.3,4576.73,4570.3,4576.73,4557.19,0,0,0,HL,0,0,0,0,NONE,2026-04-29,12,LONDON,4610.25,4510.02,0,0,4557.19,4588.91,1,1,0,0,1,0,1.0,1.0,66,,,53,,,NO_TRADE,NO_TRADE,0.0,0.0,0.0,9.473142857142895,LONG,4574.51,4565.036857142857,4593.456285714286,0.0,False,False,NONE,no_trade,TREND_UP
2026-04-29 12:05:00,4574.51,4575.68,4572.13,4572.25,1239,4,0,1239,4574.51,-2.2600000000002183,4571.977017252445,0.028735026057802315,4578.74,4557.19,3.550000000000182,5.247857142857161,5.176500000000033,3.550000000000182,5.176500000000033,False,0,1,0,0,0,0,4.0,1,50,TREND_UP,73,True,False,4575.68,,4575.68,4570.3,4576.73,4570.3,0,0,0,LH,0,0,0,0,NONE,2026-04-29,12,LONDON,4610.25,4510.02,0,0,4557.19,4588.91,1,1,0,0,0,0,1.0,1.0,46,,,45,,,NO_TRADE,NO_TRADE,0.0,0.0,0.0,9.44614285714289,LONG,4572.25,4562.803857142857,4591.142285714286,0.0,False,False,NONE,no_trade,TREND_UP
2026-04-29 12:10:00,4572.25,4575.17,4571.5,4573.83,1229,4,0,1229,4572.25,1.5799999999999272,4572.153491799831,0.17647454738562374,4578.74,4557.19,3.6700000000000728,5.091428571428553,5.1095000000000255,3.6700000000000728,5.1095000000000255,False,0,1,0,0,0,1,5.0,1,50,TREND_UP,73,False,True,,4571.5,4575.68,4571.5,4575.68,4570.3,0,0,0,HL,0,0,0,0,NONE,2026-04-29,12,LONDON,4610.25,4510.02,0,0,4557.19,4588.91,1,1,0,0,1,0,1.0,1.0,56,,,55,FLOW,exploratory,FLOW,FLOW,55.0,0.005,5.0,9.164571428571396,LONG,4573.83,4564.6654285714285,4592.159142857143,0.545579249282955,False,True,MEDIUM,buy,TREND_UP
2026-04-29 12:15:00,4573.83,4580.69,4573.42,4579.62,1446,4,0,1446,4573.83,5.789999999999964,4572.8645878188945,0.7110960190639162,4578.09,4557.19,7.269999999999527,5.2071428571428315,5.1099999999999905,7.269999999999527,5.1099999999999905,True,0,1,0,1,0,1,5.0,0,50,BREAKOUT,81,False,False,,,4575.68,4571.5,4575.68,4571.5,1,0,1,NEUTRAL,0,0,0,1,BREAK_RETEST,2026-04-29,12,LONDON,4610.25,4510.02,0,0,4557.19,4588.91,1,1,0,0,0,0,1.0,1.0,63,,,61,FLOW,exploratory,FLOW,FLOW,61.0,0.005,5.0,9.372857142857097,LONG,4579.62,4570.2471428571425,4598.365714285714,0.5334552659655567,False,True,MEDIUM,buy,BREAKOUT
2026-04-29 12:20:00,4579.62,4580.86,4572.09,4572.11,1384,4,0,1384,4579.62,-7.510000000000218,4572.792722312333,-0.07186550656115287,4580.69,4557.19,8.769999999999527,5.477142857142813,5.249999999999955,8.769999999999527,5.249999999999955,True,0,0,1,0,1,0,6.0,0,50,REVERSAL,82,True,False,4580.86,,4580.86,4571.5,4575.68,4571.5,0,0,0,NEUTRAL,0,0,0,0,NONE,2026-04-29,12,LONDON,4610.25,4510.02,0,0,4557.19,4588.91,1,1,0,0,0,0,1.0,1.0,36,,,49,,,NO_TRADE,NO_TRADE,0.0,0.0,0.0,9.858857142857063,LONG,4572.11,4562.251142857142,4591.827714285714,0.0,False,False,NONE,no_trade,REVERSAL
2026-04-29 12:25:00,4572.11,4572.11,4565.76,4565.76,1434,4,0,1434,4572.11,-6.349999999999454,4572.122939234969,-0.6697830773646274,4580.86,4557.19,6.349999999999454,5.578571428571324,5.317999999999938,6.349999999999454,5.317999999999938,False,0,0,1,0,0,0,5.0,0,50,TREND_DOWN,73,False,False,,,4580.86,4571.5,4580.86,4571.5,0,1,1,NEUTRAL,0,0,0,1,BREAK_RETEST,2026-04-29,12,LONDON,4610.25,4510.02,0,0,4557.19,4588.91,1,1,0,0,0,0,1.0,1.0,83,ALPHA,strict_alpha,43,,,ALPHA,ALPHA,83.0,0.01,10.0,12.272857142856914,SHORT,4565.76,4578.032857142857,4541.214285714286,0.8148061925270784,False,True,HIGH,sell,TREND_DOWN
2026-04-29 12:30:00,4565.74,4567.38,4563.7,4567.32,1504,4,0,1504,4565.76,1.5599999999994907,4571.665516450686,-0.4574227842831533,4580.86,4557.19,3.680000000000291,5.4628571428571115,5.348499999999968,3.680000000000291,5.348499999999968,False,0,0,1,0,0,1,6.0,1,50,TREND_DOWN,73,False,False,,,4580.86,4571.5,4580.86,4571.5,0,1,1,NEUTRAL,0,0,0,1,BREAK_RETEST,2026-04-29,12,LONDON,4610.25,4510.02,0,0,4557.19,4588.59,1,1,0,0,1,0,1.0,1.0,83,ALPHA,strict_alpha,55,FLOW,exploratory,ALPHA,ALPHA,83.0,0.01,10.0,12.018285714285646,SHORT,4567.32,4579.338285714285,4543.283428571428,0.832065424115638,False,True,HIGH,sell,TREND_DOWN
2026-04-29 12:35:00,4567.32,4569.65,4562.83,4564.51,1804,4,0,1804,4567.32,-2.8099999999994907,4570.9840386934775,-0.6814777572080857,4580.86,4557.19,6.819999999999709,5.572142857142808,5.501499999999941,6.819999999999709,5.501499999999941,False,0,0,1,0,0,0,7.0,0,50,TREND_DOWN,73,True,False,4569.65,,4569.65,4571.5,4580.86,4571.5,0,1,1,LH,0,0,0,1,BREAK_RETEST,2026-04-29,12,LONDON,4610.25,4510.02,0,0,4557.19,4581.4,1,1,0,0,0,0,1.0,1.0,83,ALPHA,strict_alpha,55,FLOW,exploratory,ALPHA,ALPHA,83.0,0.01,10.0,12.258714285714179,SHORT,4564.51,4576.768714285715,4539.992571428572,0.8157462330004382,False,True,HIGH,sell,TREND_DOWN
2026-04-29 12:40:00,4564.53,4565.6,4558.77,4559.04,1645,4,0,1645,4564.51,-5.470000000000255,4569.846511198861,-1.1375274946167337,4580.86,4557.19,6.829999999999927,5.624285714285634,5.549999999999909,6.829999999999927,5.549999999999909,False,0,0,1,0,0,0,6.0,0,50,TREND_DOWN,73,False,False,,,4569.65,4571.5,4569.65,4571.5,0,1,1,NEUTRAL,0,0,0,1,BREAK_RETEST,2026-04-29,12,LONDON,4610.25,4510.02,0,0,4557.19,4581.27,1,1,0,0,0,0,1.0,1.0,83,ALPHA,strict_alpha,43,,,ALPHA,ALPHA,83.0,0.01,10.0,12.373428571428395,SHORT,4559.04,4571.413428571428,4534.293142857143,0.8081834345486988,False,True,HIGH,sell,TREND_DOWN
2026-04-29 12:45:00,4559.04,4562.01,4557.85,4559.46,1631,4,0,1631,4559.04,0.42000000000007276,4568.857319656112,-0.9891915427488129,4580.86,4557.19,4.1599999999998545,5.4842857142855665,5.47549999999992,4.1599999999998545,5.47549999999992,False,0,0,1,0,0,1,6.0,1,50,TREND_DOWN,73,False,False,,,4569.65,4571.5,4569.65,4571.5,0,1,1,NEUTRAL,0,0,0,1,BREAK_RETEST,2026-04-29,12,LONDON,4610.25,4510.02,0,0,4557.19,4580.86,1,1,0,0,1,0,1.0,1.0,83,ALPHA,strict_alpha,55,FLOW,exploratory,ALPHA,ALPHA,83.0,0.01,10.0,12.065428571428248,SHORT,4559.46,4571.525428571428,4535.329142857144,0.8288143219115048,False,True,HIGH,sell,TREND_DOWN
2026-04-29 12:50:00,4559.46,4559.5,4551.51,4555.14,2384,4,0,2384,4559.46,-4.319999999999709,4567.550908260292,-1.3064113958198504,4580.86,4557.19,7.989999999999782,5.521428571428389,5.62549999999992,7.989999999999782,5.62549999999992,True,0,0,1,1,1,0,6.0,0,50,BREAKOUT,85,False,True,,4551.51,4569.65,4551.51,4569.65,4571.5,0,1,1,NEUTRAL,0,0,0,1,BREAK_RETEST,2026-04-29,12,LONDON,4610.25,4510.02,0,0,4551.51,4580.86,1,1,0,1,0,0,1.8,1.0,63,,,69,FLOW,exploratory,FLOW,FLOW,69.0,0.005,5.0,9.938571428571102,LONG,4555.14,4545.2014285714295,4575.017142857143,0.5030904125341549,False,True,MEDIUM,buy,BREAKOUT
2026-04-29 12:55:00,4555.14,4556.96,4551.71,4555.67,1778,4,0,1778,4555.14,0.5299999999997453,4566.419393187883,-1.1315150724094565,4580.86,4551.51,5.25,5.559999999999816,5.641499999999906,5.25,5.641499999999906,False,0,0,1,0,0,1,6.0,0,50,TREND_DOWN,73,False,False,,,4569.65,4551.51,4569.65,4551.51,0,0,0,NEUTRAL,0,0,0,0,NONE,2026-04-29,12,LONDON,4610.25,4510.02,0,0,4551.51,4580.86,1,1,0,0,1,0,1.0,1.0,66,,,41,,,NO_TRADE,NO_TRADE,0.0,0.0,0.0,10.007999999999669,SHORT,4555.67,4565.678,4535.654,0.0,False,False,NONE,no_trade,TREND_DOWN
2026-04-29 13:00:00,4555.67,4563.11,4555.02,4562.31,1588,4,0,1588,4555.67,6.640000000000327,4566.028022408084,-0.3913707797983079,4580.86,4551.51,8.089999999999236,5.799285714285491,5.780999999999904,8.089999999999236,5.780999999999904,True,0,0,1,0,0,1,6.0,0,50,TREND_DOWN,81,False,False,,,4569.65,4551.51,4569.65,4551.51,0,0,0,NEUTRAL,0,0,0,0,NONE,2026-04-29,13,LONDON,4610.25,4510.02,0,0,4551.51,4580.86,1,1,0,0,0,0,1.0,1.0,56,,,31,,,NO_TRADE,NO_TRADE,0.0,0.0,0.0,10.438714285713884,SHORT,4562.31,4572.748714285714,4541.432571428572,0.0,False,False,NONE,no_trade,TREND_DOWN
2026-04-29 13:05:00,4562.31,4565.48,4561.43,4565.32,1579,4,0,1579,4562.31,3.009999999999309,4565.960591702553,-0.06743070553147845,4580.86,4551.51,4.049999999999272,5.823571428571215,5.718999999999869,4.049999999999272,5.718999999999869,False,0,0,0,0,0,1,5.0,1,50,CHOPPY,40,False,False,,,4569.65,4551.51,4569.65,4551.51,0,0,0,NEUTRAL,0,0,0,0,NONE,2026-04-29,13,LONDON,4610.25,4510.02,0,0,4551.51,4580.86,1,1,0,0,0,0,1.0,1.0,18,,,28,,,NO_TRADE,NO_TRADE,0.0,0.0,0.0,10.482428571428187,LONG,4565.32,4554.837571428571,4586.284857142856,0.0,False,False,NONE,no_trade,CHOPPY
2026-04-29 13:10:00,4565.32,4568.22,4563.82,4567.97,1598,4,0,1598,4565.32,2.6500000000005457,4566.1519639213575,0.19137221880464494,4580.86,4551.51,4.400000000000546,5.77714285714267,5.633999999999878,4.400000000000546,5.633999999999878,False,0,1,0,0,0,1,5.0,1,50,TREND_UP,73,False,False,,,4569.65,4551.51,4569.65,4551.51,0,0,0,NEUTRAL,0,0,0,0,NONE,2026-04-29,13,LONDON,4610.25,4510.02,0,0,4551.51,4580.86,1,1,0,0,0,0,1.0,1.0,46,,,33,,,NO_TRADE,NO_TRADE,0.0,0.0,0.0,10.398857142856807,LONG,4567.97,4557.571142857143,4588.767714285714,0.0,False,False,NONE,no_trade,TREND_UP
2026-04-29 13:15:00,4567.96,4573.27,4567.96,4571.26,1707,4,0,1707,4567.97,3.2899999999999636,4566.638443547895,0.4864796265374025,4580.86,4551.51,5.3100000000004,5.902857142856972,5.5934999999998585,5.3100000000004,5.5934999999998585,False,0,1,0,0,0,1,4.0,0,50,TREND_UP,73,True,False,4573.27,,4573.27,4551.51,4569.65,4551.51,1,0,1,NEUTRAL,0,0,0,1,BREAK_RETEST,2026-04-29,13,LONDON,4610.25,4510.02,0,0,4551.51,4580.86,1,1,0,0,0,0,1.0,1.0,83,ALPHA,strict_alpha,43,,,ALPHA,ALPHA,83.0,0.01,10.0,12.986285714285339,LONG,4571.26,4558.273714285715,4597.232571428571,0.7700431224148775,False,True,HIGH,buy,TREND_UP
2026-04-29 13:20:00,4571.27,4571.7,4568.29,4571.6,1392,4,0,1392,4571.26,0.3400000000001455,4567.11097273381,0.47252918591493653,4580.86,4551.51,3.4099999999998545,5.884285714285527,5.390499999999838,3.4099999999998545,5.390499999999838,False,0,1,0,0,0,1,3.0,0,50,TREND_UP,73,False,False,,,4573.27,4551.51,4573.27,4551.51,0,0,0,NEUTRAL,0,0,0,0,NONE,2026-04-29,13,LONDON,4610.25,4510.02,0,0,4551.51,4580.86,1,1,0,0,0,0,1.0,1.0,56,,,31,,,NO_TRADE,NO_TRADE,0.0,0.0,0.0,10.591714285713948,LONG,4571.6,4561.008285714286,4592.783428571428,0.0,False,False,NONE,no_trade,TREND_UP
2026-04-29 13:25:00,4571.58,4573.25,4570.78,4571.78,1153,4,0,1153,4571.6,0.17999999999938154,4567.555641997256,0.4446692634464853,4580.86,4551.51,2.4700000000002547,5.541428571428436,5.278499999999849,2.4700000000002547,5.278499999999849,False,0,1,0,0,0,1,3.0,0,50,TREND_UP,73,False,False,,,4573.27,4551.51,4573.27,4551.51,0,0,0,NEUTRAL,0,0,0,0,NONE,2026-04-29,13,LONDON,4610.25,4510.02,0,0,4551.51,4580.86,1,1,0,0,0,0,1.0,1.0,56,,,31,,,NO_TRADE,NO_TRADE,0.0,0.0,0.0,9.974571428571185,LONG,4571.78,4561.805428571429,4591.7291428571425,0.0,False,False,NONE,no_trade,TREND_UP
2026-04-29 13:30:00,4571.8,4576.6,4571.8,4573.27,1420,4,0,1420,4571.78,1.4900000000006912,4568.099866568946,0.5442245716894831,4580.86,4551.51,4.8200000000006185,5.2592857142856575,5.2824999999998905,4.800000000000182,5.281499999999869,False,0,1,0,0,0,1,2.0,0,50,TREND_UP,73,True,False,4576.6,,4576.6,4551.51,4573.27,4551.51,0,0,0,NEUTRAL,0,0,0,0,NONE,2026-04-29,13,LONDON,4610.25,4510.02,0,0,4551.51,4580.86,1,1,0,0,0,0,1.0,1.0,56,,,31,,,NO_TRADE,NO_TRADE,0.0,0.0,0.0,9.466714285714184,LONG,4573.27,4563.803285714286,4592.203428571429,0.0,False,False,NONE,no_trade,TREND_UP
2026-04-29 13:35:00,4573.26,4574.46,4569.75,4570.45,1373,4,0,1373,4573.27,-2.8200000000006185,4568.323688800474,0.2238222315281746,4580.86,4551.51,4.710000000000036,5.142142857142842,5.3324999999999365,4.710000000000036,5.331499999999915,False,0,1,0,0,0,0,2.0,0,50,TREND_UP,73,False,False,,,4576.6,4551.51,4576.6,4551.51,0,0,0,NEUTRAL,0,0,0,0,NONE,2026-04-29,13,LONDON,4610.25,4510.02,0,0,4551.51,4580.86,1,1,0,0,0,0,1.0,1.0,56,,,31,,,NO_TRADE,NO_TRADE,0.0,0.0,0.0,9.255857142857115,LONG,4570.45,4561.194142857143,4588.961714285714,0.0,False,False,NONE,no_trade,TREND_UP
2026-04-29 13:40:00,4570.45,4570.54,4566.03,4566.34,1306,4,0,1306,4570.45,-4.109999999999673,4568.134766057572,-0.1889227429019229,4580.86,4551.51,4.510000000000218,5.201428571428551,5.305499999999938,4.510000000000218,5.3044999999999165,False,0,0,1,0,0,0,1.0,0,50,TREND_DOWN,73,False,False,,,4576.6,4551.51,4576.6,4551.51,0,0,0,NEUTRAL,0,0,0,0,NONE,2026-04-29,13,LONDON,4610.25,4510.02,0,0,4551.51,4580.86,1,1,0,0,0,0,1.0,1.0,56,,,31,,,NO_TRADE,NO_TRADE,0.0,0.0,0.0,9.36257142857139,SHORT,4566.34,4575.702571428572,4547.6148571428575,0.0,False,False,NONE,no_trade,TREND_DOWN
2026-04-29 13:45:00,4566.34,4568.54,4564.94,4567.85,1140,4,0,1140,4566.34,1.5100000000002183,4568.107645480661,-0.027120576911329408,4580.86,4551.51,3.600000000000364,4.971428571428597,5.307999999999947,3.600000000000364,5.306999999999926,False,0,0,1,0,0,1,2.0,0,50,TREND_DOWN,73,False,True,,4564.94,4576.6,4564.94,4576.6,4551.51,0,0,0,HL,0,0,0,0,NONE,2026-04-29,13,LONDON,4610.25,4510.02,0,0,4551.51,4580.86,1,1,0,0,1,0,1.0,1.0,66,,,53,,,NO_TRADE,NO_TRADE,0.0,0.0,0.0,8.948571428571475,SHORT,4567.85,4576.798571428571,4549.952857142857,0.0,False,False,NONE,no_trade,TREND_DOWN
2026-04-29 13:50:00,4567.85,4570.68,4565.0,4566.47,1324,4,0,1324,4567.85,-1.3800000000001091,4567.951679244407,-0.1559662362533345,4580.86,4551.51,5.680000000000291,4.889285714285767,5.408499999999958,5.680000000000291,5.407499999999937,False,0,0,1,0,0,0,3.0,0,50,TREND_DOWN,73,True,False,4570.68,,4570.68,4564.94,4576.6,4564.94,0,0,0,LH,0,0,0,0,NONE,2026-04-29,13,LONDON,4610.25,4510.02,0,0,4551.51,4580.86,1,1,0,0,0,0,1.0,1.0,56,,,43,,,NO_TRADE,NO_TRADE,0.0,0.0,0.0,8.80071428571438,SHORT,4566.47,4575.270714285714,4548.868571428571,0.0,False,False,NONE,no_trade,TREND_DOWN
2026-04-29 13:55:00,4566.54,4569.91,4563.95,4569.81,1190,4,0,1190,4566.47,3.3400000000001455,4568.128662173512,0.17698292910426972,4580.86,4551.51,5.960000000000036,5.017857142857208,5.342999999999984,5.960000000000036,5.3419999999999614,False,0,0,0,0,0,1,4.0,0,50,RANGE,50,False,True,,4563.95,4570.68,4563.95,4570.68,4564.94,0,0,0,NEUTRAL,0,0,0,0,NONE,2026-04-29,13,LONDON,4610.25,4510.02,0,0,4551.51,4580.86,1,1,0,0,1,0,1.0,1.0,38,,,54,,,NO_TRADE,NO_TRADE,0.0,0.0,0.0,9.032142857142976,LONG,4569.81,4560.777857142857,4587.874285714286,0.0,False,False,NONE,no_trade,RANGE
2026-04-29 14:00:00,4569.83,4571.99,4566.73,4568.1,1554,4,0,1554,4569.81,-1.7100000000000364,4568.125932442701,-0.00272973081064265,4580.86,4551.51,5.260000000000218,4.822857142857239,5.167500000000018,5.260000000000218,5.1664999999999965,False,0,0,1,0,0,0,5.0,0,50,TREND_DOWN,73,True,False,4571.99,,4571.99,4563.95,4570.68,4563.95,0,0,0,NEUTRAL,0,0,0,0,NONE,2026-04-29,14,LONDON,4610.25,4510.02,0,0,4551.51,4580.86,1,1,0,0,0,0,1.0,1.0,56,,,31,,,NO_TRADE,NO_TRADE,0.0,0.0,0.0,8.68114285714303,SHORT,4568.1,4576.781142857143,4550.737714285714,0.0,False,False,NONE,no_trade,TREND_DOWN
2026-04-29 14:05:00,4568.1,4569.68,4565.3,4567.16,1617,4,0,1617,4568.1,-0.9400000000005093,4568.03393887673,-0.09199356597127917,4576.6,4551.51,4.380000000000109,4.76071428571439,5.069000000000051,4.380000000000109,5.068000000000029,False,0,0,0,0,0,0,5.0,0,50,RANGE,50,False,True,,4565.3,4571.99,4565.3,4571.99,4563.95,0,0,0,HL,0,0,0,0,NONE,2026-04-29,14,LONDON,4610.25,4510.02,0,0,4551.51,4580.86,1,1,0,0,0,0,1.0,1.0,28,,,56,FLOW,exploratory,FLOW,FLOW,56.0,0.005,5.0,8.569285714285902,LONG,4567.16,4558.590714285714,4584.298571428571,0.5834792031341041,False,True,MEDIUM,buy,RANGE
2026-04-29 14:10:00,4567.16,4570.83,4566.21,4568.08,1296,4,0,1296,4567.16,0.9200000000000728,4568.038325650374,0.004386773644000641,4576.6,4551.51,4.619999999999891,4.5128571428572934,5.116000000000031,4.619999999999891,5.115000000000009,False,0,1,0,0,0,1,6.0,0,50,TREND_UP,73,True,False,4570.83,,4570.83,4565.3,4571.99,4565.3,0,0,0,LH,0,0,0,0,NONE,2026-04-29,14,LONDON,4610.25,4510.02,0,0,4551.51,4580.86,1,1,0,0,1,0,1.0,1.0,66,,,53,,,NO_TRADE,NO_TRADE,0.0,0.0,0.0,8.123142857143128,LONG,4568.08,4559.956857142857,4584.326285714286,0.0,False,False,NONE,no_trade,TREND_UP
2026-04-29 14:15:00,4568.08,4570.34,4567.28,4568.24,1237,4,0,1237,4568.08,0.15999999999985448,4568.057532731291,0.019207080917112762,4576.6,4551.51,3.0600000000004,4.4421428571430885,4.928000000000066,3.0600000000004,4.927000000000044,False,0,1,0,0,0,1,6.0,1,50,TREND_UP,73,False,False,,,4570.83,4565.3,4570.83,4565.3,0,0,0,NEUTRAL,0,0,0,0,NONE,2026-04-29,14,LONDON,4610.25,4510.02,0,0,4551.51,4580.86,1,1,0,0,0,0,1.0,1.0,46,,,33,,,NO_TRADE,NO_TRADE,0.0,0.0,0.0,8.0,LONG,4568.24,4560.24,4584.24,0.0,False,False,NONE,no_trade,TREND_UP
2026-04-29 14:20:00,4568.24,4568.37,4564.54,4566.22,1186,4,0,1186,4568.24,-2.019999999999527,4567.882529614025,-0.17500311726598738,4576.6,4551.51,3.8299999999999272,4.401428571428759,4.778000000000065,3.8299999999999272,4.777000000000044,False,0,0,1,0,0,0,6.0,0,50,TREND_DOWN,73,False,False,,,4570.83,4565.3,4570.83,4565.3,0,0,0,NEUTRAL,0,0,0,0,NONE,2026-04-29,14,LONDON,4610.25,4510.02,0,0,4551.51,4580.86,1,1,0,0,0,0,1.0,1.0,56,,,31,,,NO_TRADE,NO_TRADE,0.0,0.0,0.0,8.0,SHORT,4566.22,4574.22,4550.22,0.0,False,False,NONE,no_trade,TREND_DOWN
2026-04-29 14:25:00,4566.22,4569.13,4564.33,4564.72,1327,4,0,1327,4566.22,-1.5,4567.581336317451,-0.30119329657372873,4576.6,4551.51,4.800000000000182,4.365000000000172,4.810000000000082,4.800000000000182,4.80900000000006,False,0,0,1,0,0,0,6.0,0,50,TREND_DOWN,73,True,False,4569.13,,4569.13,4565.3,4570.83,4565.3,0,1,1,LH,0,0,0,1,BREAK_RETEST,2026-04-29,14,LONDON,4610.25,4510.02,0,0,4551.51,4580.86,1,1,0,0,0,0,1.0,1.0,83,ALPHA,strict_alpha,55,FLOW,exploratory,ALPHA,ALPHA,83.0,0.01,10.0,9.603000000000378,SHORT,4564.72,4574.323,4545.513999999999,1.0413412475267736,False,True,HIGH,sell,TREND_DOWN
2026-04-29 14:30:00,4564.72,4567.75,4563.69,4567.5,1428,4,0,1428,4564.72,2.7799999999997453,4567.573590001503,-0.007746315947770199,4576.6,4551.51,4.0600000000004,4.4114285714287815,4.613500000000113,4.0600000000004,4.612500000000091,False,0,0,0,0,0,1,6.0,0,50,RANGE,50,False,True,,4563.69,4569.13,4563.69,4569.13,4565.3,0,0,0,NEUTRAL,0,0,0,0,NONE,2026-04-29,14,LONDON,4610.25,4510.02,0,0,4551.51,4580.86,1,1,0,0,1,0,1.0,1.0,38,,,54,,,NO_TRADE,NO_TRADE,0.0,0.0,0.0,8.0,LONG,4567.5,4559.5,4583.5,0.0,False,False,NONE,no_trade,RANGE
2026-04-29 14:35:00,4567.5,4571.87,4566.92,4567.02,1572,4,0,1572,4567.5,-0.47999999999956344,4567.520867144218,-0.05272285728551651,4576.6,4551.71,4.949999999999818,4.5885714285716075,4.5985000000001035,4.949999999999818,4.597500000000082,False,0,0,1,0,0,0,6.0,0,50,TREND_DOWN,73,True,False,4571.87,,4571.87,4563.69,4569.13,4563.69,0,0,0,NEUTRAL,0,0,0,0,NONE,2026-04-29,14,LONDON,4610.25,4510.02,0,0,4551.51,4580.86,1,1,0,0,0,0,1.0,1.0,56,,,31,,,NO_TRADE,NO_TRADE,0.0,0.0,0.0,8.259428571428893,SHORT,4567.02,4575.279428571429,4550.501142857142,0.0,False,False,NONE,no_trade,TREND_DOWN
2026-04-29 14:40:00,4567.02,4568.08,4564.13,4566.91,1440,4,0,1440,4567.02,-0.11000000000058208,4567.462689320959,-0.05817782325902954,4576.6,4555.02,3.949999999999818,4.526428571428694,4.391500000000133,3.949999999999818,4.390500000000111,False,0,0,1,0,0,0,5.0,0,50,TREND_DOWN,73,False,False,,,4571.87,4563.69,4571.87,4563.69,0,0,0,NEUTRAL,0,0,0,0,NONE,2026-04-29,14,LONDON,4610.25,4510.02,0,0,4551.51,4580.86,1,1,0,0,0,0,1.0,1.0,56,,,31,,,NO_TRADE,NO_TRADE,0.0,0.0,0.0,8.147571428571649,SHORT,4566.91,4575.0575714285715,4550.614857142857,0.0,False,False,NONE,no_trade,TREND_DOWN
2026-04-29 14:45:00,4566.91,4566.91,4561.86,4563.46,1543,4,0,1543,4566.91,-3.449999999999818,4567.0814808142,-0.3812085067584121,4576.6,4561.43,5.050000000000182,4.5507142857144185,4.441500000000178,5.050000000000182,4.440500000000156,False,0,0,1,0,0,0,4.0,0,50,TREND_DOWN,73,False,False,,,4571.87,4563.69,4571.87,4563.69,0,1,1,NEUTRAL,0,0,0,1,BREAK_RETEST,2026-04-29,14,LONDON,4610.25,4510.02,0,0,4551.51,4580.86,1,1,0,0,0,0,1.0,1.0,83,ALPHA,strict_alpha,43,,,ALPHA,ALPHA,83.0,0.01,10.0,10.011571428571722,SHORT,4563.46,4573.471571428572,4543.436857142857,0.9988441945748198,False,True,HIGH,sell,TREND_DOWN
2026-04-29 14:50:00,4563.46,4564.65,4559.8,4560.47,1572,4,0,1572,4563.46,-2.9899999999997817,4566.451815974753,-0.6296648394472868,4576.6,4561.86,4.849999999999454,4.575000000000078,4.464000000000124,4.849999999999454,4.463000000000102,False,0,0,1,1,0,0,4.0,0,50,BREAKOUT,73,False,False,,,4571.87,4563.69,4571.87,4563.69,0,1,1,NEUTRAL,0,0,0,1,BREAK_RETEST,2026-04-29,14,LONDON,4610.25,4510.02,0,0,4551.51,4576.6,1,1,0,0,0,0,1.0,1.0,63,,,61,FLOW,exploratory,FLOW,FLOW,61.0,0.005,5.0,8.235000000000142,LONG,4560.47,4552.235,4576.9400000000005,0.6071645415907606,False,True,MEDIUM,buy,BREAKOUT
2026-04-29 14:55:00,4560.47,4563.23,4559.3,4561.55,1329,4,0,1329,4560.47,1.0799999999999272,4565.98497635811,-0.46683961664348317,4576.6,4559.8,3.9299999999993815,4.598571428571437,4.395000000000072,3.9299999999993815,4.394000000000051,False,0,0,1,0,0,1,4.0,0,50,TREND_DOWN,73,False,True,,4559.3,4571.87,4559.3,4571.87,4563.69,0,1,1,NEUTRAL,0,0,0,1,BREAK_RETEST,2026-04-29,14,LONDON,4610.25,4510.02,0,0,4551.51,4576.6,1,1,0,0,1,0,1.0,1.0,93,ALPHA,strict_alpha,53,,,ALPHA,ALPHA,93.0,0.01,10.0,10.116857142857162,SHORT,4561.55,4571.666857142857,4541.316285714286,0.9884492643113314,False,True,ELITE,sell,TREND_DOWN
2026-04-29 15:00:00,4561.55,4564.9,4560.59,4563.5,1575,4,0,1575,4561.55,1.949999999999818,4565.748311943052,-0.23666441505793046,4576.6,4559.3,4.309999999999491,4.500714285714237,4.440000000000055,4.309999999999491,4.439000000000033,False,0,0,1,0,0,1,4.0,0,50,TREND_DOWN,73,False,False,,,4571.87,4559.3,4571.87,4559.3,0,0,0,NEUTRAL,0,0,0,0,NONE,2026-04-29,15,LONDON,4610.25,4510.02,0,0,4551.51,4576.6,1,1,0,0,0,0,1.0,1.0,56,,,31,,,NO_TRADE,NO_TRADE,0.0,0.0,0.0,8.101285714285627,SHORT,4563.5,4571.601285714286,4547.297428571429,0.0,False,False,NONE,no_trade,TREND_DOWN
2026-04-29 15:05:00,4563.49,4568.28,4562.75,4562.75,1682,4,0,1682,4563.5,-0.75,4565.462758424666,-0.2855535183853135,4576.6,4559.3,5.529999999999745,4.46999999999993,4.593000000000029,5.529999999999745,4.592000000000008,False,0,0,1,0,0,0,4.0,0,50,TREND_DOWN,73,True,False,4568.28,,4568.28,4559.3,4571.87,4559.3,0,0,0,LH,0,0,0,0,NONE,2026-04-29,15,LONDON,4610.25,4510.02,0,0,4551.51,4576.6,1,1,0,0,0,0,1.0,1.0,56,,,43,,,NO_TRADE,NO_TRADE,0.0,0.0,0.0,8.045999999999873,SHORT,4562.75,4570.796,4546.658,0.0,False,False,NONE,no_trade,TREND_DOWN
2026-04-29 15:10:00,4562.75,4566.52,4560.79,4564.52,1499,4,0,1499,4562.75,1.7700000000004366,4565.372971908032,-0.08978651663437631,4576.6,4559.3,5.730000000000473,4.503571428571377,4.638500000000022,5.730000000000473,4.638500000000022,False,0,0,0,0,0,1,5.0,0,50,RANGE,50,False,True,,4560.79,4568.28,4560.79,4568.28,4559.3,0,0,0,HL,0,0,0,0,NONE,2026-04-29,15,LONDON,4610.25,4510.02,0,0,4551.51,4576.6,1,1,0,0,1,0,1.0,1.0,38,,,66,FLOW,exploratory,FLOW,FLOW,66.0,0.005,5.0,8.106428571428479,LONG,4564.52,4556.413571428572,4580.732857142857,0.6167944312274279,False,True,MEDIUM,buy,RANGE
2026-04-29 15:15:00,4564.58,4569.11,4564.58,4565.92,1490,4,0,1490,4564.52,1.3999999999996362,4565.425069821553,0.052097913520810835,4574.46,4559.3,4.589999999999236,4.518571428571314,4.632499999999982,4.529999999999745,4.629500000000007,False,0,1,0,0,0,1,4.0,0,50,TREND_UP,73,True,False,4569.11,,4569.11,4560.79,4568.28,4560.79,0,0,0,NEUTRAL,0,0,0,0,NONE,2026-04-29,15,LONDON,4610.25,4510.02,0,0,4551.51,4576.6,1,1,0,0,0,0,1.0,1.0,56,,,31,,,NO_TRADE,NO_TRADE,0.0,0.0,0.0,8.133428571428366,LONG,4565.92,4557.786571428572,4582.186857142857,0.0,False,False,NONE,no_trade,TREND_UP
2026-04-29 15:20:00,4565.92,4567.72,4562.04,4562.25,1850,4,0,1850,4565.92,-3.6700000000000728,4565.1226822195,-0.3023876020524767,4571.99,4559.3,5.680000000000291,4.594285714285628,4.690999999999986,5.680000000000291,4.688000000000011,False,0,0,0,0,0,0,4.0,0,50,RANGE,50,False,False,,,4569.11,4560.79,4569.11,4560.79,0,0,0,NEUTRAL,0,0,0,0,NONE,2026-04-29,15,LONDON,4610.25,4510.02,0,0,4551.71,4576.6,1,1,0,0,0,0,1.0,1.0,28,,,44,,,NO_TRADE,NO_TRADE,0.0,0.0,0.0,8.26971428571413,LONG,4562.25,4553.980285714286,4578.789428571428,0.0,False,False,NONE,no_trade,RANGE
2026-04-29 15:25:00,4562.24,4564.58,4559.47,4559.5,1284,4,0,1284,4562.25,-2.75,4564.587188674786,-0.5354935447139724,4571.99,4559.3,5.109999999999673,4.740714285714148,4.766499999999951,5.109999999999673,4.7634999999999765,False,0,0,1,0,0,0,4.0,0,50,TREND_DOWN,73,False,False,,,4569.11,4560.79,4569.11,4560.79,0,1,1,NEUTRAL,0,0,0,1,BREAK_RETEST,2026-04-29,15,LONDON,4610.25,4510.02,0,0,4555.02,4576.6,1,1,0,0,0,0,1.0,1.0,83,ALPHA,strict_alpha,43,,,ALPHA,ALPHA,83.0,0.01,10.0,10.429571428571126,SHORT,4559.5,4569.929571428571,4538.640857142857,0.9588121686961802,False,True,HIGH,sell,TREND_DOWN
2026-04-29 15:30:00,4559.44,4559.56,4551.05,4554.86,2160,4,0,2160,4559.5,-4.640000000000327,4563.660789753379,-0.926398921407781,4571.99,4559.3,8.510000000000218,5.074999999999883,4.907999999999947,8.510000000000218,4.904999999999973,True,0,0,1,1,0,0,4.0,0,50,BREAKOUT,81,False,True,,4551.05,4569.11,4551.05,4569.11,4560.79,0,1,1,NEUTRAL,0,0,0,1,BREAK_RETEST,2026-04-29,15,LONDON,4610.25,4510.02,0,0,4551.05,4576.6,1,1,0,1,0,0,1.8,1.0,63,,,69,FLOW,exploratory,FLOW,FLOW,69.0,0.005,5.0,9.13499999999979,LONG,4554.86,4545.724999999999,4573.129999999999,0.5473453749315944,False,True,MEDIUM,buy,BREAKOUT
2026-04-29 15:35:00,4554.87,4557.82,4551.87,4555.85,1829,4,0,1829,4554.86,0.9900000000006912,4562.916905014961,-0.7438847384173641,4571.99,4551.05,5.949999999999818,5.1571428571427145,4.907499999999937,5.949999999999818,4.9044999999999614,False,0,0,1,0,0,1,5.0,0,50,TREND_DOWN,73,False,False,,,4569.11,4551.05,4569.11,4551.05,0,0,0,NEUTRAL,0,0,0,0,NONE,2026-04-29,15,LONDON,4610.25,4510.02,0,0,4551.05,4576.6,1,1,0,0,1,0,1.0,1.0,66,,,41,,,NO_TRADE,NO_TRADE,0.0,0.0,0.0,9.282857142856887,SHORT,4555.85,4565.132857142858,4537.284285714287,0.0,False,False,NONE,no_trade,TREND_DOWN
2026-04-29 15:40:00,4555.85,4559.78,4554.24,4557.72,1657,4,0,1657,4555.85,1.8699999999998909,4562.421961680204,-0.4949433347574086,4571.99,4551.05,5.539999999999964,5.262857142856968,4.921499999999924,5.539999999999964,4.918499999999949,False,0,0,1,0,0,1,4.0,0,50,TREND_DOWN,73,False,False,,,4569.11,4551.05,4569.11,4551.05,0,0,0,NEUTRAL,0,0,0,0,NONE,2026-04-29,15,LONDON,4610.25,4510.02,0,0,4551.05,4576.6,1,1,0,0,0,0,1.0,1.0,56,,,31,,,NO_TRADE,NO_TRADE,0.0,0.0,0.0,9.473142857142543,SHORT,4557.72,4567.193142857142,4538.773714285715,0.0,False,False,NONE,no_trade,TREND_DOWN
2026-04-29 15:45:00,4557.72,4559.91,4555.0,4555.87,1487,4,0,1487,4557.72,-1.8500000000003638,4561.797965329709,-0.6239963504949628,4571.87,4551.05,4.9099999999998545,5.259999999999828,4.947999999999911,4.9099999999998545,4.944999999999936,False,0,0,1,0,0,0,5.0,0,50,TREND_DOWN,73,True,False,4559.91,,4559.91,4551.05,4569.11,4551.05,0,0,0,LH,0,0,0,0,NONE,2026-04-29,15,LONDON,4610.25,4510.02,0,0,4551.05,4576.6,1,1,0,0,0,0,1.0,1.0,56,,,43,,,NO_TRADE,NO_TRADE,0.0,0.0,0.0,9.46799999999969,SHORT,4555.87,4565.338,4536.934,0.0,False,False,NONE,no_trade,TREND_DOWN
2026-04-29 15:50:00,4555.87,4555.92,4544.69,4544.92,2317,4,0,2317,4555.87,-10.949999999999818,4560.190540060213,-1.6074252694961615,4571.87,4551.05,11.230000000000473,5.779999999999875,5.27849999999994,11.230000000000473,5.275499999999965,True,0,0,1,1,0,0,4.0,0,50,BREAKOUT,81,False,False,,,4559.91,4551.05,4559.91,4551.05,0,1,1,NEUTRAL,0,0,0,1,BREAK_RETEST,2026-04-29,15,LONDON,4610.25,4510.02,0,0,4544.69,4576.6,1,1,0,1,0,0,1.8,1.0,63,,,69,FLOW,exploratory,FLOW,FLOW,69.0,0.005,5.0,10.403999999999776,LONG,4544.92,4534.5160000000005,4565.728,0.48058439061900304,False,True,MEDIUM,buy,BREAKOUT
2026-04-29 15:55:00,4544.92,4548.63,4541.9,4544.91,2130,4,0,2130,4544.92,-0.010000000000218279,4558.735250530669,-1.4552895295437338,4571.87,4544.69,6.730000000000473,5.899999999999896,5.461999999999944,6.730000000000473,5.458999999999969,False,0,0,1,0,0,0,3.0,0,50,TREND_DOWN,73,False,True,,4541.9,4559.91,4541.9,4559.91,4551.05,0,1,1,NEUTRAL,0,0,0,1,BREAK_RETEST,2026-04-29,15,LONDON,4610.25,4510.02,0,0,4541.9,4576.6,1,1,0,1,0,0,1.8,1.0,83,ALPHA,strict_alpha,51,,,ALPHA,ALPHA,83.0,0.01,10.0,12.979999999999773,SHORT,4544.91,4557.889999999999,4518.950000000001,0.7704160246533263,False,True,HIGH,sell,TREND_DOWN
2026-04-29 16:00:00,4544.91,4553.34,4544.91,4547.89,2648,4,0,2648,4544.91,2.980000000000473,4557.7023695277485,-1.032881002920476,4571.87,4541.9,8.430000000000291,6.155714285714241,5.691999999999962,8.430000000000291,5.688999999999988,True,0,0,1,0,1,1,4.0,0,50,REVERSAL,82,True,False,4553.34,,4553.34,4541.9,4559.91,4541.9,0,0,0,LH,0,0,0,0,NONE,2026-04-29,16,NEW_YORK,4610.25,4510.02,0,0,4541.9,4574.46,1,1,0,0,1,0,1.0,1.0,46,,,71,FLOW,exploratory,FLOW,FLOW,71.0,0.005,5.0,11.080285714285635,LONG,4547.89,4536.809714285715,4570.050571428572,0.4512519017044461,False,True,HIGH,buy,REVERSAL
2026-04-29 16:05:00,4547.89,4550.04,4545.51,4546.48,1904,4,0,1904,4547.89,-1.410000000000764,4556.633572429868,-1.0687970978806334,4571.87,4541.9,4.529999999999745,6.198571428571411,5.67849999999994,4.529999999999745,5.675499999999966,False,0,0,1,0,0,0,4.0,1,50,TREND_DOWN,73,False,False,,,4553.34,4541.9,4553.34,4541.9,0,0,0,NEUTRAL,0,0,0,0,NONE,2026-04-29,16,NEW_YORK,4610.25,4510.02,0,0,4541.9,4571.99,1,1,0,0,0,0,1.0,1.0,46,,,33,,,NO_TRADE,NO_TRADE,0.0,0.0,0.0,11.15742857142854,SHORT,4546.48,4557.637428571428,4524.165142857142,0.0,False,False,NONE,no_trade,TREND_DOWN
2026-04-29 16:10:00,4546.48,4550.89,4545.5,4549.94,1726,4,0,1726,4546.48,3.4600000000000364,4555.996089341309,-0.6374830885588381,4571.87,4541.9,5.390000000000327,6.2757142857143275,5.744999999999936,5.390000000000327,5.741999999999962,False,0,0,1,0,0,1,5.0,0,50,TREND_DOWN,73,False,False,,,4553.34,4541.9,4553.34,4541.9,0,0,0,NEUTRAL,0,0,0,0,NONE,2026-04-29,16,NEW_YORK,4610.25,4510.02,0,0,4541.9,4571.99,1,1,0,0,1,0,1.0,1.0,66,,,41,,,NO_TRADE,NO_TRADE,0.0,0.0,0.0,11.29628571428579,SHORT,4549.94,4561.236285714285,4527.347428571428,0.0,False,False,NONE,no_trade,TREND_DOWN
2026-04-29 16:15:00,4549.94,4551.69,4543.34,4543.47,1759,4,0,1759,4549.94,-6.469999999999345,4554.803128451661,-1.1929608896480204,4571.87,4541.9,8.349999999999454,6.477142857142878,5.914999999999918,8.349999999999454,5.911999999999944,True,0,0,1,0,1,0,6.0,0,50,REVERSAL,82,True,False,4551.69,,4551.69,4541.9,4553.34,4541.9,0,0,0,LH,0,0,0,0,NONE,2026-04-29,16,NEW_YORK,4610.25,4510.02,0,0,4541.9,4571.99,1,1,0,0,0,0,1.0,1.0,36,,,61,FLOW,exploratory,FLOW,FLOW,61.0,0.005,5.0,11.658857142857181,LONG,4543.47,4531.811142857143,4566.787714285714,0.4288585012008024,False,True,MEDIUM,buy,REVERSAL
2026-04-29 16:20:00,4543.47,4543.78,4534.92,4538.46,3019,4,0,3019,4543.47,-5.010000000000218,4553.2466400276935,-1.5564884239674939,4569.11,4541.9,8.859999999999673,6.700714285714249,6.160499999999911,8.859999999999673,6.157499999999937,True,0,0,1,1,0,0,5.0,0,50,BREAKOUT,81,False,False,,,4551.69,4541.9,4551.69,4541.9,0,1,1,NEUTRAL,0,0,0,1,BREAK_RETEST,2026-04-29,16,NEW_YORK,4610.25,4510.02,0,0,4534.92,4571.99,1,1,0,1,0,0,1.8,1.0,63,,,69,FLOW,exploratory,FLOW,FLOW,69.0,0.005,5.0,12.061285714285649,LONG,4538.46,4526.398714285714,4562.582571428571,0.4145495031328121,False,True,MEDIUM,buy,BREAKOUT
2026-04-29 16:25:00,4538.45,4539.45,4534.5,4537.81,2154,4,0,2154,4538.46,-0.6499999999996362,4551.77648383458,-1.4701561931133256,4569.11,4534.92,4.949999999999818,6.726428571428577,6.1554999999998925,4.949999999999818,6.152499999999918,False,0,0,1,0,0,0,5.0,0,50,TREND_DOWN,73,False,False,,,4551.69,4541.9,4551.69,4541.9,0,1,1,NEUTRAL,0,0,0,1,BREAK_RETEST,2026-04-29,16,NEW_YORK,4610.25,4510.02,0,0,4534.5,4571.99,1,1,0,1,0,0,1.8,1.0,83,ALPHA,strict_alpha,51,,,ALPHA,ALPHA,83.0,0.01,10.0,14.79814285714287,SHORT,4537.81,4552.608142857143,4508.213714285715,0.6757604718738832,False,True,HIGH,sell,TREND_DOWN
2026-04-29 16:30:00,4537.81,4539.75,4529.83,4532.88,3518,4,0,3518,4537.81,-4.930000000000291,4549.976818707478,-1.7996651271023438,4569.11,4534.5,9.920000000000073,7.029285714285704,6.408999999999923,9.920000000000073,6.405999999999949,True,0,0,1,1,0,0,4.0,0,50,BREAKOUT,81,True,False,4539.75,,4539.75,4541.9,4551.69,4541.9,0,1,1,LH,0,0,0,1,BREAK_RETEST,2026-04-29,16,NEW_YORK,4610.25,4510.02,0,0,4529.83,4571.87,1,1,0,1,0,0,1.8,1.0,63,,,81,FLOW,exploratory,FLOW,FLOW,81.0,0.005,5.0,12.652714285714268,LONG,4532.88,4520.227285714286,4558.185428571429,0.3951721256873178,False,True,HIGH,buy,BREAKOUT
2026-04-29 16:35:00,4532.88,4534.16,4524.15,4525.59,3214,4,0,3214,4532.88,-7.289999999999964,4547.654264544861,-2.3225541626170525,4569.11,4529.83,10.010000000000218,7.379285714285743,6.712999999999965,10.010000000000218,6.709999999999991,True,0,0,1,1,0,0,4.0,0,50,BREAKOUT,81,False,False,,,4539.75,4541.9,4539.75,4541.9,0,1,1,NEUTRAL,0,0,0,1,BREAK_RETEST,2026-04-29,16,NEW_YORK,4610.25,4510.02,0,0,4524.15,4571.87,1,0,0,1,0,0,1.8,0.0,53,,,69,FLOW,exploratory,FLOW,FLOW,69.0,0.005,5.0,13.282714285714338,LONG,4525.59,4512.307285714286,4552.155428571429,0.3764290861377285,False,True,MEDIUM,buy,BREAKOUT
2026-04-29 16:40:00,4525.53,4526.2,4513.51,4514.65,3226,4,0,3226,4525.59,-10.94000000000051,4544.511001254874,-3.143263289986862,4569.11,4524.15,12.6899999999996,7.677857142857127,7.131999999999971,12.6899999999996,7.128999999999996,True,0,0,1,1,0,0,4.0,0,50,BREAKOUT,81,False,False,,,4539.75,4541.9,4539.75,4541.9,0,1,1,NEUTRAL,0,0,0,1,BREAK_RETEST,2026-04-29,16,NEW_YORK,4610.25,4510.02,0,0,4513.51,4571.87,1,0,0,1,0,0,1.8,0.0,53,,,69,FLOW,exploratory,FLOW,FLOW,69.0,0.005,5.0,13.82014285714283,LONG,4514.65,4500.829857142857,4542.290285714285,0.3617907608976553,False,True,MEDIUM,buy,BREAKOUT
2026-04-29 16:45:00,4514.65,4517.19,4510.02,4514.46,2970,4,0,2970,4514.65,-0.18999999999959982,4541.649001135362,-2.8620001195122313,4569.11,4513.51,7.169999999999163,7.7649999999999375,7.213999999999942,7.169999999999163,7.210999999999967,False,0,0,1,0,0,0,3.0,0,50,TREND_DOWN,73,False,True,,4510.02,4539.75,4510.02,4539.75,4541.9,0,1,1,NEUTRAL,0,0,0,0,NONE,2026-04-29,16,NEW_YORK,4610.25,4510.02,0,1,4510.02,4571.87,1,0,0,1,0,0,2.3,0.0,61,,,39,,,NO_TRADE,NO_TRADE,0.0,0.0,0.0,13.976999999999888,SHORT,4514.46,4528.437,4486.506,0.0,False,False,NONE,no_trade,TREND_DOWN
2026-04-29 16:50:00,4514.46,4521.45,4514.29,4520.87,2684,4,0,2684,4514.46,6.4099999999998545,4539.67004864628,-1.9789524890820758,4569.11,4510.02,7.1599999999998545,7.880714285714215,7.285499999999911,7.1599999999998545,7.282499999999937,False,0,0,1,0,0,1,3.0,0,50,TREND_DOWN,73,False,False,,,4539.75,4510.02,4539.75,4510.02,0,0,0,NEUTRAL,0,0,0,0,NONE,2026-04-29,16,NEW_YORK,4610.25,4510.02,0,0,4510.02,4571.87,1,0,0,0,1,0,1.0,0.0,56,,,41,,,NO_TRADE,NO_TRADE,0.0,0.0,0.0,14.185285714285587,SHORT,4520.87,4535.055285714286,4492.499428571428,0.0,False,False,NONE,no_trade,TREND_DOWN
2026-04-29 16:55:00,4520.88,4530.02,4519.42,4521.83,2544,4,0,2544,4520.87,0.9600000000000364,4537.970996394253,-1.6990522520263767,4569.11,4510.02,10.600000000000364,8.287142857142824,7.585999999999967,10.600000000000364,7.585999999999967,True,0,0,1,0,0,1,2.0,0,50,TREND_DOWN,81,True,False,4530.02,,4530.02,4510.02,4539.75,4510.02,0,0,0,LH,0,0,0,0,NONE,2026-04-29,16,NEW_YORK,4610.25,4510.02,0,0,4510.02,4571.87,1,0,0,0,0,0,1.0,0.0,46,,,43,,,NO_TRADE,NO_TRADE,0.0,0.0,0.0,14.916857142857083,SHORT,4521.83,4536.746857142857,4491.9962857142855,0.0,False,False,NONE,no_trade,TREND_DOWN
2026-04-29 17:00:00,4521.82,4525.44,4517.95,4525.43,2679,4,0,2679,4521.83,3.600000000000364,4536.776615785277,-1.194380608976644,4567.72,4510.02,7.489999999999782,8.019999999999916,7.676499999999942,7.489999999999782,7.676499999999942,False,0,0,1,0,0,1,1.0,0,50,TREND_DOWN,73,False,False,,,4530.02,4510.02,4530.02,4510.02,0,0,0,NEUTRAL,0,0,0,0,NONE,2026-04-29,17,NEW_YORK,4610.25,4510.02,0,0,4510.02,4571.87,1,0,0,0,0,0,1.0,0.0,46,,,31,,,NO_TRADE,NO_TRADE,0.0,0.0,0.0,14.435999999999849,SHORT,4525.43,4539.866,4496.558000000001,0.0,False,False,NONE,no_trade,TREND_DOWN
2026-04-29 17:05:00,4525.43,4526.72,4517.86,4519.7,2689,4,0,2689,4525.43,-5.730000000000473,4535.150271424774,-1.626344360503026,4564.58,4510.02,8.860000000000582,8.172142857142783,7.8639999999999874,8.860000000000582,7.8639999999999874,False,0,0,0,0,0,0,2.0,0,50,RANGE,50,False,True,,4517.86,4530.02,4517.86,4530.02,4510.02,0,0,0,HL,0,0,0,0,NONE,2026-04-29,17,NEW_YORK,4610.25,4510.02,0,0,4510.02,4569.11,1,0,0,0,0,0,1.0,0.0,18,,,56,FLOW,exploratory,FLOW,FLOW,56.0,0.005,5.0,14.70985714285701,LONG,4519.7,4504.990142857143,4549.119714285714,0.33990812768891915,False,True,MEDIUM,buy,RANGE
2026-04-29 17:10:00,4519.72,4528.27,4519.3,4526.19,2783,4,0,2783,4519.7,6.489999999999782,4534.2969122414615,-0.8533591833120227,4559.91,4510.02,8.970000000000255,8.210714285714207,7.886999999999989,8.970000000000255,7.886999999999989,False,0,0,0,0,0,1,3.0,0,50,RANGE,50,False,False,,,4530.02,4517.86,4530.02,4517.86,0,0,0,NEUTRAL,0,0,0,0,NONE,2026-04-29,17,NEW_YORK,4610.25,4510.02,0,0,4510.02,4569.11,1,1,0,0,1,0,1.0,1.0,38,,,54,,,NO_TRADE,NO_TRADE,0.0,0.0,0.0,14.779285714285573,LONG,4526.19,4511.410714285714,4555.74857142857,0.0,False,False,NONE,no_trade,RANGE
2026-04-29 17:15:00,4526.18,4534.82,4524.34,4534.38,2733,4,0,2733,4526.19,8.19000000000051,4534.304825361322,0.007913119860859297,4559.91,4510.02,10.479999999999563,8.635714285714196,8.113499999999977,10.479999999999563,8.113499999999977,True,0,1,0,0,0,1,3.0,0,50,TREND_UP,81,False,False,,,4530.02,4517.86,4530.02,4517.86,1,0,1,NEUTRAL,0,0,0,1,BREAK_RETEST,2026-04-29,17,NEW_YORK,4610.25,4510.02,0,0,4510.02,4569.11,1,1,0,0,0,0,1.0,1.0,83,ALPHA,strict_alpha,43,,,ALPHA,ALPHA,83.0,0.01,10.0,18.998571428571232,LONG,4534.38,4515.381428571429,4572.377142857143,0.526355365065048,False,True,HIGH,buy,TREND_UP
2026-04-29 17:20:00,4534.38,4537.07,4532.33,4536.59,2436,4,0,2436,4534.38,2.2100000000000364,4534.522461041197,0.21763567987454735,4559.91,4510.02,4.739999999999782,8.589285714285584,8.073499999999967,4.739999999999782,8.073499999999967,False,0,1,0,0,0,1,3.0,0,50,TREND_UP,73,False,False,,,4530.02,4517.86,4530.02,4517.86,1,0,1,NEUTRAL,0,0,0,1,BREAK_RETEST,2026-04-29,17,NEW_YORK,4610.25,4510.02,0,0,4510.02,4569.11,1,1,0,0,0,0,1.0,1.0,83,ALPHA,strict_alpha,43,,,ALPHA,ALPHA,83.0,0.01,10.0,18.896428571428284,LONG,4536.59,4517.693571428572,4574.382857142857,0.5292005292005373,False,True,HIGH,buy,TREND_UP
2026-04-29 17:25:00,4536.58,4537.77,4531.8,4533.18,2572,4,0,2572,4536.59,-3.4099999999998545,4534.394607608701,-0.12785343249561265,4559.91,4510.02,5.970000000000255,8.41928571428564,8.126499999999988,5.970000000000255,8.126499999999988,False,0,0,0,0,0,0,4.0,1,50,CHOPPY,40,False,False,,,4530.02,4517.86,4530.02,4517.86,1,0,1,NEUTRAL,0,0,0,1,BREAK_RETEST,2026-04-29,17,NEW_YORK,4610.25,4510.02,0,0,4510.02,4569.11,1,1,0,0,0,0,1.0,1.0,45,,,40,,,NO_TRADE,NO_TRADE,0.0,0.0,0.0,15.154714285714153,LONG,4533.18,4518.025285714286,4563.489428571429,0.0,False,False,NONE,no_trade,CHOPPY
2026-04-29 17:30:00,4533.18,4542.16,4530.92,4539.61,2482,4,0,2482,4533.18,6.4299999999993815,4534.891311645968,0.49670403726668155,4555.92,4510.02,11.239999999999782,8.58928571428565,8.126999999999953,11.239999999999782,8.126999999999953,True,0,1,0,0,1,1,5.0,0,50,REVERSAL,82,False,True,,4530.92,4530.02,4530.92,4530.02,4517.86,1,0,1,HL,0,0,0,1,BREAK_RETEST,2026-04-29,17,NEW_YORK,4610.25,4510.02,0,0,4510.02,4569.11,1,1,0,0,1,0,1.0,1.0,73,,,83,FLOW,exploratory,FLOW,FLOW,83.0,0.005,5.0,15.46071428571417,LONG,4539.61,4524.149285714286,4570.531428571428,0.3234003234003258,False,True,HIGH,buy,REVERSAL
2026-04-29 17:35:00,4539.61,4542.75,4538.2,4540.91,1968,4,0,1968,4539.61,1.300000000000182,4535.464520060638,0.5732084146702618,4553.34,4510.02,4.550000000000182,8.560714285714246,8.017999999999939,4.550000000000182,8.017999999999939,False,0,1,0,0,0,1,4.0,1,50,TREND_UP,73,True,False,4542.75,,4542.75,4530.92,4530.02,4530.92,1,0,1,NEUTRAL,0,0,0,1,BREAK_RETEST,2026-04-29,17,NEW_YORK,4610.25,4510.02,0,0,4510.02,4569.11,1,1,0,0,0,0,1.0,1.0,73,,,45,,,NO_TRADE,NO_TRADE,0.0,0.0,0.0,15.409285714285643,LONG,4540.91,4525.500714285714,4571.728571428571,0.0,False,False,NONE,no_trade,TREND_UP
2026-04-29 17:40:00,4540.9,4540.9,4537.71,4538.85,1794,4,0,1794,4540.91,-2.0599999999994907,4535.78694672153,0.322426660891324,4553.34,4510.02,3.199999999999818,8.080714285714228,7.756499999999915,3.1899999999996,7.755999999999903,False,0,1,0,0,0,0,5.0,1,50,TREND_UP,73,False,False,,,4542.75,4530.92,4542.75,4530.92,0,0,0,NEUTRAL,0,0,0,0,NONE,2026-04-29,17,NEW_YORK,4610.25,4510.02,0,0,4510.02,4569.11,1,1,0,0,0,0,1.0,1.0,46,,,33,,,NO_TRADE,NO_TRADE,0.0,0.0,0.0,14.54528571428561,LONG,4538.85,4524.304714285715,4567.940571428571,0.0,False,False,NONE,no_trade,TREND_UP
2026-04-29 17:45:00,4538.85,4539.03,4532.79,4532.95,1874,4,0,1874,4538.85,-5.900000000000546,4535.516761319479,-0.2701854020506289,4551.69,4510.02,6.239999999999782,7.8114285714284835,7.841999999999916,6.239999999999782,7.841499999999906,False,0,0,1,0,0,0,5.0,1,50,TREND_DOWN,73,False,False,,,4542.75,4530.92,4542.75,4530.92,0,0,0,NEUTRAL,0,0,0,0,NONE,2026-04-29,17,NEW_YORK,4610.25,4510.02,0,0,4510.02,4567.72,1,1,0,0,0,0,1.0,1.0,46,,,33,,,NO_TRADE,NO_TRADE,0.0,0.0,0.0,14.06057142857127,SHORT,4532.95,4547.010571428571,4504.8288571428575,0.0,False,False,NONE,no_trade,TREND_DOWN
2026-04-29 17:50:00,4533.07,4539.6,4532.16,4539.15,2247,4,0,2247,4532.95,6.199999999999818,4535.862784050957,0.346022731478115,4551.69,4510.02,7.440000000000509,7.436428571428548,7.944499999999925,7.440000000000509,7.943999999999915,False,0,1,0,0,0,1,5.0,0,50,TREND_UP,73,False,True,,4532.16,4542.75,4532.16,4542.75,4530.92,0,0,0,HL,0,0,1,0,DOUBLE_BOTTOM,2026-04-29,17,NEW_YORK,4610.25,4510.02,0,0,4510.02,4564.58,1,1,0,0,1,0,1.0,1.0,76,ALPHA,strict_alpha,65,FLOW,exploratory,ALPHA,ALPHA,76.0,0.01,10.0,16.360142857142808,LONG,4539.15,4522.789857142857,4571.870285714285,0.6112416063429433,False,True,HIGH,buy,TREND_UP
2026-04-29 17:55:00,4539.15,4540.61,4536.32,4539.26,2386,4,0,2386,4539.15,0.11000000000058208,4536.186328427057,0.3235443760995622,4551.69,4510.02,4.289999999999964,7.23071428571432,7.7414999999999505,4.289999999999964,7.74099999999994,False,0,0,0,0,0,1,4.0,1,50,CHOPPY,40,False,False,,,4542.75,4532.16,4542.75,4532.16,0,0,0,NEUTRAL,0,0,0,0,NONE,2026-04-29,17,NEW_YORK,4610.25,4510.02,0,0,4510.02,4559.91,1,1,0,0,0,0,1.0,1.0,18,,,28,,,NO_TRADE,NO_TRADE,0.0,0.0,0.0,13.015285714285776,LONG,4539.26,4526.2447142857145,4565.290571428572,0.0,False,False,NONE,no_trade,CHOPPY
2026-04-29 18:00:00,4539.26,4546.05,4538.73,4542.98,2526,4,0,2526,4539.26,3.719999999999345,4536.833344767337,0.6470163402800608,4543.78,4510.02,7.3200000000006185,7.242142857142945,7.6644999999999985,7.3200000000006185,7.663999999999987,False,0,1,0,0,0,1,4.0,0,50,TREND_UP,73,False,False,,,4542.75,4532.16,4542.75,4532.16,1,0,1,NEUTRAL,0,0,0,1,BREAK_RETEST,2026-04-29,18,NEW_YORK,4610.25,4510.02,0,0,4510.02,4559.91,1,1,0,0,0,0,1.0,1.0,83,ALPHA,strict_alpha,43,,,ALPHA,ALPHA,83.0,0.01,10.0,15.93271428571448,LONG,4542.98,4527.047285714285,4574.845428571429,0.6276394480359292,False,True,HIGH,buy,TREND_UP
2026-04-29 18:05:00,4542.98,4546.93,4540.07,4540.08,1915,4,0,1915,4542.98,-2.899999999999636,4537.142550027591,0.3092052602542026,4546.05,4510.02,6.860000000000582,6.975000000000104,7.760000000000036,6.860000000000582,7.759500000000026,False,0,1,0,0,0,0,5.0,0,50,TREND_UP,73,True,False,4546.93,,4546.93,4532.16,4542.75,4532.16,0,0,0,NEUTRAL,0,0,0,0,NONE,2026-04-29,18,NEW_YORK,4610.25,4510.02,0,0,4510.02,4559.91,1,1,0,0,0,0,1.0,1.0,56,,,31,,,NO_TRADE,NO_TRADE,0.0,0.0,0.0,12.555000000000186,LONG,4540.08,4527.525,4565.1900000000005,0.0,False,False,NONE,no_trade,TREND_UP
2026-04-29 18:10:00,4540.08,4542.98,4536.47,4538.03,2042,4,0,2042,4540.08,-2.050000000000182,4537.227069072583,0.08451904499179363,4546.93,4510.02,6.509999999999309,6.90500000000007,7.589499999999998,6.509999999999309,7.588999999999987,False,0,1,0,0,0,0,4.0,0,50,TREND_UP,73,False,False,,,4546.93,4532.16,4546.93,4532.16,0,0,0,NEUTRAL,0,0,0,0,NONE,2026-04-29,18,NEW_YORK,4610.25,4510.02,0,0,4510.02,4559.91,1,1,0,0,0,0,1.0,1.0,56,,,31,,,NO_TRADE,NO_TRADE,0.0,0.0,0.0,12.429000000000126,LONG,4538.03,4525.601,4562.888,0.0,False,False,NONE,no_trade,TREND_UP
2026-04-29 18:15:00,4538.03,4543.49,4536.29,4541.71,1927,4,0,1927,4538.03,3.680000000000291,4537.654014875194,0.4269458026110442,4546.93,4510.02,7.199999999999818,6.786428571428587,7.4489999999999785,7.199999999999818,7.448499999999967,False,0,1,0,0,0,1,4.0,0,50,TREND_UP,73,False,True,,4536.29,4546.93,4536.29,4546.93,4532.16,0,0,0,HL,0,0,0,0,NONE,2026-04-29,18,NEW_YORK,4610.25,4510.02,0,0,4510.02,4555.92,1,1,0,0,1,0,1.0,1.0,66,,,53,,,NO_TRADE,NO_TRADE,0.0,0.0,0.0,12.215571428571456,LONG,4541.71,4529.494428571428,4566.141142857143,0.0,False,False,NONE,no_trade,TREND_UP
2026-04-29 18:20:00,4541.71,4544.66,4540.58,4544.04,1767,4,0,1767,4541.71,2.3299999999999272,4538.262203934699,0.6081890595050936,4546.93,4510.02,4.079999999999927,6.43714285714285,7.018499999999994,4.079999999999927,7.017999999999984,False,0,1,0,0,0,1,4.0,1,50,TREND_UP,73,False,False,,,4546.93,4536.29,4546.93,4536.29,0,0,0,NEUTRAL,0,0,0,0,NONE,2026-04-29,18,NEW_YORK,4610.25,4510.02,0,0,4510.02,4553.34,1,1,0,0,0,0,1.0,1.0,46,,,33,,,NO_TRADE,NO_TRADE,0.0,0.0,0.0,11.586857142857129,LONG,4544.04,4532.453142857143,4567.213714285715,0.0,False,False,NONE,no_trade,TREND_UP
2026-04-29 18:25:00,4544.04,4546.4,4541.47,4543.53,2062,4,0,2062,4544.04,-0.5100000000002183,4538.763898798061,0.5016948633619904,4546.93,4510.02,4.9299999999993815,6.040714285714265,6.906500000000006,4.9299999999993815,6.905999999999994,False,0,1,0,0,0,0,4.0,1,50,TREND_UP,73,True,False,4546.4,,4546.4,4536.29,4546.93,4536.29,0,0,0,LH,0,1,0,0,DOUBLE_TOP,2026-04-29,18,NEW_YORK,4610.25,4510.02,0,0,4510.02,4553.34,1,1,0,0,0,0,1.0,1.0,56,,,57,FLOW,exploratory,FLOW,FLOW,57.0,0.005,5.0,10.873285714285677,LONG,4543.53,4532.656714285714,4565.2765714285715,0.4598426024463642,False,True,MEDIUM,buy,TREND_UP
2026-04-29 18:30:00,4543.53,4544.87,4540.47,4543.9,2048,4,0,2048,4543.53,0.36999999999989086,4539.253051293484,0.48915249542278616,4546.93,4514.29,4.399999999999636,6.01642857142854,6.768499999999994,4.399999999999636,6.767999999999984,False,0,1,0,0,0,1,5.0,1,50,TREND_UP,73,False,True,,4540.47,4546.4,4540.47,4546.4,4536.29,0,0,0,HL,0,0,0,0,NONE,2026-04-29,18,NEW_YORK,4610.25,4510.02,0,0,4510.02,4551.69,1,1,0,0,1,0,1.0,1.0,56,,,55,FLOW,exploratory,FLOW,FLOW,55.0,0.005,5.0,10.829571428571374,LONG,4543.9,4533.070428571428,4565.559142857142,0.4616987877108998,False,True,MEDIUM,buy,TREND_UP
2026-04-29 18:35:00,4543.9,4552.81,4543.9,4551.13,2274,4,0,2274,4543.9,7.230000000000473,4540.384189265533,1.131137972049146,4546.93,4517.86,8.910000000000764,6.226428571428577,6.684000000000014,8.910000000000764,6.683500000000004,True,0,1,0,1,0,1,4.0,0,50,BREAKOUT,81,False,False,,,4546.4,4540.47,4546.4,4540.47,1,0,1,NEUTRAL,0,0,0,1,BREAK_RETEST,2026-04-29,18,NEW_YORK,4610.25,4510.02,0,0,4510.02,4552.81,1,1,1,0,0,0,1.0,1.8,63,,,69,FLOW,exploratory,FLOW,FLOW,69.0,0.005,5.0,11.207571428571438,LONG,4551.13,4539.922428571429,4573.545142857143,0.4461269804851309,False,True,MEDIUM,buy,BREAKOUT
2026-04-29 18:40:00,4551.13,4556.28,4550.25,4553.11,2551,4,0,2551,4551.13,1.9799999999995634,4541.596171240244,1.211981974711307,4552.81,4517.86,6.029999999999745,5.854285714285717,6.611000000000013,6.029999999999745,6.610500000000002,False,0,1,0,1,0,1,4.0,0,50,BREAKOUT,73,False,False,,,4546.4,4540.47,4546.4,4540.47,1,0,1,NEUTRAL,0,0,0,1,BREAK_RETEST,2026-04-29,18,NEW_YORK,4610.25,4510.02,0,0,4510.02,4556.28,1,1,1,0,0,0,1.0,1.8,63,,,69,FLOW,exploratory,FLOW,FLOW,69.0,0.005,5.0,10.53771428571429,LONG,4553.11,4542.5722857142855,4574.185428571428,0.4744861992299765,False,True,MEDIUM,buy,BREAKOUT
2026-04-29 18:45:00,4553.11,4558.95,4553.01,4554.21,2171,4,0,2171,4553.11,1.1000000000003638,4542.797488264983,1.2013170247391827,4556.28,4517.86,5.9399999999996,5.953571428571389,6.464999999999963,5.9399999999996,6.464499999999953,False,0,1,0,0,0,1,4.0,0,50,TREND_UP,73,True,False,4558.95,,4558.95,4540.47,4546.4,4540.47,1,0,1,NEUTRAL,0,0,0,1,BREAK_RETEST,2026-04-29,18,NEW_YORK,4610.25,4510.02,0,0,4510.02,4558.95,1,1,1,0,0,0,1.0,1.8,83,ALPHA,strict_alpha,51,,,ALPHA,ALPHA,83.0,0.01,10.0,13.097857142857057,LONG,4554.21,4541.112142857143,4580.405714285715,0.7634836669029881,False,True,HIGH,buy,TREND_UP
2026-04-29 18:50:00,4554.21,4556.81,4542.08,4546.8,2907,4,0,2907,4554.21,-7.4099999999998545,4543.178679858794,0.38119159381039935,4558.95,4519.3,14.730000000000473,6.777142857142865,6.752999999999974,14.730000000000473,6.752499999999964,True,0,1,0,0,1,0,4.0,0,50,REVERSAL,82,False,True,,4542.08,4558.95,4542.08,4558.95,4540.47,0,0,0,HL,0,0,0,0,NONE,2026-04-29,18,NEW_YORK,4610.25,4510.02,0,0,4510.02,4558.95,1,1,0,0,0,0,1.0,1.0,36,,,61,FLOW,exploratory,FLOW,FLOW,61.0,0.005,5.0,12.198857142857157,LONG,4546.8,4534.601142857143,4571.197714285715,0.4098744613078504,False,True,MEDIUM,buy,REVERSAL
2026-04-29 18:55:00,4546.8,4548.39,4543.34,4547.65,3463,4,0,3463,4546.8,0.8499999999994543,4543.604519872242,0.42584001344857825,4558.95,4524.34,5.050000000000182,6.692142857142893,6.481500000000006,5.050000000000182,6.4809999999999945,False,0,1,0,0,0,1,5.0,1,50,TREND_UP,73,False,False,,,4558.95,4542.08,4558.95,4542.08,0,0,0,NEUTRAL,0,0,0,0,NONE,2026-04-29,18,NEW_YORK,4610.25,4510.02,0,0,4510.02,4558.95,1,1,0,0,1,0,1.0,1.0,56,,,43,,,NO_TRADE,NO_TRADE,0.0,0.0,0.0,12.045857142857209,LONG,4547.65,4535.6041428571425,4571.741714285714,0.0,False,False,NONE,no_trade,TREND_UP
2026-04-29 19:00:00,4547.58,4564.29,4546.89,4561.99,3090,4,0,3090,4547.65,14.340000000000146,4545.355517979648,1.750998107405394,4558.95,4530.92,17.399999999999636,7.403571428571403,7.114499999999998,17.399999999999636,7.1139999999999874,True,0,1,0,1,0,1,4.0,0,50,BREAKOUT,81,False,False,,,4558.95,4542.08,4558.95,4542.08,1,0,1,NEUTRAL,0,0,0,1,BREAK_RETEST,2026-04-29,19,NEW_YORK,4610.25,4510.02,0,0,4510.02,4564.29,0,1,1,0,0,0,0.0,1.8,53,,,69,FLOW,exploratory,FLOW,FLOW,69.0,0.005,5.0,13.326428571428526,LONG,4561.99,4548.663571428571,4588.642857142857,0.37519429704668616,False,True,MEDIUM,buy,BREAKOUT
2026-04-29 19:05:00,4562.02,4564.85,4559.42,4561.15,2638,4,0,2638,4561.99,-0.8400000000001455,4546.859754362538,1.5042363828906673,4564.29,4530.92,5.430000000000291,7.484999999999998,7.0875,5.430000000000291,7.086999999999989,False,0,1,0,0,0,0,5.0,1,50,TREND_UP,73,True,False,4564.85,,4564.85,4542.08,4558.95,4542.08,1,0,1,NEUTRAL,0,0,0,1,BREAK_RETEST,2026-04-29,19,NEW_YORK,4610.25,4510.02,0,0,4510.02,4564.85,0,1,1,0,0,0,0.0,1.8,63,,,53,,,NO_TRADE,NO_TRADE,0.0,0.0,0.0,13.472999999999995,LONG,4561.15,4547.677,4588.096,0.0,False,False,NONE,no_trade,TREND_UP
2026-04-29 19:10:00,4561.15,4563.75,4557.36,4559.13,2110,4,0,2110,4561.15,-2.019999999999527,4548.028349185154,1.168594822615887,4564.85,4530.92,6.390000000000327,7.418571428571405,6.845000000000027,6.390000000000327,6.844500000000016,False,0,1,0,0,0,0,4.0,0,50,TREND_UP,73,False,True,,4557.36,4564.85,4557.36,4564.85,4542.08,0,0,0,HL,0,0,0,0,NONE,2026-04-29,19,NEW_YORK,4610.25,4510.02,0,0,4510.02,4564.85,0,1,0,0,0,0,0.0,1.0,46,,,43,,,NO_TRADE,NO_TRADE,0.0,0.0,0.0,13.353428571428529,LONG,4559.13,4545.7765714285715,4585.836857142857,0.0,False,False,NONE,no_trade,TREND_UP
2026-04-29 19:15:00,4559.13,4560.54,4557.65,4560.3,2367,4,0,2367,4559.13,1.1700000000000728,4549.197077834187,1.1687286490332554,4564.85,4532.16,2.8900000000003274,7.134999999999958,6.762000000000034,2.8900000000003274,6.761500000000024,False,0,1,0,0,0,1,4.0,1,50,TREND_UP,73,False,False,,,4564.85,4557.36,4564.85,4557.36,0,0,0,NEUTRAL,0,0,0,0,NONE,2026-04-29,19,NEW_YORK,4610.25,4510.02,0,0,4514.29,4564.85,0,1,0,0,1,0,0.0,1.0,46,,,43,,,NO_TRADE,NO_TRADE,0.0,0.0,0.0,12.842999999999925,LONG,4560.3,4547.457,4585.986,0.0,False,False,NONE,no_trade,TREND_UP
2026-04-29 19:20:00,4560.3,4562.85,4557.07,4562.05,1999,4,0,1999,4560.3,1.75,4550.4211656595035,1.224087825316019,4564.85,4532.16,5.780000000000655,7.082857142857198,6.891000000000076,5.780000000000655,6.891000000000076,False,0,1,0,0,0,1,4.0,0,50,TREND_UP,73,False,True,,4557.07,4564.85,4557.07,4564.85,4557.36,0,0,0,NEUTRAL,0,0,1,0,DOUBLE_BOTTOM,2026-04-29,19,NEW_YORK,4610.25,4510.02,0,0,4517.86,4564.85,1,1,0,0,0,0,1.0,1.0,66,,,43,,,NO_TRADE,NO_TRADE,0.0,0.0,0.0,12.749142857142957,LONG,4562.05,4549.300857142857,4587.548285714286,0.0,False,False,NONE,no_trade,TREND_UP
2026-04-29 19:25:00,4562.1,4564.13,4560.15,4560.15,2397,4,0,2397,4562.05,-1.9000000000005457,4551.34772131098,0.9265556514765194,4564.85,4532.16,3.980000000000473,6.8528571428572445,6.778000000000111,3.980000000000473,6.778000000000111,False,0,0,0,0,0,0,5.0,1,50,CHOPPY,40,True,False,4564.13,,4564.13,4557.07,4564.85,4557.07,0,0,0,LH,0,1,0,0,DOUBLE_TOP,2026-04-29,19,NEW_YORK,4610.25,4510.02,0,0,4517.86,4564.85,1,1,0,0,0,0,1.0,1.0,28,,,52,,,NO_TRADE,NO_TRADE,0.0,0.0,0.0,12.33514285714304,LONG,4560.15,4547.814857142856,4584.820285714286,0.0,False,False,NONE,no_trade,CHOPPY
2026-04-29 19:30:00,4560.15,4560.15,4549.67,4550.59,2788,4,0,2788,4560.15,-9.55999999999949,4551.275557376601,-0.07216393437920487,4564.85,4532.16,10.479999999999563,7.310000000000075,6.930000000000064,10.479999999999563,6.930000000000064,True,0,0,1,0,0,0,5.0,0,50,TREND_DOWN,81,False,False,,,4564.13,4557.07,4564.13,4557.07,0,1,1,NEUTRAL,0,0,0,1,BREAK_RETEST,2026-04-29,19,NEW_YORK,4610.25,4510.02,0,0,4517.86,4564.85,1,1,0,0,0,0,1.0,1.0,83,ALPHA,strict_alpha,43,,,ALPHA,ALPHA,83.0,0.01,10.0,16.082000000000168,SHORT,4550.59,4566.6720000000005,4518.4259999999995,0.6218132073125169,False,True,HIGH,sell,TREND_DOWN
2026-04-29 19:35:00,4550.59,4552.67,4545.66,4550.25,2759,4,0,2759,4550.59,-0.3400000000001455,4551.177885245496,-0.09767213110444573,4564.85,4536.29,7.010000000000218,7.458571428571564,7.066000000000076,7.010000000000218,7.066000000000076,False,0,0,1,0,0,0,4.0,0,50,TREND_DOWN,73,False,True,,4545.66,4564.13,4545.66,4564.13,4557.07,0,1,1,NEUTRAL,0,0,0,1,BREAK_RETEST,2026-04-29,19,NEW_YORK,4610.25,4510.02,0,0,4519.3,4564.85,1,1,0,0,0,0,1.0,1.0,83,ALPHA,strict_alpha,43,,,ALPHA,ALPHA,83.0,0.01,10.0,16.408857142857443,SHORT,4550.25,4566.658857142857,4517.432285714285,0.6094269645313395,False,True,HIGH,sell,TREND_DOWN
2026-04-29 19:40:00,4550.22,4551.98,4548.81,4550.52,1778,4,0,1778,4550.25,0.27000000000043656,4551.115229507831,-0.0626557376654091,4564.85,4536.29,3.1699999999991633,7.370714285714387,6.858500000000004,3.1699999999991633,6.858500000000004,False,0,0,1,0,0,1,4.0,1,50,TREND_DOWN,73,False,False,,,4564.13,4545.66,4564.13,4545.66,0,0,0,NEUTRAL,0,0,0,0,NONE,2026-04-29,19,NEW_YORK,4610.25,4510.02,0,0,4524.34,4564.85,1,1,0,0,1,0,1.0,1.0,56,,,43,,,NO_TRADE,NO_TRADE,0.0,0.0,0.0,13.267285714285897,SHORT,4550.52,4563.787285714287,4523.985428571428,0.0,False,False,NONE,no_trade,TREND_DOWN
2026-04-29 19:45:00,4550.52,4551.56,4546.12,4546.42,2043,4,0,2043,4550.52,-4.100000000000364,4550.668064792799,-0.4471647150321587,4564.85,4536.29,5.440000000000509,7.122857142857226,6.7875,5.440000000000509,6.7875,False,0,0,1,0,0,0,5.0,0,50,TREND_DOWN,73,False,False,,,4564.13,4545.66,4564.13,4545.66,0,0,0,NEUTRAL,0,0,0,0,NONE,2026-04-29,19,NEW_YORK,4610.25,4510.02,0,0,4530.92,4564.85,1,1,0,0,0,0,1.0,1.0,56,,,31,,,NO_TRADE,NO_TRADE,0.0,0.0,0.0,12.821142857143007,SHORT,4546.42,4559.241142857143,4520.777714285714,0.0,False,False,NONE,no_trade,TREND_DOWN
2026-04-29 19:50:00,4546.42,4548.59,4544.06,4544.55,2239,4,0,2239,4546.42,-1.8699999999998909,4550.085391955389,-0.5826728374095183,4564.85,4536.29,4.529999999999745,7.015714285714369,6.688500000000022,4.529999999999745,6.688500000000022,False,0,0,1,0,0,0,4.0,1,50,TREND_DOWN,73,False,False,,,4564.13,4545.66,4564.13,4545.66,0,1,1,NEUTRAL,0,0,0,1,BREAK_RETEST,2026-04-29,19,NEW_YORK,4610.25,4510.02,0,0,4530.92,4564.85,1,1,0,0,0,0,1.0,1.0,73,,,45,,,NO_TRADE,NO_TRADE,0.0,0.0,0.0,12.628285714285864,SHORT,4544.55,4557.178285714286,4519.293428571428,0.0,False,False,NONE,no_trade,TREND_DOWN
2026-04-29 19:55:00,4544.5,4546.04,4543.28,4545.46,2109,4,0,2109,4544.55,0.9099999999998545,4549.644878435829,-0.440513519560227,4564.85,4536.29,2.7600000000002183,6.788571428571556,6.466500000000042,2.7600000000002183,6.466500000000042,False,0,0,1,0,0,1,5.0,1,50,TREND_DOWN,73,False,False,,,4564.13,4545.66,4564.13,4545.66,0,1,1,NEUTRAL,0,0,0,1,BREAK_RETEST,2026-04-29,19,NEW_YORK,4610.25,4510.02,0,0,4530.92,4564.85,1,1,0,0,1,0,1.0,1.0,83,ALPHA,strict_alpha,55,FLOW,exploratory,ALPHA,ALPHA,83.0,0.01,10.0,14.934857142857425,SHORT,4545.46,4560.394857142857,4515.5902857142855,0.6695745332108842,False,True,HIGH,sell,TREND_DOWN
2026-04-29 20:00:00,4545.46,4546.66,4542.8,4545.03,2100,4,0,2100,4545.46,-0.43000000000029104,4549.205366203845,-0.4395122319838265,4564.85,4540.47,3.8599999999996726,6.012142857142927,6.455500000000029,3.8599999999996726,6.455500000000029,False,0,0,1,0,0,0,5.0,1,50,TREND_DOWN,73,False,True,,4542.8,4564.13,4542.8,4564.13,4545.66,0,1,1,NEUTRAL,0,0,0,1,BREAK_RETEST,2026-04-29,20,NEW_YORK,4610.25,4510.02,0,0,4532.16,4564.85,1,1,0,0,0,0,1.0,1.0,73,,,45,,,NO_TRADE,NO_TRADE,0.0,0.0,0.0,10.821857142857269,SHORT,4545.03,4555.851857142857,4523.386285714285,0.0,False,False,NONE,no_trade,TREND_DOWN
2026-04-29 20:05:00,4545.09,4550.95,4543.62,4550.74,1423,4,0,1423,4545.03,5.710000000000036,4549.351521803479,0.1461555996338575,4564.85,4540.47,7.329999999999927,6.175000000000052,6.575500000000057,7.329999999999927,6.575500000000057,False,0,1,0,0,0,1,6.0,0,50,TREND_UP,73,False,False,,,4564.13,4542.8,4564.13,4542.8,0,0,0,NEUTRAL,0,0,0,0,NONE,2026-04-29,20,NEW_YORK,4610.25,4510.02,0,0,4532.16,4564.85,1,1,0,0,1,0,1.0,1.0,66,,,41,,,NO_TRADE,NO_TRADE,0.0,0.0,0.0,11.115000000000094,LONG,4550.74,4539.625,4572.97,0.0,False,False,NONE,no_trade,TREND_UP
2026-04-29 20:10:00,4550.74,4552.25,4550.04,4550.65,1623,4,0,1623,4550.74,-0.09000000000014552,4549.4751863936235,0.12366459014447173,4564.85,4540.47,2.2100000000000364,5.090000000000081,6.466000000000077,2.2100000000000364,6.466000000000077,False,0,1,0,0,0,0,6.0,1,50,TREND_UP,73,True,False,4552.25,,4552.25,4542.8,4564.13,4542.8,0,0,0,LH,0,0,0,0,NONE,2026-04-29,20,NEW_YORK,4610.25,4510.02,0,0,4532.16,4564.85,1,1,0,0,0,0,1.0,1.0,46,,,45,,,NO_TRADE,NO_TRADE,0.0,0.0,0.0,9.162000000000145,LONG,4550.65,4541.487999999999,4568.974,0.0,False,False,NONE,no_trade,TREND_UP
2026-04-29 20:15:00,4550.65,4550.67,4547.77,4549.61,1697,4,0,1697,4550.65,-1.0399999999999636,4549.488025784707,0.012839391083616647,4564.85,4542.08,2.899999999999636,4.9092857142857484,6.16550000000002,2.899999999999636,6.16550000000002,False,0,1,0,0,0,0,6.0,1,50,TREND_UP,73,False,True,,4547.77,4552.25,4547.77,4552.25,4542.8,0,0,0,HL,0,0,0,0,NONE,2026-04-29,20,NEW_YORK,4610.25,4510.02,0,0,4532.16,4564.85,1,1,0,0,0,0,1.0,1.0,46,,,45,,,NO_TRADE,NO_TRADE,0.0,0.0,0.0,8.836714285714347,LONG,4549.61,4540.7732857142855,4567.283428571428,0.0,False,False,NONE,no_trade,TREND_UP
2026-04-29 20:20:00,4549.57,4554.54,4549.48,4553.24,2682,4,0,2682,4549.61,3.630000000000109,4549.845356662354,0.35733087764674565,4564.85,4542.08,5.0600000000004,4.814285714285753,6.117000000000052,5.0600000000004,6.117000000000052,False,0,1,0,0,0,1,7.0,0,50,TREND_UP,73,True,False,4554.54,,4554.54,4547.77,4552.25,4547.77,1,0,1,NEUTRAL,0,0,0,1,BREAK_RETEST,2026-04-29,20,NEW_YORK,4610.25,4510.02,0,0,4536.29,4564.85,1,1,0,0,1,0,1.0,1.0,93,ALPHA,strict_alpha,53,,,ALPHA,ALPHA,93.0,0.01,10.0,10.591428571428658,LONG,4553.24,4542.648571428571,4574.4228571428575,0.944159697868889,False,True,ELITE,buy,TREND_UP
2026-04-29 20:25:00,4553.24,4553.73,4546.06,4547.23,2536,4,0,2536,4553.24,-6.010000000000218,4549.596275075463,-0.24908158689049742,4564.85,4542.08,7.669999999999163,5.155714285714241,6.203500000000031,7.669999999999163,6.203500000000031,False,0,0,0,0,0,0,7.0,0,50,RANGE,50,False,False,,,4554.54,4547.77,4554.54,4547.77,0,1,1,NEUTRAL,0,0,0,1,BREAK_RETEST,2026-04-29,20,NEW_YORK,4610.25,4510.02,0,0,4536.29,4564.85,1,1,0,0,0,0,1.0,1.0,55,,,56,FLOW,exploratory,FLOW,FLOW,56.0,0.005,5.0,9.280285714285634,LONG,4547.23,4537.9497142857135,4565.790571428571,0.5387765155013746,False,True,MEDIUM,buy,RANGE
2026-04-29 20:30:00,4547.23,4548.62,4543.92,4544.39,2032,4,0,2032,4547.23,-2.839999999999236,4549.1004393539915,-0.49583572147184896,4564.85,4542.08,4.699999999999818,5.078571428571324,5.701999999999998,4.699999999999818,5.701999999999998,False,0,0,1,0,0,0,6.0,0,50,TREND_DOWN,73,False,False,,,4554.54,4547.77,4554.54,4547.77,0,1,1,NEUTRAL,0,0,0,1,BREAK_RETEST,2026-04-29,20,NEW_YORK,4610.25,4510.02,0,0,4536.29,4564.85,1,1,0,0,0,0,1.0,1.0,83,ALPHA,strict_alpha,43,,,ALPHA,ALPHA,83.0,0.01,10.0,11.172857142856914,SHORT,4544.39,4555.562857142857,4522.044285714286,0.895026211481926,False,True,HIGH,sell,TREND_DOWN
2026-04-29 20:35:00,4544.39,4546.63,4542.77,4545.28,1425,4,0,1425,4544.39,0.8899999999994179,4548.736587986945,-0.36385136704666365,4564.85,4542.8,3.8599999999996726,5.069999999999839,5.6424999999999725,3.8599999999996726,5.6424999999999725,False,0,0,1,0,0,1,7.0,1,50,TREND_DOWN,73,False,True,,4542.77,4554.54,4542.77,4554.54,4547.77,0,1,1,NEUTRAL,0,0,0,1,BREAK_RETEST,2026-04-29,20,NEW_YORK,4610.25,4510.02,0,0,4536.29,4564.85,1,1,0,0,1,0,1.0,1.0,83,ALPHA,strict_alpha,55,FLOW,exploratory,ALPHA,ALPHA,83.0,0.01,10.0,11.153999999999646,SHORT,4545.28,4556.433999999999,4522.972000000001,0.896539358077848,False,True,HIGH,sell,TREND_DOWN
2026-04-29 20:40:00,4545.28,4545.48,4543.04,4544.76,1146,4,0,1146,4545.28,-0.5199999999995271,4548.357865321522,-0.3787226654230835,4564.85,4542.77,2.4399999999996,4.4957142857141275,4.8944999999999705,2.4399999999996,4.8944999999999705,False,0,0,1,0,0,0,7.0,1,50,TREND_DOWN,73,False,False,,,4554.54,4542.77,4554.54,4542.77,0,0,0,NEUTRAL,0,0,0,0,NONE,2026-04-29,20,NEW_YORK,4610.25,4510.02,0,0,4536.29,4564.85,1,1,0,0,0,0,1.0,1.0,46,,,33,,,NO_TRADE,NO_TRADE,0.0,0.0,0.0,8.09228571428543,SHORT,4544.76,4552.852285714285,4528.575428571429,0.0,False,False,NONE,no_trade,TREND_DOWN
2026-04-29 20:45:00,4544.76,4546.2,4541.63,4543.4,1571,4,0,1571,4544.76,-1.360000000000582,4547.885687671853,-0.47217764966899267,4564.85,4542.77,4.569999999999709,4.321428571428377,4.851499999999942,4.569999999999709,4.851499999999942,False,0,0,1,0,0,0,6.0,0,50,TREND_DOWN,73,False,True,,4541.63,4554.54,4541.63,4554.54,4542.77,0,0,0,NEUTRAL,0,0,0,0,NONE,2026-04-29,20,NEW_YORK,4610.25,4510.02,0,0,4540.47,4564.85,1,1,0,0,0,0,1.0,1.0,56,,,31,,,NO_TRADE,NO_TRADE,0.0,0.0,0.0,8.0,SHORT,4543.4,4551.4,4527.4,0.0,False,False,NONE,no_trade,TREND_DOWN
2026-04-29 20:50:00,4543.4,4547.73,4542.96,4543.77,1600,4,0,1600,4543.4,0.37000000000080036,4547.49371741739,-0.3919702544626489,4564.13,4541.63,4.769999999999527,4.435714285714117,4.770499999999902,4.769999999999527,4.770499999999902,False,0,0,1,0,0,1,6.0,0,50,TREND_DOWN,73,True,False,4547.73,,4547.73,4541.63,4554.54,4541.63,0,0,0,LH,0,0,0,0,NONE,2026-04-29,20,NEW_YORK,4610.25,4510.02,0,0,4540.47,4564.85,1,1,0,0,1,0,1.0,1.0,66,,,53,,,NO_TRADE,NO_TRADE,0.0,0.0,0.0,8.0,SHORT,4543.77,4551.77,4527.77,0.0,False,False,NONE,no_trade,TREND_DOWN
2026-04-29 20:55:00,4543.77,4547.3,4542.62,4547.3,1153,4,0,1153,4543.77,3.5299999999997453,4547.475268139543,-0.018449277847139456,4564.13,4541.63,4.680000000000291,4.381428571428387,4.8599999999999,4.680000000000291,4.8599999999999,False,0,0,0,0,0,1,5.0,0,50,RANGE,50,False,False,,,4547.73,4541.63,4547.73,4541.63,0,0,0,NEUTRAL,0,0,0,0,NONE,2026-04-29,20,NEW_YORK,4610.25,4510.02,0,0,4540.47,4564.85,1,1,0,0,0,0,1.0,1.0,28,,,44,,,NO_TRADE,NO_TRADE,0.0,0.0,0.0,8.0,LONG,4547.3,4539.3,4563.3,0.0,False,False,NONE,no_trade,RANGE
2026-04-29 21:00:00,4547.3,4552.8,4538.36,4541.1,3521,4,0,3521,4547.3,-6.199999999999818,4546.868099745301,-0.6071683942418531,4564.13,4541.63,14.44000000000051,5.089285714285585,5.292999999999893,14.44000000000051,5.292999999999893,True,0,0,1,1,1,0,6.0,0,50,BREAKOUT,85,True,False,4552.8,,4552.8,4541.63,4547.73,4541.63,0,1,1,NEUTRAL,0,0,0,1,BREAK_RETEST,2026-04-29,21,NEW_YORK,4610.25,4510.02,0,0,4538.36,4564.85,1,1,0,1,0,0,1.8,1.0,63,,,69,FLOW,exploratory,FLOW,FLOW,69.0,0.005,5.0,9.160714285714052,LONG,4541.1,4531.939285714287,4559.421428571429,0.5458089668616124,False,True,MEDIUM,buy,BREAKOUT
2026-04-29 21:05:00,4541.22,4542.09,4531.69,4533.26,3633,4,0,3633,4541.1,-7.8400000000001455,4545.572090245749,-1.2960094995523832,4564.13,4538.36,10.400000000000546,5.634999999999893,5.613999999999896,10.400000000000546,5.613999999999896,True,0,0,1,1,0,0,5.0,0,50,BREAKOUT,81,False,False,,,4552.8,4541.63,4552.8,4541.63,0,1,1,NEUTRAL,0,0,0,1,BREAK_RETEST,2026-04-29,21,NEW_YORK,4610.25,4510.02,0,0,4531.69,4564.85,1,1,0,1,0,0,1.8,1.0,63,,,69,FLOW,exploratory,FLOW,FLOW,69.0,0.005,5.0,10.142999999999809,LONG,4533.26,4523.117,4553.546,0.492950803509819,False,True,MEDIUM,buy,BREAKOUT
2026-04-29 21:10:00,4533.26,4535.35,4525.3,4525.62,2655,4,0,2655,4533.26,-7.640000000000327,4543.671891174726,-1.900199071023053,4560.15,4531.69,10.050000000000182,6.077142857142787,5.592499999999927,10.050000000000182,5.592499999999927,True,0,0,1,1,0,0,4.0,0,50,BREAKOUT,81,False,False,,,4552.8,4541.63,4552.8,4541.63,0,1,1,NEUTRAL,0,0,0,1,BREAK_RETEST,2026-04-29,21,NEW_YORK,4610.25,4510.02,0,0,4525.3,4564.85,1,1,0,1,0,0,1.8,1.0,63,,,69,FLOW,exploratory,FLOW,FLOW,69.0,0.005,5.0,10.938857142857017,LONG,4525.62,4514.681142857143,4547.497714285714,0.4570861411482056,False,True,MEDIUM,buy,BREAKOUT
2026-04-29 21:15:00,4525.62,4539.81,4525.11,4531.72,3067,4,0,3067,4525.62,6.100000000000364,4542.533615824752,-1.13827534997381,4554.54,4525.3,14.700000000000728,6.603571428571415,5.976999999999952,14.700000000000728,5.976999999999952,True,0,0,1,0,1,1,5.0,0,50,REVERSAL,82,True,True,4539.81,4525.11,4539.81,4525.11,4552.8,4541.63,0,1,1,LL,0,0,0,1,BREAK_RETEST,2026-04-29,21,NEW_YORK,4610.25,4510.02,0,0,4525.11,4564.85,1,1,0,1,1,0,1.8,1.0,88,ALPHA,strict_alpha,79,FLOW,exploratory,ALPHA,ALPHA,88.0,0.01,10.0,14.527857142857115,LONG,4531.72,4517.192142857143,4560.7757142857145,0.6883327597227016,False,True,ELITE,buy,REVERSAL
2026-04-29 21:20:00,4531.69,4537.57,4531.68,4535.18,2350,4,0,2350,4531.72,3.4600000000000364,4541.833271460489,-0.7003443642624916,4554.54,4525.11,5.889999999999418,6.866428571428514,6.112999999999966,5.889999999999418,6.112999999999966,False,0,0,1,0,0,1,4.0,0,50,TREND_DOWN,73,False,False,,,4539.81,4525.11,4539.81,4525.11,0,0,0,NEUTRAL,0,0,0,0,NONE,2026-04-29,21,NEW_YORK,4610.25,4510.02,0,0,4525.11,4564.85,1,1,0,0,0,0,1.0,1.0,56,,,31,,,NO_TRADE,NO_TRADE,0.0,0.0,0.0,12.359571428571327,SHORT,4535.18,4547.539571428571,4510.460857142858,0.0,False,False,NONE,no_trade,TREND_DOWN
2026-04-29 21:25:00,4535.18,4535.41,4529.69,4532.92,2097,4,0,2097,4535.18,-2.2600000000002183,4540.984388464252,-0.8488829962370801,4554.54,4525.11,5.720000000000255,7.06785714285713,6.126999999999953,5.720000000000255,6.126999999999953,False,0,0,1,0,0,0,4.0,0,50,TREND_DOWN,73,False,False,,,4539.81,4525.11,4539.81,4525.11,0,0,0,NEUTRAL,0,0,0,0,NONE,2026-04-29,21,NEW_YORK,4610.25,4510.02,0,0,4525.11,4564.85,1,1,0,0,0,0,1.0,1.0,56,,,31,,,NO_TRADE,NO_TRADE,0.0,0.0,0.0,12.722142857142833,SHORT,4532.92,4545.642142857143,4507.475714285714,0.0,False,False,NONE,no_trade,TREND_DOWN
2026-04-29 21:30:00,4532.92,4534.07,4520.59,4521.64,2926,4,0,2926,4532.92,-11.279999999999745,4539.142065753371,-1.84232271088149,4554.54,4525.11,13.479999999999563,7.669285714285642,6.574499999999944,13.479999999999563,6.574499999999944,True,0,0,1,1,0,0,4.0,0,50,BREAKOUT,81,False,True,,4520.59,4539.81,4520.59,4539.81,4525.11,0,1,1,NEUTRAL,0,0,0,1,BREAK_RETEST,2026-04-29,21,NEW_YORK,4610.25,4510.02,0,0,4520.59,4564.85,1,1,0,1,0,0,1.8,1.0,63,,,69,FLOW,exploratory,FLOW,FLOW,69.0,0.005,5.0,13.804714285714155,LONG,4521.64,4507.835285714286,4549.249428571428,0.36219510933118426,False,True,MEDIUM,buy,BREAKOUT
2026-04-29 21:35:00,4521.61,4540.82,4521.18,4528.9,3796,4,0,3796,4521.64,7.259999999999309,4538.166630919716,-0.9754348336546173,4554.54,4520.59,19.639999999999418,8.524285714285659,7.418499999999904,19.639999999999418,7.418499999999904,True,0,0,0,0,1,1,4.0,0,50,REVERSAL,77,True,False,4540.82,,4540.82,4520.59,4539.81,4520.59,0,0,0,NEUTRAL,0,0,0,0,NONE,2026-04-29,21,NEW_YORK,4610.25,4510.02,0,0,4520.59,4564.13,1,1,0,0,1,0,1.0,1.0,46,,,59,FLOW,exploratory,FLOW,FLOW,59.0,0.005,5.0,15.343714285714187,LONG,4528.9,4513.556285714286,4559.587428571428,0.32586633893823647,False,True,MEDIUM,buy,REVERSAL
2026-04-29 21:40:00,4528.9,4528.92,4520.64,4520.64,3128,4,0,3128,4528.9,-8.259999999999309,4536.497427974981,-1.6692029447349341,4554.54,4520.59,8.279999999999745,8.77999999999994,7.639499999999908,8.279999999999745,7.639499999999908,False,0,0,1,0,0,0,5.0,0,50,TREND_DOWN,73,False,False,,,4540.82,4520.59,4540.82,4520.59,0,0,0,NEUTRAL,0,0,0,0,NONE,2026-04-29,21,NEW_YORK,4610.25,4510.02,0,0,4520.59,4564.13,1,1,0,0,0,0,1.0,1.0,56,,,31,,,NO_TRADE,NO_TRADE,0.0,0.0,0.0,15.803999999999894,SHORT,4520.64,4536.444,4489.032,0.0,False,False,NONE,no_trade,TREND_DOWN
2026-04-29 21:45:00,4520.62,4530.54,4518.33,4528.85,3118,4,0,3118,4520.64,8.210000000000036,4535.769101501173,-0.7283264738080106,4554.54,4520.59,12.210000000000036,9.376428571428537,7.883499999999913,12.210000000000036,7.883499999999913,True,0,0,1,0,1,1,5.0,0,50,REVERSAL,82,False,True,,4518.33,4540.82,4518.33,4540.82,4520.59,0,0,0,NEUTRAL,0,0,1,0,DOUBLE_BOTTOM,2026-04-29,21,NEW_YORK,4610.25,4510.02,0,0,4518.33,4564.13,1,1,0,1,1,0,1.8,1.0,56,,,79,FLOW,exploratory,FLOW,FLOW,79.0,0.005,5.0,16.87757142857137,LONG,4528.85,4511.972428571429,4562.605142857143,0.2962511532634191,False,True,HIGH,buy,REVERSAL
2026-04-29 21:50:00,4528.85,4534.91,4528.8,4532.16,2366,4,0,2366,4528.85,3.3099999999994907,4535.42537754868,-0.34372395249283727,4554.54,4518.33,6.109999999999673,9.6385714285714,8.078499999999895,6.109999999999673,8.078499999999895,False,0,0,1,0,0,1,5.0,1,50,TREND_DOWN,73,False,False,,,4540.82,4518.33,4540.82,4518.33,0,0,0,NEUTRAL,0,0,0,0,NONE,2026-04-29,21,NEW_YORK,4610.25,4510.02,0,0,4518.33,4564.13,1,1,0,0,0,0,1.0,1.0,46,,,33,,,NO_TRADE,NO_TRADE,0.0,0.0,0.0,17.34942857142852,SHORT,4532.16,4549.5094285714285,4497.4611428571425,0.0,False,False,NONE,no_trade,TREND_DOWN
2026-04-29 21:55:00,4532.16,4541.18,4531.68,4538.23,2583,4,0,2583,4532.16,6.069999999999709,4535.692484448806,0.26710690012532723,4554.54,4518.33,9.5,9.990714285714278,8.408499999999913,9.5,8.408499999999913,False,0,1,0,0,0,1,5.0,0,50,TREND_UP,73,False,False,,,4540.82,4518.33,4540.82,4518.33,0,0,0,NEUTRAL,0,0,0,0,NONE,2026-04-29,21,NEW_YORK,4610.25,4510.02,0,0,4518.33,4560.15,1,1,0,0,0,0,1.0,1.0,56,,,31,,,NO_TRADE,NO_TRADE,0.0,0.0,0.0,17.9832857142857,LONG,4538.23,4520.246714285714,4574.196571428571,0.0,False,False,NONE,no_trade,TREND_UP
2026-04-29 22:00:00,4538.2,4545.38,4537.43,4537.43,2442,4,0,2442,4538.23,-0.7999999999992724,4535.857962120348,0.16547767154224857,4554.54,4518.33,7.949999999999818,10.217857142857156,8.552999999999884,7.949999999999818,8.552999999999884,False,0,1,0,0,0,0,5.0,0,50,TREND_UP,73,True,False,4545.38,,4545.38,4518.33,4540.82,4518.33,0,0,0,NEUTRAL,0,0,0,0,NONE,2026-04-29,22,NEW_YORK,4610.25,4510.02,0,0,4518.33,4554.54,1,1,0,0,0,0,1.0,1.0,56,,,31,,,NO_TRADE,NO_TRADE,0.0,0.0,0.0,18.392142857142883,LONG,4537.43,4519.037857142857,4574.214285714286,0.0,False,False,NONE,no_trade,TREND_UP
2026-04-29 22:05:00,4537.43,4541.68,4533.19,4538.95,2479,4,0,2479,4537.43,1.519999999999527,4536.15244191841,0.2944797980617295,4553.73,4518.33,8.490000000000691,10.490000000000041,8.59399999999996,8.490000000000691,8.59399999999996,False,0,1,0,0,0,1,6.0,0,50,TREND_UP,73,False,True,,4533.19,4545.38,4533.19,4545.38,4518.33,0,0,0,HL,0,0,0,0,NONE,2026-04-29,22,NEW_YORK,4610.25,4510.02,0,0,4518.33,4554.54,1,1,0,0,1,0,1.0,1.0,66,,,53,,,NO_TRADE,NO_TRADE,0.0,0.0,0.0,18.882000000000076,LONG,4538.95,4520.067999999999,4576.714,0.0,False,False,NONE,no_trade,TREND_UP
2026-04-29 22:10:00,4538.95,4548.89,4538.24,4547.74,2304,4,0,2304,4538.95,8.789999999999964,4537.256018878562,1.1035769601521679,4552.8,4518.33,10.650000000000546,10.219285714285759,8.891499999999997,10.650000000000546,8.891499999999997,False,0,1,0,0,0,1,5.0,0,50,TREND_UP,73,False,False,,,4545.38,4533.19,4545.38,4533.19,1,0,1,NEUTRAL,0,0,0,1,BREAK_RETEST,2026-04-29,22,NEW_YORK,4610.25,4510.02,0,0,4518.33,4554.54,1,1,0,0,0,0,1.0,1.0,83,ALPHA,strict_alpha,43,,,ALPHA,ALPHA,83.0,0.01,10.0,22.48242857142867,LONG,4547.74,4525.257571428571,4592.704857142857,0.444791805664104,False,True,HIGH,buy,TREND_UP
2026-04-29 22:15:00,4547.7,4550.66,4545.16,4547.46,1887,4,0,1887,4547.74,-0.27999999999974534,4538.227826604413,0.9718077258512494,4552.8,4518.33,5.5,9.86928571428572,8.973500000000012,5.5,8.973500000000012,False,0,1,0,0,0,0,6.0,1,50,TREND_UP,73,True,False,4550.66,,4550.66,4533.19,4545.38,4533.19,1,0,1,NEUTRAL,0,0,0,1,BREAK_RETEST,2026-04-29,22,NEW_YORK,4610.25,4510.02,0,0,4518.33,4554.54,1,1,0,0,0,0,1.0,1.0,73,,,45,,,NO_TRADE,NO_TRADE,0.0,0.0,0.0,17.764714285714298,LONG,4547.46,4529.695285714286,4582.989428571429,0.0,False,False,NONE,no_trade,TREND_UP
2026-04-29 22:20:00,4547.46,4547.82,4542.24,4544.97,1746,4,0,1746,4547.46,-2.4899999999997817,4538.8699383563735,0.6421117519603285,4552.8,4518.33,5.579999999999927,9.549999999999986,9.13050000000003,5.579999999999927,9.13050000000003,False,0,1,0,0,0,0,5.0,1,50,TREND_UP,73,False,False,,,4550.66,4533.19,4550.66,4533.19,0,0,0,NEUTRAL,0,0,0,0,NONE,2026-04-29,22,NEW_YORK,4610.25,4510.02,0,0,4518.33,4554.54,1,1,0,0,0,0,1.0,1.0,46,,,33,,,NO_TRADE,NO_TRADE,0.0,0.0,0.0,17.189999999999976,LONG,4544.97,4527.780000000001,4579.35,0.0,False,False,NONE,no_trade,TREND_UP
2026-04-29 22:25:00,4544.97,4545.66,4541.29,4542.89,1488,4,0,1488,4544.97,-2.0799999999999272,4539.252801370052,0.38286301367861597,4552.8,4518.33,4.369999999999891,8.812142857142785,9.120500000000039,4.369999999999891,9.120500000000039,False,0,1,0,0,0,0,4.0,1,50,TREND_UP,73,False,False,,,4550.66,4533.19,4550.66,4533.19,0,0,0,NEUTRAL,0,0,0,0,NONE,2026-04-29,22,NEW_YORK,4610.25,4510.02,0,0,4518.33,4554.54,1,1,0,0,0,0,1.0,1.0,46,,,33,,,NO_TRADE,NO_TRADE,0.0,0.0,0.0,15.861857142857014,LONG,4542.89,4527.028142857143,4574.613714285714,0.0,False,False,NONE,no_trade,TREND_UP
2026-04-29 22:30:00,4542.89,4545.1,4537.71,4539.18,2143,4,0,2143,4542.89,-3.7100000000000364,4539.245867906237,-0.006933463814675633,4552.8,4518.33,7.390000000000327,8.919285714285706,9.251500000000078,7.390000000000327,9.251500000000078,False,0,0,0,0,0,0,3.0,0,50,RANGE,50,False,False,,,4550.66,4533.19,4550.66,4533.19,0,0,0,NEUTRAL,0,0,0,0,NONE,2026-04-29,22,NEW_YORK,4610.25,4510.02,0,0,4518.33,4554.54,1,1,0,0,0,0,1.0,1.0,28,,,44,,,NO_TRADE,NO_TRADE,0.0,0.0,0.0,16.054714285714272,LONG,4539.18,4523.125285714286,4571.289428571429,0.0,False,False,NONE,no_trade,RANGE
2026-04-29 22:35:00,4539.18,4541.95,4537.65,4540.75,1552,4,0,1552,4539.18,1.569999999999709,4539.389118581834,0.14325067559639137,4552.8,4518.33,4.300000000000182,8.81785714285713,9.232500000000073,4.300000000000182,9.232500000000073,False,0,0,0,0,0,1,4.0,1,50,CHOPPY,40,False,True,,4537.65,4550.66,4537.65,4550.66,4533.19,0,0,0,HL,0,0,0,0,NONE,2026-04-29,22,NEW_YORK,4610.25,4510.02,0,0,4518.33,4554.54,1,1,0,0,1,0,1.0,1.0,28,,,50,,,NO_TRADE,NO_TRADE,0.0,0.0,0.0,15.872142857142835,LONG,4540.75,4524.8778571428575,4572.494285714286,0.0,False,False,NONE,no_trade,CHOPPY
2026-04-29 22:40:00,4540.75,4542.33,4537.77,4539.65,1377,4,0,1377,4540.75,-1.1000000000003638,4539.413964431184,0.024845849349730997,4552.8,4518.33,4.559999999999491,8.180714285714268,8.738500000000021,4.559999999999491,8.738500000000021,False,0,0,0,0,0,0,5.0,1,50,CHOPPY,40,False,False,,,4550.66,4537.65,4550.66,4537.65,0,0,0,NEUTRAL,0,0,0,0,NONE,2026-04-29,22,NEW_YORK,4610.25,4510.02,0,0,4518.33,4554.54,1,1,0,0,0,0,1.0,1.0,18,,,28,,,NO_TRADE,NO_TRADE,0.0,0.0,0.0,14.725285714285683,LONG,4539.65,4524.924714285714,4569.100571428571,0.0,False,False,NONE,no_trade,CHOPPY
2026-04-29 22:45:00,4539.64,4548.12,4539.46,4548.12,1580,4,0,1580,4539.65,8.470000000000255,4540.243110675833,0.8291462446495643,4550.66,4518.33,8.659999999999854,7.396428571428585,8.651499999999988,8.659999999999854,8.651499999999988,False,0,1,0,0,0,1,5.0,0,50,TREND_UP,73,False,False,,,4550.66,4537.65,4550.66,4537.65,0,0,0,NEUTRAL,0,0,0,0,NONE,2026-04-29,22,NEW_YORK,4610.25,4510.02,0,0,4518.33,4554.54,1,1,0,0,1,0,1.0,1.0,66,,,41,,,NO_TRADE,NO_TRADE,0.0,0.0,0.0,13.313571428571453,LONG,4548.12,4534.806428571428,4574.7471428571425,0.0,False,False,NONE,no_trade,TREND_UP
2026-04-29 22:50:00,4548.08,4549.91,4546.55,4547.94,1643,4,0,1643,4548.12,-0.18000000000029104,4540.976147754325,0.7330370784920888,4550.66,4518.33,3.3599999999996726,7.045000000000008,8.316999999999961,3.3599999999996726,8.316999999999961,False,0,1,0,0,0,0,5.0,1,50,TREND_UP,73,True,False,4549.91,,4549.91,4537.65,4550.66,4537.65,0,0,0,LH,0,1,0,0,DOUBLE_TOP,2026-04-29,22,NEW_YORK,4610.25,4510.02,0,0,4518.33,4553.73,1,1,0,0,0,0,1.0,1.0,56,,,57,FLOW,exploratory,FLOW,FLOW,57.0,0.005,5.0,12.681000000000015,LONG,4547.94,4535.259,4573.302,0.3942906710827217,False,True,MEDIUM,buy,TREND_UP
2026-04-29 22:55:00,4547.98,4549.2,4543.98,4546.81,2368,4,0,2368,4547.94,-1.1299999999991996,4541.531752730104,0.555604975778806,4550.66,4518.33,5.220000000000255,6.545714285714309,7.842999999999938,5.220000000000255,7.842999999999938,False,0,1,0,0,0,0,5.0,1,50,TREND_UP,73,False,False,,,4549.91,4537.65,4549.91,4537.65,0,0,0,NEUTRAL,0,0,0,0,NONE,2026-04-29,22,NEW_YORK,4610.25,4510.02,0,0,4518.33,4552.8,1,1,0,0,0,0,1.0,1.0,46,,,33,,,NO_TRADE,NO_TRADE,0.0,0.0,0.0,11.782285714285758,LONG,4546.81,4535.027714285715,4570.3745714285715,0.0,False,False,NONE,no_trade,TREND_UP
