time,open,high,low,close,tick_volume,spread,real_volume
2025-12-12 16:00:00,4290.35,4296.65,4257.85,4281.9,40972,8,0
2025-12-12 17:00:00,4281.88,4298.37,4271.13,4294.37,27906,8,0
2025-12-12 18:00:00,4294.5,4303.64,4290.56,4294.95,20848,8,0
2025-12-12 19:00:00,4294.95,4299.78,4289.87,4296.59,15976,8,0
2025-12-12 20:00:00,4296.55,4302.97,4288.57,4299.38,16812,8,0
2025-12-12 21:00:00,4299.38,4304.26,4298.3,4301.51,6471,8,0
2025-12-14 23:00:00,4303.38,4308.53,4301.62,4302.55,8440,8,0
2025-12-15 00:00:00,4302.61,4308.04,4300.24,4307.54,8701,8,0
2025-12-15 01:00:00,4307.57,4325.72,4305.71,4322.58,19698,8,0
2025-12-15 02:00:00,4322.47,4329.3,4320.85,4326.44,16486,8,0
2025-12-15 03:00:00,4326.42,4329.74,4319.39,4327.3,16862,8,0
2025-12-15 04:00:00,4327.27,4330.05,4323.18,4326.06,11767,8,0
2025-12-15 05:00:00,4326.06,4344.43,4324.9,4343.64,15040,8,0
2025-12-15 06:00:00,4343.64,4347.33,4339.71,4343.6,16104,8,0
2025-12-15 07:00:00,4343.6,4344.71,4333.58,4339.2,12970,8,0
2025-12-15 08:00:00,4339.22,4348.96,4338.84,4346.96,13547,8,0
2025-12-15 09:00:00,4346.92,4350.25,4342.4,4342.52,12112,8,0
2025-12-15 10:00:00,4342.54,4348.17,4337.77,4339.72,10176,8,0
2025-12-15 11:00:00,4339.72,4343.73,4335.37,4342.86,9209,8,0
2025-12-15 12:00:00,4342.82,4348.44,4342.7,4345.76,11287,8,0
2025-12-15 13:00:00,4345.71,4346.26,4330.86,4332.18,20611,8,0
2025-12-15 14:00:00,4332.19,4336.76,4317.43,4323.82,27368,8,0
2025-12-15 15:00:00,4323.78,4327.85,4311.73,4318.29,30733,8,0
2025-12-15 16:00:00,4318.28,4318.93,4285.35,4297.63,30065,8,0
2025-12-15 17:00:00,4297.63,4306.63,4290.92,4304.53,22261,8,0
2025-12-15 18:00:00,4304.55,4313.64,4300.07,4313.12,16529,8,0
2025-12-15 19:00:00,4313.08,4317.74,4307.97,4314.21,15285,8,0
2025-12-15 20:00:00,4314.21,4314.45,4299.66,4304.47,14904,8,0
2025-12-15 21:00:00,4304.45,4305.87,4300.74,4305.12,4868,8,0
2025-12-15 23:00:00,4307.67,4309.75,4303.34,4304.2,7019,8,0
2025-12-16 00:00:00,4304.2,4313.3,4302.91,4307.97,10895,8,0
2025-12-16 01:00:00,4308.04,4317.95,4299.33,4308.88,20522,8,0
2025-12-16 02:00:00,4308.87,4312.21,4286.62,4289.76,19135,8,0
2025-12-16 03:00:00,4289.74,4294.53,4280.82,4290.98,19096,8,0
2025-12-16 04:00:00,4290.92,4292.38,4286.65,4289.16,11013,8,0
2025-12-16 05:00:00,4289.16,4292.35,4271.53,4284.15,16696,8,0
2025-12-16 06:00:00,4284.14,4292.13,4282.71,4289.29,14808,8,0
2025-12-16 07:00:00,4289.29,4289.91,4279.67,4287.65,12631,8,0
2025-12-16 08:00:00,4287.67,4289.39,4275.52,4284.68,13201,8,0
2025-12-16 09:00:00,4284.68,4285.92,4276.48,4280.46,11246,8,0
2025-12-16 10:00:00,4280.47,4284.29,4274.87,4277.38,11234,8,0
2025-12-16 11:00:00,4277.34,4279.61,4273.87,4278.5,10391,8,0
2025-12-16 12:00:00,4278.51,4294.87,4276.84,4294.53,14205,8,0
2025-12-16 13:00:00,4294.55,4313.37,4290.96,4313.1,22977,8,0
2025-12-16 14:00:00,4313.1,4332.16,4311.42,4324.53,28060,8,0
2025-12-16 15:00:00,4324.46,4335.05,4312.56,4319.81,28928,8,0
2025-12-16 16:00:00,4319.8,4323.23,4291.36,4300.62,25793,8,0
2025-12-16 17:00:00,4300.62,4310.92,4300.18,4303.62,17738,8,0
2025-12-16 18:00:00,4303.65,4313.53,4298.21,4311.29,18677,8,0
2025-12-16 19:00:00,4311.29,4315.96,4297.05,4310.67,17165,8,0
2025-12-16 20:00:00,4310.64,4314.46,4302.82,4304.74,11635,8,0
2025-12-16 21:00:00,4304.69,4305.54,4300.74,4302.3,4598,8,0
2025-12-16 23:00:00,4301.53,4309.17,4301.53,4307.76,4896,8,0
2025-12-17 00:00:00,4307.76,4315.09,4307.45,4313.21,5715,8,0
2025-12-17 01:00:00,4313.2,4326.76,4311.53,4326.69,20933,8,0
2025-12-17 02:00:00,4326.69,4327.84,4311.23,4314.32,16870,8,0
2025-12-17 03:00:00,4314.33,4325.13,4312.73,4323.73,14128,8,0
2025-12-17 04:00:00,4323.76,4331.5,4320.65,4329.61,9757,8,0
2025-12-17 05:00:00,4329.62,4342.54,4328.05,4333.95,16866,8,0
2025-12-17 06:00:00,4333.95,4337.71,4324.85,4328.69,14878,8,0
2025-12-17 07:00:00,4328.68,4328.76,4315.61,4317.97,14187,8,0
2025-12-17 08:00:00,4317.93,4320.89,4309.27,4319.15,14274,8,0
2025-12-17 09:00:00,4319.16,4323.3,4316.0,4316.93,10326,8,0
2025-12-17 10:00:00,4316.93,4322.28,4306.58,4317.71,10999,8,0
2025-12-17 11:00:00,4317.74,4320.51,4315.14,4316.4,8741,8,0
2025-12-17 12:00:00,4316.41,4323.17,4314.99,4317.52,10081,8,0
2025-12-17 13:00:00,4317.52,4344.12,4315.11,4342.13,22163,8,0
2025-12-17 14:00:00,4342.1,4346.01,4323.12,4338.32,32877,8,0
2025-12-17 15:00:00,4338.25,4348.94,4324.35,4330.28,32298,8,0
2025-12-17 16:00:00,4330.38,4337.64,4320.84,4333.56,28620,8,0
2025-12-17 17:00:00,4333.61,4342.5,4328.57,4342.5,21633,8,0
2025-12-17 18:00:00,4342.54,4346.44,4328.95,4336.11,21447,8,0
2025-12-17 19:00:00,4336.11,4341.01,4330.31,4337.1,13974,8,0
2025-12-17 20:00:00,4337.1,4346.1,4335.23,4341.42,13600,8,0
2025-12-17 21:00:00,4341.41,4346.23,4337.59,4338.31,5659,8,0
2025-12-17 23:00:00,4339.53,4343.09,4335.7,4339.11,5814,8,0
2025-12-18 00:00:00,4339.09,4342.97,4333.06,4334.86,10825,8,0
2025-12-18 01:00:00,4334.86,4337.11,4324.53,4331.62,21073,8,0
2025-12-18 02:00:00,4331.61,4337.81,4330.01,4333.28,16619,8,0
2025-12-18 03:00:00,4333.22,4336.81,4330.92,4333.24,15257,8,0
2025-12-18 04:00:00,4333.24,4333.58,4328.62,4331.96,11370,8,0
2025-12-18 05:00:00,4331.85,4337.48,4331.11,4333.34,15127,8,0
2025-12-18 06:00:00,4333.34,4336.11,4330.75,4334.0,16446,8,0
2025-12-18 07:00:00,4333.97,4337.76,4330.12,4331.52,10082,8,0
2025-12-18 08:00:00,4331.42,4332.66,4322.2,4326.55,11120,8,0
2025-12-18 09:00:00,4326.46,4328.63,4320.88,4323.52,11969,8,0
2025-12-18 10:00:00,4323.49,4327.69,4322.09,4325.49,9551,8,0
2025-12-18 11:00:00,4325.51,4328.77,4324.56,4325.62,7925,8,0
2025-12-18 12:00:00,4325.63,4326.72,4317.25,4320.88,10766,8,0
2025-12-18 13:00:00,4320.8,4343.05,4314.68,4336.57,23728,8,0
2025-12-18 14:00:00,4336.56,4341.47,4308.71,4328.54,30670,8,0
2025-12-18 15:00:00,4328.53,4341.58,4325.09,4338.17,29481,8,0
2025-12-18 16:00:00,4338.2,4374.62,4337.8,4360.38,28104,8,0
2025-12-18 17:00:00,4360.38,4363.53,4322.15,4333.37,30251,8,0
2025-12-18 18:00:00,4333.39,4341.29,4325.75,4331.82,20223,8,0
2025-12-18 19:00:00,4331.82,4334.79,4322.92,4325.01,18033,8,0
2025-12-18 20:00:00,4325.03,4338.35,4324.62,4334.93,18975,8,0
2025-12-18 21:00:00,4334.93,4334.93,4328.59,4332.72,5628,8,0
2025-12-18 23:00:00,4334.65,4336.98,4333.66,4335.19,4089,8,0
2025-12-19 00:00:00,4335.19,4335.78,4325.85,4326.16,6388,8,0
2025-12-19 01:00:00,4326.16,4328.49,4309.29,4323.35,19475,8,0
2025-12-19 02:00:00,4323.36,4327.96,4314.25,4316.8,11044,8,0
2025-12-19 03:00:00,4316.75,4322.51,4312.74,4318.09,11144,8,0
2025-12-19 04:00:00,4318.1,4322.97,4316.96,4322.81,9373,8,0
2025-12-19 05:00:00,4322.92,4328.99,4317.68,4326.02,12639,8,0
2025-12-19 06:00:00,4326.02,4329.44,4321.7,4326.44,14933,8,0
2025-12-19 07:00:00,4326.4,4329.65,4321.64,4322.69,12075,8,0
2025-12-19 08:00:00,4322.67,4331.05,4321.11,4325.95,10755,8,0
2025-12-19 09:00:00,4325.95,4333.68,4324.46,4329.47,10285,8,0
2025-12-19 10:00:00,4329.47,4331.73,4322.46,4327.73,10415,10,0
2025-12-19 11:00:00,4327.73,4329.41,4325.21,4327.26,14217,10,0
2025-12-19 12:00:00,4327.26,4328.85,4320.76,4326.69,12521,10,0
2025-12-19 13:00:00,4326.69,4335.46,4326.0,4328.35,18535,10,0
2025-12-19 14:00:00,4328.35,4337.82,4319.77,4332.48,28205,10,0
2025-12-19 15:00:00,4332.48,4349.13,4332.0,4347.78,27103,10,0
2025-12-19 16:00:00,4347.78,4354.7,4342.06,4349.78,21279,10,0
2025-12-19 17:00:00,4349.78,4355.98,4347.04,4353.39,15021,10,0
2025-12-19 18:00:00,4353.39,4356.47,4343.13,4348.66,14556,10,0
2025-12-19 19:00:00,4348.56,4350.72,4345.24,4345.32,9242,10,0
2025-12-19 20:00:00,4345.32,4346.42,4336.87,4339.53,11510,10,0
2025-12-19 21:00:00,4339.57,4340.17,4336.59,4338.19,3275,10,0
2025-12-21 23:00:00,4340.8,4356.21,4340.06,4355.3,6320,10,0
2025-12-22 00:00:00,4355.3,4366.27,4355.24,4364.97,9231,10,0
2025-12-22 01:00:00,4364.97,4384.92,4361.31,4383.06,18890,10,0
2025-12-22 02:00:00,4383.06,4388.73,4378.57,4386.05,12713,10,0
2025-12-22 03:00:00,4386.05,4394.94,4384.29,4392.66,10048,10,0
2025-12-22 04:00:00,4392.66,4401.14,4391.31,4398.42,7028,10,0
2025-12-22 05:00:00,4398.42,4409.52,4396.82,4400.04,13390,10,0
2025-12-22 06:00:00,4400.19,4420.13,4398.88,4419.62,13998,10,0
2025-12-22 07:00:00,4419.62,4420.53,4410.22,4414.44,9477,10,0
2025-12-22 08:00:00,4414.44,4414.94,4406.15,4408.27,9414,10,0
2025-12-22 09:00:00,4408.3,4414.85,4408.02,4411.11,6244,10,0
2025-12-22 10:00:00,4411.12,4415.97,4406.12,4408.74,6875,10,0
2025-12-22 11:00:00,4408.74,4411.72,4406.18,4410.43,9491,10,0
2025-12-22 12:00:00,4410.43,4416.09,4406.28,4415.85,13684,10,0
2025-12-22 13:00:00,4415.83,4427.44,4412.78,4423.82,20998,10,0
2025-12-22 14:00:00,4423.82,4429.12,4414.82,4419.32,23360,10,0
2025-12-22 15:00:00,4419.32,4435.6,4412.06,4431.85,22309,10,0
2025-12-22 16:00:00,4431.85,4442.17,4428.17,4438.82,15860,10,0
2025-12-22 17:00:00,4438.82,4442.1,4432.11,4438.47,10475,10,0
2025-12-22 18:00:00,4438.47,4439.02,4429.55,4435.35,8654,10,0
2025-12-22 19:00:00,4435.35,4436.09,4428.81,4433.83,7772,10,0
2025-12-22 20:00:00,4433.83,4439.34,4431.78,4438.67,7520,10,0
2025-12-22 21:00:00,4438.71,4448.94,4438.58,4443.82,7914,10,0
2025-12-22 23:00:00,4448.07,4461.65,4447.55,4460.09,7119,10,0
2025-12-23 00:00:00,4460.09,4470.59,4458.13,4470.59,7179,10,0
2025-12-23 01:00:00,4470.59,4490.83,4469.7,4486.73,20471,10,0
2025-12-23 02:00:00,4486.73,4497.63,4481.24,4493.44,12806,10,0
2025-12-23 03:00:00,4493.44,4496.64,4482.96,4486.89,17781,10,0
2025-12-23 04:00:00,4486.89,4488.31,4478.63,4482.59,11626,10,0
2025-12-23 05:00:00,4482.54,4485.66,4474.83,4475.14,17558,10,0
2025-12-23 06:00:00,4475.14,4481.69,4469.41,4481.59,14455,10,0
2025-12-23 07:00:00,4481.59,4489.8,4478.53,4486.72,13667,10,0
2025-12-23 08:00:00,4486.72,4493.16,4484.78,4489.75,13470,10,0
2025-12-23 09:00:00,4489.75,4491.12,4478.18,4480.47,13234,10,0
2025-12-23 10:00:00,4480.47,4487.66,4479.49,4484.37,11650,10,0
2025-12-23 11:00:00,4484.37,4494.41,4483.04,4493.51,10561,10,0
2025-12-23 12:00:00,4493.51,4493.64,4483.41,4486.53,12426,10,0
2025-12-23 13:00:00,4486.5,4497.38,4473.36,4479.17,24480,10,0
2025-12-23 14:00:00,4479.17,4479.92,4441.54,4446.31,33327,10,0
2025-12-23 15:00:00,4446.31,4459.2,4430.48,4458.42,31663,10,0
2025-12-23 16:00:00,4458.42,4476.54,4455.92,4474.32,19340,10,0
2025-12-23 17:00:00,4474.32,4479.84,4469.77,4472.76,17720,10,0
2025-12-23 18:00:00,4472.76,4485.13,4472.7,4484.47,12917,10,0
2025-12-23 19:00:00,4484.47,4496.27,4484.19,4490.82,11459,10,0
2025-12-23 20:00:00,4490.71,4499.77,4489.37,4497.51,10960,10,0
2025-12-23 21:00:00,4497.51,4499.04,4483.58,4484.76,8530,10,0
2025-12-23 23:00:00,4486.71,4510.36,4486.48,4503.39,8896,10,0
2025-12-24 00:00:00,4503.36,4517.96,4500.85,4512.02,12605,10,0
2025-12-24 01:00:00,4512.02,4525.9,4506.95,4518.7,23821,10,0
2025-12-24 02:00:00,4518.7,4519.15,4474.37,4477.66,20329,10,0
2025-12-24 03:00:00,4477.92,4498.27,4471.36,4493.33,18120,10,0
2025-12-24 04:00:00,4493.33,4501.44,4491.35,4499.13,9820,10,0
2025-12-24 05:00:00,4499.13,4500.53,4485.13,4488.42,17497,10,0
2025-12-24 06:00:00,4488.42,4498.42,4485.42,4493.7,15000,10,0
2025-12-24 07:00:00,4493.7,4495.2,4483.41,4483.9,12707,10,0
2025-12-24 08:00:00,4483.84,4492.88,4478.32,4482.49,16952,10,0
2025-12-24 09:00:00,4482.49,4496.12,4482.27,4494.66,13242,10,0
2025-12-24 10:00:00,4494.66,4499.88,4482.41,4489.37,10572,10,0
2025-12-24 11:00:00,4489.37,4491.9,4483.12,4491.58,11917,10,0
2025-12-24 12:00:00,4491.58,4495.96,4489.84,4490.67,14610,10,0
2025-12-24 13:00:00,4490.67,4493.34,4474.65,4487.94,20522,10,0
2025-12-24 14:00:00,4488.0,4489.47,4460.87,4464.76,30176,10,0
2025-12-24 15:00:00,4464.8,4476.43,4448.73,4458.47,29902,10,0
2025-12-24 16:00:00,4458.5,4478.2,4456.0,4476.89,22554,10,0
2025-12-24 17:00:00,4476.89,4487.76,4475.48,4480.66,19763,10,0
2025-12-24 18:00:00,4480.66,4482.43,4477.29,4479.2,4826,10,0
2025-12-25 23:00:00,4465.36,4500.07,4461.49,4495.21,8607,10,0
2025-12-26 00:00:00,4495.21,4518.41,4492.44,4518.2,13413,10,0
2025-12-26 01:00:00,4518.2,4531.3,4498.49,4503.94,25163,10,0
2025-12-26 02:00:00,4503.94,4509.79,4492.28,4508.76,21658,10,0
2025-12-26 03:00:00,4508.76,4513.51,4497.52,4501.82,18306,10,0
2025-12-26 04:00:00,4501.84,4511.7,4500.4,4509.09,14075,10,0
2025-12-26 05:00:00,4509.09,4514.89,4505.96,4510.09,17962,10,0
2025-12-26 06:00:00,4510.1,4519.62,4508.13,4511.79,20690,10,0
2025-12-26 07:00:00,4511.79,4515.63,4507.17,4511.07,14064,10,0
2025-12-26 08:00:00,4511.07,4519.61,4509.8,4518.67,11466,10,0
2025-12-26 09:00:00,4518.67,4520.55,4511.82,4512.71,11609,10,0
2025-12-26 10:00:00,4512.71,4523.66,4511.11,4514.52,11652,10,0
2025-12-26 11:00:00,4514.52,4515.28,4503.06,4509.86,15865,10,0
2025-12-26 12:00:00,4509.86,4515.06,4506.8,4509.04,13931,10,0
2025-12-26 13:00:00,4509.04,4528.89,4503.92,4525.2,23123,10,0
2025-12-26 14:00:00,4525.2,4533.39,4512.77,4521.11,28307,10,0
2025-12-26 15:00:00,4521.11,4547.4,4519.59,4546.41,24761,10,0
2025-12-26 16:00:00,4546.58,4550.04,4531.39,4536.51,22585,10,0
2025-12-26 17:00:00,4536.51,4537.62,4510.17,4519.38,22691,10,0
2025-12-26 18:00:00,4519.38,4532.59,4514.87,4530.97,22356,10,0
2025-12-26 19:00:00,4530.97,4535.61,4520.23,4523.88,14471,10,0
2025-12-26 20:00:00,4523.88,4535.21,4521.77,4531.06,18798,10,0
2025-12-26 21:00:00,4531.06,4534.75,4527.08,4532.35,8842,10,0
2025-12-28 23:00:00,4541.6,4546.37,4523.27,4527.13,15926,10,0
2025-12-29 00:00:00,4527.13,4528.17,4472.72,4497.33,24619,10,0
2025-12-29 01:00:00,4497.33,4517.58,4492.53,4497.51,24758,10,0
2025-12-29 02:00:00,4497.51,4515.98,4496.62,4512.67,18050,10,0
2025-12-29 03:00:00,4512.64,4520.42,4509.63,4516.38,18183,10,0
2025-12-29 04:00:00,4516.38,4519.69,4508.14,4515.66,12974,10,0
2025-12-29 05:00:00,4515.66,4519.36,4504.88,4506.66,15822,10,0
2025-12-29 06:00:00,4506.7,4510.62,4471.34,4475.18,25064,10,0
2025-12-29 07:00:00,4475.18,4481.76,4446.22,4474.52,21166,10,0
2025-12-29 08:00:00,4474.52,4488.33,4452.9,4461.19,21328,10,0
2025-12-29 09:00:00,4461.19,4476.43,4459.35,4472.05,18074,10,0
2025-12-29 10:00:00,4472.05,4474.44,4457.06,4460.92,14499,10,0
2025-12-29 11:00:00,4460.92,4467.82,4435.28,4446.92,18085,10,0
2025-12-29 12:00:00,4446.94,4464.71,4445.67,4464.24,16592,10,0
2025-12-29 13:00:00,4464.29,4467.34,4407.2,4421.76,30344,10,0
2025-12-29 14:00:00,4421.58,4421.58,4356.91,4360.38,35234,10,0
2025-12-29 15:00:00,4360.38,4360.64,4303.21,4325.31,33788,10,0
2025-12-29 16:00:00,4325.29,4347.49,4323.43,4341.8,25213,10,0
2025-12-29 17:00:00,4341.8,4343.21,4315.05,4328.16,21528,10,0
2025-12-29 18:00:00,4328.16,4334.69,4322.54,4331.15,19633,10,0
2025-12-29 19:00:00,4331.14,4337.79,4327.65,4336.72,12586,10,0
2025-12-29 20:00:00,4336.72,4344.43,4325.97,4334.83,14912,10,0
2025-12-29 21:00:00,4334.77,4339.57,4327.67,4331.96,11102,10,0
2025-12-29 23:00:00,4336.35,4347.02,4323.32,4345.81,9658,10,0
2025-12-30 00:00:00,4345.81,4350.59,4334.69,4339.8,14185,10,0
2025-12-30 01:00:00,4339.8,4360.22,4324.48,4360.21,23574,10,0
2025-12-30 02:00:00,4360.21,4365.09,4348.78,4362.75,21732,10,0
2025-12-30 03:00:00,4362.75,4369.37,4356.2,4359.31,16288,10,0
2025-12-30 04:00:00,4359.31,4369.69,4357.38,4363.52,6998,10,0
2025-12-30 05:00:00,4363.52,4380.37,4358.94,4377.74,18903,10,0
2025-12-30 06:00:00,4377.74,4378.62,4359.76,4364.89,22702,10,0
2025-12-30 07:00:00,4364.86,4383.49,4359.43,4372.47,19647,10,0
2025-12-30 08:00:00,4372.47,4373.73,4350.33,4365.07,16867,10,0
2025-12-30 09:00:00,4365.09,4376.76,4364.33,4372.01,17341,10,0
2025-12-30 10:00:00,4372.01,4391.66,4367.62,4384.79,17957,10,0
2025-12-30 11:00:00,4384.79,4390.32,4381.17,4384.49,14709,10,0
2025-12-30 12:00:00,4384.43,4402.7,4383.58,4401.13,19255,10,0
2025-12-30 13:00:00,4401.13,4404.47,4376.3,4388.38,27890,10,0
2025-12-30 14:00:00,4388.38,4392.18,4355.83,4366.25,30276,10,0
2025-12-30 15:00:00,4366.25,4377.63,4359.52,4365.09,27593,10,0
2025-12-30 16:00:00,4365.09,4379.84,4354.82,4377.73,26575,10,0
2025-12-30 17:00:00,4377.73,4381.74,4364.45,4370.32,18312,10,0
2025-12-30 18:00:00,4370.32,4378.63,4362.64,4364.74,18902,10,0
2025-12-30 19:00:00,4364.74,4368.01,4337.93,4348.58,16928,10,0
2025-12-30 20:00:00,4348.58,4355.58,4338.3,4341.58,18181,10,0
2025-12-30 21:00:00,4341.58,4350.37,4335.14,4338.65,7912,10,0
2025-12-30 23:00:00,4343.52,4346.35,4328.85,4339.06,9573,10,0
2025-12-31 00:00:00,4339.12,4346.57,4332.67,4342.36,12594,10,0
2025-12-31 01:00:00,4342.36,4373.74,4336.81,4366.41,25371,10,0
2025-12-31 02:00:00,4366.38,4371.38,4346.85,4348.81,21593,10,0
2025-12-31 03:00:00,4348.81,4360.1,4341.14,4348.49,24408,10,0
2025-12-31 04:00:00,4348.49,4351.53,4330.67,4332.77,18139,10,0
2025-12-31 05:00:00,4332.83,4342.89,4277.12,4286.05,21463,10,0
2025-12-31 06:00:00,4286.05,4329.13,4273.94,4328.01,19812,10,0
2025-12-31 07:00:00,4328.01,4334.91,4323.63,4331.05,15646,10,0
2025-12-31 08:00:00,4331.05,4332.82,4303.3,4307.53,15995,10,0
2025-12-31 09:00:00,4307.53,4337.41,4307.26,4325.7,17952,10,0
2025-12-31 10:00:00,4325.7,4331.33,4303.8,4306.5,13986,10,0
2025-12-31 11:00:00,4306.5,4316.38,4303.96,4310.96,13788,10,0
2025-12-31 12:00:00,4310.96,4318.12,4303.08,4313.67,16146,10,0
2025-12-31 13:00:00,4313.67,4348.22,4308.02,4345.86,22542,10,0
2025-12-31 14:00:00,4345.86,4353.51,4332.84,4346.06,27052,10,0
2025-12-31 15:00:00,4346.06,4346.42,4327.29,4337.4,28102,10,0
2025-12-31 16:00:00,4337.4,4339.78,4317.09,4322.93,19765,10,0
2025-12-31 17:00:00,4322.93,4329.42,4318.1,4321.92,16874,10,0
2025-12-31 18:00:00,4321.92,4331.63,4315.83,4319.7,13700,10,0
2025-12-31 19:00:00,4319.69,4322.88,4307.91,4311.34,15145,10,0
2025-12-31 20:00:00,4311.34,4324.18,4304.45,4313.21,15568,10,0
2025-12-31 21:00:00,4313.21,4319.02,4306.95,4319.0,6220,10,0
2026-01-01 23:00:00,4328.86,4351.31,4324.44,4348.29,6195,10,0
2026-01-02 00:00:00,4348.29,4356.03,4341.45,4354.19,8965,10,0
2026-01-02 01:00:00,4354.19,4356.0,4344.59,4348.06,13059,10,0
2026-01-02 02:00:00,4348.06,4363.33,4345.15,4363.07,11870,10,0
2026-01-02 03:00:00,4363.07,4375.57,4362.38,4375.13,12522,10,0
2026-01-02 04:00:00,4375.13,4378.5,4371.3,4373.22,9879,10,0
2026-01-02 05:00:00,4373.22,4381.68,4371.16,4380.78,9403,10,0
2026-01-02 06:00:00,4380.78,4381.06,4373.31,4374.72,11964,10,0
2026-01-02 07:00:00,4374.84,4383.37,4372.08,4382.83,14189,10,0
2026-01-02 08:00:00,4382.83,4397.54,4380.71,4387.01,12949,10,0
2026-01-02 09:00:00,4387.01,4391.7,4383.3,4385.51,13396,10,0
2026-01-02 10:00:00,4385.46,4398.54,4384.6,4396.11,13169,10,0
2026-01-02 11:00:00,4396.11,4399.33,4390.77,4393.02,11471,10,0
2026-01-02 12:00:00,4393.02,4398.28,4385.14,4394.46,14608,10,0
2026-01-02 13:00:00,4394.46,4402.36,4361.96,4366.04,19858,10,0
2026-01-02 14:00:00,4366.04,4373.71,4348.18,4353.44,27118,10,0
2026-01-02 15:00:00,4353.44,4357.06,4330.41,4335.38,30627,10,0
2026-01-02 16:00:00,4335.36,4337.51,4315.11,4326.52,28153,10,0
2026-01-02 17:00:00,4326.12,4333.58,4322.72,4323.08,21840,10,0
2026-01-02 18:00:00,4323.06,4323.71,4309.95,4315.14,19100,10,0
2026-01-02 19:00:00,4315.14,4326.32,4315.14,4318.13,16544,10,0
2026-01-02 20:00:00,4318.13,4331.58,4317.27,4331.53,14725,10,0
2026-01-02 21:00:00,4331.53,4331.86,4327.06,4328.59,4732,10,0
2026-01-04 23:00:00,4356.71,4375.82,4349.75,4372.52,11180,10,0
2026-01-05 00:00:00,4372.51,4396.6,4370.31,4394.8,15532,10,0
2026-01-05 01:00:00,4395.13,4420.91,4391.27,4401.84,30119,10,0
2026-01-05 02:00:00,4401.88,4409.82,4388.51,4405.59,24152,10,0
2026-01-05 03:00:00,4405.56,4414.23,4399.7,4399.99,22234,10,0
2026-01-05 04:00:00,4399.9,4408.3,4397.05,4404.23,9438,10,0
2026-01-05 05:00:00,4404.23,4414.4,4401.11,4412.68,15231,10,0
2026-01-05 06:00:00,4412.68,4426.39,4411.46,4420.31,19157,10,0
2026-01-05 07:00:00,4420.31,4425.15,4416.71,4421.82,14213,10,0
2026-01-05 08:00:00,4421.82,4433.78,4419.43,4430.06,14202,10,0
2026-01-05 09:00:00,4430.06,4438.01,4426.16,4434.82,14438,10,0
2026-01-05 10:00:00,4434.82,4439.97,4430.82,4436.29,11459,10,0
2026-01-05 11:00:00,4436.29,4437.49,4411.48,4419.38,18083,10,0
2026-01-05 12:00:00,4419.39,4421.47,4405.58,4409.69,18783,10,0
2026-01-05 13:00:00,4409.69,4418.94,4396.26,4416.92,26365,10,0
2026-01-05 14:00:00,4416.92,4442.78,4416.92,4436.77,30849,10,0
2026-01-05 15:00:00,4436.84,4455.81,4435.73,4448.59,27576,10,0
2026-01-05 16:00:00,4448.56,4454.43,4438.38,4441.86,16972,10,0
2026-01-05 17:00:00,4441.86,4449.07,4432.35,4443.5,19556,10,0
2026-01-05 18:00:00,4443.5,4448.55,4439.73,4448.33,13329,10,0
2026-01-05 19:00:00,4448.58,4449.46,4435.1,4439.77,13530,10,0
2026-01-05 20:00:00,4439.77,4447.04,4438.03,4444.91,15593,10,0
2026-01-05 21:00:00,4444.91,4449.32,4443.3,4449.05,5899,10,0
2026-01-05 23:00:00,4450.27,4460.11,4437.24,4440.55,7086,10,0
2026-01-06 00:00:00,4440.55,4444.87,4430.49,4436.5,10669,10,0
2026-01-06 01:00:00,4436.5,4452.36,4428.05,4450.65,23365,10,0
2026-01-06 02:00:00,4450.68,4461.25,4448.73,4454.98,19745,10,0
2026-01-06 03:00:00,4454.98,4468.09,4454.21,4467.65,14004,10,0
2026-01-06 04:00:00,4467.65,4468.65,4462.12,4467.46,10090,10,0
2026-01-06 05:00:00,4467.46,4474.28,4449.31,4452.22,20176,10,0
2026-01-06 06:00:00,4452.64,4467.2,4451.67,4465.88,18524,10,0
2026-01-06 07:00:00,4465.88,4470.37,4457.19,4459.48,13862,10,0
2026-01-06 08:00:00,4459.44,4475.89,4457.35,4468.21,13908,10,0
2026-01-06 09:00:00,4468.21,4468.39,4444.88,4446.41,14862,10,0
2026-01-06 10:00:00,4446.46,4455.97,4442.58,4451.7,12398,10,0
2026-01-06 11:00:00,4451.7,4464.52,4448.8,4463.33,11504,10,0
2026-01-06 12:00:00,4463.31,4466.4,4458.9,4463.69,13528,10,0
2026-01-06 13:00:00,4463.67,4470.38,4454.36,4468.05,23012,10,0
2026-01-06 14:00:00,4468.05,4489.6,4464.54,4487.16,23675,10,0
2026-01-06 15:00:00,4487.43,4491.01,4463.1,4478.48,27902,10,0
2026-01-06 16:00:00,4478.47,4488.86,4471.67,4488.36,19816,10,0
2026-01-06 17:00:00,4488.36,4491.58,4481.67,4489.47,16564,10,0
2026-01-06 18:00:00,4489.46,4494.03,4482.18,4488.56,15448,10,0
2026-01-06 19:00:00,4488.56,4489.51,4477.29,4481.35,13907,10,0
2026-01-06 20:00:00,4481.35,4497.12,4480.34,4493.77,12045,10,0
2026-01-06 21:00:00,4493.72,4497.33,4491.83,4494.8,4701,10,0
2026-01-06 23:00:00,4496.52,4500.47,4492.21,4493.41,6363,10,0
2026-01-07 00:00:00,4493.41,4494.67,4482.39,4492.34,11953,10,0
2026-01-07 01:00:00,4492.19,4495.86,4461.07,4465.63,26781,10,0
2026-01-07 02:00:00,4465.63,4478.68,4459.76,4474.77,20430,10,0
2026-01-07 03:00:00,4474.75,4480.34,4471.97,4474.74,19176,10,0
2026-01-07 04:00:00,4474.74,4476.09,4463.61,4464.84,12368,10,0
2026-01-07 05:00:00,4464.84,4470.59,4443.4,4454.48,19565,10,0
2026-01-07 06:00:00,4454.48,4460.42,4441.22,4444.22,19232,10,0
2026-01-07 07:00:00,4444.22,4465.17,4441.74,4461.2,15147,10,0
2026-01-07 08:00:00,4461.2,4475.01,4459.13,4468.38,12540,10,0
2026-01-07 09:00:00,4468.38,4468.69,4459.62,4463.46,12371,10,0
2026-01-07 10:00:00,4463.41,4467.75,4458.92,4464.33,11101,10,0
2026-01-07 11:00:00,4464.33,4464.94,4446.58,4447.35,12018,10,0
2026-01-07 12:00:00,4447.35,4455.0,4439.43,4445.17,17864,10,0
2026-01-07 13:00:00,4445.15,4453.11,4427.8,4452.98,28269,10,0
2026-01-07 14:00:00,4452.98,4454.33,4435.75,4445.33,28318,10,0
2026-01-07 15:00:00,4445.33,4452.21,4423.56,4446.16,28295,10,0
2026-01-07 16:00:00,4446.16,4468.36,4443.94,4464.15,21676,10,0
2026-01-07 17:00:00,4464.16,4465.37,4449.9,4451.83,14341,10,0
2026-01-07 18:00:00,4451.93,4458.9,4447.18,4452.11,16208,10,0
2026-01-07 19:00:00,4452.08,4457.97,4445.4,4456.99,14255,10,0
2026-01-07 20:00:00,4456.99,4461.65,4450.61,4452.01,14666,10,0
2026-01-07 21:00:00,4452.11,4456.56,4449.92,4456.53,5234,10,0
2026-01-07 23:00:00,4460.06,4464.06,4458.55,4463.48,4898,10,0
2026-01-08 00:00:00,4463.48,4466.41,4446.84,4450.31,13454,10,0
2026-01-08 01:00:00,4450.31,4460.3,4441.84,4448.52,22641,10,0
2026-01-08 02:00:00,4448.52,4449.67,4433.27,4441.13,24344,10,0
2026-01-08 03:00:00,4441.13,4446.51,4437.32,4440.36,20530,10,0
2026-01-08 04:00:00,4440.36,4440.58,4430.24,4431.64,12824,10,0
2026-01-08 05:00:00,4431.63,4432.37,4415.72,4425.56,23068,10,0
2026-01-08 06:00:00,4425.56,4437.85,4415.87,4433.2,25348,10,0
2026-01-08 07:00:00,4433.2,4439.74,4428.51,4431.08,14574,10,0
2026-01-08 08:00:00,4431.08,4433.42,4419.93,4431.59,16045,10,0
2026-01-08 09:00:00,4431.59,4435.48,4426.15,4432.66,14021,10,0
2026-01-08 10:00:00,4432.67,4435.01,4422.93,4433.22,11089,10,0
2026-01-08 11:00:00,4433.22,4433.22,4422.25,4422.91,12300,10,0
2026-01-08 12:00:00,4422.91,4431.4,4407.89,4427.69,18511,10,0
2026-01-08 13:00:00,4427.7,4435.97,4417.33,4423.81,23747,10,0
2026-01-08 14:00:00,4423.81,4439.49,4419.13,4433.07,29306,10,0
2026-01-08 15:00:00,4433.06,4456.55,4427.89,4454.15,27263,10,0
2026-01-08 16:00:00,4454.18,4464.45,4447.01,4463.28,22282,10,0
2026-01-08 17:00:00,4463.26,4465.52,4457.59,4463.49,14772,10,0
2026-01-08 18:00:00,4463.49,4463.49,4447.93,4449.64,15498,10,0
2026-01-08 19:00:00,4449.64,4452.95,4444.84,4452.21,12038,10,0
2026-01-08 20:00:00,4452.21,4478.07,4451.62,4476.18,15170,10,0
2026-01-08 21:00:00,4476.22,4479.63,4472.67,4477.46,6826,10,0
2026-01-08 23:00:00,4483.13,4483.97,4472.88,4475.63,5569,10,0
2026-01-09 00:00:00,4475.63,4476.8,4459.9,4461.51,10027,10,0
2026-01-09 01:00:00,4462.43,4470.11,4452.93,4468.99,22159,10,0
2026-01-09 02:00:00,4468.97,4476.43,4465.61,4469.56,16554,10,0
2026-01-09 03:00:00,4469.56,4470.04,4460.6,4464.15,15991,10,0
2026-01-09 04:00:00,4464.15,4466.92,4460.82,4464.66,8120,10,0
2026-01-09 05:00:00,4464.66,4471.67,4458.29,4468.13,12160,10,0
2026-01-09 06:00:00,4468.71,4477.52,4466.06,4473.95,14824,10,0
2026-01-09 07:00:00,4473.96,4475.44,4468.5,4470.21,9529,10,0
2026-01-09 08:00:00,4470.21,4476.83,4464.09,4468.64,12582,10,0
2026-01-09 09:00:00,4468.62,4477.53,4468.5,4471.27,11251,10,0
2026-01-09 10:00:00,4471.27,4474.21,4467.08,4472.61,7291,10,0
2026-01-09 11:00:00,4472.61,4476.17,4468.76,4475.41,8050,10,0
2026-01-09 12:00:00,4475.41,4480.6,4461.17,4465.98,11991,10,0
2026-01-09 13:00:00,4465.98,4491.83,4459.95,4482.72,27952,10,0
2026-01-09 14:00:00,4482.72,4498.13,4479.05,4494.55,30461,10,0
2026-01-09 15:00:00,4494.56,4517.05,4490.27,4512.26,27675,10,0
2026-01-09 16:00:00,4512.26,4514.25,4499.76,4506.43,19947,10,0
2026-01-09 17:00:00,4506.43,4511.58,4482.1,4484.68,18091,10,0
2026-01-09 18:00:00,4484.67,4504.62,4483.05,4496.29,15638,10,0
2026-01-09 19:00:00,4496.28,4501.95,4492.84,4499.36,10313,10,0
2026-01-09 20:00:00,4499.35,4510.18,4497.84,4507.59,13160,10,0
2026-01-09 21:00:00,4507.54,4511.42,4505.01,4510.45,3391,10,0
2026-01-11 23:00:00,4521.42,4545.06,4520.72,4540.13,9682,10,0
2026-01-12 00:00:00,4540.13,4600.88,4536.38,4588.91,21831,10,0
2026-01-12 01:00:00,4588.91,4594.69,4570.29,4570.29,29027,10,0
2026-01-12 02:00:00,4570.1,4582.12,4561.63,4577.58,22951,10,0
2026-01-12 03:00:00,4577.58,4581.46,4567.66,4570.61,16305,10,0
2026-01-12 04:00:00,4570.63,4572.12,4563.48,4568.67,13602,10,0
2026-01-12 05:00:00,4568.65,4585.0,4566.14,4580.79,15368,10,0
2026-01-12 06:00:00,4580.79,4580.79,4569.83,4578.53,16296,10,0
2026-01-12 07:00:00,4578.53,4589.64,4574.86,4587.72,16640,10,0
2026-01-12 08:00:00,4587.72,4598.45,4579.38,4596.78,16195,10,0
2026-01-12 09:00:00,4596.78,4599.38,4587.59,4589.1,14997,10,0
2026-01-12 10:00:00,4589.09,4595.49,4586.05,4594.3,11878,10,0
2026-01-12 11:00:00,4594.27,4595.0,4581.84,4585.35,10905,10,0
2026-01-12 12:00:00,4585.35,4590.69,4578.47,4590.48,14664,10,0
2026-01-12 13:00:00,4590.48,4620.29,4588.52,4615.8,23091,10,0
2026-01-12 14:00:00,4615.8,4617.27,4585.1,4602.2,34156,10,0
2026-01-12 15:00:00,4602.23,4627.58,4601.8,4621.34,26153,10,0
2026-01-12 16:00:00,4621.34,4630.15,4607.82,4616.9,20093,10,0
2026-01-12 17:00:00,4616.9,4620.5,4610.71,4616.36,16196,10,0
2026-01-12 18:00:00,4616.36,4618.57,4600.58,4610.84,16659,10,0
2026-01-12 19:00:00,4610.85,4618.91,4608.7,4611.17,12054,10,0
2026-01-12 20:00:00,4611.21,4611.71,4591.51,4593.47,17538,10,0
2026-01-12 21:00:00,4593.55,4597.69,4589.35,4597.52,7785,10,0
2026-01-12 23:00:00,4607.38,4607.63,4578.07,4599.43,12151,10,0
2026-01-13 00:00:00,4599.72,4599.83,4584.47,4587.31,9215,10,0
2026-01-13 01:00:00,4587.31,4595.73,4575.52,4577.97,25168,10,0
2026-01-13 02:00:00,4577.97,4594.96,4576.76,4594.26,20251,10,0
2026-01-13 03:00:00,4594.26,4599.6,4592.59,4594.18,13330,10,0
2026-01-13 04:00:00,4594.18,4599.83,4593.98,4596.47,9971,10,0
2026-01-13 05:00:00,4596.47,4602.09,4585.84,4592.15,14563,10,0
2026-01-13 06:00:00,4592.15,4592.59,4573.79,4581.8,19275,10,0
2026-01-13 07:00:00,4581.85,4587.07,4577.58,4580.71,11027,10,0
2026-01-13 08:00:00,4580.73,4597.23,4579.77,4592.77,12372,10,0
2026-01-13 09:00:00,4592.77,4595.6,4585.64,4586.15,9828,10,0
2026-01-13 10:00:00,4586.14,4588.26,4580.44,4586.38,9071,10,0
2026-01-13 11:00:00,4586.38,4592.1,4582.14,4588.62,10236,10,0
2026-01-13 12:00:00,4588.63,4595.18,4577.84,4593.24,10532,10,0
2026-01-13 13:00:00,4593.24,4620.85,4590.67,4611.57,27325,10,0
2026-01-13 14:00:00,4611.57,4634.63,4609.14,4629.82,28188,10,0
2026-01-13 15:00:00,4629.82,4630.11,4600.7,4619.26,30064,10,0
2026-01-13 16:00:00,4619.15,4620.75,4593.13,4613.42,21404,10,0
2026-01-13 17:00:00,4613.43,4615.99,4586.78,4590.47,17461,10,0
2026-01-13 18:00:00,4590.46,4602.01,4581.18,4594.13,22107,10,0
2026-01-13 19:00:00,4594.13,4599.07,4584.34,4597.55,14358,10,0
2026-01-13 20:00:00,4597.55,4597.89,4569.66,4586.09,17434,10,0
2026-01-13 21:00:00,4586.14,4589.95,4582.9,4586.59,7545,10,0
2026-01-13 23:00:00,4591.5,4598.86,4589.33,4597.08,6552,10,0
2026-01-14 00:00:00,4597.08,4610.73,4597.08,4609.04,11686,10,0
2026-01-14 01:00:00,4609.16,4620.02,4606.12,4619.23,21172,10,0
2026-01-14 02:00:00,4619.23,4623.68,4614.25,4620.52,16777,10,0
2026-01-14 03:00:00,4620.52,4629.86,4613.4,4628.1,13815,10,0
2026-01-14 04:00:00,4628.1,4630.56,4625.31,4629.42,12242,10,0
2026-01-14 05:00:00,4629.42,4639.77,4617.81,4619.58,17997,10,0
2026-01-14 06:00:00,4619.55,4637.19,4618.3,4637.18,20049,10,0
2026-01-14 07:00:00,4637.22,4639.63,4631.63,4632.57,11697,10,0
2026-01-14 08:00:00,4632.53,4637.99,4621.93,4635.03,16262,10,0
2026-01-14 09:00:00,4635.03,4639.62,4627.05,4630.48,13010,10,0
2026-01-14 10:00:00,4630.47,4638.31,4627.77,4633.11,11067,10,0
2026-01-14 11:00:00,4633.11,4637.47,4626.04,4630.35,12169,10,0
2026-01-14 12:00:00,4630.37,4641.41,4630.26,4638.65,15120,10,0
2026-01-14 13:00:00,4638.72,4641.58,4625.14,4635.74,25072,10,0
2026-01-14 14:00:00,4635.78,4638.98,4606.98,4617.67,31545,10,0
2026-01-14 15:00:00,4617.67,4626.54,4599.54,4617.93,33321,10,0
2026-01-14 16:00:00,4617.95,4624.81,4608.65,4617.02,24110,10,0
2026-01-14 17:00:00,4616.97,4619.15,4601.21,4614.34,24657,10,0
2026-01-14 18:00:00,4614.34,4637.31,4612.86,4635.11,19648,10,0
2026-01-14 19:00:00,4635.13,4642.93,4633.34,4639.14,17475,10,0
2026-01-14 20:00:00,4639.14,4641.55,4625.68,4632.62,22770,10,0
2026-01-14 21:00:00,4632.62,4633.03,4617.82,4626.61,9043,10,0
2026-01-14 23:00:00,4630.67,4632.9,4604.12,4615.37,13590,10,0
2026-01-15 00:00:00,4615.37,4618.16,4610.31,4615.22,12368,10,0
2026-01-15 01:00:00,4615.22,4617.49,4583.59,4600.07,30262,10,0
2026-01-15 02:00:00,4600.09,4614.66,4595.41,4602.91,21919,10,0
2026-01-15 03:00:00,4602.89,4604.23,4581.14,4592.35,22546,10,0
2026-01-15 04:00:00,4592.3,4597.36,4586.96,4592.16,14379,10,0
2026-01-15 05:00:00,4592.32,4598.89,4581.1,4595.25,16990,10,0
2026-01-15 06:00:00,4595.32,4611.9,4593.69,4610.19,20512,10,0
2026-01-15 07:00:00,4610.19,4613.56,4599.31,4601.85,12781,10,0
2026-01-15 08:00:00,4601.8,4607.19,4597.83,4604.31,15535,10,0
2026-01-15 09:00:00,4604.31,4613.16,4600.77,4612.66,13565,10,0
2026-01-15 10:00:00,4612.64,4620.35,4609.23,4619.89,12479,10,0
2026-01-15 11:00:00,4619.91,4623.17,4615.59,4619.18,9226,13,0
2026-01-15 12:00:00,4619.18,4620.85,4611.64,4614.03,13207,13,0
2026-01-15 13:00:00,4614.03,4616.11,4582.03,4588.28,29867,13,0
2026-01-15 14:00:00,4588.38,4615.16,4583.31,4611.09,28003,11,0
2026-01-15 15:00:00,4611.08,4618.04,4603.86,4615.47,23789,13,0
2026-01-15 16:00:00,4615.46,4624.86,4601.26,4605.61,23835,13,0
2026-01-15 17:00:00,4605.61,4616.91,4605.6,4616.56,17036,13,0
2026-01-15 18:00:00,4616.56,4621.24,4613.54,4617.62,15095,13,0
2026-01-15 19:00:00,4617.62,4621.52,4612.78,4615.94,12806,13,0
2026-01-15 20:00:00,4615.94,4616.36,4600.76,4605.8,18452,13,0
2026-01-15 21:00:00,4605.81,4616.34,4604.48,4615.96,7154,13,0
2026-01-15 23:00:00,4617.71,4620.93,4606.48,4610.31,8786,13,0
2026-01-16 00:00:00,4610.31,4611.49,4598.39,4599.96,13865,13,0
2026-01-16 01:00:00,4599.95,4608.68,4593.44,4600.67,22063,13,0
2026-01-16 02:00:00,4600.67,4604.45,4591.26,4595.04,21916,13,0
2026-01-16 03:00:00,4595.04,4599.68,4592.81,4596.34,14337,13,0
2026-01-16 04:00:00,4596.34,4602.05,4596.1,4601.21,8747,13,0
2026-01-16 05:00:00,4601.24,4616.29,4595.33,4611.49,14473,13,0
2026-01-16 06:00:00,4611.49,4612.33,4594.19,4598.02,18235,2,0
2026-01-16 07:00:00,4598.04,4612.04,4596.82,4607.59,12718,13,0
2026-01-16 08:00:00,4607.59,4610.73,4601.31,4603.35,10771,13,0
2026-01-16 09:00:00,4603.35,4608.45,4598.91,4600.82,8375,13,0
2026-01-16 10:00:00,4600.82,4611.18,4599.76,4600.21,7678,13,0
2026-01-16 11:00:00,4600.21,4616.2,4598.6,4612.58,8947,13,0
2026-01-16 12:00:00,4612.58,4612.98,4597.98,4601.83,10049,13,0
2026-01-16 13:00:00,4601.93,4605.62,4582.73,4601.95,26629,13,0
2026-01-16 14:00:00,4601.95,4614.66,4596.3,4607.82,24032,13,0
2026-01-16 15:00:00,4607.82,4620.19,4537.54,4571.08,37896,13,0
2026-01-16 16:00:00,4571.05,4599.06,4567.88,4591.25,27033,13,0
2026-01-16 17:00:00,4591.34,4593.21,4576.78,4581.41,18681,13,0
2026-01-16 18:00:00,4581.41,4596.02,4580.05,4582.67,16983,13,0
2026-01-16 19:00:00,4582.66,4592.4,4580.98,4590.57,13260,13,0
2026-01-16 20:00:00,4590.57,4595.87,4580.8,4581.95,13693,13,0
2026-01-16 21:00:00,4581.95,4598.41,4581.95,4594.58,5560,13,0
2026-01-18 23:00:00,4648.93,4690.67,4646.45,4672.73,18660,13,0
2026-01-19 00:00:00,4672.73,4681.94,4663.19,4675.24,15505,13,0
2026-01-19 01:00:00,4675.23,4678.65,4656.24,4657.19,25639,13,0
2026-01-19 02:00:00,4657.19,4664.98,4653.23,4662.47,17775,13,0
2026-01-19 03:00:00,4662.47,4669.73,4658.16,4658.4,14989,13,0
2026-01-19 04:00:00,4658.4,4666.08,4658.13,4663.31,8539,13,0
2026-01-19 05:00:00,4663.31,4674.47,4663.16,4670.01,12673,13,0
2026-01-19 06:00:00,4670.01,4679.2,4666.76,4677.94,13014,13,0
2026-01-19 07:00:00,4677.92,4678.81,4661.82,4665.19,11505,13,0
2026-01-19 08:00:00,4665.19,4673.8,4661.8,4663.51,12059,13,0
2026-01-19 09:00:00,4663.55,4673.0,4662.04,4668.49,10482,13,0
2026-01-19 10:00:00,4668.49,4671.36,4661.25,4663.73,9055,13,0
2026-01-19 11:00:00,4663.73,4667.52,4659.77,4660.63,7771,13,0
2026-01-19 12:00:00,4660.63,4673.85,4660.15,4671.92,8278,13,0
2026-01-19 13:00:00,4671.94,4673.76,4664.5,4666.17,10184,13,0
2026-01-19 14:00:00,4666.15,4670.4,4661.63,4666.58,9764,13,0
2026-01-19 15:00:00,4666.59,4676.15,4664.23,4674.41,10357,13,0
2026-01-19 16:00:00,4674.41,4675.58,4670.39,4672.2,7934,13,0
2026-01-19 17:00:00,4672.19,4678.84,4669.2,4676.24,6791,13,0
2026-01-19 18:00:00,4676.23,4680.3,4673.77,4676.57,5521,13,0
2026-01-19 19:00:00,4676.57,4676.68,4667.12,4670.86,3612,13,0
2026-01-19 23:00:00,4675.2,4677.06,4664.42,4665.37,5083,13,0
2026-01-20 00:00:00,4665.37,4668.05,4659.56,4660.39,7070,13,0
2026-01-20 01:00:00,4660.4,4676.14,4659.93,4669.78,14623,13,0
2026-01-20 02:00:00,4669.75,4674.93,4665.53,4668.73,12462,13,0
2026-01-20 03:00:00,4668.84,4681.57,4666.12,4680.22,10474,13,0
2026-01-20 04:00:00,4680.23,4697.08,4679.62,4695.2,10170,13,0
2026-01-20 05:00:00,4695.21,4716.72,4694.3,4714.52,13761,13,0
2026-01-20 06:00:00,4714.52,4717.26,4705.59,4712.49,15671,13,0
2026-01-20 07:00:00,4712.25,4722.83,4711.43,4716.15,10870,13,0
2026-01-20 08:00:00,4716.17,4731.5,4715.07,4729.39,12096,13,0
2026-01-20 09:00:00,4729.39,4737.45,4721.22,4732.49,11036,13,0
2026-01-20 10:00:00,4732.49,4734.97,4722.98,4726.48,10054,13,0
2026-01-20 11:00:00,4726.48,4735.32,4721.67,4733.23,9718,13,0
2026-01-20 12:00:00,4733.01,4733.01,4724.07,4727.64,11833,13,0
2026-01-20 13:00:00,4727.67,4738.41,4715.42,4737.26,19815,13,0
2026-01-20 14:00:00,4737.2,4751.24,4728.68,4741.29,23672,13,0
2026-01-20 15:00:00,4741.26,4748.65,4722.41,4737.51,21554,13,0
2026-01-20 16:00:00,4737.55,4757.79,4729.27,4753.58,16532,13,0
2026-01-20 17:00:00,4753.2,4762.62,4746.09,4759.1,13573,13,0
2026-01-20 18:00:00,4759.08,4766.18,4752.61,4759.38,13966,13,0
2026-01-20 19:00:00,4759.35,4766.41,4756.48,4760.71,10237,13,0
2026-01-20 20:00:00,4760.69,4761.18,4747.44,4756.7,12278,13,0
2026-01-20 21:00:00,4756.67,4763.96,4756.33,4763.63,7512,13,0
2026-01-20 23:00:00,4760.89,4781.19,4757.9,4775.88,6139,13,0
2026-01-21 00:00:00,4775.88,4787.41,4770.82,4784.64,8319,13,0
2026-01-21 01:00:00,4784.63,4844.28,4783.63,4835.28,21094,13,0
2026-01-21 02:00:00,4835.37,4842.29,4817.19,4836.69,16646,13,0
2026-01-21 03:00:00,4836.63,4849.93,4826.92,4844.96,13788,13,0
2026-01-21 04:00:00,4844.92,4870.92,4838.01,4866.07,11553,13,0
2026-01-21 05:00:00,4866.02,4878.24,4858.89,4869.74,13713,13,0
2026-01-21 06:00:00,4869.99,4888.71,4845.85,4847.6,17017,13,0
2026-01-21 07:00:00,4847.63,4857.12,4832.58,4855.36,15621,13,0
2026-01-21 08:00:00,4855.34,4869.67,4851.61,4854.75,10967,13,0
2026-01-21 09:00:00,4854.75,4877.14,4852.42,4860.47,10769,13,0
2026-01-21 10:00:00,4860.37,4866.69,4859.55,4862.1,8687,13,0
2026-01-21 11:00:00,4862.12,4871.5,4855.06,4866.85,8400,13,0
2026-01-21 12:00:00,4866.83,4870.97,4855.35,4865.05,10686,13,0
2026-01-21 13:00:00,4865.18,4880.27,4858.44,4879.29,16399,13,0
2026-01-21 14:00:00,4879.35,4880.92,4839.29,4851.95,24091,13,0
2026-01-21 15:00:00,4852.02,4868.66,4812.91,4847.77,25470,13,0
2026-01-21 16:00:00,4847.92,4855.71,4819.89,4833.42,22385,13,0
2026-01-21 17:00:00,4833.42,4834.3,4802.6,4826.36,22338,13,0
2026-01-21 18:00:00,4826.26,4850.75,4819.8,4850.35,17880,13,0
2026-01-21 19:00:00,4850.35,4853.95,4755.78,4781.37,21258,13,0
2026-01-21 20:00:00,4781.37,4827.73,4772.47,4826.87,21063,13,0
2026-01-21 21:00:00,4826.53,4839.87,4813.07,4831.32,8912,13,0
2026-01-21 23:00:00,4832.57,4833.04,4777.6,4778.37,9870,13,0
2026-01-22 00:00:00,4778.3,4798.84,4778.16,4798.25,10729,13,0
2026-01-22 01:00:00,4797.95,4809.64,4772.54,4797.99,17761,13,0
2026-01-22 02:00:00,4797.79,4798.2,4774.89,4788.97,14898,13,0
2026-01-22 03:00:00,4788.97,4796.9,4784.11,4796.7,12426,13,0
2026-01-22 04:00:00,4796.69,4800.44,4794.02,4797.55,10828,13,0
2026-01-22 05:00:00,4797.23,4821.57,4793.8,4821.39,12155,13,0
2026-01-22 06:00:00,4821.38,4829.31,4816.35,4826.48,12936,13,0
2026-01-22 07:00:00,4826.66,4838.19,4825.74,4832.61,9808,13,0
2026-01-22 08:00:00,4832.6,4835.57,4822.16,4830.68,10893,13,0
2026-01-22 09:00:00,4830.7,4837.95,4814.01,4823.14,10627,13,0
2026-01-22 10:00:00,4823.14,4831.63,4819.46,4828.88,8389,13,0
2026-01-22 11:00:00,4828.88,4836.29,4824.57,4831.04,8672,14,0
2026-01-22 12:00:00,4831.0,4832.48,4818.63,4819.71,9968,14,0
2026-01-22 13:00:00,4819.89,4835.32,4810.78,4822.28,16775,14,0
2026-01-22 14:00:00,4822.21,4847.58,4820.46,4835.23,17684,14,0
2026-01-22 15:00:00,4835.21,4873.75,4826.9,4871.8,20378,14,0
2026-01-22 16:00:00,4871.84,4885.25,4868.04,4878.04,16828,14,0
2026-01-22 17:00:00,4878.09,4906.3,4871.15,4904.54,17624,14,0
2026-01-22 18:00:00,4904.5,4919.47,4901.21,4916.0,15141,14,0
2026-01-22 19:00:00,4916.06,4924.31,4905.92,4911.86,12792,14,0
2026-01-22 20:00:00,4911.91,4928.35,4911.53,4916.99,12294,14,0
2026-01-22 21:00:00,4916.91,4940.66,4914.65,4936.43,7877,14,0
2026-01-22 23:00:00,4944.31,4960.64,4930.83,4959.11,10147,14,0
2026-01-23 00:00:00,4959.11,4965.44,4947.57,4965.11,8599,14,0
2026-01-23 01:00:00,4965.11,4967.4,4936.85,4953.61,16058,14,0
2026-01-23 02:00:00,4953.56,4962.32,4947.21,4955.6,9299,14,0
2026-01-23 03:00:00,4955.62,4959.04,4938.28,4952.04,9320,14,0
2026-01-23 04:00:00,4952.04,4958.44,4950.29,4956.36,4717,14,0
2026-01-23 05:00:00,4956.36,4967.41,4954.67,4960.78,6794,14,0
2026-01-23 06:00:00,4960.77,4963.24,4945.47,4953.74,11689,14,0
2026-01-23 07:00:00,4953.75,4959.61,4943.16,4944.49,9529,14,0
2026-01-23 08:00:00,4944.46,4947.7,4901.1,4913.89,14911,14,0
2026-01-23 09:00:00,4913.85,4921.65,4899.76,4918.8,12928,14,0
2026-01-23 10:00:00,4918.73,4932.59,4915.69,4929.89,8931,14,0
2026-01-23 11:00:00,4929.89,4929.94,4912.04,4922.86,8720,14,0
2026-01-23 12:00:00,4922.86,4942.63,4918.37,4939.43,11327,14,0
2026-01-23 13:00:00,4939.51,4948.03,4923.79,4939.08,18976,14,0
2026-01-23 14:00:00,4939.05,4956.61,4932.95,4943.39,18781,14,0
2026-01-23 15:00:00,4943.04,4963.39,4938.28,4960.49,18908,14,0
2026-01-23 16:00:00,4960.65,4988.09,4959.07,4980.36,18982,14,0
2026-01-23 17:00:00,4980.46,4988.02,4962.06,4965.61,15613,14,0
2026-01-23 18:00:00,4965.58,4984.11,4958.38,4966.56,15790,14,0
2026-01-23 19:00:00,4966.55,4989.93,4966.55,4984.33,10927,14,0
2026-01-23 20:00:00,4984.14,4985.64,4970.66,4981.5,12921,14,0
2026-01-23 21:00:00,4981.29,4986.04,4978.03,4982.47,4354,14,0
2026-01-25 23:00:00,5014.17,5040.16,5003.69,5039.76,14015,14,0
2026-01-26 00:00:00,5039.82,5052.02,5030.62,5041.68,15428,14,0
2026-01-26 01:00:00,5041.78,5085.55,5028.99,5070.96,22924,14,0
2026-01-26 02:00:00,5070.88,5093.03,5066.95,5080.97,18716,14,0
2026-01-26 03:00:00,5081.07,5087.99,5069.96,5076.7,15938,14,0
2026-01-26 04:00:00,5076.66,5078.13,5058.29,5070.38,11380,14,0
2026-01-26 05:00:00,5070.27,5076.68,5052.36,5074.54,17319,14,0
2026-01-26 06:00:00,5074.47,5111.28,5065.38,5077.99,19268,14,0
2026-01-26 07:00:00,5077.58,5095.74,5073.95,5089.17,12265,14,0
2026-01-26 08:00:00,5088.88,5098.31,5080.11,5083.47,13887,14,0
2026-01-26 09:00:00,5083.46,5098.56,5075.42,5084.1,14040,14,0
2026-01-26 10:00:00,5084.49,5095.04,5078.63,5091.7,11545,14,0
2026-01-26 11:00:00,5091.7,5092.83,5078.4,5091.47,12350,14,0
2026-01-26 12:00:00,5091.5,5096.95,5077.26,5078.98,14103,14,0
2026-01-26 13:00:00,5078.95,5083.24,5054.61,5068.7,20760,14,0
2026-01-26 14:00:00,5068.71,5096.89,5058.5,5096.2,21881,14,0
2026-01-26 15:00:00,5096.39,5097.33,5074.19,5090.97,23162,14,0
2026-01-26 16:00:00,5090.95,5104.98,5065.45,5089.44,23362,14,0
2026-01-26 17:00:00,5089.5,5104.76,5080.9,5100.94,21545,14,0
2026-01-26 18:00:00,5101.0,5103.21,5059.03,5068.9,27747,14,0
2026-01-26 19:00:00,5068.88,5069.63,5008.55,5028.78,28222,14,0
2026-01-26 20:00:00,5029.08,5062.3,5026.29,5054.92,23714,14,0
2026-01-26 21:00:00,5055.12,5059.17,4989.84,5008.25,18536,14,0
2026-01-26 23:00:00,5020.58,5061.51,5019.26,5043.7,12072,14,0
2026-01-27 00:00:00,5043.73,5054.12,5013.84,5032.91,13393,14,0
2026-01-27 01:00:00,5032.91,5075.9,5018.59,5060.15,22309,14,0
2026-01-27 02:00:00,5060.07,5080.01,5049.61,5072.48,16294,14,0
2026-01-27 03:00:00,5072.5,5079.15,5060.3,5076.84,14657,14,0
2026-01-27 04:00:00,5076.59,5078.71,5061.67,5067.87,13848,14,0
2026-01-27 05:00:00,5067.78,5085.45,5057.24,5082.93,15998,14,0
2026-01-27 06:00:00,5082.93,5094.01,5076.69,5085.86,14792,14,0
2026-01-27 07:00:00,5085.86,5100.66,5081.44,5085.85,15840,14,0
2026-01-27 08:00:00,5085.85,5088.21,5073.49,5079.5,14148,14,0
2026-01-27 09:00:00,5079.49,5099.58,5078.03,5098.67,12659,14,0
2026-01-27 10:00:00,5098.44,5098.55,5081.76,5086.4,11498,14,0
2026-01-27 11:00:00,5086.4,5090.85,5066.91,5077.03,11977,14,0
2026-01-27 12:00:00,5077.05,5091.22,5073.56,5085.03,15582,14,0
2026-01-27 13:00:00,5085.01,5092.93,5069.67,5077.58,21303,14,0
2026-01-27 14:00:00,5077.64,5082.17,5046.85,5054.8,27741,14,0
2026-01-27 15:00:00,5054.97,5091.17,5047.97,5090.95,25200,14,0
2026-01-27 16:00:00,5090.92,5103.28,5083.33,5087.51,22208,14,0
2026-01-27 17:00:00,5087.51,5094.16,5076.78,5081.27,20801,14,0
2026-01-27 18:00:00,5081.28,5095.54,5076.4,5087.97,19359,14,0
2026-01-27 19:00:00,5087.99,5100.04,5081.18,5098.94,12389,14,0
2026-01-27 20:00:00,5098.97,5182.32,5097.94,5176.6,25675,14,0
2026-01-27 21:00:00,5176.73,5190.33,5169.42,5181.13,14029,14,0
2026-01-27 23:00:00,5169.72,5184.65,5159.13,5172.31,13467,14,0
2026-01-28 00:00:00,5172.24,5180.3,5157.42,5171.93,13945,14,0
2026-01-28 01:00:00,5171.91,5225.18,5168.64,5204.89,24493,14,0
2026-01-28 02:00:00,5204.87,5234.55,5201.86,5232.05,19716,14,0
2026-01-28 03:00:00,5231.83,5247.58,5224.55,5235.14,18679,14,0
2026-01-28 04:00:00,5235.13,5248.9,5232.3,5245.55,11832,14,0
2026-01-28 05:00:00,5245.56,5266.28,5241.56,5261.24,16173,14,0
2026-01-28 06:00:00,5261.21,5271.47,5251.98,5269.76,16232,14,0
2026-01-28 07:00:00,5270.11,5292.74,5263.14,5290.47,14814,14,0
2026-01-28 08:00:00,5290.48,5311.58,5280.73,5293.77,17191,14,0
2026-01-28 09:00:00,5293.75,5297.61,5263.51,5278.21,15204,14,0
2026-01-28 10:00:00,5278.22,5285.98,5269.26,5270.06,11520,14,0
2026-01-28 11:00:00,5270.36,5270.76,5239.04,5261.54,14210,14,0
2026-01-28 12:00:00,5261.54,5279.37,5251.8,5279.31,14525,14,0
2026-01-28 13:00:00,5279.21,5289.55,5256.98,5266.55,21064,14,0
2026-01-28 14:00:00,5266.54,5288.3,5248.64,5285.96,23463,14,0
2026-01-28 15:00:00,5286.16,5298.29,5236.86,5278.28,24195,14,0
2026-01-28 16:00:00,5278.25,5299.74,5274.5,5299.71,21402,14,0
2026-01-28 17:00:00,5299.76,5306.93,5283.2,5298.07,19073,14,0
2026-01-28 18:00:00,5298.06,5325.67,5268.84,5282.57,24586,14,0
2026-01-28 19:00:00,5281.89,5331.75,5269.44,5325.54,23921,14,0
2026-01-28 20:00:00,5325.62,5391.36,5321.26,5376.56,25580,14,0
2026-01-28 21:00:00,5376.68,5419.21,5376.68,5417.82,14040,14,0
2026-01-28 23:00:00,5422.89,5595.19,5422.74,5512.84,17900,14,0
2026-01-29 00:00:00,5512.79,5527.51,5453.21,5520.31,20517,14,0
2026-01-29 01:00:00,5520.43,5551.91,5447.02,5545.68,25039,14,0
2026-01-29 02:00:00,5545.67,5550.09,5504.35,5535.78,23276,14,0
2026-01-29 03:00:00,5535.88,5548.96,5509.84,5545.83,19693,14,0
2026-01-29 04:00:00,5545.84,5564.61,5533.45,5558.18,15317,14,0
2026-01-29 05:00:00,5557.83,5564.33,5517.14,5562.49,17604,14,0
2026-01-29 06:00:00,5562.5,5595.51,5554.75,5561.64,21699,14,0
2026-01-29 07:00:00,5561.7,5574.96,5537.04,5549.04,19029,14,0
2026-01-29 08:00:00,5548.95,5554.8,5474.92,5509.89,20749,14,0
2026-01-29 09:00:00,5509.83,5529.72,5498.26,5514.12,16731,14,0
2026-01-29 10:00:00,5514.15,5525.24,5482.4,5483.35,14946,14,0
2026-01-29 11:00:00,5483.36,5528.94,5470.91,5522.68,16499,14,0
2026-01-29 12:00:00,5522.69,5543.0,5518.58,5534.24,17510,14,0
2026-01-29 13:00:00,5534.23,5541.16,5500.25,5510.56,23519,14,0
2026-01-29 14:00:00,5510.54,5549.76,5491.15,5496.88,28013,14,0
2026-01-29 15:00:00,5496.66,5496.66,5105.19,5182.76,16460,14,0
2026-01-29 16:00:00,5182.7,5311.17,5171.96,5263.88,39476,14,0
2026-01-29 17:00:00,5264.15,5375.63,5264.15,5334.94,43579,23,0
2026-01-29 18:00:00,5334.88,5362.05,5308.5,5338.83,38209,23,0
2026-01-29 19:00:00,5338.88,5345.4,5290.0,5305.58,39313,23,0
2026-01-29 20:00:00,5305.61,5406.88,5282.49,5394.34,29059,14,0
2026-01-29 21:00:00,5394.34,5425.75,5369.77,5370.9,13570,15,0
2026-01-29 23:00:00,5399.04,5448.52,5390.02,5438.37,14878,28,0
2026-01-30 00:00:00,5438.4,5450.96,5390.03,5407.16,17777,14,0
2026-01-30 01:00:00,5407.22,5408.99,5290.59,5301.29,24202,14,0
2026-01-30 02:00:00,5301.35,5312.44,5113.67,5227.06,20737,14,0
2026-01-30 03:00:00,5226.1,5229.29,5152.05,5196.58,19579,14,0
2026-01-30 04:00:00,5196.61,5230.55,5193.96,5214.98,16219,14,0
2026-01-30 05:00:00,5214.1,5241.73,5180.96,5184.86,18378,14,0
2026-01-30 06:00:00,5184.86,5204.74,5146.45,5155.87,20113,14,0
2026-01-30 07:00:00,5155.89,5186.49,5117.84,5182.86,18815,14,0
2026-01-30 08:00:00,5178.65,5178.65,5055.79,5117.49,19788,14,0
2026-01-30 09:00:00,5117.19,5131.57,4943.36,5015.57,17411,14,0
2026-01-30 10:00:00,5012.55,5122.41,5000.8,5120.21,18101,14,0
2026-01-30 11:00:00,5120.0,5144.61,5090.54,5135.86,17112,14,0
2026-01-30 12:00:00,5135.9,5145.8,5056.59,5064.95,16801,14,0
2026-01-30 13:00:00,5064.88,5099.87,4992.95,5019.5,20791,14,0
2026-01-30 14:00:00,5019.55,5112.97,5015.59,5033.0,23788,14,0
2026-01-30 15:00:00,5032.29,5074.01,4982.21,5050.57,25843,14,0
2026-01-30 16:00:00,5050.7,5051.89,4944.02,4985.63,25712,14,0
2026-01-30 17:00:00,4985.25,4985.98,4801.01,4849.81,23903,14,0
2026-01-30 18:00:00,4849.47,4892.81,4571.58,4880.28,14168,14,0
2026-01-30 19:00:00,4880.65,4947.51,4839.42,4932.94,19967,14,0
2026-01-30 20:00:00,4932.94,4932.98,4810.01,4852.26,19571,14,0
2026-01-30 21:00:00,4851.42,4889.76,4831.87,4860.15,10195,28,0
2026-02-01 23:00:00,4824.66,4825.97,4696.22,4740.91,10748,28,0
2026-02-02 00:00:00,4741.32,4884.77,4740.23,4766.44,18807,14,0
2026-02-02 01:00:00,4766.18,4784.2,4584.19,4737.59,17033,14,0
2026-02-02 02:00:00,4737.34,4772.39,4699.43,4711.42,20507,14,0
2026-02-02 03:00:00,4711.39,4729.15,4630.3,4643.62,22152,14,0
2026-02-02 04:00:00,4647.12,4712.97,4603.84,4680.13,18373,14,0
2026-02-02 05:00:00,4680.1,4695.61,4499.25,4548.75,18713,14,0
2026-02-02 06:00:00,4549.0,4573.26,4403.59,4502.91,16373,14,0
2026-02-02 07:00:00,4503.66,4619.11,4490.46,4586.9,17189,14,0
2026-02-02 08:00:00,4586.9,4651.11,4565.08,4641.32,17744,15,0
2026-02-02 09:00:00,4641.36,4731.69,4604.02,4720.07,19115,15,0
2026-02-02 10:00:00,4719.92,4733.86,4657.65,4705.85,17041,15,0
2026-02-02 11:00:00,4705.87,4779.5,4703.53,4766.66,16733,15,0
2026-02-02 12:00:00,4766.2,4812.35,4744.86,4794.26,16841,15,0
2026-02-02 13:00:00,4794.26,4803.36,4669.82,4706.16,21920,15,0
2026-02-02 14:00:00,4706.16,4793.47,4680.04,4721.43,22776,15,0
2026-02-02 15:00:00,4700.03,4745.61,4617.55,4620.02,23269,15,0
2026-02-02 16:00:00,4620.03,4708.65,4596.77,4665.93,23858,15,0
2026-02-02 17:00:00,4665.96,4713.8,4655.58,4674.1,20166,15,0
2026-02-02 18:00:00,4674.07,4674.22,4618.67,4657.92,19192,15,0
2026-02-02 19:00:00,4657.93,4712.4,4631.57,4685.49,18003,15,0
2026-02-02 20:00:00,4685.6,4700.63,4647.65,4653.24,18756,15,0
2026-02-02 21:00:00,4652.69,4686.83,4644.12,4660.64,10357,15,0
2026-02-02 23:00:00,4675.75,4775.82,4675.75,4774.49,11976,28,0
2026-02-03 00:00:00,4774.08,4830.58,4765.8,4780.21,16201,15,0
2026-02-03 01:00:00,4780.95,4856.16,4766.44,4841.53,22564,15,0
2026-02-03 02:00:00,4841.24,4841.79,4745.73,4783.8,20236,15,0
2026-02-03 03:00:00,4783.99,4813.28,4751.82,4811.19,19335,15,0
2026-02-03 04:00:00,4809.26,4825.26,4800.71,4809.22,14247,15,0
2026-02-03 05:00:00,4809.67,4841.68,4809.4,4825.17,14538,15,0
2026-02-03 06:00:00,4825.21,4893.83,4817.18,4881.58,19550,15,0
2026-02-03 07:00:00,4881.34,4933.61,4872.07,4917.3,15031,15,0
2026-02-03 08:00:00,4917.22,4946.79,4898.28,4912.55,15191,15,0
2026-02-03 09:00:00,4912.58,4926.11,4884.73,4916.18,13718,15,0
2026-02-03 10:00:00,4916.18,4929.67,4901.75,4902.34,10673,15,0
2026-02-03 11:00:00,4902.32,4919.27,4883.78,4916.68,12198,15,0
2026-02-03 12:00:00,4916.65,4935.51,4892.43,4913.75,13453,15,0
2026-02-03 13:00:00,4913.86,4951.01,4904.55,4932.57,21386,15,0
2026-02-03 14:00:00,4932.81,4935.34,4895.34,4917.17,24394,15,0
2026-02-03 15:00:00,4916.96,4948.66,4905.08,4935.35,22317,15,0
2026-02-03 16:00:00,4935.48,4993.66,4929.79,4955.5,21980,15,0
2026-02-03 17:00:00,4955.36,4969.23,4907.81,4929.28,23782,15,0
2026-02-03 18:00:00,4929.2,4953.96,4885.65,4908.29,22626,15,0
2026-02-03 19:00:00,4908.35,4948.79,4880.91,4927.26,20300,15,0
2026-02-03 20:00:00,4927.18,4956.63,4902.98,4944.35,18610,15,0
2026-02-03 21:00:00,4944.43,4964.13,4934.17,4947.09,7313,15,0
2026-02-03 23:00:00,4962.87,4972.39,4910.65,4947.65,11503,28,0
2026-02-04 00:00:00,4947.4,5016.26,4946.3,5015.91,16755,15,0
2026-02-04 01:00:00,5015.98,5053.64,4992.55,5046.87,19493,15,0
2026-02-04 02:00:00,5046.83,5065.76,5035.54,5040.19,14290,15,0
2026-02-04 03:00:00,5040.26,5073.62,5035.94,5069.82,12503,15,0
2026-02-04 04:00:00,5069.79,5081.44,5056.11,5080.58,7423,15,0
2026-02-04 05:00:00,5080.57,5090.48,5069.18,5079.51,9879,15,0
2026-02-04 06:00:00,5079.51,5082.89,5051.21,5077.06,14548,15,0
2026-02-04 07:00:00,5076.93,5091.27,5062.16,5084.68,11720,15,0
2026-02-04 08:00:00,5084.68,5091.77,5068.94,5083.51,9682,15,0
2026-02-04 09:00:00,5083.48,5086.83,5043.56,5060.06,12610,15,0
2026-02-04 10:00:00,5060.2,5064.3,5041.74,5048.55,9887,15,0
2026-02-04 11:00:00,5048.55,5053.26,5013.43,5047.49,11946,15,0
2026-02-04 12:00:00,5047.49,5063.42,5037.31,5041.04,10443,15,0
2026-02-04 13:00:00,5041.1,5063.24,5023.4,5053.96,17311,15,0
2026-02-04 14:00:00,5054.25,5058.66,4967.32,4985.92,21587,15,0
2026-02-04 15:00:00,4985.64,5007.78,4887.41,4918.18,25068,15,0
2026-02-04 16:00:00,4920.35,4940.0,4856.38,4904.51,23569,15,0
2026-02-04 17:00:00,4904.5,4929.61,4888.48,4898.06,22077,15,0
2026-02-04 18:00:00,4898.06,4934.49,4873.21,4927.38,18775,15,0
2026-02-04 19:00:00,4927.48,4957.65,4915.07,4941.84,17566,15,0
2026-02-04 20:00:00,4942.02,4951.23,4915.04,4938.64,16316,15,0
2026-02-04 21:00:00,4938.4,4970.87,4937.6,4964.93,6600,14,0
2026-02-04 23:00:00,4978.49,5023.91,4968.04,5012.46,10094,14,0
2026-02-05 00:00:00,5012.54,5020.43,4997.59,5006.79,11843,14,0
2026-02-05 01:00:00,5006.78,5012.25,4935.92,4958.67,23255,15,0
2026-02-05 02:00:00,4958.73,4960.9,4808.1,4811.32,20980,15,0
2026-02-05 03:00:00,4811.6,4888.34,4790.51,4877.07,18867,15,0
2026-02-05 04:00:00,4880.68,4891.14,4863.73,4863.99,14896,15,0
2026-02-05 05:00:00,4863.26,4906.75,4825.15,4896.27,17105,15,0
2026-02-05 06:00:00,4896.25,4933.73,4878.57,4920.74,19507,15,0
2026-02-05 07:00:00,4920.57,4939.86,4896.08,4915.15,16799,15,0
2026-02-05 08:00:00,4915.67,4943.21,4901.2,4911.96,15873,15,0
2026-02-05 09:00:00,4912.18,4914.45,4849.82,4855.21,18182,15,0
2026-02-05 10:00:00,4855.23,4886.86,4848.98,4877.1,14460,15,0
2026-02-05 11:00:00,4877.13,4894.65,4864.24,4868.43,11526,15,0
2026-02-05 12:00:00,4868.41,4878.15,4810.92,4854.01,21449,15,0
2026-02-05 13:00:00,4853.94,4867.53,4802.37,4835.61,20558,15,0
2026-02-05 14:00:00,4835.61,4869.98,4806.25,4846.73,24522,15,0
2026-02-05 15:00:00,4846.04,4865.02,4800.43,4818.03,25090,15,0
2026-02-05 16:00:00,4817.93,4906.48,4812.69,4889.03,23134,15,0
2026-02-05 17:00:00,4888.99,4890.54,4859.25,4869.11,20456,15,0
2026-02-05 18:00:00,4868.81,4875.16,4851.36,4858.25,17988,15,0
2026-02-05 19:00:00,4858.22,4865.32,4823.76,4829.41,15762,15,0
2026-02-05 20:00:00,4829.37,4843.37,4794.14,4811.06,17302,15,0
2026-02-05 21:00:00,4811.47,4826.4,4760.03,4779.74,9810,14,0
2026-02-05 23:00:00,4760.97,4782.18,4703.5,4703.84,14937,14,0
2026-02-06 00:00:00,4703.82,4764.9,4654.77,4763.17,20977,14,0
2026-02-06 01:00:00,4763.13,4784.78,4693.36,4772.05,19130,15,0
2026-02-06 02:00:00,4774.32,4846.31,4761.52,4817.21,19446,15,0
2026-02-06 03:00:00,4817.05,4839.07,4801.04,4824.25,14757,15,0
2026-02-06 04:00:00,4824.17,4831.81,4807.31,4813.8,9625,15,0
2026-02-06 05:00:00,4813.97,4897.97,4807.84,4897.69,14328,15,0
2026-02-06 06:00:00,4897.69,4903.22,4826.91,4846.31,16500,15,0
2026-02-06 07:00:00,4846.38,4861.81,4838.08,4840.89,10815,15,0
2026-02-06 08:00:00,4840.83,4881.95,4829.52,4861.92,12057,15,0
2026-02-06 09:00:00,4861.92,4872.65,4840.02,4866.77,9647,15,0
2026-02-06 10:00:00,4866.77,4880.23,4852.48,4878.63,8493,15,0
2026-02-06 11:00:00,4878.63,4895.78,4863.75,4887.1,9315,15,0
2026-02-06 12:00:00,4887.58,4903.42,4873.16,4900.33,10060,15,0
2026-02-06 13:00:00,4900.45,4938.27,4899.9,4928.91,17248,15,0
2026-02-06 14:00:00,4929.43,4949.46,4894.21,4947.21,18118,15,0
2026-02-06 15:00:00,4947.21,4964.77,4928.64,4943.77,21037,15,0
2026-02-06 16:00:00,4943.81,4953.45,4923.36,4951.84,17493,15,0
2026-02-06 17:00:00,4951.82,4968.37,4948.22,4960.41,11844,15,0
2026-02-06 18:00:00,4960.45,4971.27,4945.75,4962.47,10623,15,0
2026-02-06 19:00:00,4962.47,4963.28,4948.72,4957.18,7409,15,0
2026-02-06 20:00:00,4957.19,4959.26,4936.63,4953.32,10557,15,0
2026-02-06 21:00:00,4953.4,4964.38,4946.31,4960.24,3067,15,0
2026-02-08 23:00:00,4988.09,5046.77,4965.04,5036.0,12102,28,0
2026-02-09 00:00:00,5035.99,5045.01,5012.11,5019.86,13056,15,0
2026-02-09 01:00:00,5020.35,5042.03,4976.51,4982.44,17037,15,0
2026-02-09 02:00:00,4982.44,5017.16,4970.36,5007.06,13956,15,0
2026-02-09 03:00:00,5007.06,5031.29,5005.6,5016.08,10769,15,0
2026-02-09 04:00:00,5016.19,5024.73,5007.61,5011.93,8132,15,0
2026-02-09 05:00:00,5011.96,5041.53,5011.19,5036.21,11828,15,0
2026-02-09 06:00:00,5036.14,5045.59,5013.86,5031.24,15327,15,0
2026-02-09 07:00:00,5031.27,5031.28,4997.98,5006.35,12041,15,0
2026-02-09 08:00:00,5006.33,5035.3,5002.75,5027.4,9753,15,0
2026-02-09 09:00:00,5027.4,5041.09,5002.72,5007.88,8509,15,0
2026-02-09 10:00:00,5008.11,5015.25,4982.44,4991.03,11005,15,0
2026-02-09 11:00:00,4991.02,5015.03,4988.78,5010.82,7576,15,0
2026-02-09 12:00:00,5010.82,5021.73,5007.33,5013.33,8182,15,0
2026-02-09 13:00:00,5013.33,5024.49,4995.09,5007.07,15470,15,0
2026-02-09 14:00:00,5007.03,5040.65,5004.17,5038.14,18466,15,0
2026-02-09 15:00:00,5037.86,5060.29,5023.71,5058.86,16051,15,0
2026-02-09 16:00:00,5058.88,5080.34,5057.23,5073.38,13813,15,0
2026-02-09 17:00:00,5073.46,5075.53,5041.01,5046.42,11765,15,0
2026-02-09 18:00:00,5046.3,5064.05,5044.39,5062.79,11561,15,0
2026-02-09 19:00:00,5062.77,5079.95,5062.49,5074.54,8876,15,0
2026-02-09 20:00:00,5074.58,5085.78,5072.23,5079.53,10789,15,0
2026-02-09 21:00:00,5079.71,5083.03,5048.9,5058.52,5709,15,0
2026-02-09 23:00:00,5065.54,5075.28,4988.15,5031.8,10427,28,0
2026-02-10 00:00:00,5031.8,5047.72,5010.53,5019.11,10637,15,0
2026-02-10 01:00:00,5019.09,5037.71,5013.9,5032.94,17494,15,0
2026-02-10 02:00:00,5032.92,5056.16,5031.71,5038.43,13990,15,0
2026-02-10 03:00:00,5038.4,5038.4,5016.63,5030.25,12163,15,0
2026-02-10 04:00:00,5030.08,5033.95,5017.62,5031.73,7690,15,0
2026-02-10 05:00:00,5031.49,5040.64,5011.5,5039.26,11037,15,0
2026-02-10 06:00:00,5039.17,5045.38,5018.98,5024.65,13145,15,0
2026-02-10 07:00:00,5024.66,5036.22,5018.85,5034.05,9368,15,0
2026-02-10 08:00:00,5034.09,5055.1,5029.03,5041.95,10740,15,0
2026-02-10 09:00:00,5041.88,5063.35,5040.65,5046.96,9141,15,0
2026-02-10 10:00:00,5046.96,5058.24,5037.16,5046.99,8021,15,0
2026-02-10 11:00:00,5046.99,5057.47,5044.59,5056.04,6224,15,0
2026-02-10 12:00:00,5056.04,5057.15,5019.85,5032.31,10506,15,0
2026-02-10 13:00:00,5032.31,5058.92,5026.73,5051.03,12871,15,0
2026-02-10 14:00:00,5051.03,5078.64,5020.89,5039.61,17168,15,0
2026-02-10 15:00:00,5035.25,5047.54,4999.03,5019.63,19477,15,0
2026-02-10 16:00:00,5019.68,5026.54,5005.86,5023.97,17619,15,0
2026-02-10 17:00:00,5023.94,5040.11,5020.94,5026.34,9613,15,0
2026-02-10 18:00:00,5026.19,5027.98,5004.8,5013.13,12032,15,0
2026-02-10 19:00:00,5013.13,5030.22,5009.02,5028.04,7798,15,0
2026-02-10 20:00:00,5028.04,5045.42,5020.43,5030.4,7149,15,0
2026-02-10 21:00:00,5030.12,5032.81,5020.26,5025.33,5106,15,0
2026-02-10 23:00:00,5027.29,5054.72,5027.09,5041.77,5868,28,0
2026-02-11 00:00:00,5041.77,5049.43,5028.51,5037.84,6970,15,0
2026-02-11 01:00:00,5038.26,5053.02,5030.92,5052.68,10495,15,0
2026-02-11 02:00:00,5052.67,5057.73,5032.67,5055.62,10345,15,0
2026-02-11 03:00:00,5055.41,5060.82,5044.95,5054.36,6919,15,0
2026-02-11 04:00:00,5054.33,5059.65,5045.85,5046.37,4748,15,0
2026-02-11 05:00:00,5046.55,5064.01,5043.62,5052.93,8085,15,0
2026-02-11 06:00:00,5052.93,5064.64,5049.53,5064.17,8965,15,0
2026-02-11 07:00:00,5064.19,5069.21,5049.17,5055.54,9847,15,0
2026-02-11 08:00:00,5055.37,5060.47,5046.4,5053.86,6781,15,0
2026-02-11 09:00:00,5053.86,5072.02,5047.22,5062.78,7566,15,0
2026-02-11 10:00:00,5062.8,5101.17,5062.54,5092.93,10407,15,0
2026-02-11 11:00:00,5092.94,5117.01,5082.35,5111.94,9041,15,0
2026-02-11 12:00:00,5111.97,5119.52,5053.13,5083.56,13532,15,0
2026-02-11 13:00:00,5083.54,5090.17,5022.04,5065.78,19754,15,0
2026-02-11 14:00:00,5065.83,5082.71,5036.03,5059.57,20876,15,0
2026-02-11 15:00:00,5059.57,5081.68,5039.25,5060.14,23678,15,0
2026-02-11 16:00:00,5060.14,5078.27,5042.99,5075.18,16211,14,0
2026-02-11 17:00:00,5075.17,5099.13,5069.55,5091.43,12754,15,0
2026-02-11 18:00:00,5091.29,5092.53,5067.43,5082.54,13114,15,0
2026-02-11 19:00:00,5082.56,5094.19,5077.07,5081.77,10351,15,0
2026-02-11 20:00:00,5081.77,5089.95,5078.1,5086.69,9226,15,0
2026-02-11 21:00:00,5086.72,5092.72,5069.85,5084.52,5632,15,0
2026-02-11 23:00:00,5096.81,5100.12,5055.94,5061.31,8711,28,0
2026-02-12 00:00:00,5061.31,5067.73,5049.97,5063.16,11071,15,0
2026-02-12 01:00:00,5063.21,5064.17,5045.2,5064.06,12988,15,0
2026-02-12 02:00:00,5064.3,5073.03,5055.03,5065.97,9562,15,0
2026-02-12 03:00:00,5065.88,5074.73,5054.83,5056.92,7272,15,0
2026-02-12 04:00:00,5056.9,5070.26,5050.78,5069.6,4936,15,0
2026-02-12 05:00:00,5069.65,5078.02,5064.7,5075.82,7812,15,0
2026-02-12 06:00:00,5075.85,5076.5,5047.18,5059.88,10531,15,0
2026-02-12 07:00:00,5059.84,5066.25,5052.01,5063.94,6399,15,0
2026-02-12 08:00:00,5063.9,5073.53,5052.34,5068.5,7783,15,0
2026-02-12 09:00:00,5068.49,5080.78,5066.21,5073.05,6471,15,0
2026-02-12 10:00:00,5073.05,5076.92,5056.05,5062.46,6250,15,0
2026-02-12 11:00:00,5062.47,5068.51,5059.65,5063.88,4893,15,0
2026-02-12 12:00:00,5064.07,5068.66,5049.03,5052.72,7103,15,0
2026-02-12 13:00:00,5052.71,5083.63,5051.41,5075.3,10734,15,0
2026-02-12 14:00:00,5075.26,5077.68,5039.47,5044.51,16301,15,0
2026-02-12 15:00:00,5044.51,5074.75,5040.31,5060.44,14238,15,0
2026-02-12 16:00:00,5060.37,5068.25,4878.54,4955.07,23465,15,0
2026-02-12 17:00:00,4955.01,4982.31,4939.95,4941.45,21584,15,0
2026-02-12 18:00:00,4941.43,4952.24,4906.88,4935.72,21436,15,0
2026-02-12 19:00:00,4935.7,4958.05,4928.31,4945.74,17288,15,0
2026-02-12 20:00:00,4945.76,4948.65,4911.76,4914.93,15812,15,0
2026-02-12 21:00:00,4915.56,4926.71,4912.23,4921.87,6428,15,0
2026-02-12 23:00:00,4887.54,4928.94,4887.54,4920.47,8687,28,0
2026-02-13 00:00:00,4920.47,4949.11,4914.06,4928.16,10731,15,0
2026-02-13 01:00:00,4928.33,4988.79,4927.71,4981.26,15218,15,0
2026-02-13 02:00:00,4981.17,4991.65,4972.11,4988.52,9999,15,0
2026-02-13 03:00:00,4988.57,4989.61,4973.93,4981.34,7210,15,0
2026-02-13 04:00:00,4981.33,4997.31,4973.07,4976.85,6457,15,0
2026-02-13 05:00:00,4976.85,4986.45,4945.21,4946.85,10257,15,0
2026-02-13 06:00:00,4946.89,4968.96,4946.47,4967.4,13206,15,0
2026-02-13 07:00:00,4967.37,4982.8,4951.24,4974.89,9699,15,0
2026-02-13 08:00:00,4975.13,4989.45,4972.07,4982.68,10595,15,0
2026-02-13 09:00:00,4982.57,4982.83,4961.36,4970.35,8114,15,0
2026-02-13 10:00:00,4970.35,4980.73,4947.72,4949.91,6949,15,0
2026-02-13 11:00:00,4949.91,4955.51,4933.95,4955.51,8901,15,0
2026-02-13 12:00:00,4953.54,4974.1,4952.48,4969.68,8441,15,0
2026-02-13 13:00:00,4969.71,4999.25,4957.6,4987.1,13820,15,0
2026-02-13 14:00:00,4987.04,5010.92,4964.16,4995.55,19961,15,0
2026-02-13 15:00:00,5002.27,5020.5,4974.18,4976.94,23015,15,0
2026-02-13 16:00:00,4977.17,5033.96,4975.85,5007.83,16689,15,0
2026-02-13 17:00:00,5007.93,5029.08,5006.12,5021.03,11639,14,0
2026-02-13 18:00:00,5021.02,5035.39,5015.46,5031.1,10945,15,0
2026-02-13 19:00:00,5031.1,5046.23,5027.84,5027.89,10810,15,0
2026-02-13 20:00:00,5024.54,5034.74,5022.11,5032.35,12778,15,0
2026-02-13 21:00:00,5032.33,5039.43,5029.72,5038.98,3126,15,0
2026-02-15 23:00:00,5015.16,5031.87,5007.94,5020.15,8386,28,0
2026-02-16 00:00:00,5020.15,5022.42,5004.95,5015.54,7329,15,0
2026-02-16 01:00:00,5015.54,5031.29,5007.25,5028.91,7672,15,0
2026-02-16 02:00:00,5028.91,5031.33,4992.27,4994.67,8278,15,0
2026-02-16 03:00:00,4994.68,4999.91,4978.85,4987.51,7930,14,0
2026-02-16 04:00:00,4987.47,4992.25,4972.83,4977.86,7270,15,0
2026-02-16 05:00:00,4977.84,4990.77,4966.15,4990.75,6234,15,0
2026-02-16 06:00:00,4990.75,5003.24,4984.77,4994.84,6034,15,0
2026-02-16 07:00:00,4994.82,5009.94,4988.96,5007.2,5554,15,0
2026-02-16 08:00:00,5007.22,5013.22,4995.68,5008.09,7539,14,0
2026-02-16 09:00:00,5008.09,5017.29,5008.0,5013.59,5480,14,0
2026-02-16 10:00:00,5013.55,5017.21,5000.39,5005.9,5391,15,0
2026-02-16 11:00:00,5005.9,5008.12,4998.95,5004.33,4671,15,0
2026-02-16 12:00:00,5004.34,5008.17,4992.95,5002.23,6015,15,0
2026-02-16 13:00:00,5002.23,5003.73,4989.63,4997.39,6014,15,0
2026-02-16 14:00:00,4997.39,4999.61,4981.77,4988.38,7876,14,0
2026-02-16 15:00:00,4987.96,4988.34,4969.12,4979.52,7903,15,0
2026-02-16 16:00:00,4979.51,4990.39,4972.97,4988.1,6685,14,0
2026-02-16 17:00:00,4988.1,4996.07,4988.04,4991.66,3861,14,0
2026-02-16 18:00:00,4991.93,4997.88,4988.79,4994.6,5766,15,0
2026-02-16 19:00:00,4994.61,4996.33,4990.31,4993.61,3180,14,0
2026-02-16 23:00:00,4992.27,5000.74,4985.29,4989.76,4650,28,0
2026-02-17 00:00:00,4989.76,4991.4,4931.91,4935.71,8543,15,0
2026-02-17 01:00:00,4935.72,4963.91,4922.99,4957.79,10349,15,0
2026-02-17 02:00:00,4957.84,4971.2,4954.63,4967.24,6330,15,0
2026-02-17 03:00:00,4967.24,4970.17,4950.23,4956.7,6524,15,0
2026-02-17 04:00:00,4956.67,4960.49,4946.57,4953.22,4739,14,0
2026-02-17 05:00:00,4953.22,4954.48,4865.44,4888.92,13247,15,0
2026-02-17 06:00:00,4888.92,4914.02,4886.77,4910.4,8030,15,0
2026-02-17 07:00:00,4910.4,4922.18,4904.13,4917.21,7651,15,0
2026-02-17 08:00:00,4917.13,4930.53,4916.43,4920.87,7984,15,0
2026-02-17 09:00:00,4920.89,4931.24,4913.88,4926.05,7233,14,0
2026-02-17 10:00:00,4926.02,4939.22,4907.68,4913.27,7328,15,0
2026-02-17 11:00:00,4913.3,4931.0,4913.25,4929.29,6351,15,0
2026-02-17 12:00:00,4929.23,4944.24,4928.37,4932.21,7612,14,0
2026-02-17 13:00:00,4932.24,4933.39,4870.35,4870.91,12385,15,0
2026-02-17 14:00:00,4870.91,4907.08,4842.61,4862.87,19997,15,0
2026-02-17 15:00:00,4863.33,4882.17,4849.28,4878.44,21817,15,0
2026-02-17 16:00:00,4878.42,4893.46,4868.62,4869.25,16596,14,0
2026-02-17 17:00:00,4869.32,4871.27,4850.22,4865.07,13684,15,0
2026-02-17 18:00:00,4865.16,4910.58,4862.45,4899.0,12845,15,0
2026-02-17 19:00:00,4899.0,4901.19,4876.45,4880.45,11611,15,0
2026-02-17 20:00:00,4880.45,4884.25,4873.5,4878.03,11803,15,0
2026-02-17 21:00:00,4877.73,4886.65,4875.2,4877.38,3554,15,0
2026-02-17 23:00:00,4860.81,4884.59,4854.16,4859.56,7264,28,0
2026-02-18 00:00:00,4859.54,4881.86,4858.5,4874.91,8086,15,0
2026-02-18 01:00:00,4874.89,4892.64,4874.64,4889.88,7500,15,0
2026-02-18 02:00:00,4889.82,4907.42,4886.51,4905.5,5160,15,0
2026-02-18 03:00:00,4905.5,4922.26,4904.33,4920.81,5590,15,0
2026-02-18 04:00:00,4920.8,4939.58,4918.43,4933.92,5633,15,0
2026-02-18 05:00:00,4933.95,4939.83,4929.99,4933.57,4531,15,0
2026-02-18 06:00:00,4933.57,4936.02,4924.83,4930.58,5478,15,0
2026-02-18 07:00:00,4930.57,4941.98,4929.15,4930.22,5155,15,0
2026-02-18 08:00:00,4930.23,4932.32,4916.72,4917.23,6066,15,0
2026-02-18 09:00:00,4917.14,4923.27,4912.82,4917.48,5990,15,0
2026-02-18 10:00:00,4917.5,4924.54,4909.38,4914.6,7535,15,0
2026-02-18 11:00:00,4914.59,4917.72,4906.43,4913.17,5178,15,0
2026-02-18 12:00:00,4913.17,4947.32,4912.22,4941.37,8134,15,0
2026-02-18 13:00:00,4943.5,4969.18,4943.47,4954.45,11119,15,0
2026-02-18 14:00:00,4954.47,4994.37,4952.36,4991.78,15540,15,0
2026-02-18 15:00:00,4991.79,5008.9,4991.58,4997.92,15118,15,0
2026-02-18 16:00:00,4997.92,5010.97,4991.48,5000.45,12784,14,0
2026-02-18 17:00:00,5000.68,5001.64,4993.41,4999.18,9368,14,0
2026-02-18 18:00:00,4999.21,5003.14,4980.54,4987.49,12244,15,0
2026-02-18 19:00:00,4987.55,4995.43,4972.95,4980.71,13632,15,0
2026-02-18 20:00:00,4980.69,4987.48,4975.6,4984.97,12195,15,0
2026-02-18 21:00:00,4985.03,4986.2,4975.36,4977.31,2920,15,0
2026-02-18 23:00:00,4977.1,4988.59,4964.91,4976.07,5892,28,0
2026-02-19 00:00:00,4976.07,4976.32,4960.5,4961.35,6308,15,0
2026-02-19 01:00:00,4961.31,4975.48,4960.66,4972.94,5492,15,0
2026-02-19 02:00:00,4972.91,4977.37,4965.8,4968.3,4992,15,0
2026-02-19 03:00:00,4968.1,4983.51,4966.37,4981.65,5026,15,0
2026-02-19 04:00:00,4981.54,4985.63,4977.15,4984.44,4414,15,0
2026-02-19 05:00:00,4984.44,4998.73,4984.42,4997.2,4139,15,0
2026-02-19 06:00:00,4997.2,5020.23,4996.96,5018.57,5480,15,0
2026-02-19 07:00:00,5018.55,5021.79,5008.79,5010.26,5407,14,0
2026-02-19 08:00:00,5010.27,5021.95,5006.29,5017.23,7031,15,0
2026-02-19 09:00:00,5017.39,5020.45,4993.76,4995.8,7168,15,0
2026-02-19 10:00:00,4995.74,4996.2,4981.49,4993.27,7783,15,0
2026-02-19 11:00:00,4993.27,4996.37,4978.0,4984.69,6346,14,0
2026-02-19 12:00:00,4984.69,4992.88,4980.56,4985.06,6340,15,0
2026-02-19 13:00:00,4985.08,4998.49,4974.33,4997.08,10265,14,0
2026-02-19 14:00:00,4997.08,5010.45,4963.63,5005.71,16919,14,0
2026-02-19 15:00:00,5005.76,5022.23,4996.06,5013.84,20621,15,0
2026-02-19 16:00:00,5013.88,5014.34,4990.65,4995.34,14926,14,0
2026-02-19 17:00:00,4995.26,5001.81,4983.28,4984.93,11332,15,0
2026-02-19 18:00:00,4985.02,4989.55,4975.41,4981.85,10268,15,0
2026-02-19 19:00:00,4981.82,4990.41,4978.38,4987.94,7970,15,0
2026-02-19 20:00:00,4987.94,5003.5,4987.94,5001.84,10475,15,0
2026-02-19 21:00:00,5001.96,5004.31,4992.1,4996.28,3435,15,0
2026-02-19 23:00:00,5003.0,5008.07,4985.54,4987.64,5638,28,0
2026-02-20 00:00:00,4987.66,5006.96,4985.34,5006.43,4848,15,0
2026-02-20 01:00:00,5006.41,5014.73,4994.82,4996.97,7313,15,0
2026-02-20 02:00:00,4996.98,5007.51,4992.85,4996.31,5563,15,0
2026-02-20 03:00:00,4996.31,4999.16,4981.7,4987.37,5567,15,0
2026-02-20 04:00:00,4988.12,5003.27,4986.77,4999.85,4022,15,0
2026-02-20 05:00:00,5000.12,5011.92,4998.02,5011.91,5105,15,0
2026-02-20 06:00:00,5011.92,5030.11,5011.92,5020.65,7024,15,0
2026-02-20 07:00:00,5020.65,5028.24,5006.21,5006.5,7000,15,0
2026-02-20 08:00:00,5006.8,5030.98,5004.93,5028.94,8011,15,0
2026-02-20 09:00:00,5028.98,5042.73,5027.36,5027.67,8280,15,0
2026-02-20 10:00:00,5027.68,5038.66,5020.72,5034.7,7779,15,0
2026-02-20 11:00:00,5034.73,5034.87,5015.55,5017.33,7093,15,0
2026-02-20 12:00:00,5017.32,5026.52,5006.99,5025.2,7855,14,0
2026-02-20 13:00:00,5025.22,5048.9,5018.24,5043.61,10485,15,0
2026-02-20 14:00:00,5043.61,5060.77,5037.36,5054.69,15836,15,0
2026-02-20 15:00:00,5054.69,5064.16,4992.81,5042.92,26767,15,0
2026-02-20 16:00:00,5042.58,5069.34,5038.76,5066.89,18315,14,0
2026-02-20 17:00:00,5066.72,5076.27,5054.43,5072.84,15782,14,0
2026-02-20 18:00:00,5072.75,5074.96,5054.32,5071.12,15935,15,0
2026-02-20 19:00:00,5071.33,5079.98,5068.86,5079.61,8065,15,0
2026-02-20 20:00:00,5079.61,5098.21,5076.91,5096.85,11548,15,0
2026-02-20 21:00:00,5096.96,5100.13,5091.46,5099.53,3701,15,0
2026-02-22 23:00:00,5117.75,5171.74,5117.55,5165.3,10726,58,0
2026-02-23 00:00:00,5165.3,5166.48,5129.28,5144.58,13575,15,0
2026-02-23 01:00:00,5144.61,5167.78,5139.99,5157.67,12023,15,0
2026-02-23 02:00:00,5157.58,5176.59,5156.77,5173.86,10154,14,0
2026-02-23 03:00:00,5173.86,5176.19,5152.52,5166.92,7998,15,0
2026-02-23 04:00:00,5166.88,5168.89,5155.54,5160.73,6508,15,0
2026-02-23 05:00:00,5160.73,5161.74,5152.4,5158.35,6146,14,0
2026-02-23 06:00:00,5158.33,5161.56,5145.13,5145.77,6897,14,0
2026-02-23 07:00:00,5145.77,5154.3,5125.36,5136.85,10213,15,0
2026-02-23 08:00:00,5136.82,5142.27,5122.4,5140.47,9876,15,0
2026-02-23 09:00:00,5140.32,5150.17,5139.37,5149.54,7272,14,0
2026-02-23 10:00:00,5149.62,5163.75,5145.08,5162.94,8166,15,0
2026-02-23 11:00:00,5163.04,5163.49,5146.59,5149.77,6612,15,0
2026-02-23 12:00:00,5149.77,5165.48,5145.56,5164.05,7777,15,0
2026-02-23 13:00:00,5164.05,5165.27,5143.66,5146.51,9720,15,0
2026-02-23 14:00:00,5146.4,5200.5,5141.79,5192.29,16251,15,0
2026-02-23 15:00:00,5192.09,5204.96,5180.5,5196.17,20042,15,0
2026-02-23 16:00:00,5196.14,5218.83,5176.94,5210.0,17855,15,0
2026-02-23 17:00:00,5210.05,5213.42,5191.02,5207.96,14430,14,0
2026-02-23 18:00:00,5207.95,5215.83,5201.13,5209.55,12003,15,0
2026-02-23 19:00:00,5209.54,5218.26,5206.57,5215.55,9963,15,0
2026-02-23 20:00:00,5215.53,5237.64,5214.83,5236.16,11713,14,0
2026-02-23 21:00:00,5236.2,5237.1,5226.44,5227.42,4503,15,0
2026-02-23 23:00:00,5231.24,5249.83,5230.82,5235.73,7674,28,0
2026-02-24 00:00:00,5235.73,5238.09,5217.64,5224.0,10482,14,0
2026-02-24 01:00:00,5224.01,5224.23,5145.08,5177.34,21263,15,0
2026-02-24 02:00:00,5177.47,5190.88,5165.47,5189.93,11383,15,0
2026-02-24 03:00:00,5189.8,5191.67,5171.17,5172.02,7877,14,0
2026-02-24 04:00:00,5171.95,5175.15,5160.61,5168.24,6995,15,0
2026-02-24 05:00:00,5168.21,5185.81,5164.06,5182.53,8432,15,0
2026-02-24 06:00:00,5182.54,5184.88,5156.7,5173.68,9715,15,0
2026-02-24 07:00:00,5173.69,5183.83,5164.22,5179.37,9412,15,0
2026-02-24 08:00:00,5179.1,5181.91,5165.07,5173.43,9180,15,0
2026-02-24 09:00:00,5173.46,5180.48,5166.47,5171.43,7262,14,0
2026-02-24 10:00:00,5171.4,5181.24,5163.38,5172.88,6829,14,0
2026-02-24 11:00:00,5172.88,5178.61,5171.04,5172.68,5126,15,0
2026-02-24 12:00:00,5172.64,5173.57,5146.4,5150.94,10018,15,0
2026-02-24 13:00:00,5150.89,5161.37,5111.21,5115.28,15525,15,0
2026-02-24 14:00:00,5115.26,5139.25,5093.95,5128.39,20564,15,0
2026-02-24 15:00:00,5128.37,5155.19,5117.95,5150.29,16929,14,0
2026-02-24 16:00:00,5150.29,5152.31,5131.18,5141.93,13632,15,0
2026-02-24 17:00:00,5141.96,5163.73,5141.7,5163.57,9726,14,0
2026-02-24 18:00:00,5163.6,5170.18,5153.81,5160.12,10494,15,0
2026-02-24 19:00:00,5160.06,5160.44,5146.31,5153.97,9475,15,0
2026-02-24 20:00:00,5153.97,5173.15,5146.58,5164.1,9641,14,0
2026-02-24 21:00:00,5164.12,5165.58,5141.82,5143.75,4224,15,0
2026-02-24 23:00:00,5140.91,5152.62,5117.89,5146.66,6104,28,0
2026-02-25 00:00:00,5146.66,5156.5,5136.72,5152.34,7081,15,0
2026-02-25 01:00:00,5152.34,5189.97,5144.24,5176.82,13403,15,0
2026-02-25 02:00:00,5176.82,5193.84,5167.23,5180.73,11083,14,0
2026-02-25 03:00:00,5180.71,5190.46,5177.93,5181.85,9255,15,0
2026-02-25 04:00:00,5181.85,5185.11,5173.54,5182.7,4844,15,0
2026-02-25 05:00:00,5182.88,5210.48,5182.88,5201.66,8351,15,0
2026-02-25 06:00:00,5201.66,5201.67,5182.39,5194.69,10133,15,0
2026-02-25 07:00:00,5194.67,5195.1,5180.27,5184.62,5485,14,0
2026-02-25 08:00:00,5184.6,5197.38,5184.08,5185.41,7235,14,0
2026-02-25 09:00:00,5185.32,5194.6,5176.67,5193.27,8008,15,0
2026-02-25 10:00:00,5193.32,5195.25,5170.09,5175.1,7217,14,0
2026-02-25 11:00:00,5175.08,5182.76,5155.31,5181.72,8017,15,0
2026-02-25 12:00:00,5181.69,5187.45,5177.36,5182.83,7628,15,0
2026-02-25 13:00:00,5182.8,5191.4,5181.03,5185.19,10377,15,0
2026-02-25 14:00:00,5184.98,5193.24,5158.58,5191.2,16620,14,0
2026-02-25 15:00:00,5191.17,5202.65,5172.87,5194.58,18280,15,0
2026-02-25 16:00:00,5194.88,5214.01,5189.81,5212.29,12801,14,0
2026-02-25 17:00:00,5212.28,5217.65,5203.35,5206.76,11284,14,0
2026-02-25 18:00:00,5206.79,5207.46,5200.58,5202.13,5721,15,0
2026-02-25 19:00:00,5202.13,5208.3,5191.57,5204.9,12763,15,0
2026-02-25 20:00:00,5204.9,5206.14,5146.38,5152.08,14561,15,0
2026-02-25 21:00:00,5152.13,5173.62,5150.42,5164.86,8955,15,0
2026-02-25 23:00:00,5165.55,5182.09,5161.63,5163.3,8068,28,0
2026-02-26 00:00:00,5163.38,5192.15,5155.98,5188.26,10418,15,0
2026-02-26 01:00:00,5188.26,5198.44,5178.54,5191.77,14485,14,0
2026-02-26 02:00:00,5191.77,5195.62,5174.28,5184.37,10777,15,0
2026-02-26 03:00:00,5184.36,5193.87,5183.0,5192.7,7398,15,0
2026-02-26 04:00:00,5192.61,5199.18,5190.52,5192.72,4912,15,0
2026-02-26 05:00:00,5192.77,5205.33,5190.13,5198.4,8120,15,0
2026-02-26 06:00:00,5198.4,5199.6,5190.19,5193.2,7639,15,0
2026-02-26 07:00:00,5193.21,5194.63,5179.53,5185.92,7394,15,0
2026-02-26 08:00:00,5186.14,5190.91,5168.09,5179.41,10993,15,0
2026-02-26 09:00:00,5179.42,5189.88,5173.97,5186.44,7457,15,0
2026-02-26 10:00:00,5186.44,5190.18,5166.77,5171.66,7049,15,0
2026-02-26 11:00:00,5171.66,5178.54,5161.21,5164.75,6184,15,0
2026-02-26 12:00:00,5164.8,5188.0,5158.08,5183.93,8996,15,0
2026-02-26 13:00:00,5183.93,5185.65,5164.23,5166.33,13502,15,0
2026-02-26 14:00:00,5166.0,5176.07,5141.5,5164.71,18830,15,0
2026-02-26 15:00:00,5164.74,5192.89,5130.93,5185.44,23634,15,0
2026-02-26 16:00:00,5185.46,5186.99,5173.82,5179.61,16291,14,0
2026-02-26 17:00:00,5179.67,5190.26,5161.93,5167.34,13311,14,0
2026-02-26 18:00:00,5167.55,5186.01,5160.89,5180.27,12505,15,0
2026-02-26 19:00:00,5180.43,5194.01,5179.53,5187.02,8609,15,0
2026-02-26 20:00:00,5187.02,5200.63,5186.76,5196.45,10523,14,0
2026-02-26 21:00:00,5196.45,5200.62,5182.83,5185.12,4001,15,0
2026-02-26 23:00:00,5189.02,5189.25,5176.06,5183.9,4363,28,0
2026-02-27 00:00:00,5184.52,5194.94,5170.18,5174.85,7783,15,0
2026-02-27 01:00:00,5174.87,5194.53,5167.18,5194.1,12774,14,0
2026-02-27 02:00:00,5194.1,5199.56,5173.68,5183.66,11548,15,0
2026-02-27 03:00:00,5183.6,5190.6,5181.27,5183.95,7746,15,0
2026-02-27 04:00:00,5183.95,5188.9,5181.14,5181.86,5101,15,0
2026-02-27 05:00:00,5181.86,5200.48,5181.4,5197.94,7566,15,0
2026-02-27 06:00:00,5197.94,5199.39,5185.08,5185.68,10778,15,0
2026-02-27 07:00:00,5185.68,5189.67,5175.68,5175.94,8526,15,0
2026-02-27 08:00:00,5176.21,5182.39,5174.43,5178.91,7527,15,0
2026-02-27 09:00:00,5178.89,5182.62,5172.21,5175.95,6758,15,0
2026-02-27 10:00:00,5175.95,5181.05,5168.96,5177.71,6707,14,0
2026-02-27 11:00:00,5177.66,5185.62,5172.62,5185.62,5143,15,0
2026-02-27 12:00:00,5185.61,5190.59,5183.0,5187.66,7120,15,0
2026-02-27 13:00:00,5187.68,5240.38,5186.84,5223.04,19620,15,0
2026-02-27 14:00:00,5223.05,5236.01,5213.97,5223.65,18766,15,0
2026-02-27 15:00:00,5223.69,5246.29,5214.91,5239.16,18456,15,0
2026-02-27 16:00:00,5239.25,5257.86,5221.93,5229.18,17872,15,0
2026-02-27 17:00:00,5229.26,5236.97,5222.25,5234.74,13518,14,0
2026-02-27 18:00:00,5234.67,5247.01,5222.52,5245.45,11547,15,0
2026-02-27 19:00:00,5245.44,5252.43,5240.0,5250.09,8364,15,0
2026-02-27 20:00:00,5250.07,5265.49,5248.45,5263.4,9708,15,0
2026-02-27 21:00:00,5263.31,5276.07,5256.75,5274.48,3875,15,0
2026-03-01 23:00:00,5353.55,5390.42,5326.89,5386.97,16568,58,0
2026-03-02 00:00:00,5386.97,5388.09,5342.27,5347.58,16139,15,0
2026-03-02 01:00:00,5347.46,5347.49,5303.33,5325.23,20038,15,0
2026-03-02 02:00:00,5325.2,5351.77,5317.24,5346.6,15099,15,0
2026-03-02 03:00:00,5346.6,5366.86,5344.5,5366.43,11320,15,0
2026-03-02 04:00:00,5366.33,5367.27,5345.94,5355.86,8622,15,0
2026-03-02 05:00:00,5355.86,5366.38,5340.88,5366.2,10729,15,0
2026-03-02 06:00:00,5366.18,5390.0,5363.66,5387.72,12820,15,0
2026-03-02 07:00:00,5387.72,5419.24,5385.0,5408.14,13204,15,0
2026-03-02 08:00:00,5408.14,5416.72,5391.29,5394.04,13697,15,0
2026-03-02 09:00:00,5394.02,5402.46,5386.07,5391.94,10528,15,0
2026-03-02 10:00:00,5392.05,5400.82,5379.15,5389.61,9665,15,0
2026-03-02 11:00:00,5389.73,5400.0,5376.38,5385.45,9637,15,0
2026-03-02 12:00:00,5385.63,5398.61,5379.11,5397.1,10721,15,0
2026-03-02 13:00:00,5397.1,5416.09,5381.93,5394.02,20292,15,0
2026-03-02 14:00:00,5394.02,5395.17,5308.46,5333.39,24648,15,0
2026-03-02 15:00:00,5329.09,5348.75,5308.31,5315.92,24722,15,0
2026-03-02 16:00:00,5315.27,5315.27,5261.41,5290.2,23639,15,0
2026-03-02 17:00:00,5290.14,5320.64,5287.22,5306.93,19081,15,0
2026-03-02 18:00:00,5306.94,5316.65,5289.76,5315.52,14939,15,0
2026-03-02 19:00:00,5315.52,5334.04,5313.86,5330.47,11099,15,0
2026-03-02 20:00:00,5330.62,5346.3,5328.29,5332.37,17573,15,0
2026-03-02 21:00:00,5332.91,5340.44,5321.76,5322.05,7749,15,0
2026-03-02 23:00:00,5331.53,5347.3,5330.26,5345.82,5770,28,0
2026-03-03 00:00:00,5345.82,5362.24,5336.85,5350.25,7289,15,0
2026-03-03 01:00:00,5350.3,5380.04,5337.67,5338.87,17135,15,0
2026-03-03 02:00:00,5339.14,5368.06,5332.58,5366.93,15598,15,0
2026-03-03 03:00:00,5366.93,5373.62,5359.41,5367.52,8961,15,0
2026-03-03 04:00:00,5367.51,5375.57,5359.44,5360.98,7695,15,0
2026-03-03 05:00:00,5361.0,5366.99,5306.37,5319.36,15399,15,0
2026-03-03 06:00:00,5319.33,5323.36,5279.23,5310.7,18657,15,0
2026-03-03 07:00:00,5310.67,5331.09,5306.06,5327.76,10907,15,0
2026-03-03 08:00:00,5327.38,5335.97,5289.96,5295.76,15076,15,0
2026-03-03 09:00:00,5295.8,5303.88,5227.01,5275.33,18672,15,0
2026-03-03 10:00:00,5275.27,5288.12,5239.43,5248.54,16063,15,0
2026-03-03 11:00:00,5248.58,5264.16,5075.67,5144.94,20378,15,0
2026-03-03 12:00:00,5145.14,5226.66,5138.83,5224.86,18760,15,0
2026-03-03 13:00:00,5224.94,5224.94,5129.36,5156.94,23302,15,0
2026-03-03 14:00:00,5156.75,5174.76,5016.82,5039.13,24614,15,0
2026-03-03 15:00:00,5039.13,5097.09,4997.46,5095.64,27548,15,0
2026-03-03 16:00:00,5095.74,5134.16,5091.0,5106.85,26622,15,0
2026-03-03 17:00:00,5106.85,5109.8,5065.33,5079.47,24171,15,0
2026-03-03 18:00:00,5079.44,5138.27,5079.34,5136.22,21109,15,0
2026-03-03 19:00:00,5136.07,5148.98,5099.42,5113.4,21460,15,0
2026-03-03 20:00:00,5113.78,5130.31,5086.05,5097.43,21521,15,0
2026-03-03 21:00:00,5097.43,5110.35,5083.67,5088.36,9851,15,0
2026-03-03 23:00:00,5109.65,5129.75,5084.18,5125.3,8494,28,0
2026-03-04 00:00:00,5125.29,5140.48,5105.8,5138.68,10932,15,0
2026-03-04 01:00:00,5138.69,5178.34,5138.63,5174.82,21269,15,0
2026-03-04 02:00:00,5174.79,5190.94,5154.74,5156.43,17920,15,0
2026-03-04 03:00:00,5156.43,5177.6,5141.13,5174.38,15459,15,0
2026-03-04 04:00:00,5174.24,5181.0,5153.06,5156.75,11462,15,0
2026-03-04 05:00:00,5156.75,5168.22,5152.19,5159.73,15615,15,0
2026-03-04 06:00:00,5159.72,5160.74,5125.96,5160.43,15406,15,0
2026-03-04 07:00:00,5160.4,5175.87,5158.45,5168.21,10878,15,0
2026-03-04 08:00:00,5168.2,5182.07,5147.34,5167.76,13676,15,0
2026-03-04 09:00:00,5167.72,5185.08,5159.55,5182.25,10359,15,0
2026-03-04 10:00:00,5182.27,5202.4,5179.73,5190.0,12623,15,0
2026-03-04 11:00:00,5189.99,5200.37,5187.82,5192.37,7407,15,0
2026-03-04 12:00:00,5192.42,5206.21,5156.56,5171.22,14460,15,0
2026-03-04 13:00:00,5171.3,5196.33,5167.46,5167.9,16789,15,0
2026-03-04 14:00:00,5167.93,5185.25,5138.93,5147.79,24477,15,0
2026-03-04 15:00:00,5147.79,5166.94,5131.48,5151.2,24489,15,0
2026-03-04 16:00:00,5151.26,5162.67,5138.21,5149.77,18765,15,0
2026-03-04 17:00:00,5149.74,5152.84,5120.31,5141.25,16121,15,0
2026-03-04 18:00:00,5141.21,5143.63,5109.36,5133.68,16496,15,0
2026-03-04 19:00:00,5133.92,5139.6,5123.46,5137.86,11448,15,0
2026-03-04 20:00:00,5137.66,5146.53,5123.83,5134.89,12124,15,0
2026-03-04 21:00:00,5135.13,5143.95,5129.92,5141.26,4660,15,0
2026-03-04 23:00:00,5150.44,5165.76,5144.73,5165.2,4782,28,0
2026-03-05 00:00:00,5165.16,5180.03,5159.2,5170.62,6082,15,0
2026-03-05 01:00:00,5172.99,5186.22,5167.99,5172.67,14012,15,0
2026-03-05 02:00:00,5172.67,5192.51,5171.71,5192.06,12057,15,0
2026-03-05 03:00:00,5192.05,5194.93,5178.26,5180.29,8166,15,0
2026-03-05 04:00:00,5180.16,5186.55,5166.38,5171.72,6280,15,0
2026-03-05 05:00:00,5171.72,5176.9,5148.42,5148.68,9519,15,0
2026-03-05 06:00:00,5148.68,5168.86,5120.76,5167.72,15064,15,0
2026-03-05 07:00:00,5167.72,5172.79,5158.69,5162.07,11771,15,0
2026-03-05 08:00:00,5161.63,5170.13,5137.82,5165.5,13495,15,0
2026-03-05 09:00:00,5165.5,5180.51,5153.81,5160.99,14311,15,0
2026-03-05 10:00:00,5160.99,5167.53,5146.2,5164.48,9489,15,0
2026-03-05 11:00:00,5164.5,5168.08,5157.04,5163.9,8224,15,0
2026-03-05 12:00:00,5163.9,5171.89,5161.23,5162.82,7862,15,0
2026-03-05 13:00:00,5162.82,5164.21,5086.32,5118.37,18805,15,0
2026-03-05 14:00:00,5118.43,5130.21,5090.95,5102.29,23192,15,0
2026-03-05 15:00:00,5101.76,5119.92,5062.43,5102.69,25132,15,0
2026-03-05 16:00:00,5102.72,5104.62,5054.47,5077.91,21795,15,0
2026-03-05 17:00:00,5077.95,5089.7,5055.4,5063.36,21590,15,0
2026-03-05 18:00:00,5063.18,5085.49,5050.82,5069.63,19532,15,0
2026-03-05 19:00:00,5069.62,5081.56,5056.31,5066.07,17831,15,0
2026-03-05 20:00:00,5066.07,5094.62,5061.79,5076.7,17341,15,0
2026-03-05 21:00:00,5076.63,5085.02,5072.81,5081.03,4530,15,0
2026-03-05 23:00:00,5080.98,5101.98,5080.66,5086.13,5793,28,0
2026-03-06 00:00:00,5086.05,5092.48,5074.35,5084.76,8126,15,0
2026-03-06 01:00:00,5084.76,5143.55,5066.83,5134.53,18028,15,0
2026-03-06 02:00:00,5134.23,5138.4,5122.09,5126.4,11741,15,0
2026-03-06 03:00:00,5126.34,5141.6,5124.13,5131.02,8439,15,0
2026-03-06 04:00:00,5131.02,5136.39,5126.19,5127.48,5147,15,0
2026-03-06 05:00:00,5127.24,5130.21,5114.55,5117.46,9503,15,0
2026-03-06 06:00:00,5117.62,5123.05,5109.17,5115.78,8990,15,0
2026-03-06 07:00:00,5115.76,5120.79,5105.75,5119.64,8693,15,0
2026-03-06 08:00:00,5119.69,5123.23,5096.5,5108.64,11067,15,0
2026-03-06 09:00:00,5108.64,5109.52,5083.34,5085.89,13586,15,0
2026-03-06 10:00:00,5085.89,5092.81,5075.76,5091.0,11740,15,0
2026-03-06 11:00:00,5091.16,5099.04,5062.9,5077.36,13032,15,0
2026-03-06 12:00:00,5077.36,5096.92,5076.48,5083.66,14099,15,0
2026-03-06 13:00:00,5083.48,5130.71,5065.79,5085.18,22656,15,0
2026-03-06 14:00:00,5085.13,5131.75,5081.57,5130.14,24983,15,0
2026-03-06 15:00:00,5130.14,5171.69,5127.83,5141.75,25189,15,0
2026-03-06 16:00:00,5141.78,5153.35,5126.39,5139.98,19027,14,0
2026-03-06 17:00:00,5140.15,5152.63,5128.99,5140.71,16344,14,0
2026-03-06 18:00:00,5140.7,5167.68,5138.63,5161.02,14178,15,0
2026-03-06 19:00:00,5161.02,5174.65,5156.83,5159.9,11868,15,0
2026-03-06 20:00:00,5159.9,5162.82,5150.02,5153.26,12016,14,0
2026-03-06 21:00:00,5152.94,5172.05,5150.58,5170.28,3846,15,0
2026-03-08 22:00:00,5165.42,5168.92,5104.58,5130.3,12834,58,0
2026-03-08 23:00:00,5130.2,5135.25,5043.81,5075.81,16088,15,0
2026-03-09 00:00:00,5075.78,5079.61,5028.29,5050.03,19395,15,0
2026-03-09 01:00:00,5049.68,5087.6,5015.05,5070.25,21380,15,0
2026-03-09 02:00:00,5070.36,5099.21,5055.4,5094.59,18506,15,0
2026-03-09 03:00:00,5094.64,5102.15,5081.64,5091.38,11790,15,0
2026-03-09 04:00:00,5091.39,5097.23,5085.47,5090.27,7534,15,0
2026-03-09 05:00:00,5090.27,5140.86,5081.09,5124.38,16294,15,0
2026-03-09 06:00:00,5124.29,5133.96,5097.14,5097.64,16019,14,0
2026-03-09 07:00:00,5097.66,5107.99,5088.56,5099.02,11864,15,0
2026-03-09 08:00:00,5099.0,5111.02,5087.04,5096.76,13010,14,0
2026-03-09 09:00:00,5096.75,5132.31,5095.06,5105.24,13748,14,0
2026-03-09 10:00:00,5105.24,5111.09,5084.31,5087.28,10597,15,0
2026-03-09 11:00:00,5087.28,5097.51,5079.74,5088.22,10148,15,0
2026-03-09 12:00:00,5088.37,5112.23,5088.37,5094.82,10138,15,0
2026-03-09 13:00:00,5094.82,5111.37,5067.6,5074.3,21982,15,0
2026-03-09 14:00:00,5074.31,5115.96,5061.62,5094.01,25733,15,0
2026-03-09 15:00:00,5093.99,5103.52,5079.68,5099.49,16692,15,0
2026-03-09 16:00:00,5099.57,5110.61,5094.73,5104.64,11642,14,0
2026-03-09 17:00:00,5104.64,5106.75,5088.95,5095.98,11837,15,0
2026-03-09 18:00:00,5095.97,5126.28,5092.54,5123.04,10160,15,0
2026-03-09 19:00:00,5123.04,5144.22,5118.19,5141.13,16813,15,0
2026-03-09 20:00:00,5141.26,5147.79,5134.28,5136.76,6052,15,0
2026-03-09 22:00:00,5148.9,5152.94,5119.11,5152.69,9299,28,0
2026-03-09 23:00:00,5152.89,5156.11,5136.23,5139.73,7869,15,0
2026-03-10 00:00:00,5139.53,5141.27,5125.02,5131.52,12263,15,0
2026-03-10 01:00:00,5131.51,5186.38,5126.08,5184.32,19406,15,0
2026-03-10 02:00:00,5184.27,5186.94,5163.89,5166.11,14809,15,0
2026-03-10 03:00:00,5166.05,5173.85,5155.88,5157.61,9996,15,0
2026-03-10 04:00:00,5157.54,5166.58,5154.37,5163.83,6609,15,0
2026-03-10 05:00:00,5163.84,5179.44,5163.77,5178.01,8112,15,0
2026-03-10 06:00:00,5178.12,5181.24,5171.73,5175.64,9120,15,0
2026-03-10 07:00:00,5175.64,5181.37,5158.46,5181.13,10762,15,0
2026-03-10 08:00:00,5181.12,5195.24,5175.14,5183.31,11052,14,0
2026-03-10 09:00:00,5183.29,5189.52,5180.42,5182.48,8650,15,0
2026-03-10 10:00:00,5182.48,5183.92,5156.42,5177.37,11891,15,0
2026-03-10 11:00:00,5177.35,5192.07,5171.69,5175.35,12128,15,0
2026-03-10 12:00:00,5175.47,5189.51,5162.55,5186.99,12611,14,0
2026-03-10 13:00:00,5186.97,5228.8,5186.0,5205.52,21647,15,0
2026-03-10 14:00:00,5205.55,5214.3,5185.44,5206.77,18184,14,0
2026-03-10 15:00:00,5206.75,5238.78,5203.21,5228.66,15315,14,0
2026-03-10 16:00:00,5228.96,5235.47,5222.52,5227.61,12379,14,0
2026-03-10 17:00:00,5227.61,5235.33,5223.65,5227.52,13989,15,0
2026-03-10 18:00:00,5227.54,5227.96,5161.2,5191.71,21790,15,0
2026-03-10 19:00:00,5191.79,5207.54,5180.66,5198.72,17228,14,0
2026-03-10 20:00:00,5198.72,5199.0,5191.6,5192.84,4790,14,0
2026-03-10 22:00:00,5190.27,5197.76,5183.27,5189.35,5755,28,0
2026-03-10 23:00:00,5189.3,5197.6,5187.71,5197.41,4212,15,0
2026-03-11 00:00:00,5197.36,5219.46,5187.03,5215.31,10299,15,0
2026-03-11 01:00:00,5215.34,5223.25,5208.55,5208.55,13855,15,0
2026-03-11 02:00:00,5208.61,5220.51,5193.98,5217.48,10198,15,0
2026-03-11 03:00:00,5217.39,5220.51,5199.34,5203.48,7455,15,0
2026-03-11 04:00:00,5203.48,5208.77,5199.55,5204.57,4080,15,0
2026-03-11 05:00:00,5204.56,5208.43,5191.63,5199.79,8917,15,0
2026-03-11 06:00:00,5199.79,5210.93,5191.52,5197.73,9335,15,0
2026-03-11 07:00:00,5197.77,5202.36,5184.79,5195.88,8995,15,0
2026-03-11 08:00:00,5195.83,5198.74,5175.39,5187.75,8958,15,0
2026-03-11 09:00:00,5187.67,5197.21,5179.87,5187.61,7764,15,0
2026-03-11 10:00:00,5187.61,5195.33,5177.07,5186.03,7073,15,0
2026-03-11 11:00:00,5186.04,5193.73,5175.93,5181.53,8957,15,0
2026-03-11 12:00:00,5181.55,5195.38,5167.22,5167.62,14175,15,0
2026-03-11 13:00:00,5167.64,5183.16,5149.29,5177.01,20848,15,0
2026-03-11 14:00:00,5176.98,5196.26,5174.12,5183.27,21813,15,0
2026-03-11 15:00:00,5183.2,5185.94,5164.28,5166.41,17281,15,0
2026-03-11 16:00:00,5166.41,5177.9,5163.73,5175.78,14191,14,0
2026-03-11 17:00:00,5175.83,5180.84,5155.07,5169.78,13452,15,0
2026-03-11 18:00:00,5169.62,5178.29,5169.2,5172.66,9889,15,0
2026-03-11 19:00:00,5172.66,5183.41,5169.32,5183.1,7667,15,0
2026-03-11 20:00:00,5183.12,5183.38,5175.1,5176.02,3374,15,0
2026-03-11 22:00:00,5182.17,5182.21,5129.68,5139.11,7017,28,0
2026-03-11 23:00:00,5139.1,5157.78,5133.06,5134.3,8550,15,0
2026-03-12 00:00:00,5134.29,5161.78,5125.77,5152.9,11276,15,0
2026-03-12 01:00:00,5152.94,5173.31,5151.36,5168.47,14119,15,0
2026-03-12 02:00:00,5168.32,5175.23,5145.77,5150.82,12065,15,0
2026-03-12 03:00:00,5150.88,5155.65,5147.34,5153.03,8823,15,0
2026-03-12 04:00:00,5153.17,5153.94,5140.51,5142.7,4831,15,0
2026-03-12 05:00:00,5142.7,5157.61,5137.32,5154.66,8947,15,0
2026-03-12 06:00:00,5154.67,5170.19,5147.42,5166.15,9839,15,0
2026-03-12 07:00:00,5166.17,5185.25,5164.5,5182.03,7271,15,0
2026-03-12 08:00:00,5182.32,5189.67,5175.78,5178.15,8242,14,0
2026-03-12 09:00:00,5178.15,5190.23,5174.48,5188.39,8101,14,0
2026-03-12 10:00:00,5188.17,5191.6,5176.95,5182.33,7800,15,0
2026-03-12 11:00:00,5182.38,5183.73,5172.32,5179.01,7457,15,0
2026-03-12 12:00:00,5179.12,5185.63,5163.7,5181.35,13026,15,0
2026-03-12 13:00:00,5181.28,5186.18,5146.05,5151.25,21783,15,0
2026-03-12 14:00:00,5151.26,5163.7,5138.52,5142.88,21892,15,0
2026-03-12 15:00:00,5142.65,5144.9,5109.97,5132.35,20849,15,0
2026-03-12 16:00:00,5132.24,5138.04,5121.34,5123.67,17104,14,0
2026-03-12 17:00:00,5123.6,5129.88,5102.77,5105.53,15931,15,0
2026-03-12 18:00:00,5105.53,5112.79,5090.86,5094.43,12959,15,0
2026-03-12 19:00:00,5094.47,5096.97,5080.02,5084.77,14071,15,0
2026-03-12 20:00:00,5084.76,5090.73,5055.24,5078.96,8959,15,0
2026-03-12 22:00:00,5074.61,5096.36,5072.67,5095.88,6439,28,0
2026-03-12 23:00:00,5095.93,5101.41,5088.92,5098.04,5854,15,0
2026-03-13 00:00:00,5098.0,5115.22,5097.38,5113.78,6868,15,0
2026-03-13 01:00:00,5113.78,5124.25,5108.92,5124.22,12478,15,0
2026-03-13 02:00:00,5124.2,5128.67,5110.44,5112.08,9080,15,0
2026-03-13 03:00:00,5112.02,5116.77,5106.45,5115.68,8004,15,0
2026-03-13 04:00:00,5115.65,5118.05,5102.69,5104.29,5341,15,0
2026-03-13 05:00:00,5104.61,5111.05,5098.08,5102.9,9214,15,0
2026-03-13 06:00:00,5102.95,5107.84,5085.57,5088.16,14147,15,0
2026-03-13 07:00:00,5088.1,5094.27,5071.76,5085.32,10811,15,0
2026-03-13 08:00:00,5085.35,5088.04,5061.6,5087.49,12689,15,0
2026-03-13 09:00:00,5087.51,5097.15,5083.07,5089.58,10071,15,0
2026-03-13 10:00:00,5089.64,5098.42,5079.85,5094.92,9319,15,0
2026-03-13 11:00:00,5094.89,5107.72,5086.31,5107.54,8685,15,0
2026-03-13 12:00:00,5107.56,5121.92,5104.36,5118.3,13281,14,0
2026-03-13 13:00:00,5118.3,5121.35,5096.44,5101.9,17489,15,0
2026-03-13 14:00:00,5101.89,5108.06,5036.09,5042.11,23205,15,0
2026-03-13 15:00:00,5042.15,5071.58,5031.98,5034.93,21432,15,0
2026-03-13 16:00:00,5034.37,5053.1,5019.15,5045.94,20984,14,0
2026-03-13 17:00:00,5045.93,5064.02,5043.56,5046.37,16961,15,0
2026-03-13 18:00:00,5046.27,5051.86,5036.19,5046.6,13709,15,0
2026-03-13 19:00:00,5046.64,5049.9,5009.68,5016.2,14473,15,0
2026-03-13 20:00:00,5016.34,5025.41,5012.42,5024.84,4791,14,0
2026-03-15 22:00:00,5015.47,5030.56,5001.55,5024.78,9657,58,0
2026-03-15 23:00:00,5024.24,5025.99,4967.71,4997.52,16375,15,0
2026-03-16 00:00:00,4997.57,5030.71,4996.78,5025.66,13854,15,0
2026-03-16 01:00:00,5025.66,5026.52,4982.65,5016.1,21612,15,0
2026-03-16 02:00:00,5016.01,5018.74,4997.8,5003.84,14463,15,0
2026-03-16 03:00:00,5003.84,5020.7,4998.28,5019.13,9794,15,0
2026-03-16 04:00:00,5019.13,5026.33,5012.49,5012.84,5731,15,0
2026-03-16 05:00:00,5012.78,5020.27,5003.23,5017.69,8251,15,0
2026-03-16 06:00:00,5017.71,5035.92,5005.58,5012.15,11644,15,0
2026-03-16 07:00:00,5012.37,5016.53,4991.63,4995.6,10476,14,0
2026-03-16 08:00:00,4995.64,5003.62,4984.98,4991.2,12566,15,0
2026-03-16 09:00:00,4991.2,4991.65,4972.96,4975.61,10799,15,0
2026-03-16 10:00:00,4975.59,4999.28,4970.32,4998.43,11749,15,0
2026-03-16 11:00:00,4998.48,5022.65,4994.92,4996.86,10960,15,0
2026-03-16 12:00:00,4996.89,5025.06,4994.24,5019.88,12416,15,0
2026-03-16 13:00:00,5019.89,5034.38,5013.88,5029.72,17736,15,0
2026-03-16 14:00:00,5029.72,5038.0,4988.19,4995.88,18458,15,0
2026-03-16 15:00:00,4995.91,5005.7,4984.02,4987.17,15824,15,0
2026-03-16 16:00:00,4987.23,4999.0,4974.25,4990.7,15032,15,0
2026-03-16 17:00:00,4991.8,5003.86,4984.0,4991.48,13619,15,0
2026-03-16 18:00:00,4991.57,5017.95,4990.03,5012.98,11414,15,0
2026-03-16 19:00:00,5012.98,5020.32,5008.25,5013.1,10071,15,0
2026-03-16 20:00:00,5012.93,5021.59,5004.73,5006.25,4448,15,0
2026-03-16 22:00:00,5010.62,5015.78,4998.7,5002.43,4958,28,0
2026-03-16 23:00:00,5002.43,5015.54,5002.12,5012.93,4279,15,0
2026-03-17 00:00:00,5012.94,5014.28,4998.52,5003.15,8533,15,0
2026-03-17 01:00:00,5003.15,5028.06,4995.06,5027.98,13846,15,0
2026-03-17 02:00:00,5027.95,5029.64,5019.86,5022.57,9237,15,0
2026-03-17 03:00:00,5022.49,5033.53,5020.49,5027.49,7542,15,0
2026-03-17 04:00:00,5027.49,5041.77,5026.28,5037.85,6926,15,0
2026-03-17 05:00:00,5037.83,5044.6,5020.03,5020.72,10292,15,0
2026-03-17 06:00:00,5020.73,5022.88,5005.27,5010.35,12807,14,0
2026-03-17 07:00:00,5010.25,5028.1,5009.04,5021.32,7952,15,0
2026-03-17 08:00:00,5021.39,5029.54,5018.39,5025.03,8952,14,0
2026-03-17 09:00:00,5025.05,5025.94,5009.71,5010.21,8896,14,0
2026-03-17 10:00:00,5010.18,5016.15,4992.31,5000.46,10003,14,0
2026-03-17 11:00:00,5000.46,5011.32,4997.0,5003.42,7309,14,0
2026-03-17 12:00:00,5003.37,5023.94,4999.35,5011.8,11540,15,0
2026-03-17 13:00:00,5011.8,5031.55,5005.72,5016.67,17276,15,0
2026-03-17 14:00:00,5016.67,5020.51,5003.02,5007.68,17153,15,0
2026-03-17 15:00:00,5007.56,5017.49,4974.59,4998.04,18352,14,0
2026-03-17 16:00:00,4998.04,5005.89,4991.75,5001.89,15204,15,0
2026-03-17 17:00:00,5001.69,5008.67,4996.63,5002.43,11221,15,0
2026-03-17 18:00:00,5002.44,5009.17,4999.9,5003.93,8032,15,0
2026-03-17 19:00:00,5003.92,5005.73,4996.62,5000.46,9423,15,0
2026-03-17 20:00:00,5000.49,5006.47,4999.8,5005.59,4147,15,0
2026-03-17 22:00:00,5005.37,5005.44,4993.42,4999.77,3276,28,0
2026-03-17 23:00:00,4999.79,5003.69,4998.86,5002.93,2522,15,0
2026-03-18 00:00:00,5002.93,5012.38,5000.1,5004.43,6499,15,0
2026-03-18 01:00:00,5004.43,5015.94,4991.33,4998.94,11137,15,0
2026-03-18 02:00:00,4999.0,5007.12,4990.59,4992.03,9123,15,0
2026-03-18 03:00:00,4991.97,4997.55,4986.31,4991.49,8088,15,0
2026-03-18 04:00:00,4991.46,4993.35,4981.74,4987.28,5359,15,0
2026-03-18 05:00:00,4987.28,5002.47,4984.78,4997.89,8008,15,0
2026-03-18 06:00:00,4997.89,5016.42,4996.25,5009.34,9055,14,0
2026-03-18 07:00:00,5009.42,5014.78,4990.34,4994.91,7157,15,0
2026-03-18 08:00:00,4994.72,4996.73,4977.37,4987.51,9395,14,0
2026-03-18 09:00:00,4987.54,4995.75,4984.6,4992.18,6648,15,0
2026-03-18 10:00:00,4992.19,4992.23,4959.09,4967.79,9943,15,0
2026-03-18 11:00:00,4967.79,4974.05,4925.0,4930.19,16273,15,0
2026-03-18 12:00:00,4930.23,4932.53,4870.71,4881.61,21363,14,0
2026-03-18 13:00:00,4881.61,4885.45,4834.33,4878.05,27237,14,0
2026-03-18 14:00:00,4878.06,4894.73,4856.76,4869.61,21595,15,0
2026-03-18 15:00:00,4869.67,4880.17,4861.2,4862.5,15510,15,0
2026-03-18 16:00:00,4862.46,4890.42,4860.65,4886.94,14348,14,0
2026-03-18 17:00:00,4886.89,4899.09,4884.02,4890.78,13337,14,0
2026-03-18 18:00:00,4890.74,4899.34,4852.44,4853.04,20664,15,0
2026-03-18 19:00:00,4853.02,4865.45,4839.21,4843.31,18970,14,0
2026-03-18 20:00:00,4843.17,4848.71,4806.83,4818.73,11000,15,0
2026-03-18 22:00:00,4829.27,4838.98,4805.5,4834.51,10854,28,0
2026-03-18 23:00:00,4834.51,4842.55,4828.39,4836.99,8353,15,0
2026-03-19 00:00:00,4836.97,4848.58,4835.53,4841.37,10182,14,0
2026-03-19 01:00:00,4841.4,4867.2,4833.06,4849.93,14867,15,0
2026-03-19 02:00:00,4849.89,4862.07,4841.47,4858.79,11427,15,0
2026-03-19 03:00:00,4858.79,4865.88,4850.74,4850.8,8107,15,0
2026-03-19 04:00:00,4850.8,4853.83,4845.77,4849.9,5588,14,0
2026-03-19 05:00:00,4849.9,4853.79,4827.07,4827.64,11523,15,0
2026-03-19 06:00:00,4827.64,4842.34,4748.51,4763.65,21078,15,0
2026-03-19 07:00:00,4763.65,4784.57,4727.38,4727.87,16941,15,0
2026-03-19 08:00:00,4727.71,4740.47,4686.4,4709.34,21463,14,0
2026-03-19 09:00:00,4709.17,4726.02,4687.81,4699.17,21719,14,0
2026-03-19 10:00:00,4699.17,4719.75,4666.71,4679.28,17616,15,0
2026-03-19 11:00:00,4679.28,4699.66,4651.62,4652.9,17582,14,0
2026-03-19 12:00:00,4652.11,4654.18,4530.95,4574.34,24811,15,0
2026-03-19 13:00:00,4574.13,4621.09,4502.97,4621.09,28557,15,0
2026-03-19 14:00:00,4621.05,4649.09,4581.62,4601.92,29842,15,0
2026-03-19 15:00:00,4601.98,4638.6,4566.45,4596.32,26969,15,0
2026-03-19 16:00:00,4596.49,4626.52,4576.99,4584.91,24957,15,0
2026-03-19 17:00:00,4584.95,4629.91,4573.82,4616.17,22834,15,0
2026-03-19 18:00:00,4616.27,4623.12,4596.0,4622.91,19484,15,0
2026-03-19 19:00:00,4622.96,4663.39,4622.82,4644.0,25710,15,0
2026-03-19 20:00:00,4643.8,4662.0,4643.1,4650.33,8274,15,0
2026-03-19 22:00:00,4659.41,4677.11,4636.25,4636.43,8586,28,0
2026-03-19 23:00:00,4636.43,4648.09,4634.25,4643.82,7210,15,0
2026-03-20 00:00:00,4643.7,4665.04,4642.94,4648.67,9138,15,0
2026-03-20 01:00:00,4648.67,4699.46,4639.6,4677.24,18825,15,0
2026-03-20 02:00:00,4677.37,4703.93,4670.57,4698.28,12916,15,0
2026-03-20 03:00:00,4698.53,4736.05,4693.15,4725.94,13068,15,0
2026-03-20 04:00:00,4725.94,4727.61,4715.54,4721.76,6405,15,0
2026-03-20 05:00:00,4721.67,4723.73,4685.58,4688.51,12780,15,0
2026-03-20 06:00:00,4688.47,4701.24,4661.4,4669.12,16705,14,0
2026-03-20 07:00:00,4668.83,4708.14,4667.88,4706.25,10624,15,0
2026-03-20 08:00:00,4706.32,4734.86,4684.82,4693.88,13705,15,0
2026-03-20 09:00:00,4693.96,4700.73,4660.4,4667.9,12841,14,0
2026-03-20 10:00:00,4667.97,4670.32,4637.91,4645.49,15798,15,0
2026-03-20 11:00:00,4645.52,4674.26,4637.17,4671.79,14425,14,0
2026-03-20 12:00:00,4671.85,4695.75,4662.03,4678.22,19293,15,0
2026-03-20 13:00:00,4678.22,4679.33,4613.3,4616.55,26942,15,0
2026-03-20 14:00:00,4616.45,4622.68,4548.26,4564.25,30082,15,0
2026-03-20 15:00:00,4563.99,4580.42,4540.86,4553.6,26379,14,0
2026-03-20 16:00:00,4553.65,4614.07,4552.22,4583.29,24535,14,0
2026-03-20 17:00:00,4583.33,4600.82,4554.81,4573.64,23117,14,0
2026-03-20 18:00:00,4573.74,4578.59,4478.79,4499.92,24551,15,0
2026-03-20 19:00:00,4499.95,4516.81,4485.47,4501.77,26663,15,0
2026-03-20 20:00:00,4501.69,4514.32,4493.63,4503.35,9509,15,0
2026-03-22 22:00:00,4475.92,4535.34,4472.13,4497.89,12838,58,0
2026-03-22 23:00:00,4498.28,4510.69,4452.87,4464.62,14821,15,0
2026-03-23 00:00:00,4464.63,4473.21,4320.2,4354.35,21740,15,0
2026-03-23 01:00:00,4354.35,4454.34,4330.64,4387.43,26313,15,0
2026-03-23 02:00:00,4388.2,4422.11,4354.87,4360.74,23782,15,0
2026-03-23 03:00:00,4360.8,4377.96,4334.75,4352.93,19130,15,0
2026-03-23 04:00:00,4352.97,4381.88,4349.93,4367.66,13948,15,0
2026-03-23 05:00:00,4367.49,4380.07,4302.22,4310.11,20103,15,0
2026-03-23 06:00:00,4310.06,4310.22,4163.74,4220.59,26797,14,0
2026-03-23 07:00:00,4220.59,4232.87,4099.15,4204.33,23935,14,0
2026-03-23 08:00:00,4204.44,4270.52,4203.09,4251.08,25791,14,0
2026-03-23 09:00:00,4251.09,4308.45,4223.67,4254.68,23333,14,0
2026-03-23 10:00:00,4253.91,4280.93,4241.12,4268.95,20722,15,0
2026-03-23 11:00:00,4268.97,4462.3,4268.97,4379.13,22508,15,0
2026-03-23 12:00:00,4379.31,4492.74,4336.84,4478.54,28355,15,0
2026-03-23 13:00:00,4478.49,4485.32,4401.62,4454.44,28634,15,0
2026-03-23 14:00:00,4454.41,4512.94,4453.56,4461.99,31730,15,0
2026-03-23 15:00:00,4462.04,4487.03,4351.32,4364.0,31072,15,0
2026-03-23 16:00:00,4363.4,4391.82,4352.76,4374.45,30833,14,0
2026-03-23 17:00:00,4380.12,4438.89,4370.96,4426.16,27100,15,0
2026-03-23 18:00:00,4426.3,4467.17,4402.53,4448.98,24802,15,0
2026-03-23 19:00:00,4448.84,4450.52,4393.16,4398.42,24168,15,0
2026-03-23 20:00:00,4397.88,4413.18,4382.73,4406.46,10520,15,0
2026-03-23 22:00:00,4418.31,4431.19,4360.76,4426.79,10573,28,0
2026-03-23 23:00:00,4426.79,4448.09,4422.09,4441.18,12060,14,0
2026-03-24 00:00:00,4441.0,4446.76,4331.55,4364.78,21457,15,0
2026-03-24 01:00:00,4364.61,4374.28,4308.88,4322.01,26913,15,0
2026-03-24 02:00:00,4322.11,4379.51,4305.9,4366.15,26215,15,0
2026-03-24 03:00:00,4366.15,4368.21,4335.29,4347.39,19529,15,0
2026-03-24 04:00:00,4347.39,4357.28,4326.57,4333.56,14798,15,0
2026-03-24 05:00:00,4333.5,4373.2,4320.06,4347.25,21864,15,0
2026-03-24 06:00:00,4347.29,4405.38,4343.01,4402.28,25056,15,0
2026-03-24 07:00:00,4402.22,4431.98,4400.04,4417.44,22056,15,0
2026-03-24 08:00:00,4417.3,4421.22,4391.18,4412.03,20938,14,0
2026-03-24 09:00:00,4412.1,4430.84,4396.14,4426.33,16462,14,0
2026-03-24 10:00:00,4426.41,4441.86,4414.8,4438.67,16528,15,0
2026-03-24 11:00:00,4438.8,4442.25,4378.07,4408.09,19930,15,0
2026-03-24 12:00:00,4408.09,4427.54,4362.48,4379.11,22958,15,0
2026-03-24 13:00:00,4379.04,4389.82,4352.11,4381.74,28191,15,0
2026-03-24 14:00:00,4381.72,4433.53,4381.03,4415.98,29782,15,0
2026-03-24 15:00:00,4416.1,4430.79,4396.3,4411.48,25502,15,0
2026-03-24 16:00:00,4411.47,4427.41,4402.73,4421.45,20457,14,0
2026-03-24 17:00:00,4421.43,4426.37,4372.5,4388.68,26007,15,0
2026-03-24 18:00:00,4388.67,4423.39,4383.98,4389.67,24275,14,0
2026-03-24 19:00:00,4389.47,4411.28,4388.76,4400.28,16663,15,0
2026-03-24 20:00:00,4399.84,4484.3,4397.58,4474.2,17370,15,0
2026-03-24 22:00:00,4477.49,4485.29,4455.72,4484.62,10444,28,0
2026-03-24 23:00:00,4484.64,4551.17,4471.5,4546.95,13840,15,0
2026-03-25 00:00:00,4546.95,4572.08,4537.65,4563.34,14896,15,0
2026-03-25 01:00:00,4563.35,4601.18,4552.73,4595.19,18257,15,0
2026-03-25 02:00:00,4595.19,4602.31,4579.92,4583.9,14655,15,0
2026-03-25 03:00:00,4583.88,4586.35,4567.74,4570.19,10864,15,0
2026-03-25 04:00:00,4570.19,4574.78,4565.84,4572.84,6008,15,0
2026-03-25 05:00:00,4573.12,4573.55,4549.4,4555.96,11351,15,0
2026-03-25 06:00:00,4555.98,4557.13,4532.82,4545.47,13022,15,0
2026-03-25 07:00:00,4545.16,4563.22,4536.94,4539.32,11242,15,0
2026-03-25 08:00:00,4539.32,4567.82,4535.94,4556.37,14811,15,0
2026-03-25 09:00:00,4556.34,4567.63,4527.66,4551.92,12990,15,0
2026-03-25 10:00:00,4551.89,4561.79,4551.24,4558.8,10309,15,0
2026-03-25 11:00:00,4558.8,4585.73,4555.99,4579.14,12181,15,0
2026-03-25 12:00:00,4579.02,4583.89,4522.43,4543.97,19369,15,0
2026-03-25 13:00:00,4543.95,4576.6,4540.96,4544.86,23701,15,0
2026-03-25 14:00:00,4545.11,4579.57,4533.25,4567.25,23773,15,0
2026-03-25 15:00:00,4567.19,4569.21,4525.14,4559.02,21887,15,0
2026-03-25 16:00:00,4558.98,4565.0,4545.38,4555.26,18318,14,0
2026-03-25 17:00:00,4555.26,4563.83,4542.8,4550.75,15183,15,0
2026-03-25 18:00:00,4550.6,4568.9,4531.11,4538.26,15747,15,0
2026-03-25 19:00:00,4538.17,4539.59,4487.08,4531.0,18718,14,0
2026-03-25 20:00:00,4531.01,4542.29,4495.51,4506.7,8570,15,0
2026-03-25 22:00:00,4518.01,4534.83,4505.98,4517.43,9483,28,0
2026-03-25 23:00:00,4517.43,4517.98,4489.08,4498.35,9215,15,0
2026-03-26 00:00:00,4498.33,4539.21,4498.3,4535.7,11945,15,0
2026-03-26 01:00:00,4535.7,4544.47,4522.6,4535.55,14449,15,0
2026-03-26 02:00:00,4535.61,4535.82,4505.79,4508.93,12682,15,0
2026-03-26 03:00:00,4508.91,4518.9,4499.92,4516.81,10227,14,0
2026-03-26 04:00:00,4516.89,4524.19,4511.78,4520.5,6691,14,0
2026-03-26 05:00:00,4520.5,4522.21,4438.89,4438.94,15254,15,0
2026-03-26 06:00:00,4438.97,4459.63,4415.74,4456.58,19568,15,0
2026-03-26 07:00:00,4456.58,4463.85,4439.13,4452.8,14503,15,0
2026-03-26 08:00:00,4452.73,4459.36,4413.49,4427.93,18090,15,0
2026-03-26 09:00:00,4427.92,4436.99,4414.76,4423.74,16252,15,0
2026-03-26 10:00:00,4423.74,4448.2,4417.28,4443.07,14105,15,0
2026-03-26 11:00:00,4444.05,4456.67,4419.19,4423.13,14531,15,0
2026-03-26 12:00:00,4423.17,4445.79,4416.62,4429.76,17449,15,0
2026-03-26 13:00:00,4429.56,4460.7,4420.38,4452.73,23769,15,0
2026-03-26 14:00:00,4452.81,4479.04,4437.44,4465.11,26043,15,0
2026-03-26 15:00:00,4465.13,4468.95,4434.07,4438.3,21739,15,0
2026-03-26 16:00:00,4438.1,4442.75,4367.06,4389.29,23041,14,0
2026-03-26 17:00:00,4389.13,4402.41,4377.22,4381.6,20107,15,0
2026-03-26 18:00:00,4381.46,4397.84,4368.22,4394.6,17523,15,0
2026-03-26 19:00:00,4394.6,4399.33,4359.22,4364.18,17204,15,0
2026-03-26 20:00:00,4364.0,4420.63,4351.28,4378.49,18176,15,0
2026-03-26 22:00:00,4386.08,4415.34,4380.58,4411.69,7514,28,0
2026-03-26 23:00:00,4411.28,4414.49,4389.83,4404.93,6024,15,0
2026-03-27 00:00:00,4404.93,4411.15,4375.61,4378.73,9713,15,0
2026-03-27 01:00:00,4378.73,4420.74,4378.17,4417.35,13322,15,0
2026-03-27 02:00:00,4417.57,4440.56,4417.04,4432.06,11996,15,0
2026-03-27 03:00:00,4432.05,4446.26,4421.27,4437.47,9512,15,0
2026-03-27 04:00:00,4437.47,4449.55,4431.6,4446.13,5822,15,0
2026-03-27 05:00:00,4446.13,4475.27,4440.55,4454.72,11937,15,0
2026-03-27 06:00:00,4454.39,4472.88,4451.76,4459.54,12120,15,0
2026-03-27 07:00:00,4459.47,4463.14,4443.06,4447.78,9483,15,0
2026-03-27 08:00:00,4447.6,4451.04,4423.71,4424.25,12862,15,0
2026-03-27 09:00:00,4424.12,4438.27,4420.88,4429.02,11443,15,0
2026-03-27 10:00:00,4429.02,4433.01,4411.03,4414.77,10713,15,0
2026-03-27 11:00:00,4414.81,4426.38,4404.33,4420.17,11467,15,0
2026-03-27 12:00:00,4420.1,4445.25,4412.79,4437.94,12899,15,0
2026-03-27 13:00:00,4437.96,4443.89,4413.82,4431.36,20203,15,0
2026-03-27 14:00:00,4431.44,4514.61,4430.91,4509.88,22793,15,0
2026-03-27 15:00:00,4509.81,4555.16,4501.83,4524.1,24525,15,0
2026-03-27 16:00:00,4524.1,4533.58,4505.02,4516.19,18067,15,0
2026-03-27 17:00:00,4516.19,4521.31,4486.45,4486.88,17609,15,0
2026-03-27 18:00:00,4486.83,4528.71,4486.74,4516.7,15393,15,0
2026-03-27 19:00:00,4516.65,4526.19,4500.74,4514.47,14536,15,0
2026-03-27 20:00:00,4514.63,4518.22,4498.92,4505.6,5658,15,0
2026-03-29 22:00:00,4512.08,4512.74,4480.55,4484.53,11474,58,0
2026-03-29 23:00:00,4484.51,4492.25,4443.98,4448.88,12727,15,0
2026-03-30 00:00:00,4449.0,4466.94,4420.28,4432.27,20343,15,0
2026-03-30 01:00:00,4431.97,4475.86,4431.97,4469.7,22141,15,0
2026-03-30 02:00:00,4469.69,4499.19,4458.95,4481.4,17659,15,0
2026-03-30 03:00:00,4481.39,4517.63,4478.98,4496.24,14545,15,0
2026-03-30 04:00:00,4496.24,4498.95,4486.31,4496.83,9911,15,0
2026-03-30 05:00:00,4496.83,4528.49,4496.82,4522.54,14306,15,0
2026-03-30 06:00:00,4522.67,4550.78,4517.15,4532.63,15808,15,0
2026-03-30 07:00:00,4532.68,4534.65,4515.65,4527.49,14250,14,0
2026-03-30 08:00:00,4527.47,4540.44,4525.19,4538.02,12627,15,0
2026-03-30 09:00:00,4538.02,4540.61,4523.66,4532.44,12733,15,0
2026-03-30 10:00:00,4533.25,4540.0,4527.92,4532.51,10751,15,0
2026-03-30 11:00:00,4532.56,4580.54,4525.56,4559.57,17252,15,0
2026-03-30 12:00:00,4559.65,4577.94,4545.66,4569.42,15807,14,0
2026-03-30 13:00:00,4569.6,4578.8,4517.45,4523.41,22997,15,0
2026-03-30 14:00:00,4523.44,4541.4,4512.4,4538.46,26164,15,0
2026-03-30 15:00:00,4538.57,4556.85,4524.66,4548.45,20984,14,0
2026-03-30 16:00:00,4548.45,4549.79,4532.75,4539.99,17180,15,0
2026-03-30 17:00:00,4539.78,4542.36,4511.4,4515.02,18579,15,0
2026-03-30 18:00:00,4514.93,4523.11,4498.53,4499.12,14394,15,0
2026-03-30 19:00:00,4498.97,4518.5,4493.19,4513.75,18374,14,0
2026-03-30 20:00:00,4513.65,4516.48,4501.12,4511.07,5970,15,0
2026-03-30 22:00:00,4514.78,4520.84,4502.16,4514.19,5531,28,0
2026-03-30 23:00:00,4510.83,4521.51,4493.65,4513.88,9327,15,0
2026-03-31 00:00:00,4513.88,4548.23,4482.71,4547.89,19180,15,0
2026-03-31 01:00:00,4547.65,4619.63,4532.32,4605.28,22392,15,0
2026-03-31 02:00:00,4605.32,4607.59,4565.85,4568.49,17399,15,0
2026-03-31 03:00:00,4568.4,4577.16,4549.96,4557.34,12109,14,0
2026-03-31 04:00:00,4557.35,4569.62,4557.15,4564.82,8472,15,0
2026-03-31 05:00:00,4564.55,4581.82,4548.24,4569.01,12887,15,0
2026-03-31 06:00:00,4569.01,4569.24,4553.28,4557.3,13515,14,0
2026-03-31 07:00:00,4557.44,4565.84,4543.58,4564.58,12670,14,0
2026-03-31 08:00:00,4564.58,4575.21,4560.54,4568.63,13001,14,0
2026-03-31 09:00:00,4568.63,4572.61,4550.36,4555.8,13573,15,0
2026-03-31 10:00:00,4555.67,4562.11,4531.39,4547.17,11529,14,0
2026-03-31 11:00:00,4547.19,4593.36,4541.26,4582.37,20437,15,0
2026-03-31 12:00:00,4582.37,4597.64,4569.36,4574.95,19375,15,0
2026-03-31 13:00:00,4575.12,4609.72,4567.98,4607.2,20937,15,0
2026-03-31 14:00:00,4607.2,4629.94,4595.04,4599.13,26669,15,0
2026-03-31 15:00:00,4599.16,4625.59,4599.14,4609.38,22498,14,0
2026-03-31 16:00:00,4609.41,4651.61,4607.12,4638.3,22389,14,0
2026-03-31 17:00:00,4638.27,4667.43,4636.36,4654.56,26876,15,0
2026-03-31 18:00:00,4654.4,4671.1,4653.55,4667.62,17333,15,0
2026-03-31 19:00:00,4667.61,4685.77,4661.81,4682.78,18512,14,0
2026-03-31 20:00:00,4682.77,4687.07,4664.69,4667.19,8343,15,0
2026-03-31 22:00:00,4681.77,4695.71,4661.73,4680.66,9482,28,0
2026-03-31 23:00:00,4680.72,4700.13,4672.02,4696.51,9539,15,0
2026-04-01 00:00:00,4696.53,4722.74,4693.54,4710.88,15082,15,0
2026-04-01 01:00:00,4710.87,4724.31,4681.51,4692.89,19771,15,0
2026-04-01 02:00:00,4692.92,4700.62,4678.17,4684.4,12987,15,0
2026-04-01 03:00:00,4684.41,4694.57,4679.7,4681.93,9521,15,0
2026-04-01 04:00:00,4681.93,4682.05,4666.98,4676.63,8103,15,0
2026-04-01 05:00:00,4676.67,4703.72,4674.99,4684.53,11673,15,0
2026-04-01 06:00:00,4684.56,4733.06,4683.09,4730.54,16293,14,0
2026-04-01 07:00:00,4730.54,4747.8,4709.71,4713.01,17223,15,0
2026-04-01 08:00:00,4713.01,4740.47,4710.51,4728.64,13614,14,0
2026-04-01 09:00:00,4728.68,4730.23,4713.1,4723.19,11348,15,0
2026-04-01 10:00:00,4723.16,4738.82,4715.18,4731.4,10128,15,0
2026-04-01 11:00:00,4731.4,4762.9,4728.28,4753.34,11637,15,0
2026-04-01 12:00:00,4752.55,4753.84,4724.6,4725.02,17702,14,0
2026-04-01 13:00:00,4724.91,4749.64,4716.51,4738.36,23608,15,0
2026-04-01 14:00:00,4738.36,4768.8,4725.76,4760.77,25222,15,0
2026-04-01 15:00:00,4760.76,4788.2,4758.48,4786.58,18986,15,0
2026-04-01 16:00:00,4786.62,4790.72,4774.36,4787.34,14867,15,0
2026-04-01 17:00:00,4787.23,4793.1,4773.77,4774.4,14346,14,0
2026-04-01 18:00:00,4774.4,4775.28,4742.19,4753.22,20970,15,0
2026-04-01 19:00:00,4753.25,4778.22,4751.34,4766.2,16573,15,0
2026-04-01 20:00:00,4766.18,4771.16,4754.01,4758.05,6481,15,0
2026-04-01 22:00:00,4753.33,4781.45,4750.68,4776.42,5697,28,0
2026-04-01 23:00:00,4776.57,4800.33,4773.47,4784.12,11060,15,0
2026-04-02 00:00:00,4784.12,4798.72,4775.24,4784.71,14630,15,0
2026-04-02 01:00:00,4784.71,4785.06,4653.47,4696.55,26373,15,0
2026-04-02 02:00:00,4696.57,4703.99,4655.51,4687.07,21056,15,0
2026-04-02 03:00:00,4687.07,4699.51,4676.06,4676.42,13683,15,0
2026-04-02 04:00:00,4676.47,4681.8,4657.1,4671.66,10866,15,0
2026-04-02 05:00:00,4673.34,4680.68,4585.87,4594.36,17226,15,0
2026-04-02 06:00:00,4594.63,4608.7,4553.71,4599.31,21398,15,0
2026-04-02 07:00:00,4599.33,4651.52,4597.17,4642.75,14663,14,0
2026-04-02 08:00:00,4642.74,4648.81,4617.8,4620.96,14562,15,0
2026-04-02 09:00:00,4620.93,4632.04,4613.21,4621.7,11181,15,0
2026-04-02 10:00:00,4621.7,4635.17,4603.89,4620.39,12220,15,0
2026-04-02 11:00:00,4620.37,4630.78,4592.83,4600.12,14628,15,0
2026-04-02 12:00:00,4600.12,4630.24,4594.76,4601.86,17395,15,0
2026-04-02 13:00:00,4602.02,4651.31,4580.88,4646.15,28448,14,0
2026-04-02 14:00:00,4646.22,4699.51,4631.73,4681.52,30549,15,0
2026-04-02 15:00:00,4681.69,4684.02,4652.72,4661.12,27950,14,0
2026-04-02 16:00:00,4661.12,4670.6,4643.04,4659.22,23350,14,0
2026-04-02 17:00:00,4659.14,4668.45,4645.86,4648.71,20350,15,0
2026-04-02 18:00:00,4648.72,4672.06,4647.46,4668.55,15280,15,0
2026-04-02 19:00:00,4668.56,4681.83,4661.51,4672.13,17342,14,0
2026-04-02 20:00:00,4672.24,4677.95,4664.34,4676.17,7076,15,0
2026-04-05 22:00:00,4637.39,4654.5,4615.11,4645.92,11976,58,0
2026-04-05 23:00:00,4645.92,4651.14,4605.57,4610.68,11762,15,0
2026-04-06 00:00:00,4610.68,4629.34,4601.0,4622.52,16291,15,0
2026-04-06 01:00:00,4622.59,4643.19,4620.63,4625.95,13881,15,0
2026-04-06 02:00:00,4625.95,4671.85,4623.87,4648.12,15124,15,0
2026-04-06 03:00:00,4648.12,4648.2,4625.46,4640.54,12087,15,0
2026-04-06 04:00:00,4640.54,4660.04,4640.03,4659.09,8443,15,0
2026-04-06 05:00:00,4659.12,4678.8,4651.29,4652.51,8467,15,0
2026-04-06 06:00:00,4652.52,4667.83,4644.93,4666.07,9907,15,0
2026-04-06 07:00:00,4666.02,4688.42,4645.03,4684.84,13031,15,0
2026-04-06 08:00:00,4684.82,4697.62,4682.43,4695.74,11710,14,0
2026-04-06 09:00:00,4695.74,4706.62,4690.91,4693.71,10142,15,0
2026-04-06 10:00:00,4693.72,4697.65,4685.12,4689.82,9951,15,0
2026-04-06 11:00:00,4690.15,4696.8,4677.12,4678.02,9035,15,0
2026-04-06 12:00:00,4678.02,4686.86,4659.51,4675.85,12339,15,0
2026-04-06 13:00:00,4675.85,4681.84,4660.44,4680.18,20178,15,0
2026-04-06 14:00:00,4680.84,4697.83,4660.34,4682.69,26142,15,0
2026-04-06 15:00:00,4682.71,4683.86,4652.0,4668.2,18256,14,0
2026-04-06 16:00:00,4668.21,4672.59,4658.03,4660.42,12666,15,0
2026-04-06 17:00:00,4660.44,4661.24,4645.88,4653.59,15969,15,0
2026-04-06 18:00:00,4653.6,4666.39,4648.9,4658.37,13080,15,0
2026-04-06 19:00:00,4658.34,4659.37,4645.67,4655.54,8409,14,0
2026-04-06 20:00:00,4655.54,4658.32,4649.21,4650.55,3891,15,0
2026-04-06 22:00:00,4658.84,4667.78,4656.65,4658.32,5085,28,0
2026-04-06 23:00:00,4658.38,4661.1,4651.52,4658.88,4902,15,0
2026-04-07 00:00:00,4658.88,4661.37,4649.11,4655.2,10066,15,0
2026-04-07 01:00:00,4655.22,4664.53,4616.72,4627.11,22347,15,0
2026-04-07 02:00:00,4627.11,4654.07,4620.11,4650.53,15229,15,0
2026-04-07 03:00:00,4650.5,4654.07,4639.75,4649.61,10592,15,0
2026-04-07 04:00:00,4649.58,4663.81,4645.66,4659.53,8245,15,0
2026-04-07 05:00:00,4659.73,4661.38,4623.18,4643.07,13647,15,0
2026-04-07 06:00:00,4643.27,4656.53,4638.04,4653.44,16504,15,0
2026-04-07 07:00:00,4653.47,4657.16,4636.76,4646.09,12530,14,0
2026-04-07 08:00:00,4646.11,4690.79,4644.25,4683.1,19191,15,0
2026-04-07 09:00:00,4683.08,4694.31,4658.9,4670.79,14214,15,0
2026-04-07 10:00:00,4670.83,4680.58,4649.38,4652.1,17516,15,0
2026-04-07 11:00:00,4652.12,4664.04,4629.19,4659.7,16491,15,0
2026-04-07 12:00:00,4659.7,4670.62,4646.82,4651.5,15965,14,0
2026-04-07 13:00:00,4651.53,4663.19,4636.04,4644.31,23767,15,0
2026-04-07 14:00:00,4644.31,4661.37,4607.68,4633.48,26953,15,0
2026-04-07 15:00:00,4633.37,4659.56,4624.93,4655.56,21840,14,0
2026-04-07 16:00:00,4655.64,4668.61,4652.68,4657.11,20365,14,0
2026-04-07 17:00:00,4657.11,4686.78,4653.87,4675.87,17057,15,0
2026-04-07 18:00:00,4675.89,4686.16,4657.51,4662.17,13128,15,0
2026-04-07 19:00:00,4662.41,4718.54,4660.5,4700.78,25356,14,0
2026-04-07 20:00:00,4700.8,4716.64,4696.65,4705.39,12322,15,0
2026-04-07 22:00:00,4747.1,4819.59,4716.37,4818.26,17660,28,0
2026-04-07 23:00:00,4818.3,4836.4,4802.27,4833.35,20651,15,0
2026-04-08 00:00:00,4833.37,4854.89,4808.64,4817.77,21200,15,0
2026-04-08 01:00:00,4817.81,4825.16,4788.3,4810.27,22409,15,0
2026-04-08 02:00:00,4810.26,4825.17,4798.74,4804.18,11605,14,0
2026-04-08 03:00:00,4804.18,4806.17,4795.28,4797.79,10773,15,0
2026-04-08 04:00:00,4797.79,4806.76,4790.34,4803.94,9261,15,0
2026-04-08 05:00:00,4803.91,4843.89,4800.56,4827.8,12772,15,0
2026-04-08 06:00:00,4827.7,4839.67,4819.79,4819.89,14623,14,0
2026-04-08 07:00:00,4819.89,4821.21,4805.28,4813.29,12415,15,0
2026-04-08 08:00:00,4813.29,4819.73,4790.47,4794.17,12801,14,0
2026-04-08 09:00:00,4794.17,4807.02,4776.23,4783.27,10811,14,0
2026-04-08 10:00:00,4783.21,4796.18,4771.11,4782.82,10168,15,0
2026-04-08 11:00:00,4782.82,4802.97,4778.27,4798.76,11793,15,0
2026-04-08 12:00:00,4798.76,4807.25,4769.33,4799.54,16858,14,0
2026-04-08 13:00:00,4799.54,4806.72,4768.51,4777.67,22257,15,0
2026-04-08 14:00:00,4777.74,4791.99,4732.72,4738.28,26163,15,0
2026-04-08 15:00:00,4736.3,4763.31,4734.17,4756.68,20885,14,0
2026-04-08 16:00:00,4756.68,4765.58,4745.66,4760.56,15451,14,0
2026-04-08 17:00:00,4760.4,4764.32,4731.87,4734.05,15195,15,0
2026-04-08 18:00:00,4734.25,4744.66,4703.91,4705.46,20767,15,0
2026-04-08 19:00:00,4705.36,4731.9,4699.61,4730.7,16570,14,0
2026-04-08 20:00:00,4730.7,4732.25,4717.1,4719.06,5645,15,0
2026-04-08 22:00:00,4727.58,4731.94,4704.53,4717.68,7899,28,0
2026-04-08 23:00:00,4717.68,4720.14,4705.48,4715.72,8255,15,0
2026-04-09 00:00:00,4715.89,4719.17,4698.65,4706.84,12143,15,0
2026-04-09 01:00:00,4706.84,4728.35,4699.86,4727.43,17331,15,0
2026-04-09 02:00:00,4727.43,4733.06,4717.79,4719.29,10331,14,0
2026-04-09 03:00:00,4719.15,4720.46,4705.22,4711.55,9560,15,0
2026-04-09 04:00:00,4711.55,4725.47,4709.7,4720.84,6363,15,0
2026-04-09 05:00:00,4720.84,4726.51,4705.8,4713.25,11198,15,0
2026-04-09 06:00:00,4713.14,4725.37,4703.5,4712.5,13647,14,0
2026-04-09 07:00:00,4712.6,4731.3,4705.67,4724.36,15019,15,0
2026-04-09 08:00:00,4724.38,4733.25,4719.9,4726.22,9786,15,0
2026-04-09 09:00:00,4726.26,4733.42,4722.98,4729.28,9025,15,0
2026-04-09 10:00:00,4729.28,4746.68,4723.79,4741.14,8912,15,0
2026-04-09 11:00:00,4741.12,4757.6,4738.4,4756.61,9436,14,0
2026-04-09 12:00:00,4756.6,4758.75,4734.56,4745.79,13390,15,0
2026-04-09 13:00:00,4745.83,4777.2,4738.61,4764.29,21502,15,0
2026-04-09 14:00:00,4764.25,4776.26,4747.32,4768.64,21710,15,0
2026-04-09 15:00:00,4768.64,4798.1,4761.25,4792.88,21386,14,0
2026-04-09 16:00:00,4792.88,4800.88,4784.52,4788.81,16607,14,0
2026-04-09 17:00:00,4788.85,4801.04,4786.81,4797.68,13741,15,0
2026-04-09 18:00:00,4797.75,4797.97,4767.82,4772.11,17280,15,0
2026-04-09 19:00:00,4772.11,4782.62,4766.88,4768.79,12853,14,0
2026-04-09 20:00:00,4768.96,4773.36,4760.78,4765.51,5362,15,0
2026-04-09 22:00:00,4775.52,4779.13,4758.74,4764.23,4745,28,0
2026-04-09 23:00:00,4764.23,4764.31,4757.02,4763.71,4635,15,0
2026-04-10 00:00:00,4763.94,4763.94,4750.79,4763.02,8286,15,0
2026-04-10 01:00:00,4763.02,4777.4,4758.14,4764.63,13181,15,0
2026-04-10 02:00:00,4764.63,4765.44,4738.16,4753.26,12706,14,0
2026-04-10 03:00:00,4753.25,4769.43,4753.08,4766.47,9236,15,0
2026-04-10 04:00:00,4766.53,4770.78,4757.88,4758.45,5412,15,0
2026-04-10 05:00:00,4758.49,4769.2,4757.32,4765.76,8127,15,0
2026-04-10 06:00:00,4765.76,4765.82,4742.87,4746.51,10813,15,0
2026-04-10 07:00:00,4746.23,4757.59,4741.31,4749.68,8602,15,0
2026-04-10 08:00:00,4749.92,4753.43,4730.97,4741.04,10844,15,0
2026-04-10 09:00:00,4741.04,4760.79,4740.83,4751.59,11444,15,0
2026-04-10 10:00:00,4751.56,4760.72,4742.38,4757.19,8988,15,0
2026-04-10 11:00:00,4757.19,4768.94,4753.34,4768.27,8337,15,0
2026-04-10 12:00:00,4768.31,4782.59,4759.85,4771.71,15476,15,0
2026-04-10 13:00:00,4771.74,4780.3,4765.46,4775.01,19363,14,0
2026-04-10 14:00:00,4775.63,4795.08,4767.59,4774.73,21487,15,0
2026-04-10 15:00:00,4774.72,4787.4,4755.44,4762.19,19196,15,0
2026-04-10 16:00:00,4761.87,4766.13,4747.5,4763.85,16792,15,0
2026-04-10 17:00:00,4763.99,4768.63,4758.2,4760.34,12539,15,0
2026-04-10 18:00:00,4760.34,4773.2,4751.06,4765.31,11231,15,0
2026-04-10 19:00:00,4765.38,4770.58,4758.23,4759.72,10198,15,0
2026-04-10 20:00:00,4759.73,4759.91,4740.83,4751.0,5557,16,0
2026-04-12 22:00:00,4670.52,4685.11,4644.71,4658.7,15460,58,0
2026-04-12 23:00:00,4658.7,4671.99,4644.17,4671.41,10634,15,0
2026-04-13 00:00:00,4671.41,4697.62,4664.64,4695.56,12310,15,0
2026-04-13 01:00:00,4695.56,4728.29,4693.69,4721.34,18609,15,0
2026-04-13 02:00:00,4721.34,4727.99,4711.25,4720.65,12013,15,0
2026-04-13 03:00:00,4720.57,4723.92,4712.23,4718.03,7421,15,0
2026-04-13 04:00:00,4718.03,4724.93,4708.9,4723.13,6616,15,0
2026-04-13 05:00:00,4723.13,4730.75,4716.35,4729.34,9747,15,0
2026-04-13 06:00:00,4729.33,4732.82,4720.83,4725.69,11309,15,0
2026-04-13 07:00:00,4725.7,4740.02,4724.71,4733.64,10647,15,0
2026-04-13 08:00:00,4733.56,4738.73,4720.25,4723.54,9852,15,0
2026-04-13 09:00:00,4723.54,4728.71,4710.46,4714.79,9270,15,0
2026-04-13 10:00:00,4714.82,4723.95,4708.66,4722.18,8263,14,0
2026-04-13 11:00:00,4722.25,4729.23,4703.78,4707.12,11660,15,0
2026-04-13 12:00:00,4707.27,4725.18,4703.79,4723.65,14716,15,0
2026-04-13 13:00:00,4723.55,4744.56,4721.51,4730.56,21919,15,0
2026-04-13 14:00:00,4730.56,4731.16,4708.85,4719.04,22844,15,0
2026-04-13 15:00:00,4719.07,4719.74,4700.53,4714.44,18082,14,0
2026-04-13 16:00:00,4714.44,4746.31,4709.28,4733.12,20585,15,0
2026-04-13 17:00:00,4733.09,4750.08,4725.59,4729.94,14554,15,0
2026-04-13 18:00:00,4729.94,4740.79,4723.48,4738.44,12495,15,0
2026-04-13 19:00:00,4738.39,4747.47,4730.74,4741.18,11910,14,0
2026-04-13 20:00:00,4741.31,4744.01,4738.15,4740.32,4352,15,0
2026-04-13 22:00:00,4751.84,4759.69,4745.77,4757.99,5675,28,0
2026-04-13 23:00:00,4757.94,4765.71,4754.5,4757.59,6608,15,0
2026-04-14 00:00:00,4757.79,4776.2,4751.58,4769.89,10752,15,0
2026-04-14 01:00:00,4769.89,4777.09,4761.87,4765.11,16696,15,0
2026-04-14 02:00:00,4765.14,4777.2,4762.18,4775.34,10879,15,0
2026-04-14 03:00:00,4775.34,4775.72,4765.67,4768.21,7756,15,0
2026-04-14 04:00:00,4768.24,4777.04,4767.04,4774.05,5944,15,0
2026-04-14 05:00:00,4774.05,4774.21,4757.92,4760.12,11936,15,0
2026-04-14 06:00:00,4760.25,4782.96,4760.18,4781.99,11299,14,0
2026-04-14 07:00:00,4782.17,4796.12,4767.99,4777.14,14279,15,0
2026-04-14 08:00:00,4777.1,4789.98,4774.24,4786.9,10193,14,0
2026-04-14 09:00:00,4786.93,4789.3,4771.64,4778.15,8884,15,0
2026-04-14 10:00:00,4778.15,4788.18,4756.35,4768.38,9693,15,0
2026-04-14 11:00:00,4768.38,4783.03,4766.93,4774.93,9270,15,0
2026-04-14 12:00:00,4775.0,4777.66,4762.34,4771.5,14730,15,0
2026-04-14 13:00:00,4771.49,4802.84,4771.21,4794.47,20775,15,0
2026-04-14 14:00:00,4794.71,4818.01,4792.86,4803.98,20538,15,0
2026-04-14 15:00:00,4803.97,4816.22,4791.16,4808.26,17129,14,0
2026-04-14 16:00:00,4808.25,4820.3,4805.0,4810.09,13157,14,0
2026-04-14 17:00:00,4810.09,4840.57,4809.47,4835.08,13074,15,0
2026-04-14 18:00:00,4835.07,4843.26,4830.92,4835.66,11495,15,0
2026-04-14 19:00:00,4835.7,4846.28,4835.7,4844.9,10484,15,0
2026-04-14 20:00:00,4844.96,4846.05,4839.42,4841.68,4246,15,0
2026-04-14 22:00:00,4840.49,4850.66,4833.12,4834.92,6732,28,0
2026-04-14 23:00:00,4834.88,4844.34,4833.54,4837.27,7667,15,0
2026-04-15 00:00:00,4837.35,4840.06,4827.09,4835.54,9398,15,0
2026-04-15 01:00:00,4835.54,4871.3,4828.2,4847.16,17794,15,0
2026-04-15 02:00:00,4846.97,4853.3,4820.61,4823.94,15012,15,0
2026-04-15 03:00:00,4823.91,4829.76,4816.74,4823.99,9503,15,0
2026-04-15 04:00:00,4823.99,4827.97,4820.43,4824.95,5191,15,0
2026-04-15 05:00:00,4824.96,4830.66,4812.7,4819.68,12793,15,0
2026-04-15 06:00:00,4819.68,4825.0,4811.19,4811.61,12532,14,0
2026-04-15 07:00:00,4811.59,4816.95,4803.94,4811.16,11104,15,0
2026-04-15 08:00:00,4810.97,4819.19,4804.67,4818.42,10016,14,0
2026-04-15 09:00:00,4818.42,4819.59,4787.31,4798.2,14113,14,0
2026-04-15 10:00:00,4798.2,4805.31,4790.36,4800.01,12701,15,0
2026-04-15 11:00:00,4800.03,4815.09,4795.62,4812.71,12037,15,0
2026-04-15 12:00:00,4812.73,4816.28,4807.09,4811.73,11059,15,0
2026-04-15 13:00:00,4811.73,4830.18,4808.44,4828.8,20073,15,0
2026-04-15 14:00:00,4828.81,4830.42,4813.34,4815.45,18330,14,0
2026-04-15 15:00:00,4815.45,4816.13,4787.03,4801.77,17927,15,0
2026-04-15 16:00:00,4801.81,4812.8,4800.19,4803.97,14142,15,0
2026-04-15 17:00:00,4803.87,4808.8,4790.73,4792.5,12709,15,0
2026-04-15 18:00:00,4792.52,4802.12,4790.25,4799.65,13135,15,0
2026-04-15 19:00:00,4799.66,4803.5,4794.56,4795.82,10920,15,0
2026-04-15 20:00:00,4795.82,4796.59,4787.77,4790.73,4527,15,0
2026-04-15 22:00:00,4797.78,4811.89,4790.69,4807.44,6790,28,0
2026-04-15 23:00:00,4807.44,4826.63,4807.4,4823.55,6113,15,0
2026-04-16 00:00:00,4823.55,4837.66,4820.98,4833.18,9595,15,0
2026-04-16 01:00:00,4833.16,4836.28,4811.26,4818.03,13438,15,0
2026-04-16 02:00:00,4818.02,4825.06,4812.41,4819.73,9974,14,0
2026-04-16 03:00:00,4819.56,4827.13,4819.15,4824.17,7256,15,0
2026-04-16 04:00:00,4824.17,4833.51,4823.0,4833.17,5404,15,0
2026-04-16 05:00:00,4833.18,4838.45,4821.3,4821.39,10499,15,0
2026-04-16 06:00:00,4821.39,4830.68,4814.67,4826.14,13656,14,0
2026-04-16 07:00:00,4826.15,4830.99,4816.96,4821.07,11616,15,0
2026-04-16 08:00:00,4821.11,4822.0,4806.5,4813.79,11863,15,0
2026-04-16 09:00:00,4813.79,4818.03,4806.82,4812.83,10190,14,0
2026-04-16 10:00:00,4812.83,4817.24,4805.18,4817.2,9876,15,0
2026-04-16 11:00:00,4817.23,4822.54,4815.51,4822.28,8953,15,0
2026-04-16 12:00:00,4822.28,4823.16,4811.69,4816.25,10903,15,0
2026-04-16 13:00:00,4816.28,4823.89,4785.94,4794.86,19347,15,0
2026-04-16 14:00:00,4794.54,4805.45,4773.1,4788.7,23888,15,0
2026-04-16 15:00:00,4788.7,4812.93,4788.29,4806.99,18956,15,0
2026-04-16 16:00:00,4807.09,4810.1,4785.17,4792.0,16207,14,0
2026-04-16 17:00:00,4792.03,4795.41,4781.47,4789.28,16893,15,0
2026-04-16 18:00:00,4789.28,4794.24,4785.7,4789.61,15898,15,0
2026-04-16 19:00:00,4789.61,4798.58,4789.47,4793.67,11478,14,0
2026-04-16 20:00:00,4793.66,4793.95,4786.4,4790.8,3347,15,0
2026-04-16 22:00:00,4794.62,4797.85,4790.74,4795.32,5128,28,0
2026-04-16 23:00:00,4794.84,4797.94,4791.77,4791.77,4793,15,0
2026-04-17 00:00:00,4791.7,4801.15,4786.11,4794.92,8169,14,0
2026-04-17 01:00:00,4794.92,4795.75,4767.97,4789.45,15273,15,0
2026-04-17 02:00:00,4789.45,4794.68,4784.63,4784.68,9179,15,0
2026-04-17 03:00:00,4784.68,4798.01,4784.68,4793.16,7508,15,0
2026-04-17 04:00:00,4793.13,4804.6,4792.57,4802.95,4338,15,0
2026-04-17 05:00:00,4802.87,4806.14,4793.81,4794.34,10382,15,0
2026-04-17 06:00:00,4794.32,4795.34,4779.4,4784.99,11008,14,0
2026-04-17 07:00:00,4784.99,4794.79,4778.87,4784.51,8911,14,0
2026-04-17 08:00:00,4784.47,4796.99,4781.04,4796.02,9039,15,0
2026-04-17 09:00:00,4796.02,4800.98,4790.01,4790.42,8167,14,0
2026-04-17 10:00:00,4790.49,4794.01,4782.39,4787.47,7499,14,0
2026-04-17 11:00:00,4787.47,4811.82,4783.62,4799.17,8826,14,0
2026-04-17 12:00:00,4799.33,4847.82,4797.72,4846.61,17824,15,0
2026-04-17 13:00:00,4846.61,4889.05,4835.04,4880.38,28496,15,0
2026-04-17 14:00:00,4880.38,4885.4,4860.13,4873.1,23820,15,0
2026-04-17 15:00:00,4873.1,4880.59,4854.88,4867.59,21573,14,0
2026-04-17 16:00:00,4867.57,4873.4,4863.74,4867.08,15245,14,0
2026-04-17 17:00:00,4867.1,4869.54,4853.81,4862.48,17481,15,0
2026-04-17 18:00:00,4862.48,4867.93,4855.99,4858.09,14825,15,0
2026-04-17 19:00:00,4858.09,4861.21,4852.8,4854.49,14280,14,0
2026-04-17 20:00:00,4854.49,4855.05,4833.9,4835.49,8324,15,0
