time,open,high,low,close,tick_volume,spread,real_volume,range,body,upper_wick_ratio,lower_wick_ratio,body_ratio,momentum,hour,day_of_week,rolling_high_20,rolling_low_20,range_position_20,atr14,visual_zone_label,visual_zone_score,visual_zone_annotation_id
2026-04-13 17:00:00,4733.09,4750.08,4725.59,4729.94,14554.0,15,0.0,24.48999999999978,3.1500000000005457,0.6937525520620634,0.17762351980398094,0.12862392813395565,0.0,17,0,4750.08,4725.59,0.17762351980398094,24.48999999999978,NONE,0.0,
2026-04-13 18:00:00,4729.94,4740.79,4723.48,4738.44,12495.0,15,0.0,17.3100000000004,8.5,0.13575967648759732,0.3731946851530842,0.4910456383593185,8.5,18,0,4750.08,4723.48,0.5624060150375877,20.90000000000009,NONE,0.0,
2026-04-13 19:00:00,4738.39,4747.47,4730.74,4741.18,11910.0,14,0.0,16.730000000000473,2.7899999999999636,0.37597130902568954,0.4572624028691171,0.16676628810519334,2.740000000000691,19,0,4750.08,4723.48,0.6654135338346047,19.51000000000022,NONE,0.0,
2026-04-13 20:00:00,4741.31,4744.01,4738.15,4740.32,4352.0,15,0.0,5.860000000000582,0.9900000000006912,0.460750853242244,0.3703071672354705,0.16894197952228548,-0.8600000000005821,20,0,4750.08,4723.48,0.6330827067669141,16.09750000000031,NONE,0.0,
2026-04-13 21:00:00,4729.91,4740.75,4723.26,4738.38,16565.0,4,0.0,17.48999999999978,8.470000000000255,0.13550600343052718,0.38021726700970376,0.484276729559769,-1.9399999999995998,21,0,4750.08,4723.26,0.563758389261747,16.376000000000204,NONE,0.0,
2026-04-13 22:00:00,4751.84,4759.69,4745.77,4757.99,5675.0,28,0.0,13.919999999999163,6.149999999999636,0.12212643678160347,0.4360632183908099,0.44181034482758663,19.609999999999673,22,0,4759.69,4723.26,0.9533351633269326,17.19833333333342,NONE,0.0,
2026-04-13 23:00:00,4757.94,4765.71,4754.5,4757.59,6608.0,15,0.0,11.210000000000036,0.3499999999994543,0.6931311329170751,0.2756467439786026,0.031222123104322316,-0.3999999999996362,23,0,4765.71,4723.26,0.8087161366313327,16.34285714285722,NONE,0.0,
2026-04-14 00:00:00,4757.79,4776.2,4751.58,4769.89,10752.0,15,0.0,24.61999999999989,12.100000000000364,0.256295694557251,0.25223395613322763,0.49147034930952144,12.300000000000182,0,1,4776.2,4723.26,0.8808084624102845,17.377500000000055,NONE,0.0,
2026-04-14 01:00:00,4769.89,4777.09,4761.87,4765.11,16696.0,15,0.0,15.220000000000255,4.780000000000655,0.47306176084097884,0.21287779237843152,0.3140604467805897,-4.780000000000655,1,1,4777.09,4723.26,0.7774475199702677,17.137777777777856,NONE,0.0,
2026-04-14 02:00:00,4765.14,4777.2,4762.18,4775.34,10879.0,15,0.0,15.019999999999527,10.199999999999818,0.12383488681755866,0.19707057256991542,0.6790945406125259,10.230000000000473,2,1,4777.2,4723.26,0.9655172413793162,16.926000000000023,NONE,0.0,
2026-04-14 03:00:00,4775.34,4775.72,4765.67,4768.21,7756.0,15,0.0,10.050000000000182,7.130000000000109,0.03781094527364202,0.252736318407952,0.709452736318406,-7.130000000000109,3,1,4777.2,4723.26,0.8333333333333361,16.300909090909126,NONE,0.0,
2026-04-14 04:00:00,4768.24,4777.04,4767.04,4774.05,5944.0,15,0.0,10.0,5.8100000000004,0.29899999999997817,0.11999999999998182,0.58100000000004,5.8400000000001455,4,1,4777.2,4723.26,0.9416017797552899,15.775833333333367,NONE,0.0,
2026-04-14 05:00:00,4774.05,4774.21,4757.92,4760.12,11936.0,15,0.0,16.289999999999964,13.930000000000291,0.009821976672796492,0.13505217925106341,0.8551258440761401,-13.930000000000291,5,1,4777.2,4723.26,0.6833518724508704,15.815384615384643,NONE,0.0,
2026-04-14 06:00:00,4760.25,4782.96,4760.18,4781.99,11299.0,14,0.0,22.779999999999745,21.73999999999978,0.04258121158912491,0.0030728709394078025,0.9543459174714672,21.86999999999989,6,1,4782.96,4723.26,0.9837520938023407,16.317142857142894,NONE,0.0,
2026-04-14 07:00:00,4782.17,4796.12,4767.99,4777.14,14279.0,15,0.0,28.13000000000011,5.029999999999745,0.4959118378954769,0.32527550657662674,0.1788126555278964,-4.849999999999454,7,1,4796.12,4723.26,0.7395004117485637,16.577142857142917,NONE,0.0,
2026-04-14 08:00:00,4777.1,4789.98,4774.24,4786.9,10193.0,14,0.0,15.739999999999782,9.799999999999272,0.19567979669631322,0.18170266836090354,0.6226175349427833,9.759999999999309,8,1,4796.12,4723.26,0.8734559429041958,16.465000000000014,NONE,0.0,
2026-04-14 09:00:00,4786.93,4789.3,4771.64,4778.15,8884.0,15,0.0,17.659999999999854,8.780000000000655,0.1342015855039587,0.36862967157414284,0.4971687429218985,-8.75,9,1,4796.12,4723.26,0.7533626132308491,16.531428571428542,NONE,0.0,
2026-04-14 10:00:00,4778.15,4788.18,4756.35,4768.38,9693.0,15,0.0,31.829999999999927,9.769999999999527,0.315111530003163,0.3779453345900023,0.3069431354068347,-9.769999999999527,10,1,4796.12,4723.26,0.6192698325555873,18.386428571428496,NONE,0.0,
2026-04-14 11:00:00,4768.38,4783.03,4766.93,4774.93,9270.0,15,0.0,16.099999999999454,6.550000000000182,0.503105590062095,0.090062111801234,0.40683229813667104,6.550000000000182,11,1,4796.12,4723.26,0.7091682679110665,18.287142857142758,NONE,0.0,
2026-04-14 12:00:00,4775.0,4777.66,4762.34,4771.5,14730.0,15,0.0,15.319999999999709,3.5,0.17362924281983713,0.5979112271540489,0.228459530026114,-3.430000000000291,12,1,4796.12,4723.26,0.6620916826791106,17.85928571428563,NONE,0.0,
2026-04-14 13:00:00,4771.49,4802.84,4771.21,4794.47,20775.0,15,0.0,31.63000000000011,22.980000000000473,0.26462219411950244,0.008852355358828466,0.7265254505216691,22.970000000000255,13,1,4802.84,4723.26,0.8948228198039722,19.317857142857065,NONE,0.0,
2026-04-14 14:00:00,4794.71,4818.01,4792.86,4803.98,20538.0,15,0.0,25.150000000000546,9.269999999999527,0.5578528827037913,0.07355864811134488,0.3685884691848639,9.509999999999309,14,1,4818.01,4723.26,0.8519261213720247,19.355714285714253,NONE,0.0,
2026-04-14 15:00:00,4803.97,4816.22,4791.16,4808.26,17129.0,14,0.0,25.0600000000004,4.289999999999964,0.31763766959297324,0.5111731843575497,0.17118914604947705,4.280000000000655,15,1,4818.01,4723.26,0.8970976253298153,20.05857142857141,NONE,0.0,
2026-04-14 16:00:00,4808.25,4820.3,4805.0,4810.09,13157.0,14,0.0,15.300000000000182,1.8400000000001455,0.6673202614379029,0.21241830065359224,0.12026143790850481,1.8299999999999272,16,1,4820.3,4723.26,0.8947856553998347,20.078571428571454,NONE,0.0,
2026-04-14 17:00:00,4810.09,4840.57,4809.47,4835.08,13074.0,15,0.0,31.099999999999454,24.98999999999978,0.17652733118970668,0.019935691318324816,0.8035369774919685,24.98999999999978,17,1,4840.57,4745.77,0.9420886075949386,21.58214285714283,NONE,0.0,
2026-04-14 18:00:00,4835.07,4843.26,4830.92,4835.66,11495.0,15,0.0,12.340000000000146,0.5900000000001455,0.6158833063209298,0.3363047001620411,0.047811993517029056,0.5799999999999272,18,1,4843.26,4751.58,0.917102966841183,21.749285714285698,NONE,0.0,
2026-04-14 19:00:00,4835.7,4846.28,4835.7,4844.9,10484.0,15,0.0,10.579999999999927,9.199999999999818,0.13043478260870686,0.0,0.8695652173912931,9.239999999999782,19,1,4846.28,4751.58,0.9854276663146767,21.344285714285693,NONE,0.0,
2026-04-14 20:00:00,4844.96,4846.05,4839.42,4841.68,4246.0,15,0.0,6.630000000000109,3.2799999999997453,0.16440422322777187,0.3408748114630741,0.49472096530915405,-3.219999999999345,20,1,4846.28,4756.35,0.9488491048593407,20.186428571428547,NONE,0.0,
2026-04-14 21:00:00,4835.09,4843.38,4830.95,4835.65,20037.0,4,0.0,12.430000000000291,0.5599999999994907,0.621882542236548,0.33306516492359056,0.04505229283986143,-6.030000000000655,21,1,4846.28,4756.35,0.8817969531858092,19.06499999999999,NONE,0.0,
2026-04-14 22:00:00,4840.49,4850.66,4833.12,4834.92,6732.0,28,0.0,17.539999999999964,5.569999999999709,0.5798175598631753,0.10262257696694331,0.31755986316988144,-0.7299999999995634,22,1,4850.66,4756.35,0.8331035945286834,19.19357142857143,NONE,0.0,
2026-04-14 23:00:00,4834.88,4844.34,4833.54,4837.27,7667.0,15,0.0,10.800000000000182,2.3900000000003274,0.6546296296295917,0.12407407407408545,0.2212962962963229,2.350000000000364,23,1,4850.66,4756.35,0.8580214187254852,18.703571428571454,NONE,0.0,
2026-04-15 00:00:00,4837.35,4840.06,4827.09,4835.54,9398.0,15,0.0,12.970000000000255,1.8100000000004002,0.20894371626831018,0.6515034695450773,0.13955281418661253,-1.730000000000473,0,2,4850.66,4756.35,0.8396776587848588,17.35642857142862,NONE,0.0,
2026-04-15 01:00:00,4835.54,4871.3,4828.2,4847.16,17794.0,15,0.0,43.100000000000364,11.61999999999989,0.5600928074245969,0.17030162412993233,0.26960556844547084,11.61999999999989,1,2,4871.3,4756.35,0.7899956502827284,19.285000000000114,NONE,0.0,
2026-04-15 02:00:00,4846.97,4853.3,4820.61,4823.94,15012.0,15,0.0,32.69000000000051,23.030000000000655,0.19363719791984793,0.1018660140715777,0.7044967880085744,-23.220000000000255,2,2,4871.3,4756.35,0.5879947803392722,20.525714285714457,NONE,0.0,
2026-04-15 03:00:00,4823.91,4829.76,4816.74,4823.99,9503.0,15,0.0,13.020000000000437,0.07999999999992724,0.4431643625192199,0.5506912442396185,0.006144393241161641,0.0500000000001819,3,2,4871.3,4756.35,0.5884297520661116,19.196428571428765,NONE,0.0,
2026-04-15 04:00:00,4823.99,4827.97,4820.43,4824.95,5191.0,15,0.0,7.539999999999964,0.9600000000000364,0.40053050397883966,0.47214854111399307,0.12732095490716724,0.9600000000000364,4,2,4871.3,4756.35,0.5967812092213968,17.93857142857158,NONE,0.0,
2026-04-15 05:00:00,4824.96,4830.66,4812.7,4819.68,12793.0,15,0.0,17.960000000000036,5.279999999999745,0.3173719376391875,0.3886414253897806,0.293986636971032,-5.269999999999527,5,2,4871.3,4756.35,0.5509351892127015,17.4314285714287,NONE,0.0,
2026-04-15 06:00:00,4819.68,4825.0,4811.19,4811.61,12532.0,14,0.0,13.8100000000004,8.070000000000618,0.3852280955828787,0.030412744388128934,0.5843591600289924,-8.070000000000618,6,2,4871.3,4762.34,0.4521842878120366,17.32500000000014,NONE,0.0,
2026-04-15 07:00:00,4811.59,4816.95,4803.94,4811.16,11104.0,15,0.0,13.010000000000218,0.43000000000029104,0.41199077632587106,0.5549577248270664,0.03305149884706255,-0.4499999999998181,7,2,4871.3,4762.34,0.44805433186490173,16.032857142857342,NONE,0.0,
2026-04-15 08:00:00,4810.97,4819.19,4804.67,4818.42,10016.0,14,0.0,14.519999999999527,7.449999999999818,0.05303030303027219,0.4338842975206878,0.51308539944904,7.260000000000218,8,2,4871.3,4771.21,0.47167549205714826,16.18857142857158,NONE,0.0,
2026-04-15 09:00:00,4818.42,4819.59,4787.31,4798.2,14113.0,14,0.0,32.279999999999745,20.220000000000255,0.03624535315985384,0.33736059479552366,0.6263940520446225,-20.220000000000255,9,2,4871.3,4787.31,0.12965829265388076,17.73571428571443,NONE,0.0,
2026-04-15 10:00:00,4798.2,4805.31,4790.36,4800.01,12701.0,15,0.0,14.950000000000728,1.8100000000004002,0.354515050167219,0.5244147157190477,0.12107023411373324,1.8100000000004002,10,2,4871.3,4787.31,0.15120847719966485,18.330000000000187,NONE,0.0,
2026-04-15 11:00:00,4800.03,4815.09,4795.62,4812.71,12037.0,15,0.0,19.470000000000255,12.680000000000291,0.12223934257832964,0.22650231124806353,0.6512583461736069,12.699999999999818,11,2,4871.3,4787.31,0.3024169543993297,18.83285714285733,NONE,0.0,
2026-04-15 12:00:00,4812.73,4816.28,4807.09,4811.73,11059.0,15,0.0,9.1899999999996,1.0,0.38628944504900287,0.504896626768185,0.10881392818281213,-0.9800000000004729,12,2,4871.3,4787.31,0.29074889867840487,18.23642857142873,NONE,0.0,
2026-04-15 13:00:00,4811.73,4830.18,4808.44,4828.8,20073.0,15,0.0,21.74000000000069,17.07000000000062,0.06347746090156695,0.15133394664212782,0.7851885924563052,17.07000000000062,13,2,4871.3,4787.31,0.4939873794499332,19.017857142857338,NONE,0.0,
2026-04-15 14:00:00,4828.81,4830.42,4813.34,4815.45,18330.0,14,0.0,17.079999999999927,13.360000000000582,0.09426229508194844,0.12353629976578932,0.7822014051522622,-13.350000000000364,14,2,4871.3,4787.31,0.3350398857006726,19.311428571428742,NONE,0.0,
2026-04-15 15:00:00,4815.45,4816.13,4787.03,4801.77,17927.0,15,0.0,29.100000000000364,13.679999999999382,0.023367697594511426,0.5065292096220105,0.470103092783478,-13.679999999999382,15,2,4871.3,4787.03,0.17491396701080592,18.311428571428742,NONE,0.0,
2026-04-15 16:00:00,4801.81,4812.8,4800.19,4803.97,14142.0,15,0.0,12.610000000000582,2.1599999999998545,0.7002379064234353,0.1284694686757118,0.17129262490085287,2.199999999999818,16,2,4871.3,4787.03,0.20102052925122132,16.877142857143035,NONE,0.0,
2026-04-15 17:00:00,4803.87,4808.8,4790.73,4792.5,12709.0,15,0.0,18.07000000000062,11.36999999999989,0.2728278915329343,0.0979524073049461,0.6292197011621197,-11.470000000000255,17,2,4871.3,4787.03,0.06491040702504125,17.237857142857333,NONE,0.0,
2026-04-15 18:00:00,4792.52,4802.12,4790.25,4799.65,13135.0,15,0.0,11.86999999999989,7.1299999999992,0.20808761583827104,0.1912384161752702,0.6006739679864588,7.149999999999636,18,2,4871.3,4787.03,0.14975673430639402,17.54714285714304,NONE,0.0,
2026-04-15 19:00:00,4799.66,4803.5,4794.56,4795.82,10920.0,15,0.0,8.9399999999996,3.8400000000001455,0.4295302013423174,0.14093959731536523,0.4295302013423174,-3.8299999999999272,19,2,4871.3,4787.03,0.10430758276966795,16.902857142857297,NONE,0.0,
2026-04-15 20:00:00,4795.82,4796.59,4787.77,4790.73,4527.0,15,0.0,8.819999999999709,5.0900000000001455,0.08730158730163969,0.33560090702939055,0.5770975056689698,-5.0900000000001455,20,2,4871.3,4787.03,0.043906491040700116,16.546428571428674,NONE,0.0,
2026-04-15 21:00:00,4792.52,4802.17,4790.25,4799.79,18811.0,4,0.0,11.920000000000073,7.269999999999527,0.19966442953020927,0.19043624161077372,0.609899328859017,9.0600000000004,21,2,4853.3,4787.03,0.19254564659725568,16.468571428571522,NONE,0.0,
2026-04-15 22:00:00,4797.78,4811.89,4790.69,4807.44,6790.0,28,0.0,21.200000000000728,9.659999999999854,0.20990566037738562,0.33443396226414634,0.45566037735846804,7.649999999999636,22,2,4830.66,4787.03,0.46779738711895036,16.945714285714466,NONE,0.0,
2026-04-15 23:00:00,4807.44,4826.63,4807.4,4823.55,6113.0,15,0.0,19.230000000000473,16.110000000000582,0.16016640665625853,0.00208008320332619,0.8377535101404153,16.110000000000582,23,2,4830.66,4787.03,0.8370387348155018,16.01357142857166,NONE,0.0,
2026-04-16 00:00:00,4823.55,4837.66,4820.98,4833.18,9595.0,15,0.0,16.68000000000029,9.63000000000011,0.26858513189445354,0.1540767386091471,0.5773381294963994,9.63000000000011,0,3,4837.66,4787.03,0.9115149121074549,16.137142857143058,NONE,0.0,
2026-04-16 01:00:00,4833.16,4836.28,4811.26,4818.03,13438.0,15,0.0,25.019999999999527,15.13000000000011,0.12470023980815147,0.27058353317344747,0.6047162270184011,-15.150000000000546,1,3,4837.66,4787.03,0.6122852063993667,16.533571428571577,NONE,0.0,
2026-04-16 02:00:00,4818.02,4825.06,4812.41,4819.73,9974.0,14,0.0,12.650000000000546,1.7099999999991269,0.42134387351783453,0.4434782608695921,0.13517786561257336,1.699999999999818,2,3,4837.66,4787.03,0.6458621370728767,16.780714285714502,NONE,0.0,
2026-04-16 03:00:00,4819.56,4827.13,4819.15,4824.17,7256.0,15,0.0,7.980000000000473,4.609999999999673,0.3709273182957219,0.051378446115380914,0.5776942355888972,4.440000000000509,3,3,4837.66,4787.03,0.7335571795378283,15.797857142857342,NONE,0.0,
2026-04-16 04:00:00,4824.17,4833.51,4823.0,4833.17,5404.0,15,0.0,10.510000000000218,9.0,0.03235014272123106,0.11132254995243088,0.8563273073263381,9.0,4,3,4837.66,4787.03,0.9113174007505477,15.32857142857165,NONE,0.0,
2026-04-16 05:00:00,4833.18,4838.45,4821.3,4821.39,10499.0,15,0.0,17.149999999999636,11.789999999999964,0.30728862973758825,0.005247813411087314,0.6874635568513244,-11.779999999999745,5,3,4838.45,4787.03,0.668222481524709,14.475000000000168,NONE,0.0,
2026-04-16 06:00:00,4821.39,4830.68,4814.67,4826.14,13656.0,14,0.0,16.01000000000022,4.75,0.28357276702060596,0.41973766396003515,0.29668956901935883,4.75,6,3,4838.45,4787.03,0.7605989887203525,14.717857142857286,NONE,0.0,
2026-04-16 07:00:00,4826.15,4830.99,4816.96,4821.07,11616.0,15,0.0,14.029999999999745,5.079999999999927,0.3449750534568948,0.292943692088364,0.3620812544547412,-5.0700000000006185,7,3,4838.45,4787.03,0.6619992220925693,14.429285714285795,NONE,0.0,
2026-04-16 08:00:00,4821.11,4822.0,4806.5,4813.79,11863.0,15,0.0,15.5,7.319999999999709,0.0574193548387308,0.4703225806451589,0.47225806451611024,-7.279999999999745,8,3,4838.45,4787.03,0.5204200700116721,14.688571428571517,NONE,0.0,
2026-04-16 09:00:00,4813.79,4818.03,4806.82,4812.83,10190.0,14,0.0,11.210000000000036,0.9600000000000364,0.37823371989293203,0.5361284567350757,0.08563782337199226,-0.9600000000000364,9,3,4838.45,4787.03,0.5017502917152887,14.850714285714405,NONE,0.0,
2026-04-16 10:00:00,4812.83,4817.24,4805.18,4817.2,9876.0,15,0.0,12.05999999999949,4.369999999999891,0.0033167495854034253,0.6343283582089518,0.3623548922056447,4.369999999999891,10,3,4838.45,4787.03,0.5867366783352786,15.08214285714296,NONE,0.0,
2026-04-16 11:00:00,4817.23,4822.54,4815.51,4822.28,8953.0,15,0.0,7.029999999999745,5.050000000000182,0.03698435277385885,0.2446657183498446,0.7183499288762966,5.079999999999927,11,3,4838.45,4787.77,0.6809392265193317,14.732857142857224,NONE,0.0,
2026-04-16 12:00:00,4822.28,4823.16,4811.69,4816.25,10903.0,15,0.0,11.470000000000255,6.029999999999745,0.07672188317350388,0.3975588491717785,0.5257192676547177,-6.029999999999745,12,3,4838.45,4787.77,0.5619573796369359,14.03785714285719,SELL,65.0,sell_002
2026-04-16 13:00:00,4816.28,4823.89,4785.94,4794.86,19347.0,15,0.0,37.95000000000073,21.420000000000073,0.2005270092226729,0.23504611330698028,0.5644268774703468,-21.390000000000327,13,3,4838.45,4785.94,0.16987240525614236,15.375000000000066,SELL,65.0,sell_002
2026-04-16 14:00:00,4794.54,4805.45,4773.1,4788.7,23888.0,15,0.0,32.349999999999454,5.8400000000001455,0.3372488408037106,0.48222565687788926,0.18052550231840012,-6.1599999999998545,14,3,4838.45,4773.1,0.2387146136189684,16.49428571428572,NONE,0.0,
2026-04-16 15:00:00,4788.7,4812.93,4788.29,4806.99,18956.0,15,0.0,24.640000000000327,18.289999999999964,0.24107142857144603,0.01663961038960426,0.7422889610389497,18.289999999999964,15,3,4838.45,4773.1,0.5185921958683963,16.46714285714292,NONE,0.0,
2026-04-16 16:00:00,4807.09,4810.1,4785.17,4792.0,16207.0,14,0.0,24.93000000000029,15.090000000000146,0.12073806658644938,0.2739671079021198,0.6052948255114308,-14.989999999999782,16,3,4838.45,4773.1,0.28921193573067777,17.344285714285757,NONE,0.0,
2026-04-16 17:00:00,4792.03,4795.41,4781.47,4789.28,16893.0,15,0.0,13.9399999999996,2.75,0.2424677187948498,0.5602582496412994,0.1972740315638507,-2.7200000000002547,17,3,4838.45,4773.1,0.24758990053557026,17.769999999999982,NONE,0.0,
2026-04-16 18:00:00,4789.28,4794.24,4785.7,4789.61,15898.0,15,0.0,8.539999999999964,0.32999999999992724,0.5421545667447457,0.4192037470725928,0.038641686182661436,0.32999999999992724,18,3,4838.45,4773.1,0.2526396327467398,17.62928571428568,NONE,0.0,
2026-04-16 19:00:00,4789.61,4798.58,4789.47,4793.67,11478.0,14,0.0,9.109999999999673,4.0600000000004,0.5389681668496192,0.015367727771616132,0.44566410537876466,4.0600000000004,19,3,4838.45,4773.1,0.3147666411629668,17.054999999999968,NONE,0.0,
2026-04-16 20:00:00,4793.66,4793.95,4786.4,4790.8,3347.0,15,0.0,7.550000000000182,2.8599999999996726,0.03841059602648432,0.5827814569537006,0.37880794701981507,-2.869999999999891,20,3,4838.45,4773.1,0.27084927314460544,16.45071428571425,NONE,0.0,
2026-04-16 21:00:00,4789.19,4794.3,4785.86,4789.56,21733.0,4,0.0,8.44000000000051,0.37000000000080036,0.5616113744075232,0.39454976303314293,0.04383886255933389,-1.2399999999997817,21,3,4838.45,4773.1,0.2518745218056645,16.05142857142859,NONE,0.0,
2026-04-16 22:00:00,4794.62,4797.85,4790.74,4795.32,5128.0,28,0.0,7.110000000000582,0.6999999999998181,0.35583684950779854,0.5457102672292252,0.0984528832629762,5.759999999999309,22,3,4838.45,4773.1,0.34001530221881454,15.536428571428587,NONE,0.0,
2026-04-16 23:00:00,4794.84,4797.94,4791.77,4791.77,4793.0,15,0.0,6.169999999999163,3.069999999999709,0.5024311183144043,0.0,0.49756888168559565,-3.5499999999992724,23,3,4838.45,4773.1,0.28569242540168677,15.176428571428525,NONE,0.0,
2026-04-17 00:00:00,4791.7,4801.15,4786.11,4794.92,8169.0,14,0.0,15.039999999999964,3.2200000000002547,0.4142287234042273,0.3716755319149042,0.2140957446808685,3.149999999999636,0,4,4838.45,4773.1,0.3338944146901284,15.389285714285702,NONE,0.0,
2026-04-17 01:00:00,4794.92,4795.75,4767.97,4789.45,15273.0,15,0.0,27.779999999999745,5.470000000000255,0.029877609791214357,0.7732181425485875,0.19690424766019815,-5.470000000000255,1,4,4830.99,4767.97,0.34084417645191567,16.87142857142856,NONE,0.0,
2026-04-17 02:00:00,4789.45,4794.68,4784.63,4784.68,9179.0,15,0.0,10.050000000000182,4.769999999999527,0.5203980099502864,0.004975124378127462,0.47462686567158613,-4.769999999999527,2,4,4830.99,4767.97,0.2651539193906722,16.769999999999982,NONE,0.0,
2026-04-17 03:00:00,4784.68,4798.01,4784.68,4793.16,7508.0,15,0.0,13.329999999999927,8.479999999999563,0.3638409602400893,0.0,0.6361590397599107,8.479999999999563,3,4,4823.89,4767.97,0.4504649499284615,15.011428571428496,NONE,0.0,
2026-04-17 04:00:00,4793.13,4804.6,4792.57,4802.95,4338.0,15,0.0,12.030000000000655,9.819999999999709,0.1371571072319581,0.0465502909393491,0.8162926018286928,9.789999999999964,4,4,4823.89,4767.97,0.6255364806866867,13.560000000000011,NONE,0.0,
2026-04-17 05:00:00,4802.87,4806.14,4793.81,4794.34,10382.0,15,0.0,12.329999999999927,8.529999999999745,0.2652068126521051,0.042984590429825505,0.6918085969180694,-8.609999999999673,5,4,4823.89,4767.97,0.47156652360514767,12.680714285714268,NONE,0.0,
2026-04-17 06:00:00,4794.32,4795.34,4779.4,4784.99,11008.0,14,0.0,15.94000000000051,9.329999999999927,0.06398996235887101,0.350690087829358,0.5853199498117709,-9.350000000000364,6,4,4823.89,4767.97,0.3043633762517794,12.038571428571426,NONE,0.0,
2026-04-17 07:00:00,4784.99,4794.79,4778.87,4784.51,8911.0,14,0.0,15.920000000000073,0.47999999999956344,0.6155778894472448,0.35427135678393856,0.030150753768816662,-0.47999999999956344,7,4,4823.89,4767.97,0.29577968526466275,12.180000000000032,NONE,0.0,
2026-04-17 08:00:00,4784.47,4796.99,4781.04,4796.02,9039.0,15,0.0,15.949999999999818,11.550000000000182,0.06081504702190321,0.21504702194359437,0.7241379310345024,11.510000000000218,8,4,4823.89,4767.97,0.5016094420600884,12.709285714285736,NONE,0.0,
2026-04-17 09:00:00,4796.02,4800.98,4790.01,4790.42,8167.0,14,0.0,10.969999999999345,5.600000000000364,0.4521422060163558,0.03737465815860337,0.5104831358250409,-5.600000000000364,9,4,4812.93,4767.97,0.4993327402135187,12.842142857142855,NONE,0.0,
2026-04-17 10:00:00,4790.49,4794.01,4782.39,4787.47,7499.0,14,0.0,11.61999999999989,3.019999999999527,0.30292598967301804,0.4371772805507724,0.2598967297762096,-2.949999999999818,10,4,4812.93,4767.97,0.43371886120996406,13.13285714285712,NONE,0.0,
2026-04-17 11:00:00,4787.47,4811.82,4783.62,4799.17,8826.0,14,0.0,28.199999999999818,11.699999999999818,0.44858156028367796,0.13652482269504923,0.4148936170212728,11.699999999999818,11,4,4811.82,4767.97,0.711516533637405,14.54428571428564,NONE,0.0,
2026-04-17 12:00:00,4799.33,4847.82,4797.72,4846.61,17824.0,15,0.0,50.099999999999454,47.279999999999745,0.024151696606787416,0.032135728542907985,0.9437125748503046,47.4399999999996,12,4,4847.82,4767.97,0.984846587351283,17.530714285714176,NONE,0.0,
2026-04-17 13:00:00,4846.61,4889.05,4835.04,4880.38,28496.0,15,0.0,54.01000000000022,33.77000000000044,0.16052582855026917,0.21421958896500023,0.6252545824847306,33.77000000000044,13,4,4889.05,4767.97,0.9283944499504453,20.94785714285711,NONE,0.0,
2026-04-17 14:00:00,4880.38,4885.4,4860.13,4873.1,23820.0,15,0.0,25.269999999999527,7.279999999999745,0.19865453106448835,0.5132568262762366,0.2880886426592751,-7.279999999999745,14,4,4889.05,4767.97,0.8682689131152971,21.678571428571363,NONE,0.0,
2026-04-17 15:00:00,4873.1,4880.59,4854.88,4867.59,21573.0,14,0.0,25.710000000000036,5.510000000000218,0.2913263321664633,0.4943601711396351,0.21431349669390162,-5.510000000000218,15,4,4889.05,4767.97,0.8227618103733065,21.530714285714243,NONE,0.0,
2026-04-17 16:00:00,4867.57,4873.4,4863.74,4867.08,15245.0,14,0.0,9.659999999999854,0.4899999999997817,0.6035196687370616,0.3457556935818008,0.05072463768113759,-0.5100000000002183,16,4,4889.05,4767.97,0.8185497191939192,21.502857142857074,NONE,0.0,
2026-04-17 17:00:00,4867.1,4869.54,4853.81,4862.48,17481.0,15,0.0,15.729999999999563,4.6200000000008,0.15511760966304308,0.5511760966306042,0.29370629370635276,-4.600000000000364,17,4,4889.05,4767.97,0.7805583085563211,21.67428571428562,NONE,0.0,
2026-04-17 18:00:00,4862.48,4867.93,4855.99,4858.09,14825.0,15,0.0,11.94000000000051,4.389999999999418,0.45644891122282205,0.1758793969849476,0.36767169179223036,-4.389999999999418,18,4,4889.05,4767.97,0.7443012884043603,21.667857142857038,NONE,0.0,
2026-04-17 19:00:00,4858.09,4861.21,4852.8,4854.49,14280.0,14,0.0,8.409999999999854,3.600000000000364,0.3709869203329304,0.20095124851363008,0.4280618311534395,-3.600000000000364,19,4,4889.05,4767.97,0.714568880079283,21.387857142857033,NONE,0.0,
2026-04-17 20:00:00,4854.49,4855.05,4833.9,4835.49,8324.0,15,0.0,21.150000000000546,19.0,0.02647754137117663,0.07517730496454395,0.8983451536642795,-19.0,20,4,4889.05,4767.97,0.5576478361413906,21.759999999999895,NONE,0.0,
2026-04-17 21:00:00,4862.63,4868.1,4855.92,4858.26,18294.0,4,0.0,12.180000000000291,4.369999999999891,0.44909688013137306,0.1921182266009926,0.35878489326763435,22.770000000000437,21,4,4889.05,4778.87,0.7205481938645862,22.952142857142785,NONE,0.0,
2026-04-17 22:00:00,4858.24,4861.28,4852.71,4854.44,16796.0,4,0.0,8.569999999999709,3.800000000000182,0.35472578763127965,0.2018669778295942,0.4434072345391261,-3.8200000000006185,22,4,4889.05,4778.87,0.6858776547467735,22.424999999999923,NONE,0.0,
2026-04-19 22:00:00,4774.6,4794.67,4771.36,4779.04,10447.0,58,0.0,23.3100000000004,4.4399999999996,0.6705276705276637,0.13899613899616625,0.19047619047617004,-75.39999999999964,22,6,4889.05,4771.36,0.06525618149375698,27.57571428571425,SELL,70.0,sell_003
2026-04-19 23:00:00,4779.04,4779.22,4736.84,4755.19,11724.0,15,0.0,42.38000000000011,23.850000000000364,0.00424728645588227,0.4329872581406184,0.5627654554034993,-23.850000000000364,23,6,4889.05,4736.84,0.12055712502463341,29.772857142857124,SELL,70.0,sell_003
2026-04-20 00:00:00,4755.3,4774.38,4744.68,4772.61,12908.0,15,0.0,29.699999999999818,17.30999999999949,0.05959595959597466,0.3575757575757561,0.5828282828282693,17.420000000000073,0,0,4889.05,4736.84,0.23500427041586963,29.879999999999978,SELL,70.0,sell_003
2026-04-20 01:00:00,4772.56,4814.34,4771.79,4807.71,17108.0,15,0.0,42.55000000000018,35.149999999999636,0.15581668625147077,0.018096357226802192,0.826086956521727,35.100000000000364,1,0,4889.05,4736.84,0.46560672754746646,29.340714285714316,SELL,70.0,sell_003
2026-04-20 02:00:00,4807.71,4809.18,4793.2,4797.49,11694.0,15,0.0,15.980000000000473,10.220000000000255,0.09198998748436865,0.2684605757196393,0.639549436795992,-10.220000000000255,2,0,4889.05,4736.84,0.39846265028578687,26.624285714285765,NONE,0.0,
2026-04-20 03:00:00,4797.47,4798.51,4788.8,4790.91,8355.0,15,0.0,9.710000000000036,6.5600000000004,0.10710607621008854,0.21730175077236505,0.6755921730175464,-6.579999999999927,3,0,4889.05,4736.84,0.3552329019118303,25.51285714285723,NONE,0.0,
2026-04-20 04:00:00,4791.27,4795.88,4787.19,4789.0,6100.0,15,0.0,8.69000000000051,2.2700000000004366,0.5304948216339934,0.2082853855006092,0.2612197928653974,-1.9099999999998545,4,0,4889.05,4736.84,0.3426844491163514,24.297142857142976,NONE,0.0,
2026-04-20 05:00:00,4789.0,4796.27,4779.86,4790.92,11881.0,15,0.0,16.410000000000764,1.9200000000000728,0.3260207190737425,0.5569774527726936,0.11700182815356389,1.9200000000000728,5,0,4889.05,4736.84,0.3552986006175673,24.779285714285898,NONE,0.0,
2026-04-20 06:00:00,4790.83,4795.47,4783.99,4795.42,13200.0,14,0.0,11.480000000000473,4.5900000000001455,0.004355400696879777,0.5958188153309986,0.39982578397212165,4.5,6,0,4889.05,4736.84,0.3848630181985409,24.475714285714535,NONE,0.0,
2026-04-20 07:00:00,4795.52,4805.8,4786.86,4789.7,13566.0,15,0.0,18.94000000000051,5.8200000000006185,0.5427666314677649,0.1499472016895496,0.30728616684268545,-5.720000000000255,7,0,4889.05,4736.84,0.347283358517835,24.975714285714535,NONE,0.0,
2026-04-20 08:00:00,4789.7,4796.21,4786.07,4796.16,10057.0,14,0.0,10.140000000000327,6.460000000000036,0.004930966469445787,0.3579881656804726,0.6370808678500817,6.460000000000036,8,0,4885.4,4736.84,0.3992999461497032,25.099285714285998,NONE,0.0,
2026-04-20 09:00:00,4796.09,4797.93,4783.47,4791.5,10155.0,15,0.0,14.460000000000036,4.5900000000001455,0.12724757952974694,0.5553250345781277,0.31742738589212544,-4.6599999999998545,9,0,4880.59,4736.84,0.3802434782608686,24.62142857142882,NONE,0.0,
2026-04-20 10:00:00,4791.52,4800.98,4789.89,4795.91,8273.0,14,0.0,11.089999999999236,4.389999999999418,0.4571686203787248,0.1469792605951507,0.3958521190261245,4.4099999999998545,10,0,4873.4,4736.84,0.43255711775043887,23.084285714285866,NONE,0.0,
2026-04-20 11:00:00,4795.9,4810.79,4786.63,4810.49,10829.0,15,0.0,24.159999999999854,14.590000000000146,0.012417218543053962,0.38369205298011516,0.6038907284768309,14.579999999999927,11,0,4869.54,4736.84,0.5550113036925376,24.197857142857305,NONE,0.0,
2026-04-20 12:00:00,4810.49,4821.97,4799.06,4803.43,13557.0,15,0.0,22.909999999999854,7.059999999999491,0.5010912265386532,0.19074639895241896,0.3081623745089278,-7.059999999999491,12,0,4868.1,4736.84,0.5073137284778305,19.900000000000155,NONE,0.0,
2026-04-20 13:00:00,4803.43,4826.28,4799.58,4817.84,20902.0,15,0.0,26.699999999999818,14.409999999999854,0.3161048689138448,0.14419475655432173,0.5397003745318334,14.409999999999854,13,0,4868.1,4736.84,0.6170958403169272,18.780000000000136,NONE,0.0,
2026-04-20 14:00:00,4818.1,4827.77,4792.54,4805.4,22732.0,15,0.0,35.23000000000047,12.700000000000728,0.274481975588985,0.36502980414418107,0.36048822026683386,-12.44000000000051,14,0,4868.1,4736.84,0.5223221087917064,19.175000000000182,NONE,0.0,
2026-04-20 15:00:00,4805.47,4809.45,4792.82,4799.8,20069.0,14,0.0,16.63000000000011,5.670000000000073,0.23932651834032095,0.4197233914612404,0.3409500901984387,-5.599999999999454,15,0,4868.1,4736.84,0.47965869267103406,17.323571428571604,NONE,0.0,
2026-04-20 16:00:00,4799.8,4806.39,4793.0,4805.55,12760.0,14,0.0,13.390000000000327,5.75,0.06273338312174197,0.5078416728902178,0.42942494398804026,5.75,16,0,4861.28,4736.84,0.5521536483445858,17.138571428571595,NONE,0.0,
2026-04-20 17:00:00,4805.55,4812.01,4803.93,4806.75,11952.0,15,0.0,8.079999999999927,1.199999999999818,0.6509900990099339,0.2004950495049388,0.14851485148512733,1.199999999999818,17,0,4827.77,4736.84,0.7688331683712706,17.022142857143017,NONE,0.0,
2026-04-20 18:00:00,4806.8,4816.5,4806.8,4814.09,11246.0,15,0.0,9.699999999999818,7.289999999999964,0.24845360824741233,0.0,0.7515463917525876,7.3400000000001455,18,0,4827.77,4736.84,0.8495546024414358,17.097857142857265,NONE,0.0,
2026-04-20 19:00:00,4814.05,4821.32,4810.5,4814.26,9075.0,15,0.0,10.819999999999709,0.21000000000003638,0.6524953789278818,0.3280961182994711,0.01940850277264714,0.17000000000007276,19,0,4827.77,4744.68,0.8374052232518931,16.698571428571476,NONE,0.0,
2026-04-20 20:00:00,4814.26,4821.91,4812.19,4820.75,4493.0,15,0.0,9.720000000000255,6.489999999999782,0.11934156378599013,0.212962962963021,0.6676954732509889,6.489999999999782,20,0,4827.77,4771.79,0.8745980707395431,16.572857142857174,NONE,0.0,
2026-04-20 21:00:00,4806.74,4816.57,4806.74,4814.08,18117.0,4,0.0,9.829999999999927,7.3400000000001455,0.25330620549336724,0.0,0.7466937945066328,-6.670000000000073,21,0,4827.77,4779.86,0.7142558964725466,16.220714285714298,NONE,0.0,
2026-04-20 22:00:00,4823.55,4833.16,4820.49,4827.55,8321.0,28,0.0,12.670000000000073,4.0,0.44277821625885083,0.2415153906866916,0.3157063930544575,13.470000000000255,22,0,4833.16,4779.86,0.8947467166979427,16.859285714285697,NONE,0.0,
2026-04-20 23:00:00,4827.42,4831.73,4819.7,4821.77,4864.0,15,0.0,12.029999999999745,5.649999999999636,0.3582709891936477,0.17206982543646404,0.46965918536988827,-5.779999999999745,23,0,4833.16,4779.86,0.7863039399624882,16.685714285714248,NONE,0.0,
2026-04-21 00:00:00,4821.77,4830.58,4816.98,4823.96,10458.0,15,0.0,13.600000000000364,2.1899999999996,0.4867647058823319,0.35220588235299594,0.16102941176467214,2.1899999999996,0,1,4833.16,4779.86,0.8273921200750509,16.86500000000004,NONE,0.0,
2026-04-21 01:00:00,4823.92,4824.51,4805.68,4810.12,12368.0,15,0.0,18.829999999999927,13.800000000000182,0.03133297928837747,0.23579394583110022,0.7328730748805223,-13.840000000000146,1,1,4833.16,4783.47,0.5363252163413131,16.48428571428576,NONE,0.0,
2026-04-21 02:00:00,4810.15,4810.38,4802.56,4807.04,9134.0,15,0.0,7.819999999999709,3.1099999999996726,0.029411764705943925,0.572890025575413,0.397698209718643,-3.0799999999999272,2,1,4833.16,4783.47,0.47434091366471925,15.406428571428608,NONE,0.0,
2026-04-21 03:00:00,4807.04,4807.88,4792.73,4797.34,9312.0,15,0.0,15.150000000000546,9.699999999999818,0.05544554455446305,0.30429042904293174,0.6402640264026052,-9.699999999999818,3,1,4833.16,4783.47,0.27913060978064,14.58142857142866,NONE,0.0,
2026-04-21 04:00:00,4797.34,4798.0,4787.95,4789.09,6159.0,15,0.0,10.050000000000182,8.25,0.0656716417910291,0.11343283582092605,0.8208955223880449,-8.25,4,1,4833.16,4783.47,0.11310122761118808,12.78285714285721,NONE,0.0,
2026-04-21 05:00:00,4789.28,4796.99,4783.73,4784.15,11094.0,15,0.0,13.260000000000218,5.130000000000109,0.5814479638008981,0.03167420814480135,0.3868778280543005,-4.940000000000509,5,1,4833.16,4783.73,0.008496864252479674,12.542142857142933,NONE,0.0,
2026-04-21 06:00:00,4784.12,4790.82,4774.61,4778.72,13617.0,15,0.0,16.210000000000036,5.399999999999636,0.41332510795803845,0.2535471930907201,0.33312769895124145,-5.4299999999993815,6,1,4833.16,4774.61,0.07019641332195678,12.743571428571483,NONE,0.0,
2026-04-21 07:00:00,4778.17,4792.61,4772.77,4786.17,10798.0,15,0.0,19.839999999999236,8.0,0.3245967741935407,0.27217741935483086,0.4032258064516284,7.449999999999818,7,1,4833.16,4772.77,0.22189104156316883,13.583571428571434,NONE,0.0,
2026-04-21 08:00:00,4786.09,4792.91,4774.78,4786.0,10502.0,14,0.0,18.13000000000011,0.09000000000014552,0.37617209045778643,0.618863761720915,0.004964147821298675,-0.17000000000007276,8,1,4833.16,4772.77,0.21907600596124674,14.18214285714287,NONE,0.0,
2026-04-21 09:00:00,4786.0,4789.58,4781.18,4783.76,8964.0,15,0.0,8.399999999999636,2.2399999999997817,0.426190476190486,0.30714285714286177,0.26666666666665223,-2.2399999999997817,9,1,4833.16,4772.77,0.18198377214770473,14.009285714285722,NONE,0.0,
2026-04-21 10:00:00,4783.95,4790.42,4780.78,4789.8,6505.0,14,0.0,9.640000000000327,5.850000000000364,0.06431535269708193,0.3288381742738553,0.6068464730290628,6.039999999999964,10,1,4833.16,4772.77,0.28200033118065754,14.003571428571442,NONE,0.0,
2026-04-21 11:00:00,4789.8,4797.93,4775.45,4794.56,9856.0,15,0.0,22.480000000000473,4.760000000000218,0.14991103202846173,0.6383451957295401,0.21174377224199814,4.760000000000218,11,1,4833.16,4772.77,0.36082132803444567,14.60857142857146,NONE,0.0,
2026-04-21 12:00:00,4794.56,4796.99,4766.5,4778.87,15798.0,15,0.0,30.48999999999978,15.69000000000051,0.07969826172513607,0.4057067891111833,0.5145949491636806,-15.69000000000051,12,1,4833.16,4766.5,0.18556855685568432,15.42357142857145,NONE,0.0,
2026-04-21 13:00:00,4778.79,4794.32,4762.09,4779.22,22096.0,14,0.0,32.22999999999956,0.43000000000029104,0.46850760161339305,0.5181507911883352,0.0133416071982717,0.3500000000003638,13,1,4833.16,4762.09,0.2410299704516699,16.866428571428578,NONE,0.0,
2026-04-21 14:00:00,4779.22,4782.64,4723.49,4738.89,24091.0,15,0.0,59.150000000000546,40.32999999999993,0.05781910397295082,0.26035502958580564,0.6818258664412435,-40.32999999999993,14,1,4833.16,4723.49,0.140421263791379,20.120000000000022,NONE,0.0,
2026-04-21 15:00:00,4738.9,4757.75,4727.78,4741.82,24649.0,15,0.0,29.970000000000255,2.9200000000000728,0.5315315315315368,0.3710377043710309,0.09743076409743237,2.9299999999993815,15,1,4833.16,4723.49,0.16713777696726465,20.91571428571433,NONE,0.0,
2026-04-21 16:00:00,4741.82,4746.87,4708.1,4711.21,19519.0,15,0.0,38.76999999999953,30.609999999999673,0.13025535207635397,0.0802166623678027,0.7895279855558434,-30.609999999999673,16,1,4833.16,4708.1,0.024868063329599274,23.1264285714286,NONE,0.0,
2026-04-21 17:00:00,4711.19,4722.21,4697.06,4711.15,22617.0,15,0.0,25.149999999999636,0.03999999999996362,0.43817097415509326,0.5602385685884469,0.001590457256459809,-0.06000000000040018,17,1,4833.16,4697.06,0.10352681851579201,23.840714285714252,NONE,0.0,
2026-04-21 18:00:00,4711.14,4714.8,4692.54,4709.46,18448.0,15,0.0,22.26000000000022,1.680000000000291,0.164420485175194,0.7601078167115861,0.07547169811321988,-1.6899999999995998,18,1,4831.73,4692.54,0.12156045692937799,24.71285714285711,NONE,0.0,
2026-04-21 19:00:00,4709.51,4715.32,4668.48,4679.42,22632.0,14,0.0,46.840000000000146,30.090000000000146,0.12403928266437815,0.23356105892400672,0.6423996584116152,-30.039999999999964,19,1,4830.58,4668.48,0.06748920419494439,27.111428571428537,NONE,0.0,
2026-04-21 20:00:00,4679.35,4720.31,4668.73,4720.25,15573.0,15,0.0,51.58000000000084,40.899999999999636,0.0011632415665063824,0.20589375727027195,0.7929430011632217,40.82999999999993,20,1,4824.51,4668.48,0.33179516759597655,29.637857142857165,NONE,0.0,
2026-04-21 21:00:00,4710.98,4714.65,4692.36,4709.25,33222.0,4,0.0,22.289999999999964,1.7299999999995634,0.16464782413638757,0.7577388963660994,0.07761327949751307,-11.0,21,1,4810.38,4668.48,0.2873150105708265,30.212857142857242,NONE,0.0,
2026-04-21 22:00:00,4721.62,4729.4,4715.54,4719.49,6445.0,28,0.0,13.859999999999673,2.130000000000109,0.5613275613275562,0.2849927849927786,0.15367965367966518,10.239999999999782,22,1,4807.88,4668.48,0.3659253945480633,30.35714285714292,NONE,0.0,
2026-04-21 23:00:00,4719.38,4740.54,4718.11,4737.9,7463.0,15,0.0,22.43000000000029,18.519999999999527,0.1176995095853898,0.05662059741419617,0.825679893000414,18.409999999999854,23,1,4798.0,4668.48,0.5359789993823335,31.359285714285825,NONE,0.0,
2026-04-22 00:00:00,4737.9,4747.35,4737.9,4739.76,11001.0,15,0.0,9.450000000000728,1.860000000000582,0.8031746031745567,0.0,0.19682539682544326,1.860000000000582,0,2,4797.93,4668.48,0.5506373117033624,31.345714285714426,NONE,0.0,
2026-04-22 01:00:00,4739.76,4754.73,4735.84,4752.34,13849.0,15,0.0,18.889999999999418,12.579999999999927,0.12652196929589685,0.207517204870312,0.6659608258337911,12.579999999999927,1,2,4797.93,4668.48,0.647817690227888,31.08928571428578,NONE,0.0,
2026-04-22 02:00:00,4752.34,4758.71,4750.11,4755.83,8574.0,15,0.0,8.600000000000364,3.4899999999997817,0.3348837209302311,0.2593023255814394,0.40581395348832955,3.4899999999997817,2,2,4797.93,4668.48,0.6747779065276158,29.525714285714393,NONE,0.0,
2026-04-22 03:00:00,4755.83,4765.05,4752.95,4758.14,7841.0,15,0.0,12.100000000000364,2.3100000000004,0.57107438016526,0.2380165289256217,0.19090909090911823,2.3100000000004,3,2,4797.93,4668.48,0.6926226342217092,28.087857142857306,NONE,0.0,
2026-04-22 04:00:00,4758.15,4759.77,4752.24,4754.67,6163.0,15,0.0,7.530000000000655,3.4799999999995634,0.21513944223116327,0.32270916334662414,0.4621513944222126,-3.4700000000002547,4,2,4797.93,4668.48,0.665816917728853,24.400714285714457,NONE,0.0,
2026-04-22 05:00:00,4754.64,4772.09,4752.0,4767.55,11623.0,14,0.0,20.090000000000146,12.909999999999854,0.22598307615728874,0.1314086610254011,0.6426082628173102,12.88000000000011,5,2,4797.93,4668.48,0.7653147933565088,23.695000000000164,SELL,70.0,sell_004
2026-04-22 06:00:00,4767.71,4767.97,4758.8,4767.77,9217.0,14,0.0,9.170000000000073,0.06000000000040018,0.021810250817864398,0.9716466739367267,0.00654307524540891,0.22000000000025466,6,2,4797.93,4668.48,0.7670142912321384,21.58071428571449,NONE,0.0,
2026-04-22 07:00:00,4767.7,4772.37,4759.65,4760.49,8955.0,15,0.0,12.720000000000255,7.210000000000036,0.3671383647798726,0.06603773584906672,0.5668238993710607,-7.280000000000655,7,2,4796.99,4668.48,0.7159754104738936,20.692857142857388,NONE,0.0,
2026-04-22 08:00:00,4760.57,4762.25,4751.85,4757.2,9488.0,15,0.0,10.399999999999636,3.369999999999891,0.1615384615384952,0.5144230769230425,0.3240384615384624,-3.2899999999999636,8,2,4794.32,4668.48,0.7050222504767971,19.84571428571449,SELL,70.0,sell_004
2026-04-22 09:00:00,4757.21,4762.54,4752.59,4755.37,8728.0,14,0.0,9.949999999999818,1.8400000000001455,0.5356783919598015,0.27939698492460263,0.1849246231155959,-1.8299999999999272,9,2,4782.64,4668.48,0.7611247372109298,17.210714285714467,NONE,0.0,
2026-04-22 10:00:00,4755.32,4760.16,4745.89,4759.3,8886.0,14,0.0,14.269999999999527,3.980000000000473,0.06026629292219349,0.6608269096005391,0.2789067974772673,3.930000000000291,10,2,4772.37,4668.48,0.874193858889213,14.545714285714373,SELL,70.0,sell_004
2026-04-22 11:00:00,4759.65,4760.83,4747.88,4750.38,8812.0,15,0.0,12.949999999999818,9.269999999999527,0.09111969111971488,0.19305019305019577,0.7158301158300894,-8.920000000000073,11,2,4772.37,4668.48,0.7883338146116112,13.478571428571481,SELL,70.0,sell_004
2026-04-22 12:00:00,4750.4,4757.42,4747.25,4754.34,4672.0,15,0.0,10.170000000000073,3.9400000000005093,0.3028515240904528,0.3097345132742983,0.3874139626352489,3.9600000000000364,12,2,4772.37,4668.48,0.8264510539994254,12.765714285714369,SELL,70.0,sell_004
2026-04-22 13:00:00,4744.37,4760.75,4736.43,4752.97,22936.0,14,0.0,24.31999999999971,8.600000000000364,0.31990131578946707,0.3264802631578822,0.3536184210526508,-1.3699999999998909,13,2,4772.37,4668.48,0.8132640292617233,12.900714285714328,SELL,70.0,sell_004
2026-04-22 14:00:00,4752.97,4757.54,4730.13,4736.22,21874.0,15,0.0,27.409999999999854,16.75,0.16672747172563784,0.22218168551624143,0.6110908427581208,-16.75,14,2,4772.37,4668.48,0.6520358071036719,14.183571428571408,SELL,70.0,sell_004
2026-04-22 15:00:00,4736.22,4740.35,4734.47,4738.36,5132.0,15,0.0,5.880000000000109,2.139999999999418,0.33843537414977115,0.2976190476190421,0.3639455782311868,2.139999999999418,15,2,4772.37,4668.73,0.6718448475492077,13.254285714285743,SELL,70.0,sell_004
2026-04-22 16:00:00,4727.69,4735.0,4723.87,4728.45,12166.0,14,0.0,11.13000000000011,0.7600000000002183,0.5884995507637123,0.3432165318957477,0.06828391734054005,-9.909999999999854,16,2,4772.37,4692.36,0.4510686164229477,13.674999999999986,SELL,70.0,sell_004
2026-04-22 17:00:00,4728.81,4739.46,4728.57,4734.16,4547.0,15,0.0,10.890000000000327,5.349999999999454,0.48668503213957964,0.02203856749317576,0.49127640036724457,5.710000000000036,17,2,4772.37,4715.54,0.327643850079182,13.597142857142833,SELL,70.0,sell_004
2026-04-22 18:00:00,4737.26,4749.34,4729.93,4741.69,9889.0,15,0.0,19.409999999999854,4.4299999999993815,0.3941267387944669,0.37764039155074614,0.22823286965478695,7.529999999999745,18,2,4772.37,4718.11,0.434574272023587,14.445714285714205,SELL,70.0,sell_004
2026-04-22 19:00:00,4741.7,4743.46,4736.99,4740.77,4611.0,15,0.0,6.470000000000255,0.9299999999993815,0.2720247295208886,0.5842349304483008,0.14374034003081065,-0.9199999999991633,19,2,4772.37,4723.87,0.34845360824743393,13.47285714285707,SELL,70.0,sell_004
2026-04-22 20:00:00,4740.37,4740.37,4737.78,4737.78,244.0,15,0.0,2.5900000000001455,2.5900000000001455,0.0,0.0,1.0,-2.990000000000691,20,2,4772.37,4723.87,0.28680412371133723,13.031428571428544,SELL,70.0,sell_004
2026-04-22 21:00:00,4737.17,4749.36,4729.88,4741.72,15187.0,4,0.0,19.479999999999563,4.550000000000182,0.3921971252566524,0.37422997946612563,0.23357289527722197,3.9400000000005093,21,2,4772.37,4723.87,0.3680412371134096,13.514285714285636,SELL,70.0,sell_004
2026-04-22 22:00:00,4745.75,4746.08,4725.18,4725.88,5690.0,28,0.0,20.899999999999636,19.86999999999989,0.01578947368420732,0.03349282296649906,0.9507177033492936,-15.840000000000146,22,2,4772.37,4723.87,0.04144329896907666,14.264285714285636,SELL,70.0,sell_004
2026-04-22 23:00:00,4725.89,4730.03,4722.91,4727.69,5306.0,14,0.0,7.119999999999891,1.7999999999992724,0.3286516853932839,0.4185393258427695,0.25280898876394664,1.8099999999994907,23,2,4772.37,4722.91,0.09664375252728956,14.062142857142785,SELL,70.0,sell_004
2026-04-23 00:00:00,4727.72,4752.79,4694.33,4747.78,20292.0,15,0.0,58.460000000000036,20.05999999999949,0.0856996236743109,0.5711597673623042,0.34314060896338483,20.090000000000146,0,3,4772.37,4694.33,0.6849051768323916,17.21857142857139,SELL,70.0,sell_004
2026-04-23 01:00:00,4747.67,4749.88,4722.71,4723.46,16912.0,15,0.0,27.170000000000073,24.210000000000036,0.0813397129186614,0.027603974972395952,0.8910563121089426,-24.31999999999971,1,3,4772.37,4694.33,0.373270117888264,18.234285714285697,SELL,70.0,sell_004
2026-04-23 02:00:00,4723.44,4724.85,4698.47,4699.01,17689.0,15,0.0,26.38000000000011,24.42999999999938,0.05344958301746619,0.0204700530705065,0.9260803639120273,-24.449999999999818,2,3,4772.37,4694.33,0.05996924654023953,19.39214285714284,SELL,70.0,sell_004
2026-04-23 03:00:00,4698.98,4708.71,4698.24,4704.03,13297.0,15,0.0,10.470000000000255,5.050000000000182,0.44699140401147824,0.07067812798469568,0.48233046800382606,5.019999999999527,3,3,4762.54,4694.33,0.1422078874065359,18.402857142857165,NONE,0.0,
2026-04-23 04:00:00,4704.03,4707.21,4698.73,4704.37,6898.0,15,0.0,8.480000000000473,0.3400000000001455,0.334905660377357,0.6249999999999866,0.04009433962265643,0.3400000000001455,4,3,4762.54,4694.33,0.14719249376924143,17.050714285714353,NONE,0.0,
2026-04-23 05:00:00,4704.37,4715.16,4693.12,4713.56,11885.0,15,0.0,22.039999999999964,9.19000000000051,0.07259528130669042,0.5104355716878411,0.41696914700546844,9.19000000000051,5,3,4760.83,4693.12,0.3018756461379486,18.20500000000006,NONE,0.0,
2026-04-23 06:00:00,4713.56,4720.94,4708.55,4713.0,12481.0,15,0.0,12.389999999999418,0.5600000000004002,0.5956416464890675,0.3591606133979037,0.045197740113028774,-0.5600000000004002,6,3,4760.83,4693.12,0.29360508049032785,18.05500000000003,NONE,0.0,
2026-04-23 07:00:00,4713.0,4720.53,4703.21,4719.23,13194.0,14,0.0,17.31999999999971,6.229999999999563,0.07505773672056604,0.5652424942263353,0.35969976905309864,6.229999999999563,7,3,4760.75,4693.12,0.38607127014637926,18.50571428571428,NONE,0.0,
2026-04-23 08:00:00,4719.03,4724.92,4701.81,4703.32,11398.0,15,0.0,23.109999999999673,15.710000000000036,0.2548680225010996,0.06533967979226872,0.6797922977066317,-15.909999999999854,8,3,4760.75,4693.12,0.15082064172704127,18.769999999999982,SELL,70.0,sell_004
2026-04-23 09:00:00,4703.32,4703.73,4694.81,4697.67,11125.0,15,0.0,8.919999999999163,5.649999999999636,0.04596412556052611,0.32062780269057634,0.6334080717488976,-5.649999999999636,9,3,4757.54,4693.12,0.07063023905619648,18.944999999999904,NONE,0.0,
2026-04-23 10:00:00,4697.67,4701.7,4684.28,4696.66,11044.0,15,0.0,17.420000000000073,1.0100000000002183,0.23134328358207396,0.7106773823191767,0.05797933409874937,-1.0100000000002183,10,3,4752.79,4684.28,0.18070354692745685,19.975714285714144,NONE,0.0,
2026-04-23 11:00:00,4696.68,4720.93,4695.48,4720.69,11714.0,15,0.0,25.450000000000728,24.00999999999931,0.009430255402777381,0.0471512770137797,0.9434184675834429,24.029999999999745,11,3,4752.79,4684.28,0.5314552620055428,20.4021428571428,NONE,0.0,
2026-04-23 12:00:00,4720.73,4743.19,4719.76,4740.03,17483.0,14,0.0,23.42999999999938,19.300000000000182,0.13486982501066744,0.0413999146393244,0.8237302603500082,19.340000000000146,12,3,4752.79,4684.28,0.8137498175448814,20.58285714285707,NONE,0.0,
2026-04-23 13:00:00,4740.12,4741.26,4724.32,4724.41,19674.0,15,0.0,16.94000000000051,15.710000000000036,0.06729634002363005,0.005312868949241016,0.927390791027129,-15.61999999999989,13,3,4752.79,4684.28,0.5857539045394831,21.284285714285684,NONE,0.0,
2026-04-23 14:00:00,4724.41,4736.62,4717.2,4733.66,21072.0,14,0.0,19.420000000000073,9.25,0.15242018537590243,0.3712667353244083,0.47631307929968925,9.25,14,3,4752.79,4684.28,0.7207706904101584,18.495714285714257,NONE,0.0,
2026-04-23 15:00:00,4733.67,4740.88,4716.39,4720.54,16953.0,14,0.0,24.48999999999978,13.13000000000011,0.29440587995100453,0.16945692119231004,0.5361371988566854,-13.11999999999989,15,3,4752.79,4684.28,0.5292658006130507,18.304285714285665,NONE,0.0,
2026-04-23 16:00:00,4720.64,4721.77,4715.68,4718.89,2381.0,15,0.0,6.0900000000001455,1.75,0.18555008210181972,0.5270935960591067,0.2873563218390736,-1.6499999999996362,16,3,4752.79,4684.28,0.5051817252955841,16.854999999999954,NONE,0.0,
2026-04-23 17:00:00,4733.07,4733.75,4733.07,4733.55,55.0,15,0.0,0.680000000000291,0.48000000000047294,0.29411764705843013,0.0,0.7058823529415699,14.659999999999854,17,3,4752.79,4684.28,0.7191650853889984,17.16857142857134,NONE,0.0,
2026-04-23 18:00:00,4709.6,4721.65,4699.41,4701.11,21234.0,14,0.0,22.23999999999978,8.490000000000691,0.5418165467625625,0.07643884892085588,0.3817446043165816,-32.44000000000051,18,3,4752.79,4684.28,0.24565756823821155,19.001428571428473,NONE,0.0,
2026-04-23 19:00:00,4700.89,4704.56,4689.53,4696.05,18834.0,15,0.0,15.030000000000655,4.8400000000001455,0.24417831004656773,0.4337990685296176,0.32202262142381466,-5.059999999999491,19,3,4752.79,4684.28,0.17179973726463874,18.500714285714235,NONE,0.0,
2026-04-23 20:00:00,4696.07,4698.31,4686.57,4694.57,7154.0,15,0.0,11.740000000000691,1.5,0.19080068143105275,0.6814310051106924,0.12776831345825482,-1.480000000000473,20,3,4749.88,4684.28,0.15685975609755956,18.454285714285756,NONE,0.0,
2026-04-23 21:00:00,4709.32,4722.32,4699.26,4701.1,26813.0,4,0.0,23.05999999999949,8.219999999999345,0.56374674761493,0.07979184735473487,0.3564614050303351,6.530000000000655,21,3,4743.19,4684.28,0.2855202851807955,19.199285714285775,NONE,0.0,
2026-04-23 22:00:00,4700.24,4700.24,4690.03,4693.31,5222.0,28,0.0,10.210000000000036,6.9299999999993815,0.0,0.32125367286979856,0.6787463271302014,-7.789999999999964,22,3,4743.19,4684.28,0.1532846715328582,18.339285714285843,NONE,0.0,
2026-04-23 23:00:00,4693.21,4700.81,4686.86,4695.39,6559.0,15,0.0,13.950000000000728,2.180000000000291,0.3885304659498057,0.4551971326164898,0.15627240143370447,2.0799999999999272,23,3,4743.19,4684.28,0.18859276863012409,18.69857142857167,NONE,0.0,
2026-04-24 00:00:00,4695.37,4707.93,4690.83,4704.66,13290.0,15,0.0,17.100000000000364,9.289999999999964,0.19122807017546006,0.265497076023384,0.5432748538011559,9.269999999999527,0,4,4743.19,4684.28,0.34595145136649397,18.675714285714548,NONE,0.0,
2026-04-24 01:00:00,4704.64,4711.13,4690.35,4699.41,16422.0,15,0.0,20.779999999999745,5.230000000000473,0.31231953801731765,0.4359961501443504,0.2516843118383319,-5.25,1,4,4743.19,4684.28,0.25683245628925727,18.34214285714305,NONE,0.0,
2026-04-24 02:00:00,4699.41,4700.58,4673.28,4676.85,14918.0,15,0.0,27.300000000000182,22.55999999999949,0.04285714285714524,0.13076923076925256,0.8263736263736022,-22.55999999999949,2,4,4743.19,4673.28,0.05106565584323596,18.618571428571677,NONE,0.0,
2026-04-24 03:00:00,4676.79,4678.28,4668.74,4672.16,11008.0,15,0.0,9.539999999999964,4.630000000000109,0.15618448637314333,0.3584905660377448,0.4853249475891118,-4.690000000000509,3,4,4743.19,4668.74,0.045936870382808345,18.09000000000021,NONE,0.0,
2026-04-24 04:00:00,4672.16,4677.08,4657.85,4674.57,9693.0,15,0.0,19.229999999999563,2.4099999999998545,0.13052522100885466,0.74414976599063,0.1253250130005153,2.4099999999998545,4,4,4743.19,4657.85,0.19592219357862076,18.076428571428746,NONE,0.0,
2026-04-24 05:00:00,4674.57,4687.36,4669.63,4686.41,10390.0,15,0.0,17.729999999999563,11.840000000000146,0.053581500281998956,0.27862380146642535,0.6677946982515757,11.840000000000146,5,4,4743.19,4657.85,0.33466135458167034,17.593571428571586,NONE,0.0,
2026-04-24 06:00:00,4686.48,4688.11,4666.9,4668.2,11553.0,14,0.0,21.210000000000036,18.279999999999745,0.07685054219708186,0.06129184347006976,0.8618576143328484,-18.210000000000036,6,4,4743.19,4657.85,0.12127958753221874,18.67357142857158,NONE,0.0,
2026-04-24 07:00:00,4671.82,4685.83,4671.04,4685.3,5921.0,14,0.0,14.789999999999964,13.480000000000473,0.035835023664621136,0.05273833671397885,0.9114266396214,17.100000000000364,7,4,4743.19,4657.85,0.32165455823763844,18.871428571428755,NONE,0.0,
2026-04-24 08:00:00,4694.56,4694.58,4687.11,4689.48,775.0,15,0.0,7.470000000000255,5.080000000000837,0.002677376171288672,0.31726907630519546,0.6800535475235159,4.1799999999993815,8,4,4741.26,4657.85,0.3792111257642879,17.095714285714426,NONE,0.0,
2026-04-24 09:00:00,4690.82,4696.68,4679.36,4682.08,11360.0,14,0.0,17.32000000000062,8.739999999999782,0.3383371824480585,0.15704387990763033,0.5046189376443112,-7.399999999999636,9,4,4740.88,4657.85,0.29182223292785303,17.259285714285852,NONE,0.0,
2026-04-24 10:00:00,4682.07,4686.33,4674.7,4678.7,7775.0,14,0.0,11.63000000000011,3.369999999999891,0.3662940670679431,0.3439380911435909,0.289767841788466,-3.380000000000109,10,4,4740.88,4657.85,0.25111405516077945,17.25142857142867,NONE,0.0,
2026-04-24 11:00:00,4694.53,4697.4,4685.1,4690.83,16708.0,4,0.0,12.299999999999272,3.699999999999818,0.23333333333333825,0.46585365853657745,0.3008130081300843,12.13000000000011,11,4,4733.75,4657.85,0.4345191040843178,16.605000000000082,NONE,0.0,
2026-04-24 12:00:00,4690.83,4696.75,4679.28,4682.11,16177.0,4,0.0,17.470000000000255,8.720000000000255,0.3388666285060095,0.1619919862621572,0.49914138523183327,-8.720000000000255,12,4,4733.75,4657.85,0.31963109354412944,17.062142857142913,NONE,0.0,
2026-04-24 13:00:00,4682.11,4686.19,4674.56,4677.78,14142.0,4,0.0,11.6299999999992,4.329999999999927,0.3508168529664839,0.27687016337055603,0.37231298366296006,-4.329999999999927,13,4,4722.32,4657.85,0.30913603226306163,16.89642857142852,NONE,0.0,
2026-04-24 14:00:00,4677.78,4717.24,4677.73,4706.88,27274.0,4,0.0,39.51000000000022,29.100000000000364,0.26221209820297686,0.0012655024044591653,0.736522399392564,29.100000000000364,14,4,4722.32,4657.85,0.7605087637660966,18.497142857142794,NONE,0.0,
2026-04-24 15:00:00,4706.91,4711.76,4690.39,4700.73,22522.0,4,0.0,21.36999999999989,6.180000000000291,0.22695367337390682,0.4838558727187313,0.28919045390736187,-6.150000000000546,15,4,4722.32,4657.85,0.6651155576236953,18.53928571428566,NONE,0.0,
2026-04-24 16:00:00,4700.96,4717.51,4689.68,4711.65,27254.0,4,0.0,27.829999999999927,10.6899999999996,0.21056413941791582,0.4053180021559387,0.38411785842614543,10.920000000000073,16,4,4722.32,4657.85,0.8344966651155548,18.577142857142785,NONE,0.0,
2026-04-24 17:00:00,4711.65,4740.29,4706.82,4726.39,33652.0,4,0.0,33.470000000000255,14.740000000000691,0.41529728114728204,0.1443083358231219,0.44039438302959605,14.740000000000691,17,4,4740.29,4657.85,0.8313925278990817,20.286428571428523,NONE,0.0,
2026-04-24 18:00:00,4726.39,4733.6,4714.74,4727.09,27869.0,4,0.0,18.860000000000582,0.6999999999998181,0.3451749734888662,0.6177094379639547,0.03711558854717903,0.6999999999998181,18,4,4740.29,4657.85,0.8398835516739461,20.260000000000023,NONE,0.0,
2026-04-24 19:00:00,4727.09,4729.69,4719.04,4726.89,22429.0,4,0.0,10.649999999999636,0.1999999999998181,0.24413145539901812,0.7370892018779936,0.018779342722988257,-0.1999999999998181,19,4,4740.29,4657.85,0.8374575448811293,19.754285714285743,NONE,0.0,
2026-04-24 20:00:00,4726.89,4730.13,4718.94,4723.34,20212.0,4,0.0,11.19000000000051,3.550000000000182,0.2895442359249003,0.39320822162648306,0.31724754244861664,-3.550000000000182,20,4,4740.29,4657.85,0.7943959243085893,19.03857142857149,NONE,0.0,
2026-04-24 21:00:00,4723.34,4724.79,4716.61,4722.69,16202.0,4,0.0,8.180000000000291,0.6500000000005457,0.177261613691903,0.7432762836185466,0.07946210268955044,-0.6500000000005457,21,4,4740.29,4657.85,0.7865114022319208,18.363571428571504,NONE,0.0,
2026-04-24 22:00:00,4722.7,4726.06,4713.66,4716.45,16445.0,4,0.0,12.400000000000546,6.25,0.27096774193551887,0.22499999999998715,0.5040322580644939,-6.239999999999782,22,4,4740.29,4657.85,0.7108199902959697,18.586428571428705,NONE,0.0,
2026-04-27 01:00:00,4698.27,4699.83,4679.96,4684.69,12650.0,4,0.0,19.86999999999989,13.580000000000837,0.07851031706087062,0.23804730749872116,0.6834423754404082,-31.76000000000022,1,0,4740.29,4657.85,0.3255701115963048,19.955714285714357,NONE,0.0,
2026-04-27 02:00:00,4684.69,4684.89,4674.81,4679.96,11059.0,4,0.0,10.079999999999927,4.729999999999563,0.019841269841342168,0.510912698412666,0.46924603174599183,-4.729999999999563,2,0,4740.29,4666.9,0.17795339964573295,19.84500000000006,NONE,0.0,
2026-04-27 03:00:00,4679.96,4698.2,4672.06,4697.77,16162.0,4,0.0,26.139999999999418,17.8100000000004,0.016449885233335543,0.30221882172914355,0.6813312930375209,17.8100000000004,3,0,4740.29,4666.9,0.42062951355771444,20.3764285714286,NONE,0.0,
2026-04-27 04:00:00,4697.78,4709.69,4690.81,4702.74,23918.0,4,0.0,18.8799999999992,4.960000000000036,0.368114406779667,0.36917372881354027,0.26271186440679273,4.969999999999345,4,0,4740.29,4671.04,0.4577617328519829,20.477142857142812,NONE,0.0,
2026-04-27 05:00:00,4702.74,4723.5,4696.24,4718.29,17309.0,4,0.0,27.26000000000022,15.550000000000182,0.19112252384446055,0.2384446074834904,0.570432868672049,15.550000000000182,5,0,4740.29,4672.06,0.6775611900923327,21.593571428571458,NONE,0.0,
2026-04-27 06:00:00,4718.21,4729.44,4714.49,4724.17,13887.0,4,0.0,14.949999999999818,5.960000000000036,0.35250836120398604,0.24882943143814715,0.39866220735786684,5.880000000000109,6,0,4740.29,4672.06,0.763740290194929,19.839285714285715,NONE,0.0,
2026-04-27 07:00:00,4724.17,4730.11,4722.78,4725.02,9736.0,4,0.0,7.329999999999927,0.8500000000003638,0.6944065484310077,0.18963165075038763,0.11596180081860467,0.8500000000003638,7,0,4740.29,4672.06,0.7761981533050033,18.836428571428574,NONE,0.0,
2026-04-27 08:00:00,4725.04,4725.53,4708.8,4710.03,15717.0,4,0.0,16.729999999999563,15.010000000000218,0.02928870292885801,0.07352062163775228,0.8971906754333897,-14.990000000000691,8,0,4740.29,4672.06,0.5565000732815417,18.043571428571404,NONE,0.0,
2026-04-27 09:00:00,4710.04,4715.64,4709.24,4712.83,17600.0,4,0.0,6.400000000000546,2.7899999999999636,0.4390625000000251,0.12500000000001776,0.4359374999999571,2.800000000000182,9,0,4740.29,4672.06,0.5975377399970656,16.109999999999996,NONE,0.0,
2026-04-27 10:00:00,4712.85,4718.4,4710.07,4713.37,16770.0,4,0.0,8.329999999999927,0.5199999999995271,0.6038415366146206,0.33373349339744046,0.06242496998793897,0.5399999999999636,10,0,4740.29,4672.06,0.6054521471493443,15.357857142857094,NONE,0.0,
2026-04-27 11:00:00,4713.37,4714.77,4705.32,4706.82,16119.0,4,0.0,9.450000000000728,6.550000000000182,0.1481481481481945,0.1587301587301465,0.693121693121659,-6.550000000000182,11,0,4740.29,4672.06,0.5094533196541042,15.272142857142885,NONE,0.0,
2026-04-27 12:00:00,4706.87,4708.29,4699.55,4703.6,12582.0,4,0.0,8.739999999999782,3.269999999999527,0.16247139588101925,0.46338672768881956,0.37414187643016117,-3.219999999999345,12,0,4740.29,4672.06,0.46226000293126435,15.097142857142833,NONE,0.0,
2026-04-27 13:00:00,4703.62,4710.94,4699.5,4708.78,12194.0,4,0.0,11.4399999999996,5.1599999999998545,0.1888111888111827,0.3601398601398632,0.4510489510489541,5.1799999999993815,13,0,4740.29,4672.06,0.5381796863549697,15.329999999999927,NONE,0.0,
2026-04-27 14:00:00,4708.82,4709.13,4700.13,4704.81,14136.0,4,0.0,9.0,4.009999999999309,0.03444444444448891,0.5200000000000323,0.44555555555547877,-3.969999999999345,14,0,4740.29,4672.06,0.4799941374761866,15.087142857142746,NONE,0.0,
2026-04-27 15:00:00,4704.82,4712.64,4696.92,4699.21,19250.0,4,0.0,15.720000000000255,5.609999999999673,0.49745547073794477,0.14567430025444825,0.35687022900760695,-5.600000000000364,15,0,4733.6,4672.06,0.4411764705882296,13.603571428571351,NONE,0.0,
2026-04-27 16:00:00,4699.36,4703.46,4689.31,4696.18,26119.0,4,0.0,14.149999999999636,3.1799999999993815,0.2897526501767116,0.4855123674911708,0.22473498233211756,-3.0299999999997453,16,0,4730.13,4672.06,0.4153607714826935,13.894285714285616,NONE,0.0,
2026-04-27 17:00:00,4696.18,4696.74,4676.55,4678.08,28737.0,4,0.0,20.1899999999996,18.100000000000364,0.027736503219390876,0.07578008915303495,0.8964834076275742,-18.100000000000364,17,0,4730.13,4672.06,0.10366798691233954,13.469285714285629,NONE,0.0,
2026-04-27 18:00:00,4678.08,4682.55,4667.23,4670.04,25810.0,4,0.0,15.320000000000618,8.039999999999964,0.29177545691906487,0.18342036553526675,0.5248041775456683,-8.039999999999964,18,0,4730.11,4667.23,0.04468829516540069,13.215000000000016,NONE,0.0,
2026-04-27 19:00:00,4670.04,4679.51,4667.22,4676.69,16615.0,4,0.0,12.289999999999964,6.649999999999636,0.22945484133446922,0.22945484133439523,0.5410903173311356,6.649999999999636,19,0,4730.11,4667.22,0.15058037843853447,12.145714285714282,NONE,0.0,
2026-04-27 20:00:00,4676.69,4686.16,4668.19,4682.21,18696.0,4,0.0,17.970000000000255,5.520000000000437,0.21981079577071574,0.4730105731775114,0.30717863105177284,5.520000000000437,20,0,4730.11,4667.22,0.2383526792812835,12.3614285714286,NONE,0.0,
2026-04-27 21:00:00,4682.21,4685.47,4678.97,4680.69,14609.0,4,0.0,6.5,1.5200000000004366,0.5015384615384951,0.2646153846152839,0.233846153846221,-1.5200000000004366,21,0,4730.11,4667.22,0.21418349499124614,12.302142857142892,NONE,0.0,
2026-04-27 22:00:00,4680.69,4682.69,4676.67,4680.86,15141.0,4,0.0,6.019999999999527,0.17000000000007276,0.30398671096346697,0.6677740863787115,0.028239202657821615,0.17000000000007276,22,0,4730.11,4667.22,0.21688662744473755,11.537142857142888,NONE,0.0,
2026-04-28 01:00:00,4681.69,4691.21,4681.29,4687.93,6359.0,4,0.0,9.920000000000073,6.240000000000691,0.3306451612902945,0.04032258064512432,0.6290322580645812,7.0700000000006185,1,1,4730.11,4667.22,0.3293051359516653,11.819285714285732,NONE,0.0,
2026-04-28 02:00:00,4687.93,4695.0,4687.25,4691.87,6988.0,4,0.0,7.75,3.9399999999996,0.4038709677419496,0.08774193548390852,0.508387096774142,3.9399999999996,2,1,4730.11,4667.22,0.39195420575607987,11.777857142857167,NONE,0.0,
2026-04-28 03:00:00,4691.89,4701.24,4690.44,4690.54,13588.0,4,0.0,10.800000000000182,1.3500000000003638,0.8657407407406756,0.009259259259292787,0.12500000000003159,-1.3299999999999272,3,1,4730.11,4667.22,0.37080616950230444,11.8742857142857,NONE,0.0,
2026-04-28 04:00:00,4690.54,4691.46,4669.49,4670.69,18856.0,4,0.0,21.970000000000255,19.850000000000364,0.0418752844788376,0.054619936276732096,0.9035047792444303,-19.850000000000364,4,1,4730.11,4667.22,0.05517570360946696,12.819285714285732,NONE,0.0,
2026-04-28 05:00:00,4670.69,4679.81,4666.44,4669.13,16692.0,4,0.0,13.3700000000008,1.5599999999994907,0.6821241585639681,0.20119670905013823,0.11667913238589359,-1.5599999999994907,5,1,4725.53,4666.44,0.04552377728888987,12.95714285714296,NONE,0.0,
2026-04-28 06:00:00,4669.13,4675.81,4668.47,4670.89,11942.0,4,0.0,7.3400000000001455,1.7600000000002183,0.6702997275204325,0.08991825613076858,0.23978201634879884,1.7600000000002183,6,1,4718.4,4666.44,0.08564280215551817,12.838571428571543,NONE,0.0,
2026-04-28 07:00:00,4670.89,4671.24,4666.56,4667.62,9710.0,4,0.0,4.6799999999993815,3.2700000000004366,0.07478632478621806,0.2264957264956476,0.6987179487181343,-3.2700000000004366,7,1,4718.4,4666.44,0.022709776751352776,12.050000000000052,NONE,0.0,
2026-04-28 08:00:00,4667.64,4668.01,4623.88,4632.21,24351.0,4,0.0,44.13000000000011,35.43000000000029,0.008384319057328121,0.18876048039881954,0.8028552005438523,-35.409999999999854,8,1,4714.77,4623.88,0.09164924634173063,14.191428571428657,NONE,0.0,
2026-04-28 09:00:00,4632.21,4642.96,4623.23,4628.99,21450.0,4,0.0,19.730000000000473,3.2200000000002547,0.5448555499239606,0.2919412062848495,0.16320324379118994,-3.2200000000002547,9,1,4712.64,4623.23,0.06442232412482014,14.158571428571577,NONE,0.0,
2026-04-28 10:00:00,4628.99,4639.45,4620.45,4633.28,19306.0,4,0.0,19.0,4.289999999999964,0.324736842105267,0.4494736842105244,0.22578947368420862,4.289999999999964,10,1,4712.64,4620.45,0.13916910727844511,14.421428571428676,NONE,0.0,
2026-04-28 11:00:00,4633.28,4635.49,4614.73,4629.69,20697.0,4,0.0,20.76000000000022,3.5900000000001455,0.10645472061657096,0.7206165703275471,0.17292870905588187,-3.5900000000001455,11,1,4712.64,4614.73,0.15279338167704953,15.026428571428694,NONE,0.0,
2026-04-28 12:00:00,4629.69,4630.03,4604.58,4604.87,20054.0,4,0.0,25.449999999999818,24.81999999999971,0.013359528487235676,0.01139489194498883,0.9752455795677755,-24.81999999999971,12,1,4712.64,4604.58,0.002683694243938206,15.560714285714377,NONE,0.0,
2026-04-28 13:00:00,4604.87,4616.49,4603.07,4603.2,17585.0,4,0.0,13.420000000000073,1.6700000000000728,0.865871833084935,0.009687034277206292,0.12444113263785869,-1.6700000000000728,13,1,4703.46,4603.07,0.0012949496961859618,16.055000000000096,NONE,0.0,
2026-04-28 14:00:00,4603.2,4608.73,4555.49,4562.55,27930.0,4,0.0,53.23999999999978,40.649999999999636,0.10386927122463877,0.13260706235913652,0.7635236664162247,-40.649999999999636,14,1,4701.24,4555.49,0.04843910806175232,19.427857142857256,NONE,0.0,
2026-04-28 15:00:00,4562.55,4600.16,4554.83,4593.78,28044.0,4,0.0,45.32999999999993,31.229999999999563,0.1407456430619925,0.17030664019413783,0.6889477167438697,31.229999999999563,15,1,4701.24,4554.83,0.26603374086469406,21.926428571428655,NONE,0.0,
2026-04-28 16:00:00,4593.78,4594.67,4570.82,4580.2,30321.0,4,0.0,23.850000000000364,13.579999999999927,0.03731656184487689,0.3932914046121579,0.5693920335429652,-13.579999999999927,16,1,4701.24,4554.83,0.17328051362611785,23.076428571428682,NONE,0.0,
2026-04-28 17:00:00,4580.23,4580.61,4557.29,4574.44,38556.0,4,0.0,23.31999999999971,5.789999999999964,0.016295025728992878,0.7354202401372149,0.2482847341337923,-5.760000000000218,17,1,4701.24,4554.83,0.13393893859708825,23.97071428571436,NONE,0.0,
2026-04-28 18:00:00,4574.44,4586.57,4567.01,4586.57,28588.0,4,0.0,19.55999999999949,12.13000000000011,0.0,0.37985685071572467,0.6201431492842753,12.13000000000011,18,1,4701.24,4554.83,0.21678847073287216,23.79857142857145,NONE,0.0,
2026-04-28 19:00:00,4586.57,4594.75,4577.84,4592.23,22844.0,4,0.0,16.909999999999854,5.6599999999998545,0.14902424600830622,0.5162625665286599,0.3347131874630339,5.6599999999998545,19,1,4701.24,4554.83,0.2554470323065342,24.051428571428524,NONE,0.0,
2026-04-28 20:00:00,4592.23,4601.51,4587.19,4594.73,19813.0,4,0.0,14.320000000000618,2.5,0.4734636871508633,0.3519553072625521,0.17458100558658463,2.5,20,1,4701.24,4554.83,0.272522368690661,24.549999999999986,NONE,0.0,
2026-04-28 21:00:00,4594.73,4600.49,4592.0,4594.26,14595.0,4,0.0,8.489999999999782,0.46999999999934516,0.6784452296820219,0.2661955241460867,0.055359246171891315,-0.46999999999934516,21,1,4701.24,4554.83,0.26931220545044965,24.82214285714287,NONE,0.0,
2026-04-28 22:00:00,4594.26,4599.93,4593.36,4595.67,12490.0,4,0.0,6.5700000000006185,1.4099999999998545,0.6484018264839905,0.13698630136993317,0.21461187214607638,1.4099999999998545,22,1,4701.24,4554.83,0.27894269517109616,22.139285714285766,NONE,0.0,
2026-04-29 01:00:00,4596.54,4599.6,4592.38,4594.08,4845.0,4,0.0,7.220000000000255,2.4600000000000364,0.4238227146814809,0.23545706371187786,0.3407202216066412,-1.5900000000001455,1,2,4691.46,4554.83,0.2872721949791405,21.24571428571432,NONE,0.0,
2026-04-29 02:00:00,4594.08,4596.21,4587.9,4595.65,7421.0,4,0.0,8.3100000000004,1.569999999999709,0.0673886883273614,0.7436823104693133,0.18892900120332531,1.569999999999709,2,2,4679.81,4554.83,0.32661225796127025,20.48214285714292,NONE,0.0,
2026-04-29 03:00:00,4595.68,4610.25,4594.95,4600.15,15389.0,4,0.0,15.300000000000182,4.469999999999345,0.6601307189542643,0.047712418300683936,0.29215686274505176,4.5,3,2,4675.81,4554.83,0.37460737311952,20.09214285714292,NONE,0.0,
2026-04-29 04:00:00,4600.15,4600.38,4575.99,4584.79,23538.0,4,0.0,24.390000000000327,15.359999999999673,0.009430094300962274,0.36080360803608297,0.6297662976629548,-15.359999999999673,4,2,4671.24,4554.83,0.257366205652436,20.01642857142867,NONE,0.0,
2026-04-29 05:00:00,4584.79,4604.27,4584.79,4593.66,17911.0,4,0.0,19.480000000000473,8.86999999999989,0.544661190965109,0.0,0.45533880903489093,8.86999999999989,5,2,4668.01,4554.83,0.34308181657536513,20.449285714285843,NONE,0.0,
2026-04-29 06:00:00,4593.65,4603.36,4592.2,4595.45,12769.0,4,0.0,11.159999999999854,1.800000000000182,0.7087813620071647,0.12992831541217179,0.16129032258066356,1.7899999999999636,6,2,4642.96,4554.83,0.4609100192896839,17.443571428571563,NONE,0.0,
2026-04-29 07:00:00,4595.46,4605.61,4595.28,4604.76,9953.0,4,0.0,10.329999999999927,9.300000000000182,0.08228460793799228,0.017424975798673022,0.9002904162633347,9.3100000000004,7,2,4639.45,4554.83,0.5900496336563502,14.94357142857156,NONE,0.0,
2026-04-29 08:00:00,4604.78,4607.73,4590.83,4591.1,13522.0,4,0.0,16.899999999999636,13.679999999999382,0.17455621301774446,0.01597633136097292,0.8094674556212826,-13.659999999999854,8,2,4635.49,4554.83,0.4496652615918733,14.447142857142937,NONE,0.0,
2026-04-29 09:00:00,4591.1,4598.68,4580.99,4584.51,18284.0,4,0.0,17.69000000000051,6.5900000000001455,0.4284906726964222,0.19898247597514615,0.37252685132843166,-6.5900000000001455,9,2,4630.03,4554.83,0.3946808510638346,14.045000000000138,NONE,0.0,
2026-04-29 10:00:00,4584.51,4588.91,4567.29,4567.83,20484.0,4,0.0,21.61999999999989,16.68000000000029,0.20351526364475755,0.024976873265493357,0.7715078630897491,-16.68000000000029,10,2,4616.49,4554.83,0.21083360363282566,14.192142857143024,NONE,0.0,
2026-04-29 11:00:00,4567.99,4576.73,4557.19,4573.13,20577.0,4,0.0,19.539999999999964,5.140000000000327,0.18423746161716792,0.5527123848515968,0.2630501535312353,5.300000000000182,11,2,4610.25,4554.83,0.33020570191266974,14.380000000000175,NONE,0.0,
2026-04-29 12:00:00,4573.13,4580.86,4551.51,4555.67,19224.0,4,0.0,29.349999999999454,17.460000000000036,0.26337308347528815,0.14173764906303005,0.5948892674616818,-17.460000000000036,12,2,4610.25,4551.51,0.07082056520258546,15.45357142857152,NONE,0.0,
2026-04-29 13:00:00,4555.67,4576.6,4555.02,4569.81,16770.0,4,0.0,21.579999999999927,14.140000000000327,0.3146431881371634,0.030120481927694086,0.6552363299351425,14.140000000000327,13,2,4610.25,4551.51,0.31154239019407987,16.38857142857153,NONE,0.0,
2026-04-29 14:00:00,4569.83,4571.99,4559.3,4561.55,17101.0,4,0.0,12.6899999999996,8.279999999999745,0.1702127659574407,0.17730496453901268,0.6524822695035466,-8.260000000000218,14,2,4610.25,4551.51,0.17092271024855296,16.825714285714316,NONE,0.0,
2026-04-29 15:00:00,4561.55,4569.11,4541.9,4544.91,20960.0,4,0.0,27.210000000000036,16.640000000000327,0.2778390297684484,0.11062109518560141,0.6115398750459502,-16.640000000000327,15,2,4610.25,4541.9,0.04403803950256331,18.25357142857144,NONE,0.0,
2026-04-29 16:00:00,4544.91,4553.34,4510.02,4521.83,31366.0,4,0.0,43.31999999999971,23.079999999999927,0.19459833795014653,0.27262234533701685,0.5327793167128366,-23.079999999999927,16,2,4610.25,4510.02,0.11782899331537007,20.75428571428568,NONE,0.0,
2026-04-29 17:00:00,4521.82,4542.75,4517.86,4539.26,28643.0,4,0.0,24.890000000000327,17.44000000000051,0.14021695460023045,0.1591000401767772,0.7006830052229923,17.43000000000029,17,2,4610.25,4510.02,0.29172902324653205,21.43928571428569,NONE,0.0,
2026-04-29 18:00:00,4539.26,4558.95,4536.29,4547.65,27653.0,4,0.0,22.659999999999854,8.389999999999418,0.4986760812003643,0.13106796116506061,0.3702559576345751,8.389999999999418,18,2,4610.25,4510.02,0.3754364960590578,21.315714285714225,NONE,0.0,
2026-04-29 19:00:00,4547.58,4564.85,4543.28,4545.46,28317.0,4,0.0,21.57000000000062,2.119999999999891,0.8006490496059314,0.10106629578118816,0.0982846546128804,-2.1899999999996,19,2,4610.25,4510.02,0.35358675047390753,21.46499999999995,NONE,0.0,
2026-04-29 20:00:00,4545.46,4554.54,4541.63,4547.3,20988.0,4,0.0,12.909999999999854,1.8400000000001455,0.5608055770720266,0.29666924864445937,0.14252517428351405,1.8400000000001455,20,2,4610.25,4510.02,0.37194452758655,21.58999999999995,NONE,0.0,
2026-04-29 21:00:00,4547.3,4552.8,4518.33,4538.23,35240.0,4,0.0,34.470000000000255,9.070000000000618,0.15955903684363096,0.5773136060342179,0.2631273571221512,-9.070000000000618,21,2,4610.25,4510.02,0.281452658884558,23.31428571428569,NONE,0.0,
2026-04-29 22:00:00,4538.2,4550.66,4533.19,4546.81,23009.0,4,0.0,17.470000000000255,8.610000000000582,0.2203777904979621,0.2867773325701285,0.49284487693190937,8.580000000000837,22,2,4610.25,4510.02,0.3670557717250337,23.355000000000018,NONE,0.0,
2026-04-30 01:00:00,4543.54,4552.75,4539.04,4552.12,9532.0,4,0.0,13.710000000000036,8.579999999999927,0.045951859956244165,0.3282275711159729,0.6258205689277829,5.309999999999491,1,3,4607.73,4510.02,0.430866850885271,23.07071428571427,NONE,0.0,
2026-04-30 02:00:00,4552.12,4562.07,4549.67,4561.71,10810.0,4,0.0,12.399999999999636,9.590000000000146,0.029032258064490578,0.19758064516128146,0.773387096774228,9.590000000000146,2,3,4607.73,4510.02,0.5290144304574769,22.412142857142822,NONE,0.0,
2026-04-30 03:00:00,4561.72,4574.12,4556.39,4569.86,20694.0,4,0.0,17.729999999999563,8.139999999999418,0.24027072758039048,0.3006204173716897,0.4591088550479198,8.149999999999636,3,3,4607.73,4510.02,0.6124245215433402,22.28285714285708,NONE,0.0,
2026-04-30 04:00:00,4569.86,4582.57,4564.59,4579.29,22000.0,4,0.0,17.979999999999563,9.430000000000291,0.18242491657396134,0.2931034482758429,0.5244716351501958,9.430000000000291,4,3,4607.73,4510.02,0.7089346023948434,21.47071428571423,NONE,0.0,
2026-04-30 05:00:00,4579.29,4581.92,4559.82,4564.91,20580.0,4,0.0,22.100000000000364,14.38000000000011,0.1190045248868808,0.23031674208145075,0.6506787330316685,-14.38000000000011,5,3,4607.73,4510.02,0.5617644048715578,21.50785714285712,NONE,0.0,
2026-04-30 06:00:00,4564.91,4569.07,4555.66,4556.01,16584.0,4,0.0,13.409999999999854,8.899999999999636,0.31021625652497387,0.026099925428811902,0.6636838180462142,-8.899999999999636,6,3,4598.68,4510.02,0.5187232122715978,21.55928571428571,NONE,0.0,
2026-04-30 07:00:00,4556.01,4556.99,4540.93,4542.11,17593.0,4,0.0,16.05999999999949,13.900000000000546,0.061021170610186456,0.07347447073470853,0.865504358655105,-13.900000000000546,7,3,4588.91,4510.02,0.4067689187476166,20.762857142857097,NONE,0.0,
2026-04-30 08:00:00,4542.13,4569.75,4541.97,4562.67,18327.0,4,0.0,27.779999999999745,20.539999999999964,0.25485961123110124,0.005759539236855866,0.7393808495320429,20.5600000000004,8,3,4582.57,4510.02,0.7257064093728486,19.6528571428571,NONE,0.0,
2026-04-30 09:00:00,4562.67,4591.49,4560.31,4589.54,21083.0,4,0.0,31.17999999999938,26.86999999999989,0.06254008980114999,0.07568954457984989,0.8617703656190001,26.86999999999989,9,3,4591.49,4510.02,0.976064809132198,20.10214285714275,NONE,0.0,
2026-04-30 10:00:00,4589.54,4605.49,4584.96,4598.46,21707.0,4,0.0,20.529999999999745,8.920000000000073,0.34242571846078096,0.22308816366293152,0.43448611787628755,8.920000000000073,10,3,4605.49,4510.02,0.9263643029223861,19.949999999999882,NONE,0.0,
2026-04-30 11:00:00,4598.47,4629.56,4597.32,4616.38,27410.0,4,0.0,32.24000000000069,17.909999999999854,0.40880893300248167,0.03566997518612038,0.555521091811398,17.920000000000073,11,3,4629.56,4510.02,0.8897440187384951,20.712142857142744,NONE,0.0,
2026-04-30 12:00:00,4616.38,4631.83,4614.3,4625.21,25982.0,4,0.0,17.529999999999745,8.829999999999927,0.37763833428408367,0.11865373645179449,0.5037079292641218,8.829999999999927,12,3,4631.83,4510.02,0.945653066250719,21.04214285714274,NONE,0.0,
2026-04-30 13:00:00,4625.23,4646.89,4623.82,4639.67,25105.0,4,0.0,23.07000000000062,14.44000000000051,0.31296055483311924,0.061118335500642246,0.6259211096662385,14.460000000000036,13,3,4646.89,4510.02,0.9472492145831792,20.22785714285705,NONE,0.0,
2026-04-30 14:00:00,4639.67,4645.83,4626.82,4630.12,32344.0,4,0.0,19.01000000000022,9.550000000000182,0.32403997895843156,0.173592845870602,0.5023671751709664,-9.550000000000182,14,3,4646.89,4517.86,0.870030225528944,20.337857142857047,NONE,0.0,
2026-04-30 15:00:00,4630.12,4640.08,4624.56,4639.58,30498.0,4,0.0,15.519999999999527,9.460000000000036,0.03221649484536181,0.35824742268039045,0.6095360824742477,9.460000000000036,15,3,4646.89,4518.33,0.943139390168012,20.467142857142726,NONE,0.0,
2026-04-30 16:00:00,4639.61,4646.1,4610.62,4610.94,32138.0,4,0.0,35.48000000000047,28.670000000000073,0.18291995490418841,0.009019165727161913,0.8080608793686497,-28.640000000000327,16,3,4646.89,4518.33,0.720364032358427,22.115714285714212,NONE,0.0,
2026-04-30 17:00:00,4610.69,4626.02,4609.41,4619.68,33398.0,4,0.0,16.610000000000582,8.990000000000691,0.38169777242624464,0.07706201083682725,0.5412402167369281,8.740000000000691,17,3,4646.89,4518.33,0.7883478531425019,22.035714285714285,NONE,0.0,
2026-04-30 18:00:00,4619.68,4625.47,4611.31,4615.31,31198.0,4,0.0,14.159999999999854,4.369999999999891,0.4088983050847474,0.2824858757062176,0.308615819209035,-4.369999999999891,18,3,4646.89,4518.33,0.754355942750468,21.762857142857165,NONE,0.0,
2026-04-30 19:00:00,4615.27,4617.7,4605.36,4607.6,23953.0,4,0.0,12.340000000000146,7.670000000000073,0.196920583468343,0.18152350081042665,0.6215559157212304,-7.710000000000036,19,3,4646.89,4533.19,0.6544415127528609,21.06571428571429,NONE,0.0,
2026-04-30 20:00:00,4607.65,4621.68,4607.62,4616.84,26766.0,4,0.0,14.0600000000004,9.19000000000051,0.34423897581792373,0.0021337126600102763,0.653627311522066,9.239999999999782,20,3,4646.89,4539.04,0.7213722763096886,21.11357142857144,NONE,0.0,
2026-04-30 21:00:00,4616.87,4625.22,4616.75,4622.44,18318.0,4,0.0,8.470000000000255,5.569999999999709,0.32821723730821384,0.014167650531273583,0.6576151121605126,5.599999999999454,21,3,4646.89,4540.93,0.7692525481313636,20.571428571428637,NONE,0.0,
2026-04-30 22:00:00,4622.44,4627.56,4614.57,4616.92,19327.0,4,0.0,12.990000000000691,5.519999999999527,0.39414934565054105,0.18090839107007226,0.4249422632793867,-5.519999999999527,22,3,4646.89,4540.93,0.7171574178935425,19.515000000000132,NONE,0.0,
2026-05-01 01:00:00,4621.94,4632.77,4621.94,4630.3,7586.0,4,0.0,10.830000000000837,8.360000000000582,0.2280701754386024,0.0,0.7719298245613976,13.38000000000011,1,4,4646.89,4540.93,0.8434314835787077,18.420000000000204,NONE,0.0,
2026-05-01 02:00:00,4630.3,4634.03,4626.33,4626.46,8945.0,4,0.0,7.699999999999818,3.8400000000001455,0.48441558441553917,0.016883116883131457,0.4987012987013294,-3.8400000000001455,2,4,4646.89,4540.93,0.8071913929784797,17.503571428571636,NONE,0.0,
2026-05-01 03:00:00,4626.46,4631.02,4618.41,4619.64,15277.0,4,0.0,12.610000000000582,6.819999999999709,0.3616177636796344,0.09754163362414085,0.5408406026962248,-6.819999999999709,3,4,4646.89,4540.93,0.7428274820687053,16.101428571428773,NONE,0.0,
2026-05-01 04:00:00,4619.7,4622.18,4613.85,4620.91,12284.0,4,0.0,8.329999999999927,1.2100000000000364,0.15246098439381126,0.7022809123648867,0.14525810324130214,1.269999999999527,4,4,4646.89,4540.93,0.7548131370328383,15.444285714285927,NONE,0.0,
2026-05-01 05:00:00,4620.9,4636.01,4616.54,4619.12,11360.0,4,0.0,19.470000000000255,1.7799999999997453,0.7760657421674568,0.13251155624036434,0.09142270159217884,-1.7899999999999636,5,4,4646.89,4541.97,0.7353221502096796,15.187142857143044,NONE,0.0,
2026-05-01 06:00:00,4619.12,4631.93,4617.72,4626.7,9758.0,4,0.0,14.210000000000036,7.579999999999927,0.3680506685433117,0.09852216748765888,0.5334271639690294,7.579999999999927,6,4,4646.89,4560.31,0.7668052668052607,14.844285714285888,NONE,0.0,
2026-05-01 07:00:00,4626.7,4628.87,4609.17,4609.17,10481.0,4,0.0,19.699999999999818,17.529999999999745,0.1101522842639641,0.0,0.8898477157360359,-17.529999999999745,7,4,4646.89,4584.96,0.3909252381721286,15.142857142857338,NONE,0.0,
2026-05-01 08:00:00,4609.19,4616.19,4602.79,4604.94,11050.0,4,0.0,13.399999999999636,4.25,0.5223880597015067,0.16044776119400705,0.31716417910448624,-4.230000000000473,8,4,4646.89,4597.32,0.1537220092798022,13.56571428571442,NONE,0.0,
2026-05-01 09:00:00,4604.93,4607.85,4590.83,4594.81,14300.0,4,0.0,17.020000000000437,10.11999999999989,0.171562867215041,0.23384253819038606,0.594594594594573,-10.1299999999992,9,4,4646.89,4590.83,0.07099536211203077,13.595000000000125,NONE,0.0,
2026-05-01 10:00:00,4594.81,4598.07,4575.9,4578.2,16214.0,4,0.0,22.170000000000073,16.610000000000582,0.1470455570590572,0.1037437979251319,0.7492106450158109,-16.610000000000582,10,4,4646.89,4575.9,0.03239892942668206,14.167142857142997,NONE,0.0,
2026-05-01 11:00:00,4578.19,4582.54,4565.11,4568.82,14256.0,4,0.0,17.43000000000029,9.36999999999989,0.24956970740104942,0.2128514056224885,0.5375788869764621,-9.38000000000011,11,4,4646.1,4565.11,0.04580812445980991,14.530714285714437,NONE,0.0,
2026-05-01 12:00:00,4569.07,4572.98,4560.1,4562.73,12202.0,4,0.0,12.8799999999992,6.3400000000001455,0.30357142857143615,0.20419254658380148,0.49223602484476237,-6.0900000000001455,12,4,4646.1,4560.1,0.0305813953488279,14.445000000000098,NONE,0.0,
2026-05-01 13:00:00,4562.67,4576.02,4561.41,4566.88,10652.0,4,0.0,14.610000000000582,4.210000000000036,0.6255989048596826,0.0862422997946727,0.28815879534564465,4.150000000000546,13,4,4646.1,4560.1,0.07883720930232262,14.883571428571551,NONE,0.0,
2026-05-01 14:00:00,4566.88,4579.6,4562.55,4578.69,13328.0,4,0.0,17.050000000000182,11.80999999999949,0.053372434017639546,0.25395894428151794,0.6926686217008425,11.80999999999949,14,4,4636.01,4560.1,0.24489527071531117,15.173571428571515,NONE,0.0,
2026-05-01 15:00:00,4578.69,4607.75,4574.9,4591.21,20046.0,4,0.0,32.850000000000364,12.520000000000437,0.503500761035001,0.11537290715372668,0.38112633181127237,12.520000000000437,15,4,4636.01,4560.1,0.409827427216437,16.38785714285723,NONE,0.0,
2026-05-01 16:00:00,4591.19,4628.91,4586.52,4625.92,23224.0,4,0.0,42.38999999999942,34.73000000000047,0.07053550365651859,0.11016749233307921,0.8192970040104022,34.710000000000036,16,4,4636.01,4560.1,0.8670794361744149,18.865714285714343,NONE,0.0,
2026-05-01 17:00:00,4625.9,4660.16,4624.97,4632.1,32571.0,4,0.0,35.1899999999996,6.200000000000728,0.7973856209150273,0.02642796248932629,0.17618641659564643,6.180000000000291,17,4,4660.16,4560.1,0.7195682590445769,20.478571428571417,NONE,0.0,
2026-05-01 18:00:00,4632.1,4648.31,4619.14,4643.25,24028.0,4,0.0,29.170000000000073,11.149999999999636,0.173465889612629,0.4442920809050396,0.38224202948233144,11.149999999999636,18,4,4660.16,4560.1,0.8310013991605043,21.967142857142854,NONE,0.0,
2026-05-01 19:00:00,4643.25,4650.1,4633.98,4638.97,21039.0,4,0.0,16.1200000000008,4.279999999999745,0.4249379652605474,0.309553349875958,0.2655086848634946,-4.279999999999745,19,4,4660.16,4560.1,0.7882270637617459,21.72785714285718,NONE,0.0,
2026-05-01 20:00:00,4638.97,4642.78,4626.83,4629.5,14926.0,4,0.0,15.949999999999818,9.470000000000255,0.23887147335420278,0.16739811912226352,0.5937304075235337,-9.470000000000255,20,4,4660.16,4560.1,0.6935838496901858,21.852142857142876,NONE,0.0,
2026-05-01 21:00:00,4629.5,4630.71,4613.63,4624.31,17849.0,4,0.0,17.079999999999927,5.1899999999996,0.07084309133489705,0.6252927400468581,0.30386416861824483,-5.1899999999996,21,4,4660.16,4560.1,0.6417149710173932,21.665000000000028,NONE,0.0,
2026-05-01 22:00:00,4624.33,4627.7,4608.7,4610.82,16017.0,4,0.0,19.0,13.510000000000218,0.17736842105262585,0.11157894736841531,0.7110526315789588,-13.490000000000691,22,4,4660.16,4560.1,0.5068958624825065,22.065000000000055,NONE,0.0,
2026-05-04 01:00:00,4627.14,4629.4,4612.58,4618.8,10725.0,4,0.0,16.81999999999971,8.340000000000146,0.13436385255644162,0.36979785969086576,0.4958382877526926,7.980000000000473,1,0,4660.16,4560.1,0.5866480111932852,22.17642857142859,NONE,0.0,
2026-05-04 02:00:00,4618.8,4620.85,4611.3,4613.88,10802.0,4,0.0,9.550000000000182,4.920000000000073,0.2146596858638893,0.2701570680628145,0.5151832460732962,-4.920000000000073,2,0,4660.16,4560.1,0.5374775134919051,21.275000000000027,NONE,0.0,
2026-05-04 03:00:00,4613.88,4616.56,4601.92,4613.03,17485.0,4,0.0,14.640000000000327,0.8500000000003638,0.18306010928963326,0.7588797814207257,0.05806010928964104,-0.8500000000003638,3,0,4660.16,4560.1,0.5289826104337363,21.075714285714316,NONE,0.0,
2026-05-04 04:00:00,4613.03,4614.02,4592.64,4613.1,16747.0,4,0.0,21.38000000000011,0.07000000000061846,0.04303086997193957,0.9536950420953841,0.003274087932676244,0.07000000000061846,4,0,4660.16,4560.1,0.5296821906855913,21.682857142857237,NONE,0.0,
2026-05-04 05:00:00,4613.1,4618.68,4591.14,4605.89,16214.0,4,0.0,27.539999999999964,7.210000000000036,0.20261437908496494,0.5355846042120559,0.2618010167029792,-7.210000000000036,5,0,4660.16,4560.1,0.4576254247451549,22.60642857142862,NONE,0.0,
2026-05-04 06:00:00,4605.89,4617.19,4598.47,4615.0,15301.0,4,0.0,18.719999999999345,9.109999999999673,0.1169871794871622,0.3963675213675391,0.4866452991452987,9.109999999999673,6,0,4660.16,4560.1,0.5486707975214863,22.725714285714275,NONE,0.0,
2026-05-04 07:00:00,4615.06,4615.4,4605.15,4605.95,12007.0,4,0.0,10.25,9.110000000000582,0.03317073170724254,0.07804878048782263,0.8887804878049348,-9.050000000000182,7,0,4660.16,4560.1,0.4582250649610203,21.111428571428537,NONE,0.0,
2026-05-04 08:00:00,4605.97,4613.19,4592.33,4599.07,16377.0,4,0.0,20.859999999999673,6.900000000000546,0.34611697027801813,0.3231064237775593,0.33077660594442254,-6.880000000000109,8,0,4660.16,4560.1,0.3894663202078707,19.57357142857141,NONE,0.0,
2026-05-04 09:00:00,4599.07,4600.74,4583.68,4588.64,17665.0,4,0.0,17.05999999999949,10.429999999999382,0.09788980070340696,0.2907385697538209,0.6113716295427721,-10.429999999999382,9,0,4660.16,4560.1,0.28522886268239167,18.278571428571404,NONE,0.0,
2026-05-04 10:00:00,4588.64,4593.4,4577.93,4578.96,17155.0,4,0.0,15.469999999999345,9.680000000000291,0.307692307692276,0.06658047834517059,0.6257272139625534,-9.680000000000291,10,0,4660.16,4561.41,0.17772151898734362,17.299999999999923,NONE,0.0,
2026-05-04 11:00:00,4578.96,4581.41,4573.82,4577.01,17603.0,4,0.0,7.5900000000001455,1.949999999999818,0.32279314888007526,0.4202898550725228,0.2569169960474019,-1.949999999999818,11,0,4660.16,4562.55,0.14814055936891798,16.69071428571416,NONE,0.0,
2026-05-04 12:00:00,4576.94,4584.53,4572.33,4575.42,12690.0,4,0.0,12.199999999999818,1.519999999999527,0.6221311475410048,0.2532786885246059,0.12459016393438932,-1.5900000000001455,12,0,4660.16,4572.33,0.03518160081976714,16.42285714285702,NONE,0.0,
2026-05-04 13:00:00,4575.42,4575.85,4527.28,4562.66,30576.0,4,0.0,48.57000000000062,12.760000000000218,0.008853201564757784,0.7284331892114404,0.2627136092238018,-12.760000000000218,13,0,4660.16,4527.28,0.26625526791089765,18.67214285714278,NONE,0.0,
2026-05-04 14:00:00,4562.66,4570.79,4551.43,4560.64,20486.0,4,0.0,19.359999999999673,2.019999999999527,0.41993801652893836,0.4757231404958777,0.10433884297518395,-2.019999999999527,14,0,4660.16,4527.28,0.25105358217941415,18.697857142857043,NONE,0.0,
2026-05-04 15:00:00,4560.64,4579.32,4559.24,4568.34,21224.0,4,0.0,20.079999999999927,7.699999999999818,0.5468127490039643,0.06972111553787604,0.38346613545815966,7.699999999999818,15,0,4650.1,4527.28,0.3343103729034375,18.8049999999999,NONE,0.0,
2026-05-04 16:00:00,4568.34,4575.63,4555.55,4564.07,28817.0,4,0.0,20.079999999999927,4.270000000000437,0.36304780876493975,0.4243027888445995,0.21264940239046076,-4.270000000000437,16,0,4650.1,4527.28,0.299544048200617,19.55714285714274,NONE,0.0,
2026-05-04 17:00:00,4564.07,4583.27,4553.58,4561.5,28417.0,4,0.0,29.69000000000051,2.569999999999709,0.6466823846413068,0.26675648366453136,0.08656113169416184,-2.569999999999709,17,0,4642.78,4527.28,0.29627705627705847,20.632142857142753,NONE,0.0,
2026-05-04 18:00:00,4561.5,4566.08,4512.55,4521.57,36259.0,4,0.0,53.529999999999745,39.93000000000029,0.08555949934616008,0.16850364281710387,0.745936857836736,-39.93000000000029,18,0,4630.71,4512.55,0.07633716993906177,22.9285714285713,NONE,0.0,
2026-05-04 19:00:00,4521.57,4526.88,4500.98,4510.72,31701.0,4,0.0,25.900000000000546,10.849999999999454,0.20501930501931614,0.3760617760617948,0.41891891891888905,-10.849999999999454,19,0,4629.4,4500.98,0.07584488397446415,22.811428571428483,NONE,0.0,
2026-05-04 20:00:00,4510.72,4531.68,4510.69,4522.41,22952.0,4,0.0,20.99000000000069,11.6899999999996,0.4416388756550801,0.0014292520248048522,0.5569318723201151,11.6899999999996,20,0,4629.4,4500.98,0.16687431864195826,22.973571428571436,NONE,0.0,
2026-05-04 21:00:00,4522.41,4525.43,4509.85,4516.33,17344.0,4,0.0,15.579999999999927,6.079999999999927,0.19383825417204434,0.4159178433889341,0.3902439024390215,-6.079999999999927,21,0,4620.85,4500.98,0.1280553933427902,23.354285714285716,NONE,0.0,
2026-05-04 22:00:00,4516.33,4527.15,4511.34,4517.81,20215.0,4,0.0,15.80999999999949,1.480000000000473,0.5907653383933926,0.31562302340290593,0.0936116382037015,1.480000000000473,22,0,4618.68,4500.98,0.14299065420561372,22.993571428571418,NONE,0.0,
2026-05-05 01:00:00,4523.49,4524.32,4515.68,4517.53,5053.0,4,0.0,8.639999999999418,5.960000000000036,0.09606481481481287,0.21412037037032164,0.6898148148148655,-0.28000000000065484,1,1,4618.68,4500.98,0.14061172472387493,22.39214285714284,NONE,0.0,
2026-05-05 02:00:00,4517.53,4521.64,4516.22,4519.01,5884.0,4,0.0,5.420000000000073,1.480000000000473,0.4852398523985376,0.24169741697407252,0.27306273062738984,1.480000000000473,2,1,4618.68,4500.98,0.15318606627018302,21.67428571428575,NONE,0.0,
2026-05-05 03:00:00,4519.01,4530.5,4513.6,4530.03,14521.0,4,0.0,16.899999999999636,11.019999999999527,0.027810650887589633,0.32011834319526455,0.6520710059171458,11.019999999999527,3,1,4617.19,4500.98,0.249978487221411,22.339285714285715,NONE,0.0,
2026-05-05 04:00:00,4529.91,4542.09,4525.46,4540.89,15819.0,4,0.0,16.63000000000011,10.980000000000473,0.07215874924833494,0.26758869512927175,0.6602525556223933,10.860000000000582,4,1,4615.4,4500.98,0.34880265687817463,22.655714285714307,NONE,0.0,
2026-05-05 05:00:00,4540.89,4546.69,4534.64,4539.04,11972.0,4,0.0,12.049999999999272,1.8500000000003638,0.4813278008298442,0.3651452282157595,0.1535269709543963,-1.8500000000003638,5,1,4613.19,4500.98,0.33918545584172877,20.04714285714278,NONE,0.0,
2026-05-05 06:00:00,4539.04,4542.73,4532.34,4534.56,9418.0,4,0.0,10.389999999999418,4.479999999999563,0.3551491819056599,0.2136669874880057,0.4311838306063344,-4.479999999999563,6,1,4600.74,4500.98,0.3366078588612747,19.406428571428478,NONE,0.0,
2026-05-05 07:00:00,4534.56,4536.61,4527.99,4533.7,10107.0,4,0.0,8.61999999999989,0.8600000000005821,0.23781902552196035,0.6624129930394558,0.09976798143858387,-0.8600000000005821,7,1,4593.4,4500.98,0.35403592296040065,18.587857142857047,NONE,0.0,
2026-05-05 08:00:00,4533.72,4551.76,4531.46,4545.66,15074.0,4,0.0,20.300000000000182,11.9399999999996,0.30049261083745366,0.1113300492610935,0.5881773399014528,11.960000000000036,8,1,4584.53,4500.98,0.5347695990424919,18.60357142857135,NONE,0.0,
2026-05-05 09:00:00,4545.68,4552.01,4533.7,4548.09,15884.0,4,0.0,18.3100000000004,2.4099999999998545,0.21409066084106976,0.654287274713283,0.13162206444564728,2.430000000000291,9,1,4584.53,4500.98,0.5638539796529082,17.7907142857142,NONE,0.0,
2026-05-05 10:00:00,4548.09,4558.31,4543.32,4545.52,16975.0,4,0.0,14.990000000000691,2.569999999999709,0.6817878585723671,0.14676450967315718,0.1714476317544757,-2.569999999999709,10,1,4583.27,4500.98,0.5412565317778637,15.037857142857124,NONE,0.0,
2026-05-05 11:00:00,4545.52,4559.69,4545.45,4558.54,16925.0,4,0.0,14.239999999999782,13.019999999999527,0.08075842696626782,0.0049157303371221575,0.91432584269661,13.019999999999527,11,1,4583.27,4500.98,0.6994774577712941,14.204999999999927,NONE,0.0,
2026-05-05 12:00:00,4558.54,4560.45,4551.02,4556.27,14340.0,4,0.0,9.429999999999382,2.269999999999527,0.20254506892894802,0.5567338282078839,0.24072110286316817,-2.269999999999527,12,1,4583.27,4500.98,0.6718920889537038,13.379285714285547,NONE,0.0,
2026-05-05 13:00:00,4556.25,4556.9,4540.22,4543.75,14270.0,4,0.0,16.67999999999938,12.5,0.0389688249400276,0.21163069544363766,0.7494004796163347,-12.520000000000437,13,1,4583.27,4500.98,0.5197472353870456,13.457857142856938,NONE,0.0,
2026-05-05 14:00:00,4543.76,4564.96,4539.82,4562.8,17974.0,4,0.0,25.140000000000327,19.039999999999964,0.08591885441526756,0.15672235481306515,0.7573587907716672,19.050000000000182,14,1,4583.27,4500.98,0.7512455948474901,14.124285714285568,NONE,0.0,
2026-05-05 15:00:00,4562.81,4574.62,4554.17,4564.55,20661.0,4,0.0,20.449999999999818,1.7399999999997817,0.49242053789730067,0.4224938875305821,0.08508557457211723,1.75,15,1,4574.62,4500.98,0.8632536664856102,14.967857142857026,NONE,0.0,
2026-05-05 16:00:00,4564.51,4585.12,4564.28,4579.42,22777.0,4,0.0,20.840000000000146,14.909999999999854,0.2735124760076669,0.011036468330156974,0.7154510556621761,14.86999999999989,16,1,4585.12,4500.98,0.932255764202522,16.069285714285602,NONE,0.0,
2026-05-05 17:00:00,4579.42,4586.78,4565.88,4582.39,25513.0,4,0.0,20.899999999999636,2.9700000000002547,0.21004784688992795,0.6478468899521627,0.1421052631579094,2.9700000000002547,17,1,4586.78,4509.85,0.9429351358377817,16.354999999999887,NONE,0.0,
2026-05-05 18:00:00,4582.39,4583.9,4568.32,4568.51,19876.0,4,0.0,15.579999999999927,13.88000000000011,0.09691912708596379,0.012195121951252259,0.890885750962784,-13.88000000000011,18,1,4586.78,4509.85,0.7625113739763464,16.279999999999877,NONE,0.0,
2026-05-05 19:00:00,4568.51,4569.02,4553.67,4561.18,17854.0,4,0.0,15.350000000000364,7.329999999999927,0.03322475570033916,0.4892508143322502,0.4775244299674107,-7.329999999999927,19,1,4586.78,4511.34,0.6606574761399843,16.51571428571424,NONE,0.0,
2026-05-05 20:00:00,4561.19,4562.74,4553.16,4559.81,15208.0,4,0.0,9.579999999999927,1.3799999999991996,0.1617954070981413,0.6941544885178076,0.14405010438405116,-1.3699999999998909,20,1,4586.78,4513.6,0.6314566821535997,16.457857142857133,NONE,0.0,
2026-05-05 21:00:00,4559.81,4565.76,4557.66,4561.06,12437.0,4,0.0,8.100000000000364,1.25,0.5802469135801984,0.26543209876548757,0.15432098765431407,1.25,21,1,4586.78,4513.6,0.6485378518721022,16.420714285714308,NONE,0.0,
2026-05-05 22:00:00,4561.06,4561.55,4551.59,4554.74,11659.0,4,0.0,9.960000000000036,6.3200000000006185,0.049196787148572285,0.31626506024092615,0.6345381526105015,-6.3200000000006185,22,1,4586.78,4513.6,0.5621754577753453,15.68214285714287,NONE,0.0,
2026-05-06 01:00:00,4556.42,4577.42,4546.14,4573.37,8925.0,4,0.0,31.279999999999745,16.949999999999818,0.12947570332481506,0.32864450127876693,0.5418797953964181,18.63000000000011,1,2,4586.78,4525.46,0.7813111545988272,16.608571428571395,NONE,0.0,
2026-05-06 02:00:00,4573.37,4595.72,4569.54,4593.98,15987.0,4,0.0,26.18000000000029,20.609999999999673,0.06646294881591566,0.14629488158899484,0.7872421695950895,20.609999999999673,2,2,4595.72,4527.99,0.9743097593385401,17.40785714285708,NONE,0.0,
2026-05-06 03:00:00,4594.0,4620.03,4588.14,4618.79,18136.0,4,0.0,31.889999999999418,24.789999999999964,0.03888366259014752,0.18375666353088052,0.777359673878972,24.8100000000004,3,2,4620.03,4527.99,0.9865275966970906,18.66857142857134,NONE,0.0,
2026-05-06 04:00:00,4618.61,4628.78,4609.48,4626.02,20564.0,4,0.0,19.300000000000182,7.410000000000764,0.1430051813471131,0.47305699481865404,0.38393782383423286,7.230000000000473,4,2,4628.78,4527.99,0.9726163309852236,19.3735714285714,NONE,0.0,
2026-05-06 05:00:00,4626.02,4641.79,4625.3,4640.67,15137.0,4,0.0,16.48999999999978,14.649999999999636,0.06791995148574322,0.04366282595514034,0.8884172225591165,14.649999999999636,5,2,4641.79,4531.46,0.9898486359104515,19.359999999999996,NONE,0.0,
2026-05-06 06:00:00,4640.67,4652.0,4638.56,4643.6,13949.0,4,0.0,13.4399999999996,2.930000000000291,0.6249999999999916,0.15699404761902794,0.21800595238098053,2.930000000000291,6,2,4652.0,4533.7,0.9289940828402399,18.52428571428566,NONE,0.0,
2026-05-06 07:00:00,4643.6,4653.68,4643.43,4648.97,12330.0,4,0.0,10.25,5.369999999999891,0.4595121951219548,0.016585365853665636,0.5239024390243796,5.369999999999891,7,2,4653.68,4539.82,0.9586334094502019,17.795714285714244,NONE,0.0,
2026-05-06 08:00:00,4648.99,4663.92,4644.55,4662.89,14207.0,4,0.0,19.36999999999989,13.900000000000546,0.05317501290654368,0.2292204439855253,0.717604543107931,13.920000000000073,8,2,4663.92,4539.82,0.991700241740534,17.690714285714225,NONE,0.0,
2026-05-06 09:00:00,4662.89,4669.5,4657.18,4669.31,17406.0,4,0.0,12.319999999999709,6.420000000000073,0.015422077922045804,0.46347402597403986,0.5211038961039143,6.420000000000073,9,2,4669.5,4539.82,0.9985348550277637,17.077857142857088,NONE,0.0,
2026-05-06 10:00:00,4669.33,4681.8,4657.46,4681.57,16766.0,4,0.0,24.340000000000146,12.239999999999782,0.009449465899772866,0.4876746096959663,0.5028759244042609,12.259999999999309,10,2,4681.8,4539.82,0.9983800535286627,17.70357142857139,NONE,0.0,
2026-05-06 11:00:00,4681.48,4702.51,4671.6,4700.02,21507.0,4,0.0,30.909999999999854,18.540000000000873,0.08055645422192796,0.3196376577159251,0.5998058880621469,18.450000000000728,11,2,4702.51,4539.82,0.9846948183662193,18.814999999999923,NONE,0.0,
2026-05-06 12:00:00,4700.3,4708.52,4689.11,4701.78,22538.0,4,0.0,19.410000000000764,1.4799999999995634,0.3472436888202177,0.576506955177747,0.0762493560020353,1.7599999999993088,12,2,4708.52,4546.14,0.95849242517551,19.51714285714284,NONE,0.0,
2026-05-06 13:00:00,4701.76,4722.87,4695.5,4717.94,22744.0,4,0.0,27.36999999999989,16.17999999999938,0.18012422360249583,0.22871757398612508,0.5911582024113791,16.159999999999854,13,2,4722.87,4546.14,0.9721043399535998,20.89357142857138,NONE,0.0,
2026-05-06 14:00:00,4717.94,4721.16,4690.81,4692.17,24185.0,4,0.0,30.349999999999454,25.769999999999527,0.10609555189457373,0.04481054365732116,0.8490939044481052,-25.769999999999527,14,2,4722.87,4546.14,0.826288688960562,22.34999999999991,NONE,0.0,
2026-05-06 15:00:00,4692.17,4693.01,4660.26,4683.34,27250.0,4,0.0,32.75,8.829999999999927,0.025648854961836505,0.7047328244274786,0.2696183206106848,-8.829999999999927,15,2,4722.87,4546.14,0.7763254682283719,22.454999999999927,NONE,0.0,
2026-05-06 16:00:00,4683.34,4707.75,4668.73,4702.15,30633.0,4,0.0,39.02000000000044,18.80999999999949,0.14351614556638392,0.37442337262943154,0.48206048180418454,18.80999999999949,16,2,4722.87,4546.14,0.8827590109206116,23.372142857142794,NONE,0.0,
2026-05-06 17:00:00,4702.15,4717.62,4697.62,4703.07,29979.0,4,0.0,20.0,0.9200000000000728,0.7275000000000091,0.22649999999998727,0.046000000000003635,0.9200000000000728,17,2,4722.87,4546.14,0.8879646919029014,22.522857142857124,NONE,0.0,
2026-05-06 18:00:00,4703.07,4705.87,4687.69,4687.69,22698.0,4,0.0,18.18000000000029,15.38000000000011,0.15401540154016155,0.0,0.8459845984598384,-15.38000000000011,18,2,4722.87,4546.14,0.8009392859163674,22.44285714285713,NONE,0.0,
2026-05-06 19:00:00,4687.62,4692.1,4679.48,4683.07,20796.0,4,0.0,12.6200000000008,4.550000000000182,0.35499207606974553,0.28446909667194276,0.36053882725831166,-4.619999999999891,19,2,4722.87,4546.14,0.7747977140270453,22.166428571428632,NONE,0.0,
2026-05-06 20:00:00,4683.07,4688.04,4678.94,4684.09,16340.0,4,0.0,9.100000000000364,1.0200000000004366,0.4340659340658967,0.4538461538461477,0.11208791208795559,1.0200000000004366,20,2,4722.87,4546.14,0.7805692298987165,21.856428571428687,NONE,0.0,
2026-05-06 21:00:00,4684.11,4690.5,4681.95,4686.06,12016.0,4,0.0,8.550000000000182,1.9500000000007276,0.5192982456139772,0.252631578947346,0.22807017543867675,1.9700000000002547,21,2,4722.87,4569.54,0.7599295636861703,21.735000000000127,NONE,0.0,
2026-05-06 22:00:00,4686.06,4700.13,4686.02,4692.51,14463.0,4,0.0,14.109999999999673,6.449999999999818,0.5400425230333145,0.002834868887311449,0.45712260807937405,6.449999999999818,22,2,4722.87,4588.14,0.774660431975063,21.359285714285825,NONE,0.0,
2026-05-07 01:00:00,4690.61,4699.88,4677.09,4694.88,7195.0,4,0.0,22.789999999999964,4.270000000000437,0.21939447125932462,0.593242650285193,0.18736287845548238,2.369999999999891,1,3,4722.87,4609.48,0.753152835347035,22.107142857142986,NONE,0.0,
2026-05-07 02:00:00,4694.88,4699.54,4690.26,4698.89,8530.0,4,0.0,9.279999999999745,4.010000000000218,0.07004310344823858,0.4978448275862088,0.4321120689655526,4.010000000000218,2,3,4722.87,4625.3,0.7542277339346148,21.031428571428673,NONE,0.0,
2026-05-07 03:00:00,4698.91,4701.12,4685.56,4688.71,18420.0,4,0.0,15.55999999999949,10.199999999999818,0.14203084832905583,0.20244215938301666,0.6555269922879275,-10.180000000000291,3,3,4722.87,4638.56,0.5948286087059653,19.935000000000077,NONE,0.0,
2026-05-07 04:00:00,4688.71,4721.28,4685.21,4714.75,22716.0,4,0.0,36.06999999999971,26.039999999999964,0.18103687274742994,0.09703354588300606,0.721929581369564,26.039999999999964,4,3,4722.87,4643.43,0.8977844914400814,21.125,NONE,0.0,
2026-05-07 05:00:00,4714.75,4718.48,4699.93,4707.18,16983.0,4,0.0,18.549999999999272,7.569999999999709,0.20107816711588733,0.3908355795148401,0.40808625336927257,-7.569999999999709,5,3,4722.87,4644.55,0.7996680286006173,20.494999999999955,NONE,0.0,
2026-05-07 06:00:00,4707.18,4709.98,4698.89,4699.19,12339.0,4,0.0,11.089999999999236,7.990000000000691,0.2524797114517101,0.02705139765548179,0.7204688908928081,-7.990000000000691,6,3,4722.87,4657.18,0.6395189526564099,19.119285714285656,NONE,0.0,
2026-05-07 07:00:00,4699.19,4700.89,4692.4,4696.37,11528.0,4,0.0,8.490000000000691,2.819999999999709,0.20023557126037564,0.4676089517078836,0.3321554770317408,-2.819999999999709,7,3,4722.87,4657.46,0.5948631707689946,17.38642857142856,NONE,0.0,
2026-05-07 08:00:00,4696.39,4706.57,4694.81,4701.12,14061.0,4,0.0,11.759999999999309,4.729999999999563,0.4634353741496716,0.13435374149660034,0.40221088435372804,4.75,8,3,4722.87,4660.26,0.652611403929083,15.439285714285623,NONE,0.0,
2026-05-07 09:00:00,4701.12,4750.27,4701.08,4739.15,21779.0,4,0.0,49.19000000000051,38.029999999999745,0.22606220776581998,0.0008131734092287702,0.7731246188249512,38.029999999999745,9,3,4750.27,4660.26,0.8764581713142898,17.52428571428566,SELL,70.0,sell_008
2026-05-07 10:00:00,4739.15,4750.73,4731.67,4743.15,24143.0,4,0.0,19.05999999999949,4.0,0.3976915005246658,0.3924449108079624,0.20986358866737181,4.0,10,3,4750.73,4660.26,0.9162153199955788,17.587142857142744,SELL,70.0,sell_008
2026-05-07 11:00:00,4743.15,4753.48,4730.99,4731.18,20695.0,4,0.0,22.48999999999978,11.969999999999345,0.4593152512227669,0.008448199199667016,0.532236549577566,-11.969999999999345,11,3,4753.48,4660.26,0.7607809482943636,18.29214285714267,SELL,70.0,sell_008
2026-05-07 12:00:00,4731.18,4739.45,4721.81,4729.06,18488.0,4,0.0,17.639999999999418,2.119999999999891,0.4688208616779932,0.41099773242631743,0.12018140589568939,-2.119999999999891,12,3,4753.48,4660.26,0.738039047414725,18.902142857142604,NONE,0.0,
2026-05-07 13:00:00,4729.06,4739.78,4726.62,4735.68,16284.0,4,0.0,13.159999999999854,6.619999999999891,0.3115501519756459,0.1854103343465453,0.5030395136778089,6.619999999999891,13,3,4753.48,4668.73,0.7899705014749349,19.231428571428296,NONE,0.0,
2026-05-07 14:00:00,4735.9,4743.59,4727.25,4742.78,19107.0,4,0.0,16.340000000000146,6.880000000000109,0.04957160342719663,0.5293757649938531,0.4210526315789503,7.099999999999454,14,3,4753.48,4677.09,0.8599293101191269,19.390714285714044,SELL,70.0,sell_008
2026-05-07 15:00:00,4742.78,4752.78,4733.38,4749.99,24032.0,4,0.0,19.399999999999636,7.210000000000036,0.14381443298969154,0.48453608247421714,0.3716494845360913,7.210000000000036,15,3,4753.48,4677.09,0.9543133918052126,19.148571428571163,SELL,70.0,sell_008
2026-05-07 16:00:00,4749.99,4758.39,4731.21,4746.29,30198.0,4,0.0,27.18000000000029,3.699999999999818,0.30905077262694836,0.5548197203826257,0.136129506990426,-3.699999999999818,16,3,4758.39,4677.09,0.8511685116851128,20.42714285714263,SELL,70.0,sell_008
2026-05-07 17:00:00,4746.29,4763.36,4741.04,4762.71,30576.0,4,0.0,22.31999999999971,16.420000000000073,0.029121863799267234,0.23521505376344393,0.7356630824372888,16.420000000000073,17,3,4763.36,4677.09,0.9924655152428464,20.90999999999979,SELL,70.0,sell_008
2026-05-07 18:00:00,4762.71,4764.81,4726.4,4729.25,28413.0,4,0.0,38.410000000000764,33.460000000000036,0.05467326217131794,0.07419942723249953,0.8711273105961825,-33.460000000000036,18,3,4764.81,4677.09,0.5946192430460523,21.07714285714272,SELL,70.0,sell_008
2026-05-07 19:00:00,4729.25,4729.73,4704.44,4714.96,30488.0,4,0.0,25.289999999999964,14.289999999999964,0.01897983392643591,0.4159746935547826,0.5650454725187815,-14.289999999999964,19,3,4764.81,4677.09,0.4317145462836272,21.558571428571344,NONE,0.0,
2026-05-07 20:00:00,4714.96,4719.61,4687.61,4711.48,30963.0,4,0.0,32.0,3.480000000000473,0.14531249999998863,0.7459374999999966,0.10875000000001478,-3.480000000000473,20,3,4764.81,4677.09,0.39204286365708296,23.052142857142826,NONE,0.0,
2026-05-07 21:00:00,4711.48,4716.11,4695.52,4709.78,24274.0,4,0.0,20.589999999999236,1.699999999999818,0.22486644001944056,0.6925692083535618,0.08256435162699763,-1.699999999999818,21,3,4764.81,4685.21,0.30866834170853763,23.916428571428437,NONE,0.0,
2026-05-07 22:00:00,4709.76,4713.01,4697.82,4703.08,22756.0,4,0.0,15.19000000000051,6.680000000000291,0.21395655036207314,0.3462804476629389,0.43976300197498797,-6.699999999999818,22,3,4764.81,4685.21,0.22449748743718353,24.161428571428523,NONE,0.0,
2026-05-08 01:00:00,4684.91,4699.4,4678.29,4685.87,12361.0,4,0.0,21.109999999999673,0.9600000000000364,0.6409284699194673,0.31359545239223086,0.045476077688301815,-17.210000000000036,1,4,4764.81,4678.29,0.08760980120203293,22.41857142857134,NONE,0.0,
2026-05-08 02:00:00,4685.87,4705.49,4684.55,4704.23,9908.0,4,0.0,20.9399999999996,18.359999999999673,0.06017191977078521,0.06303724928365492,0.8767908309455599,18.359999999999673,2,4,4764.81,4678.29,0.2998150716597257,22.55285714285706,NONE,0.0,
2026-05-08 03:00:00,4704.23,4709.61,4693.94,4701.36,17969.0,4,0.0,15.670000000000073,2.869999999999891,0.3433312061263615,0.4735162731333783,0.1831525207402602,-2.869999999999891,3,4,4764.81,4678.29,0.2666435506241284,22.065714285714225,NONE,0.0,
2026-05-08 04:00:00,4701.35,4725.42,4700.63,4722.87,19928.0,4,0.0,24.789999999999964,21.519999999999527,0.10286405808794617,0.02904396934248712,0.8680919725695667,21.51000000000022,4,4,4764.81,4678.29,0.5152565880721186,22.57642857142855,NONE,0.0,
2026-05-08 05:00:00,4722.87,4732.78,4707.02,4713.24,19466.0,4,0.0,25.75999999999931,9.63000000000011,0.38470496894410405,0.24145962732917362,0.37383540372672236,-9.63000000000011,5,4,4764.81,4678.29,0.4039528432732275,23.47642857142851,NONE,0.0,
2026-05-08 06:00:00,4713.24,4731.1,4711.06,4719.6,13983.0,4,0.0,20.039999999999964,6.360000000000582,0.5738522954091827,0.10878243512970985,0.3173652694611075,6.360000000000582,6,4,4764.81,4678.29,0.4774618585298219,23.740714285714212,NONE,0.0,
2026-05-08 07:00:00,4719.61,4723.27,4709.1,4711.02,12832.0,4,0.0,14.170000000000073,8.589999999999236,0.25829216654909987,0.13549752999294729,0.6062103034579529,-8.579999999999927,7,4,4764.81,4678.29,0.3782940360610299,23.367142857142817,NONE,0.0,
2026-05-08 08:00:00,4711.03,4731.36,4709.71,4727.6,15909.0,4,0.0,21.649999999999636,16.57000000000062,0.17367205542722272,0.06096997690529936,0.7653579676674779,16.579999999999927,8,4,4764.81,4678.29,0.5699260286638945,22.972142857142767,NONE,0.0,
2026-05-08 09:00:00,4727.6,4734.71,4712.67,4725.73,21353.0,4,0.0,22.039999999999964,1.8700000000008004,0.32259528130670073,0.5925589836660395,0.08484573502725969,-1.8700000000008004,9,4,4764.81,4678.29,0.5483125288950458,22.952142857142785,NONE,0.0,
2026-05-08 10:00:00,4725.71,4726.49,4697.42,4708.0,21818.0,4,0.0,29.06999999999971,17.710000000000036,0.026831785345708743,0.3639490884072939,0.6092191262469974,-17.729999999999563,10,4,4764.81,4678.29,0.3433888118354125,22.284999999999854,NONE,0.0,
2026-05-08 11:00:00,4708.0,4723.5,4706.7,4715.85,17654.0,4,0.0,16.800000000000182,7.850000000000364,0.45535714285711626,0.07738095238096238,0.46726190476192137,7.850000000000364,11,4,4764.81,4678.29,0.43411927877947537,21.6785714285713,NONE,0.0,
2026-05-08 12:00:00,4715.85,4722.86,4707.44,4711.89,16596.0,4,0.0,15.420000000000073,3.9600000000000364,0.4546044098572812,0.2885862516213169,0.2568093385214019,-3.9600000000000364,12,4,4764.81,4678.29,0.38834951456310907,20.49428571428559,NONE,0.0,
2026-05-08 13:00:00,4711.89,4727.89,4711.14,4719.83,15097.0,4,0.0,16.75,7.9399999999996,0.48119402985077014,0.04477611940298507,0.47402985074624476,7.9399999999996,13,4,4764.81,4678.29,0.48012020342117145,20.21999999999993,NONE,0.0,
2026-05-08 14:00:00,4719.83,4727.33,4713.6,4717.74,17112.0,4,0.0,13.729999999999563,2.0900000000001455,0.5462490895848681,0.30152949745080476,0.15222141296432717,-2.0900000000001455,14,4,4764.81,4678.29,0.4559639389736433,20.115714285714148,NONE,0.0,
2026-05-08 15:00:00,4717.72,4732.15,4702.79,4724.39,27783.0,4,0.0,29.359999999999673,6.670000000000073,0.26430517711169604,0.5085149863760374,0.2271798365122666,6.650000000000546,15,4,4764.81,4678.29,0.5328247803975974,20.4421428571427,NONE,0.0,
2026-05-08 16:00:00,4724.39,4747.99,4716.67,4747.99,31416.0,4,0.0,31.31999999999971,23.599999999999454,0.0,0.24648786717753277,0.7535121328224672,23.599999999999454,16,4,4747.99,4678.29,1.0,21.183571428571277,SELL,70.0,sell_008
2026-05-08 17:00:00,4747.99,4749.51,4713.3,4715.93,34402.0,4,0.0,36.210000000000036,32.05999999999949,0.04197735432202251,0.0726318696492711,0.8853907760287064,-32.05999999999949,17,4,4749.51,4678.29,0.5285032294299381,22.650714285714134,SELL,70.0,sell_008
2026-05-08 18:00:00,4715.86,4720.98,4701.91,4707.03,26769.0,4,0.0,19.06999999999971,8.829999999999927,0.26848453067645356,0.26848453067645356,0.46303093864709294,-8.900000000000546,18,4,4749.51,4678.29,0.40353833192922883,22.242142857142685,NONE,0.0,
2026-05-08 19:00:00,4707.04,4720.22,4705.46,4712.4,19261.0,4,0.0,14.760000000000218,5.359999999999673,0.529810298103015,0.1070460704606981,0.3631436314362868,5.369999999999891,19,4,4749.51,4678.29,0.47893850042122366,21.456428571428464,NONE,0.0,
2026-05-08 20:00:00,4712.4,4722.76,4712.15,4720.82,15304.0,4,0.0,10.610000000000582,8.420000000000073,0.18284637134782308,0.02356267672007411,0.7935909519321028,8.420000000000073,20,4,4749.51,4678.29,0.59716371805672,20.78285714285708,NONE,0.0,
2026-05-08 21:00:00,4720.83,4728.99,4719.92,4721.91,16060.0,4,0.0,9.069999999999709,1.0799999999999272,0.7805953693495209,0.10033076074971155,0.11907386990076757,1.0900000000001455,21,4,4749.51,4684.55,0.5751231527093542,20.41857142857134,NONE,0.0,
2026-05-08 22:00:00,4721.91,4726.83,4721.01,4724.01,13264.0,4,0.0,5.819999999999709,2.100000000000364,0.48453608247420105,0.15463917525767717,0.3608247422681218,2.100000000000364,22,4,4749.51,4693.94,0.5411193089796704,19.28785714285706,NONE,0.0,
2026-05-11 01:00:00,4693.11,4701.37,4678.03,4691.83,13086.0,4,0.0,23.340000000000146,1.2799999999997453,0.35389888603256925,0.5912596401028318,0.05484147386459886,-32.18000000000029,1,0,4749.51,4678.03,0.19306099608282162,20.997857142857097,NONE,0.0,
2026-05-11 02:00:00,4691.83,4698.54,4688.83,4691.55,10791.0,4,0.0,9.710000000000036,0.27999999999974534,0.69104016477858,0.28012358393411374,0.02883625128730631,-0.27999999999974534,2,0,4749.51,4678.03,0.1891438164521593,19.614999999999977,NONE,0.0,
2026-05-11 03:00:00,4691.58,4693.35,4670.27,4683.45,20186.0,4,0.0,23.079999999999927,8.13000000000011,0.07668977469672626,0.5710571923743251,0.35225303292894866,-8.100000000000364,3,0,4749.51,4670.27,0.16633013629479326,20.063571428571386,NONE,0.0,
2026-05-11 04:00:00,4683.45,4705.52,4674.72,4685.7,26073.0,4,0.0,30.800000000000182,2.25,0.6435064935065098,0.2834415584415426,0.07305194805194762,2.25,4,0,4749.51,4670.27,0.19472488642099223,21.162142857142822,NONE,0.0,
2026-05-11 05:00:00,4685.69,4700.29,4676.51,4681.7,20021.0,4,0.0,23.779999999999745,3.9899999999997817,0.6139613120269353,0.2182506307821554,0.16778805719090936,-4.0,5,0,4749.51,4670.27,0.14424533064108294,21.66428571428566,NONE,0.0,
2026-05-11 06:00:00,4681.69,4690.43,4675.09,4678.7,15198.0,4,0.0,15.340000000000146,2.9899999999997817,0.5697522816167281,0.2353324641459999,0.19491525423727205,-3.0,6,0,4749.51,4670.27,0.106385663806151,21.779285714285702,NONE,0.0,
2026-05-11 07:00:00,4678.71,4679.91,4668.45,4672.1,13114.0,4,0.0,11.460000000000036,6.609999999999673,0.10471204188480054,0.31849912739969755,0.5767888307155019,-6.599999999999454,7,0,4749.51,4668.45,0.045028374043924596,20.500714285714302,NONE,0.0,
2026-05-11 08:00:00,4672.12,4680.75,4648.14,4652.28,19095.0,4,0.0,32.60999999999967,19.840000000000146,0.2646427476234344,0.1269549218031113,0.6084023305734543,-19.82000000000062,8,0,4749.51,4648.14,0.04084048535068977,20.592857142857156,NONE,0.0,
2026-05-11 09:00:00,4652.28,4680.45,4649.22,4678.4,19797.0,4,0.0,31.229999999999563,26.11999999999989,0.0656420108869744,0.09798270893370264,0.8363752801793229,26.11999999999989,9,0,4749.51,4648.14,0.2985104074183619,20.237142857142835,NONE,0.0,
2026-05-11 10:00:00,4678.4,4680.34,4664.36,4667.81,15191.0,4,0.0,15.980000000000473,10.589999999999236,0.12140175219026608,0.2158948685857713,0.6627033792239626,-10.589999999999236,10,0,4749.51,4648.14,0.19404162967347435,20.016428571428605,NONE,0.0,
2026-05-11 11:00:00,4667.81,4678.75,4664.21,4667.52,16625.0,4,0.0,14.539999999999964,0.2899999999999636,0.7524071526822302,0.22764786795050954,0.019944979367260272,-0.2899999999999636,11,0,4749.51,4648.14,0.19118082272861922,20.000714285714302,NONE,0.0,
2026-05-11 12:00:00,4667.52,4669.94,4650.6,4656.8,15126.0,4,0.0,19.339999999999236,10.720000000000255,0.12512926577038566,0.32057911065150274,0.5542916235781116,-10.720000000000255,12,0,4749.51,4648.14,0.08542961428430368,20.624285714285634,NONE,0.0,
2026-05-11 13:00:00,4656.8,4667.49,4656.35,4663.95,13921.0,4,0.0,11.139999999999418,7.149999999999636,0.31777378815082125,0.04039497307000373,0.641831238779175,7.149999999999636,13,0,4749.51,4648.14,0.15596330275228873,20.772142857142757,NONE,0.0,
2026-05-11 14:00:00,4663.95,4677.35,4663.95,4674.51,15411.0,4,0.0,13.400000000000546,10.5600000000004,0.2119402985074649,0.0,0.7880597014925351,10.5600000000004,14,0,4749.51,4648.14,0.26013613495116816,21.313571428571386,NONE,0.0,
2026-05-11 15:00:00,4674.51,4701.13,4667.49,4699.99,24424.0,4,0.0,33.64000000000033,25.479999999999563,0.033888228299652684,0.208680142687288,0.7574316290130593,25.479999999999563,15,0,4728.99,4648.14,0.6413110698824961,20.432142857142804,NONE,0.0,
2026-05-11 16:00:00,4699.99,4748.62,4698.67,4736.29,34033.0,4,0.0,49.94999999999982,36.30000000000018,0.2468468468468463,0.026426426426420697,0.726726726726733,36.30000000000018,16,0,4748.62,4648.14,0.8772890127388537,23.306428571428505,SELL,65.0,sell_009
2026-05-11 17:00:00,4736.29,4738.54,4715.4,4725.55,28471.0,4,0.0,23.140000000000327,10.739999999999782,0.09723422644770822,0.438634399308574,0.4641313742437178,-10.739999999999782,17,0,4748.62,4648.14,0.7704020700636962,23.310714285714248,SELL,65.0,sell_009
2026-05-11 18:00:00,4725.55,4738.23,4722.86,4732.12,22656.0,4,0.0,15.36999999999989,6.569999999999709,0.3975276512686868,0.17501626545221394,0.4274560832790993,6.569999999999709,18,0,4748.62,4648.14,0.8357882165605088,22.208571428571368,NONE,0.0,
2026-05-11 19:00:00,4732.24,4733.49,4708.08,4716.52,18523.0,4,0.0,25.409999999999854,15.719999999999345,0.04919323101141311,0.33215269578908135,0.6186540731995055,-15.599999999999454,19,0,4748.62,4648.14,0.6805334394904499,22.32499999999995,SELL,65.0,sell_009
2026-05-11 20:00:00,4716.52,4724.6,4715.92,4723.68,15701.0,4,0.0,8.680000000000291,7.1599999999998545,0.10599078341014308,0.06912442396317324,0.8248847926266837,7.1599999999998545,20,0,4748.62,4648.14,0.7517914012738882,21.849285714285674,SELL,65.0,sell_009
2026-05-11 21:00:00,4723.62,4729.39,4721.07,4724.96,13557.0,4,0.0,8.320000000000618,1.3400000000001455,0.5324519230769185,0.3064903846153837,0.16105769230769781,1.2799999999997453,21,0,4748.62,4648.14,0.7645302547770705,21.625,SELL,65.0,sell_009
2026-05-11 22:00:00,4724.96,4736.17,4722.45,4733.57,14250.0,4,0.0,13.720000000000255,8.609999999999673,0.18950437317786556,0.18294460641400667,0.6275510204081277,8.609999999999673,22,0,4748.62,4648.14,0.8502189490445835,20.275714285714326,NONE,0.0,
2026-05-12 01:00:00,4735.66,4755.1,4735.18,4750.87,9386.0,4,0.0,19.920000000000073,15.210000000000036,0.2123493975903844,0.024096385542146673,0.7635542168674689,17.300000000000182,1,1,4755.1,4648.14,0.9604525056095693,19.58285714285726,NONE,0.0,
2026-05-12 02:00:00,4750.87,4769.77,4746.11,4767.31,13736.0,4,0.0,23.660000000000764,16.44000000000051,0.10397295012679446,0.20118343195266544,0.6948436179205401,16.44000000000051,2,1,4769.77,4648.14,0.979774726629943,20.13142857142871,NONE,0.0,
2026-05-12 03:00:00,4767.31,4773.42,4748.63,4749.31,18961.0,4,0.0,24.789999999999964,18.0,0.24647035094795003,0.027430415490128764,0.7260992335619212,-18.0,3,1,4773.42,4648.14,0.8075510855683292,20.863571428571568,NONE,0.0,
2026-05-12 04:00:00,4749.18,4755.51,4720.28,4727.12,26880.0,4,0.0,35.23000000000047,22.0600000000004,0.1796764121487324,0.19415271075787832,0.6261708770933893,-22.19000000000051,4,1,4773.42,4648.14,0.630427841634736,21.99857142857166,SELL,65.0,sell_009
2026-05-12 05:00:00,4727.12,4733.95,4722.27,4730.06,19813.0,4,0.0,11.679999999999382,2.9400000000005093,0.3330479452054472,0.4152397260273725,0.25171232876718025,2.9400000000005093,5,1,4773.42,4648.14,0.6538952745849317,22.037142857143085,NONE,0.0,
2026-05-12 06:00:00,4730.01,4733.26,4718.13,4720.2,15301.0,4,0.0,15.13000000000011,9.8100000000004,0.2148050231328471,0.13681427627228646,0.6483807005948664,-9.860000000000582,6,1,4773.42,4649.22,0.5714975845410601,22.16071428571448,SELL,65.0,sell_009
2026-05-12 07:00:00,4720.17,4730.4,4711.36,4714.2,13786.0,4,0.0,19.039999999999964,5.970000000000255,0.5372899159663647,0.14915966386555415,0.3135504201680812,-6.0,7,1,4773.42,4650.6,0.517830972154369,21.11785714285731,SELL,65.0,sell_009
2026-05-12 08:00:00,4714.2,4722.09,4708.63,4714.32,19176.0,4,0.0,13.460000000000036,0.11999999999989086,0.5772659732541171,0.4138187221396504,0.00891530460623258,0.11999999999989086,8,1,4773.42,4650.6,0.5188080117244708,18.511428571428755,SELL,65.0,sell_009
2026-05-12 09:00:00,4714.32,4714.46,4694.43,4696.99,23253.0,4,0.0,20.029999999999745,17.329999999999927,0.00698951572642682,0.12780828756862322,0.8652021967049499,-17.329999999999927,9,1,4773.42,4650.6,0.3777072138088221,18.289285714285857,SELL,65.0,sell_009
2026-05-12 10:00:00,4696.99,4703.8,4686.83,4699.88,19576.0,4,0.0,16.970000000000255,2.8900000000003274,0.2309958750736602,0.5987035945786506,0.1703005303476891,2.8900000000003274,10,1,4773.42,4656.35,0.3718288203638836,18.4035714285716,SELL,65.0,sell_009
2026-05-12 11:00:00,4699.88,4706.81,4697.11,4703.44,15846.0,4,0.0,9.700000000000728,3.5599999999994907,0.3474226804124276,0.2855670103093019,0.3670103092782705,3.5599999999994907,11,1,4773.42,4663.95,0.3607381017630373,17.2814285714288,SELL,65.0,sell_009
2026-05-12 12:00:00,4703.45,4705.34,4694.28,4699.5,15997.0,4,0.0,11.0600000000004,3.949999999999818,0.1708860759493905,0.47197106690778173,0.3571428571428278,-3.9399999999996,12,1,4773.42,4667.49,0.3021806853582567,17.45142857142881,SELL,65.0,sell_009
2026-05-12 13:00:00,4699.47,4708.4,4685.17,4694.43,16528.0,4,0.0,23.229999999999563,5.039999999999964,0.3844167025397998,0.3986224709427633,0.21696082651743687,-5.069999999999709,13,1,4773.42,4685.17,0.10492917847025743,18.516428571428737,SELL,65.0,sell_009
2026-05-12 14:00:00,4694.43,4709.21,4687.19,4706.7,18028.0,4,0.0,22.020000000000437,12.269999999999527,0.11398728428701946,0.3287920072661466,0.5572207084468339,12.269999999999527,14,1,4773.42,4685.17,0.2439660056657195,19.109285714285893,SELL,65.0,sell_009
2026-05-12 15:00:00,4706.7,4711.85,4689.61,4705.77,23772.0,4,0.0,22.24000000000069,0.9299999999993815,0.2315647482014562,0.726618705035983,0.04181654676256082,-0.9299999999993815,15,1,4773.42,4685.17,0.23342776203966417,19.160000000000178,SELL,65.0,sell_009
2026-05-12 16:00:00,4705.72,4709.09,4676.89,4679.4,33142.0,4,0.0,32.19999999999982,26.32000000000062,0.1046583850931649,0.07795031055898519,0.8173913043478499,-26.3700000000008,16,1,4773.42,4676.89,0.02600227908421543,19.770000000000113,SELL,65.0,sell_009
2026-05-12 17:00:00,4679.4,4695.08,4669.71,4672.88,31988.0,4,0.0,25.36999999999989,6.519999999999527,0.6180528182893322,0.12495072920772907,0.25699645250293873,-6.519999999999527,17,1,4773.42,4669.71,0.030566001349918732,19.811428571428678,NONE,0.0,
2026-05-12 18:00:00,4672.84,4676.17,4638.32,4666.13,33643.0,4,0.0,37.850000000000364,6.710000000000036,0.08797886393658905,0.7347424042272162,0.17727873183619478,-6.75,18,1,4773.42,4638.32,0.20584752035529477,19.998571428571527,NONE,0.0,
2026-05-12 19:00:00,4666.13,4675.06,4664.21,4671.15,24140.0,4,0.0,10.850000000000364,5.019999999999527,0.36036866359452835,0.1769585253456229,0.46267281105984875,5.019999999999527,19,1,4773.42,4638.32,0.24300518134714907,19.939285714285884,NONE,0.0,
2026-05-12 20:00:00,4671.15,4682.44,4671.15,4678.85,20660.0,4,0.0,11.289999999999964,7.700000000000728,0.317980513728897,0.0,0.682019486271103,7.700000000000728,20,1,4773.42,4638.32,0.30000000000000404,19.66500000000016,NONE,0.0,
2026-05-12 21:00:00,4678.88,4698.23,4676.28,4696.05,21289.0,4,0.0,21.949999999999818,17.170000000000073,0.09931662870156718,0.11845102505696517,0.7822323462414676,17.199999999999818,21,1,4773.42,4638.32,0.427313101406368,19.872857142857292,NONE,0.0,
2026-05-12 22:00:00,4696.05,4715.78,4696.05,4715.71,18915.0,4,0.0,19.729999999999563,19.659999999999854,0.003547896604141435,0.0,0.9964521033958585,19.659999999999854,22,1,4773.42,4638.32,0.5728349370836426,20.3207142857144,NONE,0.0,
2026-05-13 01:00:00,4715.35,4722.36,4710.53,4716.96,8568.0,4,0.0,11.829999999999927,1.6099999999996726,0.4564666103127362,0.4074387151310776,0.13609467455618618,1.25,1,2,4755.51,4638.32,0.6710470176636231,19.735000000000127,NONE,0.0,
2026-05-13 02:00:00,4716.96,4723.89,4715.4,4717.01,12665.0,4,0.0,8.490000000000691,0.0500000000001819,0.8103651354534216,0.18374558303890143,0.005889281507677011,0.0500000000001819,2,2,4733.95,4638.32,0.8228589354805022,19.129285714285874,NONE,0.0,
2026-05-13 03:00:00,4717.03,4727.01,4714.08,4714.57,19128.0,4,0.0,12.930000000000291,2.4600000000000364,0.7718484145398491,0.037896365042519004,0.19025522041763193,-2.4400000000005093,3,2,4733.26,4638.32,0.8031388245207456,19.360000000000127,NONE,0.0,
2026-05-13 04:00:00,4714.57,4717.15,4701.11,4702.5,24343.0,4,0.0,16.039999999999964,12.069999999999709,0.1608478802992477,0.08665835411473383,0.7524937655860184,-12.069999999999709,4,2,4730.4,4638.32,0.6970026064291958,19.71571428571438,NONE,0.0,
2026-05-13 05:00:00,4702.5,4707.64,4687.57,4691.89,20839.0,4,0.0,20.07000000000062,10.609999999999673,0.256103637269565,0.21524663677132463,0.5286497259591104,-10.609999999999673,5,2,4727.01,4638.32,0.6040139812831244,19.490000000000173,NONE,0.0,
2026-05-13 06:00:00,4691.89,4705.87,4688.92,4696.0,16095.0,4,0.0,16.949999999999818,4.109999999999673,0.582300884955752,0.17522123893807,0.24247787610617796,4.109999999999673,6,2,4727.01,4638.32,0.6503551696921858,19.12785714285727,NONE,0.0,
2026-05-13 07:00:00,4695.96,4703.37,4695.48,4699.68,11796.0,4,0.0,7.890000000000327,3.7200000000002547,0.4676806083649489,0.0608365019011981,0.471482889733853,3.680000000000291,7,2,4727.01,4638.32,0.6918480099222035,18.102857142857243,NONE,0.0,
2026-05-13 08:00:00,4699.7,4707.34,4693.7,4704.08,18254.0,4,0.0,13.640000000000327,4.380000000000109,0.23900293255132993,0.4398826979472035,0.32111436950146655,4.399999999999636,8,2,4727.01,4638.32,0.7414590145450427,16.777142857142994,NONE,0.0,
2026-05-13 09:00:00,4704.08,4715.41,4699.15,4701.72,19488.0,4,0.0,16.26000000000022,2.3599999999996726,0.6968019680196663,0.15805658056584157,0.14514145141449206,-2.3599999999996726,9,2,4727.01,4638.32,0.7148494757018851,16.126428571428733,NONE,0.0,
2026-05-13 10:00:00,4701.77,4708.81,4696.71,4702.9,17317.0,4,0.0,12.100000000000364,1.1299999999991996,0.4884297520661642,0.4181818181818387,0.09338842975199717,1.1799999999993815,10,2,4727.01,4638.32,0.7281542451234587,14.287142857143019,NONE,0.0,
2026-05-13 11:00:00,4702.78,4704.3,4694.43,4700.62,15506.0,4,0.0,9.86999999999989,2.1599999999998545,0.1540020263424978,0.6271529888550829,0.2188449848024193,-2.2799999999997453,11,2,4727.01,4638.32,0.7024467245461701,14.217142857142985,NONE,0.0,
2026-05-13 12:00:00,4700.62,4701.82,4686.01,4700.91,16955.0,4,0.0,15.80999999999949,0.2899999999999636,0.05755850727386994,0.9240986717267643,0.01834282099936578,0.2899999999999636,12,2,4727.01,4638.32,0.7057165407599479,14.540000000000093,NONE,0.0,
2026-05-13 13:00:00,4700.91,4710.45,4693.72,4694.18,16744.0,4,0.0,16.729999999999563,6.729999999999563,0.5702331141661813,0.027495517035268882,0.40227136879854986,-6.729999999999563,13,2,4727.01,4638.32,0.6298342541436494,14.167142857142933,NONE,0.0,
2026-05-13 14:00:00,4694.17,4705.43,4691.54,4697.43,18089.0,4,0.0,13.890000000000327,3.2600000000002183,0.5759539236860916,0.18934485241181045,0.23470122390209802,3.25,14,2,4727.01,4638.32,0.6664787461946132,13.75000000000013,NONE,0.0,
2026-05-13 15:00:00,4697.43,4701.59,4676.13,4683.85,27919.0,4,0.0,25.460000000000036,13.579999999999927,0.16339355852316767,0.30322073841320674,0.5333857030636256,-13.579999999999927,15,2,4727.01,4638.32,0.5133611455632021,14.723571428571566,NONE,0.0,
2026-05-13 16:00:00,4683.84,4694.74,4669.45,4679.36,30238.0,4,0.0,25.289999999999964,4.480000000000473,0.431000395413193,0.391854487939892,0.17714511664691496,-4.490000000000691,16,2,4727.01,4664.21,0.24124203821655402,15.923571428571515,NONE,0.0,
2026-05-13 17:00:00,4679.41,4691.02,4672.9,4679.77,28914.0,4,0.0,18.1200000000008,0.3600000000005821,0.6208609271522905,0.3592715231788041,0.01986754966890542,0.410000000000764,17,2,4727.01,4669.45,0.1792911744266947,16.294285714285838,NONE,0.0,
2026-05-13 18:00:00,4679.77,4700.03,4678.94,4695.54,24053.0,4,0.0,21.090000000000146,15.769999999999527,0.21289710763393793,0.039355144618341914,0.7477477477477201,15.769999999999527,18,2,4727.01,4669.45,0.45326615705350876,16.655000000000136,NONE,0.0,
2026-05-13 19:00:00,4695.49,4709.88,4695.01,4695.67,20379.0,4,0.0,14.86999999999989,0.18000000000029104,0.9556153328850128,0.03227975790178662,0.012104909213200562,0.13000000000010914,19,2,4727.01,4669.45,0.45552466990966073,16.283571428571513,NONE,0.0,
2026-05-13 20:00:00,4695.67,4701.3,4684.59,4685.59,18403.0,4,0.0,16.710000000000036,10.079999999999927,0.3369239976062296,0.059844404548174614,0.6032315978455958,-10.079999999999927,20,2,4727.01,4669.45,0.28040305767894746,16.26642857142867,NONE,0.0,
2026-05-13 21:00:00,4685.58,4693.98,4677.63,4684.95,16327.0,4,0.0,16.349999999999454,0.6300000000001091,0.5137614678899032,0.44770642201834576,0.03853211009175108,-0.6400000000003274,21,2,4727.01,4669.45,0.2692842251563567,16.87071428571432,NONE,0.0,
2026-05-13 22:00:00,4684.95,4690.52,4683.36,4688.21,16034.0,4,0.0,7.160000000000764,3.2600000000002183,0.3226256983240438,0.22206703910614187,0.4553072625698143,3.2600000000002183,22,2,4727.01,4669.45,0.3259207783182781,16.40785714285721,NONE,0.0,
2026-05-14 01:00:00,4689.14,4700.6,4688.9,4700.05,6780.0,4,0.0,11.700000000000728,10.909999999999854,0.04700854700855963,0.020512820512878314,0.932478632478562,11.840000000000146,1,3,4717.15,4669.45,0.6415094339622742,16.131428571428646,NONE,0.0,
2026-05-14 02:00:00,4700.06,4702.11,4693.18,4696.61,7718.0,4,0.0,8.929999999999382,3.4500000000007276,0.22956326987675413,0.3840985442328801,0.3863381858903658,-3.4400000000005093,2,3,4715.41,4669.45,0.5909486510008667,15.905000000000005,NONE,0.0,
2026-05-14 03:00:00,4696.61,4706.77,4689.46,4705.0,17197.0,4,0.0,17.3100000000004,8.390000000000327,0.10225303292896566,0.4130560369728175,0.48469093009821684,8.390000000000327,3,3,4715.41,4669.45,0.7734986945169746,16.436428571428614,NONE,0.0,
2026-05-14 04:00:00,4704.9,4707.01,4683.55,4688.69,26746.0,4,0.0,23.460000000000036,16.210000000000036,0.0899403239556939,0.2190963341858231,0.690963341858483,-16.3100000000004,4,3,4715.41,4669.45,0.4186248912097425,16.982857142857224,NONE,0.0,
2026-05-14 05:00:00,4688.69,4699.65,4679.96,4686.32,20127.0,4,0.0,19.6899999999996,2.369999999999891,0.5566277298121005,0.3230066023362012,0.12036566785169828,-2.369999999999891,5,3,4715.41,4669.45,0.3670583115752802,17.194285714285797,NONE,0.0,
2026-05-14 06:00:00,4686.32,4693.37,4673.93,4674.97,17822.0,4,0.0,19.4399999999996,11.349999999999454,0.36265432098767114,0.053497942386830505,0.5838477366254984,-11.349999999999454,6,3,4715.41,4669.45,0.12010443864230705,17.590714285714316,NONE,0.0,
2026-05-14 07:00:00,4675.0,4712.91,4668.38,4702.43,15669.0,4,0.0,44.529999999999745,27.43000000000029,0.23534695710755948,0.14866382214237434,0.6159892207500662,27.460000000000036,7,3,4712.91,4668.38,0.7646530428924405,18.95285714285715,NONE,0.0,
2026-05-14 08:00:00,4702.48,4704.27,4688.96,4689.78,17852.0,4,0.0,15.3100000000004,12.699999999999818,0.11691704768130806,0.0535597648595485,0.8295231874591434,-12.650000000000546,8,3,4712.91,4668.38,0.48057489333033365,18.24000000000004,NONE,0.0,
2026-05-14 09:00:00,4689.78,4702.38,4686.06,4700.26,19546.0,4,0.0,16.31999999999971,10.480000000000473,0.12990196078430935,0.22794117647055218,0.6421568627451385,10.480000000000473,9,3,4712.91,4668.38,0.7159218504379136,18.111428571428537,NONE,0.0,
2026-05-14 10:00:00,4700.26,4718.76,4690.7,4693.08,18423.0,4,0.0,28.0600000000004,7.180000000000291,0.6593014967925779,0.0848182466144004,0.2558802565930217,-7.180000000000291,10,3,4718.76,4668.38,0.4902739182215118,18.609285714285697,NONE,0.0,
2026-05-14 11:00:00,4693.08,4706.51,4692.2,4693.32,18289.0,4,0.0,14.3100000000004,0.23999999999978172,0.9217330538085353,0.06149545772187872,0.016771488469585955,0.23999999999978172,11,3,4718.76,4668.38,0.4950377133783157,18.569285714285733,NONE,0.0,
2026-05-14 12:00:00,4693.32,4702.53,4688.48,4699.55,16027.0,4,0.0,14.050000000000182,6.230000000000473,0.21209964412808005,0.34448398576513045,0.44341637010678947,6.230000000000473,12,3,4718.76,4668.38,0.6186978959904725,18.379285714285743,NONE,0.0,
2026-05-14 13:00:00,4699.55,4705.32,4691.17,4697.01,17206.0,4,0.0,14.149999999999636,2.5399999999999636,0.40777385159008306,0.412720848056558,0.17950530035335893,-2.5399999999999636,13,3,4718.76,4668.38,0.5682810639142526,18.2221428571429,NONE,0.0,
2026-05-14 14:00:00,4697.01,4704.83,4689.34,4694.29,16927.0,4,0.0,15.489999999999782,2.7200000000002547,0.5048418334409179,0.3195610071013485,0.17559715945773358,-2.7200000000002547,14,3,4718.76,4668.38,0.5142913854704207,18.81714285714283,NONE,0.0,
2026-05-14 15:00:00,4694.29,4710.06,4692.29,4704.82,20235.0,4,0.0,17.770000000000437,10.529999999999745,0.2948790095667171,0.11254924029262527,0.5925717501406577,10.529999999999745,15,3,4718.76,4668.38,0.7233028979753775,19.20142857142855,NONE,0.0,
2026-05-14 16:00:00,4704.82,4707.8,4666.65,4679.57,31334.0,4,0.0,41.150000000000546,25.25,0.07241798298907492,0.31397326852976676,0.6136087484811583,-25.25,16,3,4718.76,4666.65,0.2479370562272103,21.502857142857206,NONE,0.0,
2026-05-14 17:00:00,4679.57,4701.0,4677.9,4679.59,26691.0,4,0.0,23.100000000000364,0.020000000000436557,0.9268398268398059,0.07229437229437431,0.0008658008658197508,0.020000000000436557,17,3,4718.76,4666.65,0.24832085971983045,21.916428571428632,NONE,0.0,
2026-05-14 18:00:00,4679.59,4689.38,4676.85,4685.82,21541.0,4,0.0,12.529999999999745,6.229999999999563,0.2841181165203889,0.21867517956902136,0.4972067039105898,6.229999999999563,18,3,4718.76,4666.65,0.3678756476683911,21.135714285714325,NONE,0.0,
2026-05-14 19:00:00,4685.78,4686.97,4670.32,4678.6,19771.0,4,0.0,16.650000000000546,7.1799999999993815,0.07147147147149972,0.4972972972973203,0.43123123123117996,-7.219999999999345,19,3,4718.76,4666.65,0.2293225868355516,20.918571428571536,NONE,0.0,
2026-05-14 20:00:00,4678.6,4682.99,4676.45,4678.23,16336.0,4,0.0,6.539999999999964,0.37000000000080036,0.6712538226298842,0.27217125382259255,0.056574923547523304,-0.37000000000080036,20,3,4718.76,4666.65,0.22222222222221835,19.99714285714299,NONE,0.0,
2026-05-14 21:00:00,4678.23,4678.4,4667.0,4671.67,14631.0,4,0.0,11.399999999999636,6.559999999999491,0.014912280701761245,0.409649122807037,0.5754385964912018,-6.559999999999491,21,3,4718.76,4666.65,0.09633467664556478,17.63071428571441,NONE,0.0,
2026-05-14 22:00:00,4671.71,4671.87,4653.03,4654.23,15257.0,4,0.0,18.840000000000146,17.480000000000473,0.008492569002115353,0.06369426751591342,0.9278131634819712,-17.44000000000051,22,3,4718.76,4653.03,0.018256503879504175,17.88285714285725,NONE,0.0,
2026-05-15 01:00:00,4651.88,4662.72,4645.7,4662.39,9076.0,4,0.0,17.020000000000437,10.510000000000218,0.019388954171558094,0.36310223266745784,0.617508813160984,8.160000000000764,1,4,4718.76,4645.7,0.22844237612921459,17.9328571428573,NONE,0.0,
2026-05-15 02:00:00,4662.39,4665.28,4646.79,4652.16,12481.0,4,0.0,18.48999999999978,10.230000000000473,0.1563007030827178,0.2904272579772825,0.5532720389399997,-10.230000000000473,2,4,4718.76,4645.7,0.0884204763208322,17.24928571428583,NONE,0.0,
2026-05-15 03:00:00,4652.1,4658.25,4613.61,4630.53,26931.0,4,0.0,44.64000000000033,21.57000000000062,0.1377688172042919,0.37903225806451496,0.4831989247311931,-21.63000000000011,3,4,4718.76,4613.61,0.16091298145506405,19.415714285714394,NONE,0.0,
2026-05-15 04:00:00,4630.56,4631.68,4607.1,4613.84,36423.0,4,0.0,24.579999999999927,16.720000000000255,0.04556550040683052,0.2742066720911229,0.6802278275020466,-16.6899999999996,4,4,4718.76,4607.1,0.0603618126455292,20.167857142857233,NONE,0.0,
2026-05-15 05:00:00,4613.84,4623.44,4609.36,4618.11,23399.0,4,0.0,14.079999999999927,4.269999999999527,0.37855113636363313,0.3181818181818534,0.30326704545451344,4.269999999999527,5,4,4718.76,4607.1,0.09860290166576503,20.162857142857256,NONE,0.0,
2026-05-15 06:00:00,4618.03,4622.31,4607.47,4615.42,18412.0,4,0.0,14.840000000000146,2.6099999999996726,0.2884097035040844,0.5357142857142682,0.17587601078164738,-2.6899999999996,6,4,4718.76,4607.1,0.07451191115887265,20.11642857142871,NONE,0.0,
2026-05-15 07:00:00,4615.42,4621.51,4604.45,4605.82,15929.0,4,0.0,17.0600000000004,9.600000000000364,0.35697538100820647,0.0803048065650562,0.5627198124267373,-9.600000000000364,7,4,4718.76,4604.45,0.011984953197444546,20.06571428571442,NONE,0.0,
2026-05-15 08:00:00,4606.03,4606.45,4557.97,4558.75,31606.0,4,0.0,48.47999999999956,47.279999999999745,0.008663366336635243,0.016089108910885982,0.9752475247524788,-47.06999999999971,8,4,4710.06,4557.97,0.005128542310472382,20.58928571428578,SELL,65.0,sell_010
2026-05-15 09:00:00,4558.75,4580.55,4556.34,4569.93,29794.0,4,0.0,24.210000000000036,11.180000000000291,0.4386617100371695,0.0995456422965655,0.46179264766626493,11.180000000000291,9,4,4710.06,4556.34,0.08840749414519987,20.66857142857147,SELL,65.0,sell_010
2026-05-15 10:00:00,4569.93,4588.63,4565.95,4570.74,24675.0,4,0.0,22.68000000000029,0.8099999999994907,0.7888007054673765,0.17548500881836077,0.0357142857142628,0.8099999999994907,10,4,4710.06,4556.34,0.09367681498828788,21.39357142857151,SELL,65.0,sell_010
2026-05-15 11:00:00,4570.74,4572.0,4550.12,4554.42,27050.0,4,0.0,21.88000000000011,16.31999999999971,0.05758683729434241,0.19652650822669837,0.7458866544789592,-16.31999999999971,11,4,4710.06,4550.12,0.026885081905715695,21.767142857142908,NONE,0.0,
2026-05-15 12:00:00,4554.42,4563.81,4531.89,4545.79,27022.0,4,0.0,31.920000000000073,8.63000000000011,0.29417293233083663,0.4354636591478573,0.2703634085213061,-8.63000000000011,12,4,4710.06,4531.89,0.0780153785710256,23.58000000000006,NONE,0.0,
2026-05-15 13:00:00,4545.79,4572.58,4544.2,4566.11,25079.0,4,0.0,28.38000000000011,20.31999999999971,0.22797744890768956,0.05602536997886326,0.7159971811134471,20.31999999999971,13,4,4707.8,4531.89,0.1945312944119116,24.792857142857233,NONE,0.0,
2026-05-15 14:00:00,4566.05,4570.35,4549.93,4551.97,22785.0,4,0.0,20.420000000000073,14.079999999999927,0.21057786483840188,0.09990205680704978,0.6895200783545483,-14.139999999999418,14,4,4701.0,4531.89,0.11873928212406105,24.90571428571437,NONE,0.0,
2026-05-15 15:00:00,4551.97,4558.73,4543.65,4545.86,27430.0,4,0.0,15.079999999999927,6.110000000000582,0.44827586206892184,0.14655172413793416,0.405172413793144,-6.110000000000582,15,4,4689.38,4531.89,0.08870404470124683,24.767142857142908,NONE,0.0,
2026-05-15 16:00:00,4545.86,4557.61,4511.76,4533.48,38477.0,4,0.0,45.849999999999454,12.38000000000011,0.2562704471101448,0.47371864776444067,0.27001090512541454,-12.38000000000011,16,4,4686.97,4511.76,0.12396552708178381,26.721428571428596,NONE,0.0,
2026-05-15 17:00:00,4533.44,4566.49,4525.42,4562.75,37936.0,4,0.0,41.06999999999971,29.3100000000004,0.09106403700997828,0.19527635743850946,0.7136596055515122,29.270000000000437,17,4,4682.99,4511.76,0.29778660281492675,26.466428571428555,NONE,0.0,
2026-05-15 18:00:00,4562.89,4563.29,4533.72,4539.85,29869.0,4,0.0,29.56999999999971,23.039999999999964,0.013527223537356785,0.20730470071018497,0.7791680757524583,-22.899999999999636,18,4,4678.4,4511.76,0.1685669707153159,26.82285714285711,NONE,0.0,
2026-05-15 19:00:00,4539.85,4548.08,4529.35,4544.38,22468.0,4,0.0,18.729999999999563,4.529999999999745,0.1975440469834439,0.5605979711692602,0.24185798184729584,4.529999999999745,19,4,4671.87,4511.76,0.2037349322340888,27.15499999999994,NONE,0.0,
2026-05-15 20:00:00,4544.34,4564.47,4543.16,4559.59,20894.0,4,0.0,21.3100000000004,15.25,0.2290004692632575,0.05537306428907878,0.7156264664476637,15.210000000000036,20,4,4665.28,4511.76,0.31155549765502916,27.617142857142817,NONE,0.0,
2026-05-15 21:00:00,4559.67,4563.1,4552.36,4559.3,18796.0,4,0.0,10.740000000000691,0.36999999999989086,0.3193668528864125,0.6461824953445123,0.03445065176907514,-0.2899999999999636,21,4,4665.28,4511.76,0.3096664929650867,27.165714285714266,NONE,0.0,
2026-05-15 22:00:00,4559.31,4560.22,4544.96,4545.86,18321.0,4,0.0,15.260000000000218,13.450000000000728,0.05963302752292539,0.05897771952815356,0.881389252948921,-13.44000000000051,22,4,4658.25,4511.76,0.2327803945661786,24.79285714285717,NONE,0.0,
2026-05-18 01:00:00,4538.84,4554.89,4503.72,4546.19,14179.0,4,0.0,51.17000000000007,7.349999999999454,0.17002149697089536,0.6863396521399227,0.14363885088918202,0.32999999999992724,1,0,4631.68,4503.72,0.3319005939355997,26.718571428571458,NONE,0.0,
2026-05-18 02:00:00,4546.19,4548.09,4531.86,4537.14,17719.0,4,0.0,16.230000000000473,9.049999999999272,0.11706715958105302,0.3253234750462416,0.5576093653727054,-9.049999999999272,2,0,4623.44,4503.72,0.27915135315736933,26.257857142857183,NONE,0.0,
2026-05-18 03:00:00,4537.16,4542.55,4480.3,4516.0,31389.0,4,0.0,62.25,21.159999999999854,0.08658634538153137,0.5734939759036115,0.3399196787148571,-21.140000000000327,3,0,4622.31,4480.3,0.2513907471304821,29.141428571428605,NONE,0.0,
2026-05-18 04:00:00,4515.48,4535.77,4489.58,4525.46,35653.0,4,0.0,46.19000000000051,9.980000000000473,0.22320848668543594,0.5607274301796785,0.21606408313488554,9.460000000000036,4,0,4621.51,4480.3,0.31980737908080054,30.160714285714352,NONE,0.0,
2026-05-18 05:00:00,4525.46,4542.87,4521.95,4533.72,23964.0,4,0.0,20.920000000000073,8.260000000000218,0.43738049713191224,0.1677820267686523,0.3948374760994354,8.260000000000218,5,0,4606.45,4480.3,0.4234641300039653,29.627857142857206,NONE,0.0,
2026-05-18 06:00:00,4533.72,4547.94,4525.21,4541.2,22649.0,4,0.0,22.729999999999563,7.479999999999563,0.2965244170699477,0.37439507259130583,0.32908051033874647,7.479999999999563,6,0,4588.63,4480.3,0.5621711437274963,29.79285714285717,NONE,0.0,
2026-05-18 07:00:00,4541.19,4549.83,4530.01,4540.68,19867.0,4,0.0,19.81999999999971,0.5099999999993088,0.4359233097881158,0.5383451059535939,0.02573158425829043,-0.5199999999995271,7,0,4588.63,4480.3,0.5573709960306484,30.131428571428582,NONE,0.0,
2026-05-18 08:00:00,4540.7,4552.07,4529.91,4530.94,22908.0,4,0.0,22.159999999999854,9.760000000000218,0.5130866425992764,0.046480144404320946,0.44043321299640265,-9.740000000000691,8,0,4572.58,4480.3,0.5487646293888119,28.439285714285752,NONE,0.0,
2026-05-18 09:00:00,4530.94,4548.16,4529.68,4546.82,24872.0,4,0.0,18.479999999999563,15.88000000000011,0.0725108225108321,0.06818181818178239,0.8593073593073856,15.88000000000011,9,0,4572.58,4480.3,0.7208495882097932,26.825714285714316,NONE,0.0,
2026-05-18 10:00:00,4546.82,4559.92,4538.27,4546.27,22316.0,4,0.0,21.649999999999636,0.5499999999992724,0.605080831408803,0.36951501154735034,0.02540415704384673,-0.5499999999992724,10,0,4572.58,4480.3,0.7148894668400567,26.260000000000023,NONE,0.0,
2026-05-18 11:00:00,4546.27,4556.99,4542.69,4550.0,19826.0,4,0.0,14.300000000000182,3.7299999999995634,0.4888111888111673,0.2503496503497057,0.260839160839127,3.7299999999995634,11,0,4570.35,4480.3,0.7740144364242052,25.943571428571495,NONE,0.0,
2026-05-18 12:00:00,4550.0,4551.98,4540.09,4542.97,17481.0,4,0.0,11.889999999999418,7.029999999999745,0.16652649285110685,0.24222035323803617,0.591253153910857,-7.029999999999745,12,0,4566.49,4480.3,0.7271145144448354,25.270714285714284,NONE,0.0,
2026-05-18 13:00:00,4542.97,4547.8,4531.94,4540.25,17767.0,4,0.0,15.860000000000582,2.7200000000002547,0.3045397225724937,0.5239596469104726,0.1715006305170337,-2.7200000000002547,13,0,4566.49,4480.3,0.695556329040493,25.63642857142856,NONE,0.0,
2026-05-18 14:00:00,4540.25,4567.2,4529.85,4550.64,26605.0,4,0.0,37.349999999999454,10.390000000000327,0.4433734939758965,0.2784471218206101,0.2781793842034934,10.390000000000327,14,0,4567.2,4480.3,0.8094361334867715,27.214285714285648,NONE,0.0,
2026-05-18 15:00:00,4550.63,4574.95,4545.3,4571.22,27994.0,4,0.0,29.649999999999636,20.590000000000146,0.1258010118043713,0.17976391231028643,0.6944350758853423,20.579999999999927,15,0,4574.95,4480.3,0.9605916534601207,25.677142857142762,NONE,0.0,
2026-05-18 16:00:00,4571.21,4584.27,4561.85,4575.91,33129.0,4,0.0,22.420000000000073,4.699999999999818,0.37288135593222815,0.41748438893843187,0.20963425512934,4.6899999999996,16,0,4584.27,4480.3,0.9195921900548181,26.11928571428559,NONE,0.0,
2026-05-18 17:00:00,4575.91,4575.91,4537.85,4546.5,36867.0,4,0.0,38.05999999999949,29.409999999999854,0.0,0.22727272727272074,0.7727272727272793,-29.409999999999854,17,0,4584.27,4480.3,0.6367221313840498,24.39142857142841,NONE,0.0,
2026-05-18 18:00:00,4546.49,4547.96,4531.88,4543.59,29912.0,4,0.0,16.079999999999927,2.899999999999636,0.09141791044777745,0.7282338308457768,0.18034825870644586,-2.9099999999998545,18,0,4584.27,4480.3,0.6087332884485891,22.240714285714084,NONE,0.0,
2026-05-18 19:00:00,4543.59,4554.44,4533.96,4550.21,22322.0,4,0.0,20.479999999999563,6.619999999999891,0.2065429687499831,0.4702148437500154,0.32324218750000155,6.619999999999891,19,0,4584.27,4480.3,0.6724055015869932,22.209285714285475,NONE,0.0,
2026-05-18 20:00:00,4550.21,4558.32,4545.57,4547.0,17898.0,4,0.0,12.75,3.2100000000000364,0.6360784313725233,0.11215686274512086,0.2517647058823558,-3.2100000000000364,20,0,4584.27,4480.3,0.6415312109262254,21.496428571428364,NONE,0.0,
2026-05-18 21:00:00,4547.0,4547.81,4534.08,4535.93,18229.0,4,0.0,13.730000000000473,11.069999999999709,0.05899490167519099,0.13474144209761835,0.8062636562271907,-11.069999999999709,21,0,4584.27,4480.3,0.53505818986246,21.06142857142842,NONE,0.0,
2026-05-18 22:00:00,4535.93,4565.04,4535.36,4558.43,26565.0,4,0.0,29.68000000000029,22.5,0.222708894878693,0.01920485175204221,0.7580862533692648,22.5,22,0,4584.27,4480.3,0.7514667692603628,21.598571428571308,NONE,0.0,
2026-05-19 01:00:00,4566.4,4578.32,4565.9,4573.89,6805.0,4,0.0,12.420000000000073,7.490000000000691,0.3566827697261961,0.04025764895330089,0.603059581320503,15.460000000000036,1,1,4584.27,4489.58,0.8903791319041076,21.699285714285583,NONE,0.0,
2026-05-19 02:00:00,4573.87,4589.0,4573.7,4581.79,10731.0,4,0.0,15.300000000000182,7.920000000000073,0.47124183006535625,0.011111111111115735,0.517647058823528,7.899999999999636,2,1,4589.0,4521.95,0.8924683072334076,21.245714285714193,NONE,0.0,
2026-05-19 03:00:00,4581.79,4589.24,4561.3,4563.41,21103.0,4,0.0,27.9399999999996,18.38000000000011,0.26664280601288204,0.07551896921974599,0.657838224767372,-18.38000000000011,3,1,4589.24,4525.21,0.5965953459315941,22.219999999999864,NONE,0.0,
2026-05-19 04:00:00,4563.34,4572.48,4554.14,4563.83,24062.0,4,0.0,18.339999999999236,0.4899999999997817,0.4716466739367501,0.5016357688113523,0.02671755725189761,0.42000000000007276,4,1,4589.24,4529.68,0.5733713901947604,22.68071428571414,NONE,0.0,
2026-05-19 05:00:00,4563.83,4563.83,4545.99,4547.19,21358.0,4,0.0,17.840000000000146,16.640000000000327,0.0,0.06726457399102065,0.9327354260089794,-16.640000000000327,5,1,4589.24,4529.68,0.2939892545332347,22.822142857142676,NONE,0.0,
2026-05-19 06:00:00,4547.19,4555.12,4543.59,4545.09,16299.0,4,0.0,11.529999999999745,2.0999999999994543,0.6877710320902399,0.1300954032957531,0.182133564614007,-2.0999999999994543,6,1,4589.24,4529.68,0.2587306917394222,20.977857142856983,NONE,0.0,
2026-05-19 07:00:00,4545.09,4545.7,4538.05,4542.43,14813.0,4,0.0,7.649999999999636,2.6599999999998545,0.07973856209146427,0.5725490196078846,0.3477124183006511,-2.6599999999998545,7,1,4589.24,4529.85,0.21182017174608606,19.406428571428414,NONE,0.0,
2026-05-19 08:00:00,4542.45,4546.61,4530.89,4540.91,20142.0,4,0.0,15.719999999999345,1.5399999999999636,0.2646310432569992,0.6374045801526682,0.09796437659033255,-1.5200000000004366,8,1,4589.24,4529.85,0.18622663748105067,18.927857142856933,NONE,0.0,
2026-05-19 09:00:00,4540.91,4553.93,4533.46,4548.17,22826.0,4,0.0,20.470000000000255,7.260000000000218,0.28138739618955283,0.36394723986320104,0.3546653639472461,7.260000000000218,9,1,4589.24,4529.85,0.3084694392995435,17.671428571428415,NONE,0.0,
2026-05-19 10:00:00,4548.17,4559.28,4541.41,4557.22,18962.0,4,0.0,17.86999999999989,9.050000000000182,0.1152770005595693,0.37828763290432343,0.5064353665361073,9.050000000000182,10,1,4589.24,4529.85,0.46085199528540427,17.799285714285556,NONE,0.0,
2026-05-19 11:00:00,4557.22,4559.15,4536.4,4542.79,17194.0,4,0.0,22.75,14.430000000000291,0.08483516483513764,0.28087912087913525,0.6342857142857271,-14.430000000000291,11,1,4589.24,4529.85,0.21788179828253454,17.961428571428446,NONE,0.0,
2026-05-19 12:00:00,4542.78,4546.81,4536.11,4541.85,17793.0,4,0.0,10.700000000000728,0.9299999999993815,0.3766355140187272,0.5364485981308692,0.08691588785040358,-0.9399999999995998,12,1,4589.24,4530.89,0.18783204798629202,17.814999999999923,NONE,0.0,
2026-05-19 13:00:00,4541.85,4544.7,4525.47,4544.7,18188.0,4,0.0,19.229999999999563,2.8499999999994543,0.0,0.8517940717628956,0.14820592823710446,2.8499999999994543,13,1,4589.24,4525.47,0.3015524541320324,18.207857142857,NONE,0.0,
2026-05-19 14:00:00,4544.7,4548.0,4529.85,4530.72,17661.0,4,0.0,18.149999999999636,13.979999999999563,0.18181818181819548,0.047933884297515605,0.7702479338842889,-13.979999999999563,14,1,4589.24,4525.47,0.08232711306256922,17.38428571428553,NONE,0.0,
2026-05-19 15:00:00,4530.72,4547.16,4527.4,4537.12,19585.0,4,0.0,19.76000000000022,6.399999999999636,0.5080971659918954,0.16801619433201326,0.3238866396760914,6.399999999999636,15,1,4589.24,4525.47,0.18268778422455265,17.37499999999987,NONE,0.0,
2026-05-19 16:00:00,4537.12,4537.43,4464.68,4503.81,38920.0,4,0.0,72.75,33.30999999999949,0.004261168384885226,0.5378694158075616,0.45786941580755314,-33.30999999999949,16,1,4589.24,4464.68,0.3141457931920381,21.478571428571286,NONE,0.0,
2026-05-19 17:00:00,4503.81,4514.42,4484.46,4494.11,34779.0,4,0.0,29.960000000000036,9.700000000000728,0.35413885180239185,0.322096128170882,0.32376502002672614,-9.700000000000728,17,1,4589.24,4464.68,0.23627167630057402,21.622857142857033,NONE,0.0,
2026-05-19 18:00:00,4494.11,4509.23,4489.81,4508.44,27246.0,4,0.0,19.419999999999163,14.329999999999927,0.04067971163748701,0.2214212152419906,0.7378990731205224,14.329999999999927,18,1,4589.24,4464.68,0.35131663455362466,21.699999999999882,NONE,0.0,
2026-05-19 19:00:00,4508.44,4512.45,4496.09,4507.71,18397.0,4,0.0,16.359999999999673,0.7299999999995634,0.245110024449896,0.7102689486552642,0.04462102689483973,-0.7299999999995634,19,1,4589.24,4464.68,0.34545600513808544,21.594285714285565,NONE,0.0,
2026-05-19 20:00:00,4507.71,4511.07,4499.1,4500.82,17198.0,4,0.0,11.969999999999345,6.890000000000327,0.2807017543859529,0.14369256474514946,0.5756056808688976,-6.890000000000327,20,1,4589.24,4464.68,0.2901412973667274,21.625714285714107,NONE,0.0,
2026-05-19 21:00:00,4500.82,4503.74,4490.22,4493.67,17268.0,4,0.0,13.519999999999527,7.149999999999636,0.21597633136095967,0.25517751479289486,0.5288461538461454,-7.149999999999636,21,1,4589.24,4464.68,0.2327392421323049,22.044999999999813,NONE,0.0,
2026-05-19 22:00:00,4493.67,4497.6,4481.24,4483.47,16583.0,4,0.0,16.360000000000582,10.199999999999818,0.24022004889976475,0.13630806845968177,0.6234718826405535,-10.199999999999818,22,1,4589.24,4464.68,0.15085099550417502,22.09071428571419,NONE,0.0,
2026-05-20 01:00:00,4482.5,4485.86,4477.39,4484.28,7914.0,4,0.0,8.469999999999345,1.7799999999997453,0.1865407319952833,0.6033057851239749,0.2101534828807418,0.8099999999994907,1,2,4572.48,4464.68,0.181818181818178,21.233571428571263,NONE,0.0,
2026-05-20 02:00:00,4484.28,4496.38,4479.81,4489.25,10718.0,4,0.0,16.56999999999971,4.970000000000255,0.43029571514787174,0.26976463488228264,0.2999396499698456,4.970000000000255,2,2,4563.83,4464.68,0.24780635400907514,21.140714285714107,NONE,0.0,
2026-05-20 03:00:00,4489.25,4508.83,4479.62,4500.99,23368.0,4,0.0,29.210000000000036,11.739999999999782,0.2684012324546435,0.32968161588497424,0.4019171516603823,11.739999999999782,3,2,4559.28,4464.68,0.3838266384777981,21.602142857142685,NONE,0.0,
2026-05-20 04:00:00,4500.99,4506.28,4456.24,4481.27,28592.0,4,0.0,50.039999999999964,19.719999999999345,0.10571542765787305,0.5001998401279111,0.3940847322142158,-19.719999999999345,4,2,4559.28,4456.24,0.2429153726708139,24.41214285714263,NONE,0.0,
2026-05-20 05:00:00,4481.24,4486.99,4458.61,4465.33,24557.0,4,0.0,28.38000000000011,15.909999999999854,0.20260747004932975,0.23678646934461695,0.5606060606060533,-15.94000000000051,5,2,4559.28,4456.24,0.0882181677018648,25.065714285714098,NONE,0.0,
2026-05-20 06:00:00,4465.3,4467.28,4453.52,4463.7,18796.0,4,0.0,13.759999999999309,1.6000000000003638,0.1438953488371848,0.739825581395341,0.11627906976747414,-1.6300000000001091,6,2,4559.28,4453.52,0.0962556732223851,24.752142857142644,NONE,0.0,
2026-05-20 07:00:00,4463.7,4470.67,4456.64,4462.08,16063.0,4,0.0,14.029999999999745,1.6199999999998909,0.4967925873129281,0.38774055595151097,0.11546685673556097,-1.6199999999998909,7,2,4559.28,4453.52,0.08093797276852824,24.342857142856897,NONE,0.0,
2026-05-20 08:00:00,4462.1,4479.21,4461.69,4472.73,19440.0,4,0.0,17.520000000000437,10.6299999999992,0.36986301369864794,0.023401826484061288,0.6067351598172908,10.649999999999636,8,2,4559.15,4453.52,0.1818612136703519,20.397857142856928,NONE,0.0,
2026-05-20 09:00:00,4472.74,4478.5,4461.39,4474.36,22775.0,4,0.0,17.109999999999673,1.6199999999998909,0.24196376388079524,0.6633547632962987,0.09468147282290601,1.6300000000001091,9,2,4548.0,4453.52,0.22057578323453994,19.47999999999976,NONE,0.0,
2026-05-20 10:00:00,4474.36,4485.95,4471.85,4478.59,19665.0,4,0.0,14.099999999999454,4.230000000000473,0.5219858156028339,0.178014184397121,0.3000000000000452,4.230000000000473,10,2,4548.0,4453.52,0.2653471634208279,19.099999999999778,NONE,0.0,
2026-05-20 11:00:00,4478.59,4490.11,4476.72,4484.14,20038.0,4,0.0,13.389999999999418,5.550000000000182,0.44585511575799885,0.13965646004480747,0.4144884241971937,5.550000000000182,11,2,4548.0,4453.52,0.3240897544453856,18.887857142856905,NONE,0.0,
2026-05-20 12:00:00,4484.04,4490.96,4472.7,4484.98,16736.0,4,0.0,18.26000000000022,0.9399999999995998,0.3274917853231326,0.6210295728368023,0.05147864184006509,0.839999999999236,12,2,4547.16,4453.52,0.3359675352413426,19.33714285714268,NONE,0.0,
2026-05-20 13:00:00,4484.98,4497.16,4484.74,4494.62,14774.0,4,0.0,12.420000000000073,9.640000000000327,0.2045088566827656,0.019323671497566853,0.7761674718196675,9.640000000000327,13,2,4537.43,4453.52,0.4898105112620608,19.25857142857129,NONE,0.0,
2026-05-20 14:00:00,4494.62,4501.17,4490.88,4499.17,15668.0,4,0.0,10.289999999999964,4.550000000000182,0.1943634596695828,0.36345966958209863,0.4421768707483186,4.550000000000182,14,2,4514.42,4453.52,0.7495894909687998,18.824999999999818,NONE,0.0,
2026-05-20 15:00:00,4499.17,4505.36,4493.01,4496.23,18295.0,4,0.0,12.349999999999454,2.9400000000005093,0.5012145748987752,0.26072874493922976,0.23805668016199508,-2.9400000000005093,15,2,4512.45,4453.52,0.7247581876802914,19.102142857142685,NONE,0.0,
2026-05-20 16:00:00,4496.23,4506.2,4482.02,4483.07,28316.0,4,0.0,24.17999999999938,13.159999999999854,0.41232423490490117,0.04342431761783702,0.5442514474772618,-13.159999999999854,16,2,4512.45,4453.52,0.5014423892754044,19.64571428571409,NONE,0.0,
2026-05-20 17:00:00,4483.07,4537.2,4467.02,4531.26,38319.0,4,0.0,70.17999999999938,48.19000000000051,0.08463949843259692,0.22869763465373916,0.686662866913664,48.19000000000051,17,2,4537.2,4453.52,0.9290152963671171,22.572142857142612,NONE,0.0,
2026-05-20 18:00:00,4531.26,4553.07,4523.17,4529.07,33347.0,4,0.0,29.899999999999636,2.1900000000005093,0.7294314381270821,0.1973244147157093,0.07324414715720856,-2.1900000000005093,18,2,4553.07,4453.52,0.7589151180311383,21.133571428571162,NONE,0.0,
2026-05-20 19:00:00,4529.07,4535.48,4524.11,4534.52,21995.0,4,0.0,11.36999999999989,5.450000000000728,0.08443271767802428,0.4362357080035254,0.4793315743184503,5.450000000000728,19,2,4553.07,4453.52,0.813661476644908,19.918571428571145,NONE,0.0,
2026-05-20 20:00:00,4534.52,4538.27,4529.87,4531.21,18826.0,4,0.0,8.400000000000546,3.3100000000004,0.4464285714285424,0.15952380952381648,0.3940476190476411,-3.3100000000004,20,2,4553.07,4453.52,0.7804118533400318,19.53571428571409,NONE,0.0,
2026-05-20 21:00:00,4531.21,4545.04,4529.31,4542.35,16996.0,4,0.0,15.729999999999563,11.140000000000327,0.17101080737442304,0.12078830260646464,0.7082008900191124,11.140000000000327,21,2,4553.07,4453.52,0.8923154193872483,19.65714285714265,NONE,0.0,
2026-05-20 22:00:00,4542.35,4550.23,4541.77,4545.74,15369.0,4,0.0,8.459999999999127,3.389999999999418,0.5307328605201236,0.06855791962174788,0.4007092198581286,3.389999999999418,22,2,4553.07,4453.52,0.9263686589653443,19.0099999999997,NONE,0.0,
2026-05-21 01:00:00,4539.88,4548.27,4535.35,4539.81,10309.0,4,0.0,12.920000000000073,0.06999999999970896,0.6493808049535821,0.34520123839009376,0.005417956656324193,-5.9299999999993815,1,3,4553.07,4453.52,0.8668006027122109,18.710714285714012,NONE,0.0,
2026-05-21 02:00:00,4539.81,4547.06,4534.58,4546.53,9766.0,4,0.0,12.480000000000473,6.719999999999345,0.04246794871799958,0.4190705128205348,0.5384615384614656,6.719999999999345,2,3,4553.07,4453.52,0.9343043696634856,18.5949999999998,NONE,0.0,
2026-05-21 03:00:00,4546.55,4553.29,4537.29,4545.26,17605.0,4,0.0,16.0,1.2899999999999636,0.42124999999998636,0.4981250000000159,0.08062499999999773,-1.269999999999527,3,3,4553.29,4453.52,0.9195148842337397,18.781428571428414,NONE,0.0,
2026-05-21 04:00:00,4545.26,4570.94,4539.86,4560.99,23370.0,4,0.0,31.079999999999927,15.729999999999563,0.320141570141565,0.17374517374519172,0.5061132561132432,15.729999999999563,4,3,4570.94,4456.64,0.9129483814523195,19.697142857142676,NONE,0.0,
2026-05-21 05:00:00,4560.99,4564.88,4531.5,4533.23,20452.0,4,0.0,33.38000000000011,27.76000000000022,0.11653684841223232,0.05182744158177225,0.8316357100059955,-27.76000000000022,5,3,4570.94,4461.39,0.6557736193518915,21.194285714285538,NONE,0.0,
2026-05-21 06:00:00,4533.23,4540.27,4527.27,4528.26,14746.0,4,0.0,13.0,4.969999999999345,0.5415384615385287,0.07615384615382936,0.38230769230764194,-4.969999999999345,6,3,4570.94,4461.39,0.6104062072113221,21.38785714285697,NONE,0.0,
2026-05-21 07:00:00,4528.25,4540.51,4527.36,4538.42,11646.0,4,0.0,13.150000000000546,10.170000000000073,0.15893536121673452,0.0676806083650411,0.7733840304182243,10.159999999999854,7,3,4570.94,4467.02,0.687066974595845,21.444999999999904,NONE,0.0,
2026-05-21 08:00:00,4538.44,4540.42,4518.43,4527.98,18605.0,4,0.0,21.98999999999978,10.460000000000036,0.09004092769442895,0.43428831286945735,0.4756707594361137,-10.44000000000051,8,3,4570.94,4467.02,0.5866050808314051,21.288571428571363,NONE,0.0,
2026-05-21 09:00:00,4527.9,4539.99,4518.85,4521.61,19979.0,4,0.0,21.139999999999418,6.289999999999964,0.571901608325472,0.13055818353828688,0.2975402081362411,-6.369999999999891,9,3,4570.94,4467.02,0.5253079291762863,17.78571428571422,NONE,0.0,
2026-05-21 10:00:00,4521.61,4524.52,4511.83,4519.65,16506.0,4,0.0,12.69000000000051,1.9600000000000364,0.22931442080383352,0.6162332545310792,0.1544523246650873,-1.9600000000000364,10,3,4570.94,4467.02,0.5064472671285568,16.55642857142857,NONE,0.0,
2026-05-21 11:00:00,4519.65,4536.77,4518.33,4532.52,21243.0,4,0.0,18.44000000000051,12.8700000000008,0.23047722342732552,0.07158351409976532,0.6979392624729092,12.8700000000008,11,3,4570.94,4467.02,0.6302925327174801,17.061428571428614,NONE,0.0,
2026-05-21 12:00:00,4532.52,4542.96,4527.85,4530.67,18506.0,4,0.0,15.109999999999673,1.8500000000003638,0.6909331568497569,0.18663136995365784,0.1224354731965853,-1.8500000000003638,12,3,4570.94,4467.02,0.6124903772132424,17.540714285714266,NONE,0.0,
2026-05-21 13:00:00,4530.67,4535.33,4505.02,4511.49,27064.0,4,0.0,30.30999999999949,19.18000000000029,0.15374463873308916,0.2134609039920638,0.6327944572748471,-19.18000000000029,13,3,4570.94,4467.02,0.42792532717474696,18.58214285714283,NONE,0.0,
2026-05-21 14:00:00,4511.49,4521.31,4508.02,4514.11,21053.0,4,0.0,13.289999999999964,2.619999999999891,0.541760722347686,0.2610985703536008,0.19714070729871316,2.619999999999891,14,3,4570.94,4467.02,0.4531370284834451,18.92714285714289,NONE,0.0,
2026-05-21 15:00:00,4514.09,4519.26,4502.3,4504.08,23596.0,4,0.0,16.960000000000036,10.010000000000218,0.304834905660381,0.104952830188664,0.590212264150955,-10.029999999999745,15,3,4570.94,4502.3,0.025932400932397442,19.215714285714316,NONE,0.0,
2026-05-21 16:00:00,4504.08,4521.18,4488.69,4513.3,31621.0,4,0.0,32.49000000000069,9.220000000000255,0.24253616497383632,0.47368421052631576,0.2837796244998479,9.220000000000255,16,3,4570.94,4488.69,0.2992097264437761,20.645000000000046,NONE,0.0,
2026-05-21 17:00:00,4513.39,4515.39,4498.22,4508.93,30868.0,4,0.0,17.170000000000073,4.460000000000036,0.11648223645893951,0.6237623762376232,0.2597553873034372,-4.369999999999891,17,3,4570.94,4488.69,0.2460790273556315,20.72857142857148,NONE,0.0,
2026-05-21 18:00:00,4508.79,4515.33,4496.69,4511.93,26304.0,4,0.0,18.640000000000327,3.1400000000003274,0.18240343347637214,0.6491416309012956,0.1684549356223322,3.0,18,3,4570.94,4488.69,0.2825531914893701,19.84000000000008,NONE,0.0,
2026-05-21 19:00:00,4511.93,4520.84,4511.93,4519.48,20855.0,4,0.0,8.909999999999854,7.549999999999272,0.15263748597088714,0.0,0.8473625140291129,7.549999999999272,19,3,4570.94,4488.69,0.3743465045592701,18.09214285714292,NONE,0.0,
2026-05-21 20:00:00,4519.48,4559.27,4514.18,4551.51,28534.0,4,0.0,45.090000000000146,32.030000000000655,0.17210024395653567,0.11754269239297528,0.710357063650489,32.030000000000655,20,3,4570.94,4488.69,0.7637689969604938,20.384285714285788,NONE,0.0,
2026-05-21 21:00:00,4551.51,4556.15,4527.42,4531.98,26414.0,4,0.0,28.729999999999563,19.530000000000655,0.1615036547163066,0.15871910894533797,0.6797772363383554,-19.530000000000655,21,3,4570.94,4488.69,0.5263221884498476,21.497142857142858,NONE,0.0,
2026-05-21 22:00:00,4531.98,4543.83,4529.83,4543.11,18793.0,4,0.0,14.0,11.13000000000011,0.05142857142858962,0.15357142857140257,0.7950000000000078,11.13000000000011,22,3,4570.94,4488.69,0.6616413373860192,20.92642857142859,NONE,0.0,
2026-05-22 01:00:00,4539.63,4545.69,4538.95,4543.38,7043.0,4,0.0,6.739999999999782,3.75,0.342729970326345,0.10089020771517998,0.556379821958475,0.27000000000043656,1,4,4570.94,4488.69,0.6649240121580609,19.897857142857188,NONE,0.0,
2026-05-22 02:00:00,4543.38,4545.17,4532.54,4535.44,8148.0,4,0.0,12.63000000000011,7.940000000000509,0.1417260490894654,0.22961203483765727,0.6286619160728774,-7.940000000000509,2,4,4564.88,4488.69,0.613597584984902,19.893571428571445,NONE,0.0,
2026-05-22 03:00:00,4535.45,4541.07,4525.64,4526.78,16416.0,4,0.0,15.429999999999382,8.670000000000073,0.364225534672723,0.0738820479584876,0.5618924173687894,-8.659999999999854,3,4,4559.27,4488.69,0.5396712949844105,19.678571428571363,NONE,0.0,
2026-05-22 04:00:00,4526.78,4536.31,4521.07,4526.31,24721.0,4,0.0,15.240000000000691,0.46999999999934516,0.6253280839895159,0.34383202099740506,0.030839895013078992,-0.46999999999934516,4,4,4559.27,4488.69,0.5330121847548931,19.68785714285715,NONE,0.0,
2026-05-22 05:00:00,4526.31,4529.37,4518.52,4523.06,17652.0,4,0.0,10.849999999999454,3.25,0.28202764976955247,0.41843317972352,0.2995391705069275,-3.25,5,4,4559.27,4488.69,0.48696514593369783,18.297857142857147,NONE,0.0,
2026-05-22 06:00:00,4523.07,4529.93,4519.19,4529.49,12837.0,4,0.0,10.740000000000691,6.420000000000073,0.04096834264436509,0.361266294227175,0.59776536312846,6.4299999999993815,6,4,4559.27,4488.69,0.5780674412014692,18.115714285714343,NONE,0.0,
2026-05-22 07:00:00,4529.49,4532.95,4525.48,4527.26,10203.0,4,0.0,7.470000000000255,2.2299999999995634,0.4631860776438981,0.2382864792504142,0.29852744310568774,-2.2299999999995634,7,4,4559.27,4488.69,0.5464720884103168,17.437857142857215,NONE,0.0,
2026-05-22 08:00:00,4527.22,4534.31,4507.54,4511.13,15158.0,4,0.0,26.770000000000437,16.090000000000146,0.2648487112439309,0.13410534180052622,0.6010459469555429,-16.13000000000011,8,4,4559.27,4488.69,0.3179370926608139,17.02928571428577,NONE,0.0,
2026-05-22 09:00:00,4511.14,4528.95,4510.07,4526.88,20025.0,4,0.0,18.88000000000011,15.739999999999782,0.10963983050845853,0.05667372881359175,0.8336864406779497,15.75,9,4,4559.27,4488.69,0.5410881269481448,17.151428571428628,NONE,0.0,
2026-05-22 10:00:00,4526.88,4527.47,4516.2,4521.96,15649.0,4,0.0,11.270000000000437,4.920000000000073,0.05235137533275268,0.5110913930789703,0.43655723158827703,-4.920000000000073,10,4,4559.27,4488.69,0.47137999433267275,16.625000000000064,NONE,0.0,
2026-05-22 11:00:00,4522.09,4531.23,4517.0,4521.88,17416.0,4,0.0,14.229999999999563,0.21000000000003638,0.6423049894588685,0.34293745607872517,0.014757554462406383,-0.07999999999992724,11,4,4559.27,4488.69,0.4702465287616905,17.005000000000045,NONE,0.0,
2026-05-22 12:00:00,4521.88,4536.14,4514.88,4532.28,15717.0,4,0.0,21.26000000000022,10.399999999999636,0.18156161806211393,0.3292568203198461,0.48918156161803994,10.399999999999636,12,4,4559.27,4488.69,0.6175970529895102,15.302857142857192,NONE,0.0,
2026-05-22 13:00:00,4532.28,4536.84,4510.36,4514.56,15731.0,4,0.0,26.480000000000473,17.719999999999345,0.17220543806647728,0.1586102719033479,0.6691842900301748,-17.719999999999345,13,4,4559.27,4488.69,0.3665344290167256,15.142142857142971,NONE,0.0,
2026-05-22 14:00:00,4514.56,4525.23,4511.53,4520.68,15255.0,4,0.0,13.699999999999818,6.119999999999891,0.3321167883211192,0.22116788321172956,0.44671532846715123,6.119999999999891,14,4,4559.27,4496.69,0.3833493128795201,15.120714285714387,NONE,0.0,
2026-05-22 15:00:00,4520.68,4535.94,4515.03,4528.2,24636.0,4,0.0,20.909999999999854,7.519999999999527,0.3701578192252432,0.2702056432329309,0.3596365375418259,7.519999999999527,15,4,4559.27,4496.69,0.5035155001597922,16.13285714285725,NONE,0.0,
2026-05-22 16:00:00,4528.14,4534.33,4510.36,4513.79,30981.0,4,0.0,23.970000000000255,14.350000000000364,0.2582394659991462,0.14309553608678577,0.598664997914068,-14.409999999999854,16,4,4559.27,4507.54,0.12081964044074894,16.94285714285726,NONE,0.0,
2026-05-22 17:00:00,4513.88,4513.88,4491.82,4500.65,30521.0,4,0.0,22.0600000000004,13.230000000000473,0.0,0.4002719854940964,0.5997280145059036,-13.140000000000327,17,4,4559.27,4491.82,0.13091178650852234,17.41642857142876,NONE,0.0,
2026-05-22 18:00:00,4500.65,4522.36,4500.29,4520.12,20782.0,4,0.0,22.06999999999971,19.470000000000255,0.10149524241050345,0.016311735387389094,0.8821930222021075,19.470000000000255,18,4,4556.15,4491.82,0.4399191667962104,17.904285714285834,NONE,0.0,
2026-05-22 19:00:00,4520.12,4526.82,4512.38,4514.94,16832.0,4,0.0,14.4399999999996,5.180000000000291,0.4639889196675903,0.17728531855952642,0.3587257617728833,-5.180000000000291,19,4,4545.69,4491.82,0.42918136253944567,18.160714285714416,NONE,0.0,
2026-05-22 20:00:00,4514.96,4527.9,4513.09,4519.27,19297.0,4,0.0,14.80999999999949,4.3100000000004,0.5827143821741726,0.1262660364618471,0.2910195813639803,4.330000000000837,20,4,4545.69,4491.82,0.5095600519769962,18.451428571428615,NONE,0.0,
2026-05-22 21:00:00,4519.32,4520.15,4511.96,4515.12,14245.0,4,0.0,8.1899999999996,4.199999999999818,0.10134310134309742,0.3858363858363869,0.5128205128205157,-4.150000000000546,21,4,4545.17,4491.82,0.4367385192127464,18.502857142857142,NONE,0.0,
2026-05-22 22:00:00,4515.15,4515.87,4504.29,4508.22,14871.0,4,0.0,11.579999999999927,6.9299999999993815,0.06217616580313119,0.33937823834199615,0.5984455958548727,-6.899999999999636,22,4,4541.07,4491.82,0.3329949238578791,17.417857142857105,NONE,0.0,
2026-05-25 01:00:00,4526.16,4565.56,4507.36,4564.97,19218.0,4,0.0,58.20000000000073,38.8100000000004,0.010137457044675913,0.32302405498281694,0.6668384879725071,56.75,1,0,4565.56,4491.82,0.9919989151071312,20.226428571428578,NONE,0.0,
2026-05-25 02:00:00,4564.97,4580.03,4564.95,4567.09,11741.0,4,0.0,15.079999999999927,2.119999999999891,0.8580901856763702,0.001326259946978558,0.14058355437665127,2.119999999999891,2,0,4580.03,4491.82,0.8533046139893482,20.4985714285714,NONE,0.0,
2026-05-25 03:00:00,4567.1,4579.62,4566.15,4569.49,15911.0,4,0.0,13.470000000000255,2.389999999999418,0.7520415738678484,0.07052709725320784,0.17743132887894378,2.399999999999636,3,0,4580.03,4491.82,0.8805124135585539,20.444285714285733,NONE,0.0,
2026-05-25 04:00:00,4569.49,4576.32,4560.23,4562.81,20547.0,4,0.0,16.090000000000146,6.6799999999993815,0.4244872591671762,0.16034804226232527,0.41516469857049854,-6.6799999999993815,4,0,4580.03,4491.82,0.8047840380909269,20.075000000000014,NONE,0.0,
2026-05-25 05:00:00,4562.81,4570.18,4558.96,4561.37,14747.0,4,0.0,11.220000000000255,1.4400000000005093,0.6568627450980146,0.2147950089126381,0.1283422459893473,-1.4400000000005093,5,0,4580.03,4491.82,0.7884593583493952,18.984999999999996,NONE,0.0,
2026-05-25 06:00:00,4561.37,4564.5,4556.73,4559.72,12539.0,4,0.0,7.770000000000437,1.6499999999996362,0.40283140283139424,0.3848133848134522,0.21235521235515362,-1.6499999999996362,6,0,4580.03,4491.82,0.7697539961455676,18.561428571428614,NONE,0.0,
2026-05-25 07:00:00,4559.72,4565.91,4559.36,4564.85,9148.0,4,0.0,6.550000000000182,5.130000000000109,0.16183206106862003,0.05496183206115604,0.783206106870224,5.130000000000109,7,0,4580.03,4491.82,0.8279106677247549,17.535714285714352,NONE,0.0,
2026-05-25 08:00:00,4564.85,4566.1,4551.94,4553.38,11603.0,4,0.0,14.160000000000764,11.470000000000255,0.08827683615818732,0.10169491525426777,0.8100282485875449,-11.470000000000255,8,0,4580.03,4491.82,0.6978800589502366,16.8350000000001,NONE,0.0,
2026-05-25 09:00:00,4553.38,4563.24,4550.47,4562.44,14721.0,4,0.0,12.769999999999527,9.05999999999949,0.06264682850432353,0.22787783868441364,0.7094753328112628,9.05999999999949,9,0,4580.03,4491.82,0.800589502323998,16.17142857142861,NONE,0.0,
2026-05-25 10:00:00,4562.47,4565.13,4552.52,4564.8,14566.0,4,0.0,12.609999999999673,2.3299999999999272,0.026169706582072627,0.7890563045202281,0.18477398889769928,2.360000000000582,10,0,4580.03,4491.82,0.827343838567061,15.495714285714323,NONE,0.0,
2026-05-25 11:00:00,4564.8,4565.01,4553.43,4556.15,10280.0,4,0.0,11.579999999999927,8.650000000000546,0.018134715025909992,0.23488773747835598,0.746977547495734,-8.650000000000546,11,0,4580.03,4491.82,0.729282394286361,15.29142857142863,NONE,0.0,
2026-05-25 12:00:00,4556.15,4569.11,4555.03,4567.64,9410.0,4,0.0,14.079999999999927,11.490000000000691,0.10440340909086313,0.0795454545454472,0.8160511363636896,11.490000000000691,12,0,4580.03,4491.82,0.8595397347239608,15.239285714285804,NONE,0.0,
2026-05-25 13:00:00,4567.64,4573.74,4567.62,4568.65,10122.0,4,0.0,6.119999999999891,1.0099999999993088,0.8316993464052673,0.0032679738562805417,0.1650326797384521,1.0099999999993088,13,0,4580.03,4491.82,0.8709896837093288,15.091428571428683,NONE,0.0,
2026-05-25 14:00:00,4568.8,4576.97,4567.63,4569.54,10063.0,4,0.0,9.340000000000146,0.7399999999997817,0.7955032119914535,0.12526766595289662,0.07922912205564991,0.8900000000003274,14,0,4580.03,4491.82,0.8810792427162478,14.931428571428699,NONE,0.0,
2026-05-25 15:00:00,4569.4,4570.25,4552.86,4567.7,14755.0,4,0.0,17.390000000000327,1.699999999999818,0.048878665899962495,0.8533640023001648,0.09775733179987268,-1.8400000000001455,15,0,4580.03,4500.29,0.8453724604966145,12.016428571428671,NONE,0.0,
2026-05-25 16:00:00,4567.69,4571.32,4560.13,4563.15,15126.0,4,0.0,11.1899999999996,4.539999999999964,0.3243967828418444,0.26988382484357776,0.4057193923145778,-4.550000000000182,16,0,4580.03,4504.29,0.7771322946923666,11.738571428571504,NONE,0.0,
2026-05-25 17:00:00,4563.16,4570.54,4562.42,4566.83,12947.0,4,0.0,8.11999999999989,3.6700000000000728,0.45689655172414856,0.09113300492608271,0.4519704433497687,3.680000000000291,17,0,4580.03,4504.29,0.8257195669395319,11.356428571428621,NONE,0.0,
2026-05-25 18:00:00,4566.75,4574.71,4565.65,4570.9,12560.0,4,0.0,9.0600000000004,4.149999999999636,0.4205298013245289,0.12141280353204362,0.45805739514342747,4.069999999999709,18,0,4580.03,4504.29,0.8794560337998397,10.854285714285782,NONE,0.0,
2026-05-25 19:00:00,4570.9,4574.65,4568.0,4573.6,8037.0,4,0.0,6.649999999999636,2.7000000000007276,0.1578947368420045,0.43609022556387894,0.4060150375941166,2.7000000000007276,19,0,4580.03,4504.29,0.915104304198582,10.527857142857167,NONE,0.0,
2026-05-25 20:00:00,4573.6,4577.98,4563.29,4565.12,7671.0,4,0.0,14.6899999999996,8.480000000000473,0.29816201497612793,0.12457454050374249,0.5772634445201296,-8.480000000000473,20,0,4580.03,4507.36,0.7948259254162675,11.022142857142821,NONE,0.0,
2026-05-25 21:00:00,4565.12,4571.45,4564.42,4569.39,2028.0,4,0.0,7.029999999999745,4.270000000000437,0.29302987197717856,0.09957325746797205,0.6073968705548494,4.270000000000437,21,0,4580.03,4550.47,0.640054127198931,11.056428571428503,NONE,0.0,
2026-05-26 01:00:00,4570.32,4576.6,4569.0,4574.86,7674.0,4,0.0,7.600000000000364,4.539999999999964,0.2289473684211326,0.17368421052626917,0.5973684210525982,5.469999999999345,1,1,4579.62,4550.47,0.8367066895368687,10.587857142857047,NONE,0.0,
2026-05-26 02:00:00,4574.86,4580.5,4554.99,4559.6,12880.0,4,0.0,25.51000000000022,15.259999999999309,0.2210897687181607,0.18071344570758693,0.5981967855742524,-15.259999999999309,2,1,4580.5,4550.47,0.3040293040293102,11.497857142857097,NONE,0.0,
2026-05-26 03:00:00,4559.6,4560.23,4539.42,4549.57,19307.0,4,0.0,20.80999999999949,10.030000000000655,0.03027390677555094,0.4877462758289229,0.4819798173955262,-10.030000000000655,3,1,4580.5,4539.42,0.24707887049658359,12.08357142857137,NONE,0.0,
2026-05-26 04:00:00,4549.57,4550.38,4527.62,4536.98,22928.0,4,0.0,22.76000000000022,12.590000000000146,0.0355887521968538,0.4112478031634263,0.5531634446397199,-12.590000000000146,4,1,4580.5,4527.62,0.17700453857790568,12.882142857142819,NONE,0.0,
2026-05-26 05:00:00,4536.98,4539.55,4530.15,4532.17,13136.0,4,0.0,9.400000000000546,4.809999999999491,0.2734042553191989,0.21489361702131057,0.5117021276594905,-4.809999999999491,5,1,4580.5,4527.62,0.08604387291982171,12.547857142857149,NONE,0.0,
2026-05-26 06:00:00,4532.17,4545.41,4532.03,4542.33,10182.0,4,0.0,13.38000000000011,10.159999999999854,0.23019431988041122,0.010463378176407046,0.7593423019431818,10.159999999999854,6,1,4580.5,4527.62,0.278177004538578,13.066428571428592,NONE,0.0,
2026-05-26 07:00:00,4542.35,4543.2,4523.54,4525.41,9694.0,4,0.0,19.659999999999854,16.94000000000051,0.04323499491350257,0.09511698880976117,0.8616480162767363,-16.920000000000073,7,1,4580.5,4523.54,0.032830056179773345,13.803571428571429,NONE,0.0,
2026-05-26 08:00:00,4525.43,4535.14,4522.87,4527.29,14084.0,4,0.0,12.270000000000437,1.8599999999996726,0.6397718011410012,0.20863895680524117,0.15158924205375765,1.8800000000001091,8,1,4580.5,4522.87,0.07669616519174154,13.437857142857151,NONE,0.0,
2026-05-26 09:00:00,4527.29,4536.18,4527.0,4531.0,14967.0,4,0.0,9.180000000000291,3.7100000000000364,0.5642701525054604,0.03159041394335015,0.4041394335511894,3.7100000000000364,9,1,4580.5,4522.87,0.14107235814680016,13.294285714285772,NONE,0.0,
2026-05-26 10:00:00,4531.0,4538.98,4521.67,4538.23,18386.0,4,0.0,17.30999999999949,7.229999999999563,0.043327556325824496,0.5389948006932526,0.41767764298092297,7.229999999999563,10,1,4580.5,4521.67,0.281489036206009,13.950714285714314,NONE,0.0,
2026-05-26 11:00:00,4538.24,4538.8,4520.17,4523.72,15457.0,4,0.0,18.63000000000011,14.519999999999527,0.03005904455181948,0.19055287171230065,0.7793880837358799,-14.509999999999309,11,1,4580.5,4520.17,0.058843030001660634,14.634285714285722,NONE,0.0,
2026-05-26 12:00:00,4523.72,4526.46,4512.08,4522.71,16001.0,4,0.0,14.38000000000011,1.0100000000002183,0.19054242002779978,0.739221140472881,0.07023643949931924,-1.0100000000002183,12,1,4580.5,4512.08,0.1553639286758272,15.186428571428612,NONE,0.0,
2026-05-26 13:00:00,4522.71,4540.53,4519.44,4534.52,16249.0,4,0.0,21.090000000000146,11.8100000000004,0.28496917970598706,0.15504978662875363,0.5599810336652593,11.8100000000004,13,1,4580.5,4512.08,0.3279742765273383,15.643571428571509,NONE,0.0,
2026-05-26 14:00:00,4534.73,4536.23,4503.67,4507.17,19677.0,4,0.0,32.55999999999949,27.55999999999949,0.04606879606879679,0.10749385749385917,0.846437346437344,-27.350000000000364,14,1,4580.5,4503.67,0.04555512169725372,17.46714285714292,NONE,0.0,
2026-05-26 15:00:00,4507.17,4523.79,4500.73,4520.43,20346.0,4,0.0,23.0600000000004,13.260000000000218,0.14570685169122352,0.27927146574156103,0.5750216825672154,13.260000000000218,15,1,4580.5,4500.73,0.24696001002884066,18.571428571428637,NONE,0.0,
2026-05-26 16:00:00,4520.43,4531.31,4512.24,4513.98,23869.0,4,0.0,19.07000000000062,6.450000000000728,0.5705296276874544,0.09124278972206215,0.3382275825904834,-6.450000000000728,16,1,4580.5,4500.73,0.1661025448163461,18.111428571428664,NONE,0.0,
2026-05-26 17:00:00,4513.99,4524.98,4507.73,4515.24,22890.0,4,0.0,17.25,1.25,0.5646376811594076,0.3628985507246503,0.07246376811594203,1.2600000000002183,17,1,4580.5,4500.73,0.18189795662529948,17.857142857142986,NONE,0.0,
2026-05-26 18:00:00,4515.29,4515.59,4502.33,4506.48,22059.0,4,0.0,13.260000000000218,8.8100000000004,0.022624434389153618,0.3129713423830745,0.6644042232277719,-8.760000000000218,18,1,4580.5,4500.73,0.07208223642973509,17.17857142857156,NONE,0.0,
2026-05-26 19:00:00,4506.53,4511.26,4499.78,4504.9,16067.0,4,0.0,11.480000000000473,1.6300000000001091,0.41202090592336915,0.44599303135885715,0.1419860627177737,-1.5799999999999272,19,1,4580.5,4499.78,0.06342913776015702,17.32714285714298,NONE,0.0,
2026-05-26 20:00:00,4504.9,4507.55,4490.07,4490.94,17437.0,4,0.0,17.480000000000473,13.960000000000036,0.1516018306636427,0.04977116704804733,0.79862700228831,-13.960000000000036,20,1,4580.5,4490.07,0.009620701094768197,17.62000000000015,NONE,0.0,
2026-05-26 21:00:00,4490.94,4499.65,4482.41,4499.32,14777.0,4,0.0,17.23999999999978,8.38000000000011,0.019141531322501824,0.4947795823665808,0.48607888631091734,8.38000000000011,21,1,4580.5,4482.41,0.17239270058109726,17.447142857143003,NONE,0.0,
2026-05-26 22:00:00,4499.32,4509.98,4497.72,4509.0,12002.0,4,0.0,12.259999999999309,9.680000000000291,0.0799347471451565,0.13050570962475894,0.7895595432300846,9.680000000000291,22,1,4560.23,4482.41,0.34168594191724805,17.446428571428637,NONE,0.0,
2026-05-27 01:00:00,4504.27,4538.08,4498.01,4510.94,12409.0,4,0.0,40.06999999999971,6.669999999999163,0.6773146992762796,0.15622660344397962,0.16645869727974075,1.9399999999995998,1,2,4550.38,4482.41,0.4197440047079541,19.652857142857165,NONE,0.0,
2026-05-27 02:00:00,4510.94,4527.91,4504.46,4519.73,11040.0,4,0.0,23.449999999999818,8.789999999999964,0.3488272921108893,0.27633262260126285,0.37484008528784785,8.789999999999964,2,2,4545.41,4482.41,0.5923809523809478,20.09142857142862,NONE,0.0,
2026-05-27 03:00:00,4519.73,4525.78,4514.05,4515.14,13251.0,4,0.0,11.729999999999563,4.589999999999236,0.5157715260017397,0.09292412617222388,0.3913043478260364,-4.589999999999236,3,2,4545.41,4482.41,0.519523809523817,19.598571428571436,NONE,0.0,
2026-05-27 04:00:00,4515.14,4521.14,4506.9,4507.9,15261.0,4,0.0,14.240000000000691,7.240000000000691,0.4213483146067211,0.07022471910112019,0.5084269662921587,-7.240000000000691,4,2,4543.2,4482.41,0.41931238690573774,19.588571428571477,NONE,0.0,
2026-05-27 05:00:00,4507.97,4509.58,4498.11,4505.76,12766.0,4,0.0,11.470000000000255,2.2100000000000364,0.14036617262420548,0.6669572798605384,0.1926765475152561,-2.139999999999418,5,2,4540.53,4482.41,0.40175498967653833,18.901428571428628,NONE,0.0,
2026-05-27 06:00:00,4505.76,4511.91,4496.63,4497.11,9684.0,4,0.0,15.279999999999745,8.650000000000546,0.4024869109947473,0.03141361256541698,0.5660994764398357,-8.650000000000546,6,2,4540.53,4482.41,0.2529249827942162,17.66714285714293,NONE,0.0,
2026-05-27 07:00:00,4497.09,4517.29,4495.82,4510.16,10623.0,4,0.0,21.470000000000255,13.069999999999709,0.33209129017233463,0.059152305542637236,0.6087564042850281,13.050000000000182,7,2,4540.53,4482.41,0.47746042670337324,17.553571428571495,NONE,0.0,
2026-05-27 08:00:00,4510.24,4513.95,4491.78,4497.53,17517.0,4,0.0,22.170000000000073,12.710000000000036,0.16734325665313596,0.25935949481280923,0.5732972485340548,-12.63000000000011,8,2,4540.53,4482.41,0.2601514108740523,17.775000000000027,NONE,0.0,
2026-05-27 09:00:00,4497.48,4499.23,4479.95,4485.24,19023.0,4,0.0,19.279999999999745,12.239999999999782,0.09076763485477299,0.2743775933609976,0.6348547717842294,-12.289999999999964,9,2,4540.53,4479.95,0.08732254869593876,17.92000000000001,NONE,0.0,
2026-05-27 10:00:00,4485.23,4489.17,4475.72,4482.01,15542.0,4,0.0,13.449999999999818,3.219999999999345,0.29293680297401953,0.46765799256505935,0.2394052044609211,-3.2299999999995634,10,2,4540.53,4475.72,0.09705292393149226,17.93357142857141,NONE,0.0,
2026-05-27 11:00:00,4482.01,4498.76,4481.52,4497.86,14416.0,4,0.0,17.23999999999978,15.849999999999454,0.05220417633413904,0.028422273781890252,0.9193735498839707,15.849999999999454,11,2,4538.08,4475.72,0.3550352790250086,18.34499999999993,NONE,0.0,
2026-05-27 12:00:00,4497.86,4497.86,4487.05,4490.21,10798.0,4,0.0,10.80999999999949,7.649999999999636,0.0,0.29232192414431113,0.7076780758556889,-7.649999999999636,12,2,4538.08,4475.72,0.23236048749197977,17.86857142857129,NONE,0.0,
2026-05-27 13:00:00,4490.21,4490.71,4442.77,4445.76,19819.0,4,0.0,47.9399999999996,44.44999999999982,0.01042970379641227,0.062369628702540814,0.9272006675010469,-44.44999999999982,13,2,4538.08,4442.77,0.031371314657431516,20.06142857142842,NONE,0.0,
2026-05-27 14:00:00,4445.76,4453.25,4424.99,4428.49,21587.0,4,0.0,28.26000000000022,17.270000000000437,0.2650389242745833,0.12384996461429487,0.6111111111111218,-17.270000000000437,14,2,4538.08,4424.99,0.03094880183924304,21.204285714285625,NONE,0.0,
2026-05-27 15:00:00,4428.45,4466.63,4427.44,4438.89,26083.0,4,0.0,39.19000000000051,10.44000000000051,0.7078336310283088,0.0257718805817863,0.2663944883899049,10.400000000000546,15,2,4538.08,4424.99,0.12291095587585577,21.14142857142854,NONE,0.0,
2026-05-27 16:00:00,4438.89,4439.05,4401.52,4427.49,32451.0,4,0.0,37.529999999999745,11.400000000000546,0.004263256061813364,0.6919797495336936,0.303756994404493,-11.400000000000546,16,2,4538.08,4401.52,0.1901728178090176,22.14714285714282,BUY,75.0,buy_002
2026-05-27 17:00:00,4427.5,4455.51,4426.06,4433.97,27584.0,4,0.0,29.449999999999818,6.470000000000255,0.7314091680814974,0.048896434634961246,0.21969439728354143,6.480000000000473,17,2,4538.08,4401.52,0.2376244874048033,23.412857142857124,NONE,0.0,
2026-05-27 18:00:00,4433.97,4441.55,4428.15,4436.49,19831.0,4,0.0,13.400000000000546,2.519999999999527,0.37761194029852196,0.4343283582089837,0.18805970149249437,2.519999999999527,18,2,4538.08,4401.52,0.25607791446982625,23.352857142857115,NONE,0.0,
2026-05-27 19:00:00,4436.51,4453.29,4434.17,4450.85,14219.0,4,0.0,19.11999999999989,14.340000000000146,0.12761506276148607,0.12238493723850204,0.7500000000000119,14.360000000000582,19,2,4538.08,4401.52,0.3612331575864097,23.89928571428566,NONE,0.0,
2026-05-27 20:00:00,4450.85,4454.31,4441.47,4450.34,14207.0,4,0.0,12.840000000000146,0.5100000000002183,0.26947040498442343,0.6908099688473357,0.039719626168240846,-0.5100000000002183,20,2,4538.08,4401.52,0.35749853544229565,23.724999999999973,NONE,0.0,
2026-05-27 21:00:00,4450.34,4458.54,4447.7,4454.36,10402.0,4,0.0,10.840000000000146,4.019999999999527,0.38560885608858253,0.24354243542438117,0.37084870848703627,4.019999999999527,21,2,4527.91,4401.52,0.4180710499248317,22.965714285714252,NONE,0.0,
2026-05-27 22:00:00,4454.36,4454.81,4448.82,4450.95,10051.0,4,0.0,5.990000000000691,3.4099999999998545,0.07512520868124803,0.3555926544240173,0.5692821368947347,-3.4099999999998545,22,2,4525.78,4401.52,0.3977949460807956,21.81000000000001,NONE,0.0,
2026-05-28 01:00:00,4453.3,4465.16,4450.79,4457.32,6757.0,4,0.0,14.36999999999989,4.019999999999527,0.5455810716771193,0.1746694502435795,0.2797494780793012,6.369999999999891,1,3,4521.14,4401.52,0.466477177729471,21.459285714285734,NONE,0.0,
2026-05-28 02:00:00,4457.32,4457.7,4443.95,4447.08,10190.0,4,0.0,13.75,10.239999999999782,0.027636363636371574,0.22763636363637157,0.7447272727272568,-10.239999999999782,2,3,4517.29,4401.52,0.39353891336269914,21.48071428571432,NONE,0.0,
2026-05-28 03:00:00,4447.1,4457.91,4443.86,4457.08,14487.0,4,0.0,14.050000000000182,9.979999999999563,0.05907473309607947,0.2306049822064519,0.7103202846974687,10.0,3,3,4517.29,4401.52,0.47991707696294134,21.252857142857206,NONE,0.0,
2026-05-28 04:00:00,4457.08,4458.74,4406.97,4409.95,22644.0,4,0.0,51.76999999999953,47.13000000000011,0.03206490245315568,0.057562294765300184,0.9103728027815441,-47.13000000000011,4,3,4517.29,4401.52,0.07281679191499885,24.178571428571495,BUY,75.0,buy_002
2026-05-28 05:00:00,4409.99,4412.51,4392.59,4394.32,19483.0,4,0.0,19.920000000000073,15.670000000000073,0.126506024096407,0.0868473895582107,0.7866465863453823,-15.63000000000011,5,3,4513.95,4392.59,0.01425510876730033,22.177142857142957,BUY,75.0,buy_002
2026-05-28 06:00:00,4394.32,4397.87,4368.4,4374.82,20393.0,4,0.0,29.470000000000255,19.5,0.12046148625721585,0.2178486596538859,0.6616898540888982,-19.5,6,3,4499.23,4368.4,0.04907131391882654,22.26357142857153,NONE,0.0,
2026-05-28 07:00:00,4374.78,4381.98,4366.52,4373.0,18161.0,4,0.0,15.459999999999127,1.7799999999997453,0.4657179818887597,0.41914618369986606,0.11513583441137425,-1.819999999999709,7,3,4498.76,4366.52,0.04900181488202945,20.56857142857143,NONE,0.0,
2026-05-28 08:00:00,4373.02,4395.78,4367.14,4388.01,17804.0,4,0.0,28.639999999999418,14.989999999999782,0.2712988826815532,0.2053072625698404,0.5233938547486063,15.010000000000218,8,3,4498.76,4366.52,0.16250756200846805,19.93357142857141,NONE,0.0,
2026-05-28 09:00:00,4388.01,4390.66,4374.27,4383.52,16541.0,4,0.0,16.389999999999418,4.489999999999782,0.1616839536302459,0.5643685173886717,0.27394752898108243,-4.489999999999782,9,3,4497.86,4366.52,0.12943505405817038,19.000714285714235,NONE,0.0,
2026-05-28 10:00:00,4383.55,4396.31,4382.86,4387.56,15191.0,4,0.0,13.450000000000728,4.010000000000218,0.6505576208178087,0.05130111524167078,0.29814126394052054,4.039999999999964,10,3,4490.71,4366.52,0.16941782752234505,19.00428571428568,NONE,0.0,
2026-05-28 11:00:00,4387.56,4394.98,4385.88,4386.9,15357.0,4,0.0,9.099999999999454,0.660000000000764,0.8153846153845723,0.11208791208786684,0.07252747252756082,-0.660000000000764,11,3,4466.63,4366.52,0.20357606632703293,18.288571428571363,NONE,0.0,
2026-05-28 12:00:00,4386.9,4398.91,4386.43,4393.59,14955.0,4,0.0,12.479999999999563,6.690000000000509,0.4262820512820429,0.037660256410205255,0.5360576923077519,6.690000000000509,12,3,4466.63,4366.52,0.27040255718709216,18.262857142857033,NONE,0.0,
2026-05-28 13:00:00,4393.59,4404.14,4375.36,4382.97,16429.0,4,0.0,28.780000000000655,10.61999999999989,0.3665740097289764,0.2644197359277418,0.36900625434328177,-10.61999999999989,13,3,4465.16,4366.52,0.1667680454176796,19.544285714285643,NONE,0.0,
2026-05-28 14:00:00,4382.97,4390.49,4381.05,4387.96,16436.0,4,0.0,9.4399999999996,4.989999999999782,0.2680084745762556,0.2033898305084909,0.5286016949152536,4.989999999999782,14,3,4465.16,4366.52,0.21735604217355764,19.790714285714134,NONE,0.0,
2026-05-28 15:00:00,4387.96,4433.91,4379.6,4432.21,21069.0,4,0.0,54.30999999999949,44.25,0.03130178604308293,0.15393113607070064,0.8147670778862165,44.25,15,3,4465.16,4366.52,0.66595701540957,22.64357142857125,NONE,0.0,
2026-05-28 16:00:00,4432.23,4439.16,4418.19,4430.54,27181.0,4,0.0,20.970000000000255,1.6899999999995998,0.3304721030043017,0.5889365760610498,0.0805913209346485,-1.6700000000000728,16,3,4465.16,4366.52,0.6490267639902667,23.159285714285552,NONE,0.0,
2026-05-28 17:00:00,4430.48,4480.48,4420.78,4469.38,34753.0,4,0.0,59.69999999999982,38.900000000000546,0.18592964824119745,0.16247906197654685,0.6515912897822557,38.840000000000146,17,3,4480.48,4366.52,0.9025974025974066,26.419999999999813,NONE,0.0,
2026-05-28 18:00:00,4469.39,4484.95,4468.7,4482.33,22193.0,4,0.0,16.25,12.9399999999996,0.16123076923076252,0.0424615384615698,0.7963076923076677,12.949999999999818,18,3,4484.95,4366.52,0.9778772270539567,23.882857142856988,NONE,0.0,
2026-05-28 19:00:00,4482.33,4511.02,4477.89,4510.98,20589.0,4,0.0,33.13000000000011,28.649999999999636,0.0012073649260752484,0.1340175067914152,0.8647751282825096,28.649999999999636,19,3,4511.02,4366.52,0.9997231833909974,24.82642857142842,NONE,0.0,
2026-05-28 20:00:00,4510.98,4514.54,4501.19,4508.91,15642.0,4,0.0,13.350000000000364,2.069999999999709,0.26666666666668937,0.5782771535580558,0.15505617977525488,-2.069999999999709,20,3,4514.54,4366.52,0.9619645993784615,23.67499999999986,NONE,0.0,
2026-05-28 21:00:00,4508.91,4516.54,4498.58,4501.07,15403.0,4,0.0,17.960000000000036,7.8400000000001455,0.42483296213808985,0.13864142538974258,0.4365256124721676,-7.8400000000001455,21,3,4516.54,4366.52,0.8968804159445387,23.85357142857135,NONE,0.0,
2026-05-28 22:00:00,4501.07,4503.74,4497.13,4497.96,11517.0,4,0.0,6.609999999999673,3.1099999999996726,0.4039334341906513,0.12556732223902697,0.47049924357032175,-3.1099999999996726,22,3,4516.54,4366.52,0.8761498466871085,22.27999999999994,NONE,0.0,
2026-05-29 01:00:00,4492.98,4498.94,4488.5,4491.07,7825.0,4,0.0,10.4399999999996,1.9099999999998545,0.5708812260536652,0.2461685823754605,0.1829501915708743,-6.890000000000327,1,4,4516.54,4366.52,0.8302226369817335,21.854999999999954,NONE,0.0,
2026-05-29 02:00:00,4491.07,4497.03,4489.03,4495.13,8707.0,4,0.0,8.0,4.0600000000004,0.23749999999995453,0.25499999999999545,0.50750000000005,4.0600000000004,2,4,4516.54,4366.52,0.8572856952406351,21.46571428571419,NONE,0.0,
2026-05-29 03:00:00,4495.13,4500.54,4492.27,4496.12,14842.0,4,0.0,8.269999999999527,0.9899999999997817,0.534461910519991,0.34582829504230184,0.11970979443770717,0.9899999999997817,3,4,4516.54,4366.52,0.8638848153579514,21.406428571428478,NONE,0.0,
2026-05-29 04:00:00,4496.12,4520.64,4492.41,4506.47,21741.0,4,0.0,28.230000000000473,10.350000000000364,0.5019482819695301,0.13142047467233348,0.3666312433581364,10.350000000000364,4,4,4520.64,4366.52,0.9080586555930439,22.531428571428542,NONE,0.0,
2026-05-29 05:00:00,4506.47,4511.19,4498.43,4501.79,14706.0,4,0.0,12.759999999999309,4.680000000000291,0.3699059561128214,0.2633228840125278,0.3667711598746508,-4.680000000000291,5,4,4520.64,4367.14,0.8771986970684016,21.38714285714273,NONE,0.0,
2026-05-29 06:00:00,4501.79,4502.08,4494.87,4501.3,14049.0,4,0.0,7.210000000000036,0.4899999999997817,0.040221914008316526,0.8918169209431704,0.06796116504851307,-0.4899999999997817,6,4,4520.64,4374.27,0.8678690988590547,21.22785714285705,NONE,0.0,
2026-05-29 07:00:00,4501.31,4514.83,4501.05,4514.18,10818.0,4,0.0,13.779999999999745,12.86999999999989,0.047169811320729185,0.018867924528318075,0.9339622641509527,12.88000000000011,7,4,4520.64,4375.36,0.9555341409691629,18.33285714285707,NONE,0.0,
2026-05-29 08:00:00,4514.17,4515.69,4502.7,4514.95,12398.0,4,0.0,12.989999999999782,0.7799999999997453,0.05696689761353304,0.8829869130100422,0.06004618937642482,0.7699999999995271,8,4,4520.64,4375.36,0.9608342511013183,17.762857142857033,NONE,0.0,
2026-05-29 09:00:00,4514.95,4524.08,4510.03,4523.7,18870.0,4,0.0,14.050000000000182,8.75,0.027046263345203148,0.3501779359430611,0.6227758007117357,8.75,9,4,4524.08,4375.36,0.9974448628294775,14.502142857142774,NONE,0.0,
2026-05-29 10:00:00,4523.7,4526.21,4510.75,4524.66,16991.0,4,0.0,15.460000000000036,0.9600000000000364,0.10025873221217195,0.8376455368693265,0.06209573091850156,0.9600000000000364,10,4,4526.21,4375.36,0.9897248922770953,14.445714285714205,NONE,0.0,
2026-05-29 11:00:00,4524.66,4524.72,4509.92,4514.84,15225.0,4,0.0,14.800000000000182,9.819999999999709,0.004054054054081043,0.33243243243243326,0.6635135135134856,-9.819999999999709,11,4,4526.21,4379.6,0.9224473091876413,13.136428571428496,NONE,0.0,
2026-05-29 12:00:00,4514.85,4539.53,4513.2,4531.14,16475.0,4,0.0,26.329999999999927,16.289999999999964,0.3186479301177152,0.06266616027347323,0.6186859096088115,16.300000000000182,12,4,4539.53,4379.6,0.9475395485524951,14.063571428571322,NONE,0.0,
2026-05-29 13:00:00,4531.23,4543.44,4525.58,4538.61,16297.0,4,0.0,17.859999999999673,7.380000000000109,0.2704367301231812,0.31634938409852964,0.41321388577828916,7.469999999999345,13,4,4543.44,4418.19,0.9614371257485036,14.05642857142844,NONE,0.0,
2026-05-29 14:00:00,4538.61,4540.46,4525.95,4538.44,15869.0,4,0.0,14.510000000000218,0.17000000000007276,0.1274982770503333,0.8607856650585523,0.011716057891114419,-0.17000000000007276,14,4,4543.44,4420.78,0.959236915049731,14.620714285714191,NONE,0.0,
2026-05-29 15:00:00,4538.44,4538.56,4512.74,4522.97,20872.0,4,0.0,25.82000000000062,15.469999999999345,0.00464756003101462,0.3962044926413721,0.5991479473276132,-15.469999999999345,15,4,4543.44,4468.7,0.7261172063152341,15.719285714285693,NONE,0.0,
2026-05-29 16:00:00,4523.1,4540.74,4517.11,4536.8,26588.0,4,0.0,23.63000000000011,13.699999999999818,0.1667371984764952,0.25349132458741697,0.5797714769360878,13.829999999999927,16,4,4543.44,4477.89,0.8987032799389857,16.83571428571427,NONE,0.0,
2026-05-29 17:00:00,4536.79,4570.48,4525.5,4564.22,31167.0,4,0.0,44.97999999999956,27.43000000000029,0.13917296576254712,0.2510004446420648,0.6098265895953882,27.420000000000073,17,4,4570.48,4488.5,0.9236399121737089,19.457857142857133,SELL,60.0,sell_012
2026-05-29 18:00:00,4564.11,4595.18,4557.77,4571.14,30771.0,4,0.0,37.409999999999854,7.030000000000655,0.642608928094094,0.16947340283344722,0.18791766907245877,6.920000000000073,18,4,4595.18,4488.5,0.7746531683539567,20.113571428571372,SELL,60.0,sell_012
2026-05-29 19:00:00,4571.14,4573.51,4560.11,4566.96,18623.0,4,0.0,13.400000000000546,4.180000000000291,0.1768656716417757,0.5111940298507526,0.3119402985074717,-4.180000000000291,19,4,4595.18,4488.5,0.7354705661792259,20.159285714285748,SELL,60.0,sell_012
2026-05-29 20:00:00,4566.96,4568.61,4551.64,4553.45,17219.0,4,0.0,16.969999999999345,13.510000000000218,0.09723040659986446,0.10665880966408724,0.7961107837360483,-13.510000000000218,20,4,4595.18,4488.5,0.6088301462317177,20.856428571428555,SELL,60.0,sell_012
2026-05-29 21:00:00,4553.45,4561.74,4550.88,4553.43,15395.0,4,0.0,10.859999999999673,0.019999999999527063,0.7633517495396145,0.23480662983427797,0.00184162062610752,-0.019999999999527063,21,4,4595.18,4489.03,0.6066886481394274,20.647857142857124,NONE,0.0,
2026-05-29 22:00:00,4553.24,4560.18,4542.98,4545.6,13925.0,4,0.0,17.200000000000728,7.639999999999418,0.4034883720930358,0.15232558139538893,0.4441860465115753,-7.829999999999927,22,4,4595.18,4492.27,0.5182198037119814,20.948571428571476,NONE,0.0,
2026-06-01 01:00:00,4535.56,4540.35,4509.54,4535.27,11563.0,4,0.0,30.8100000000004,0.2899999999999636,0.1554690035702662,0.8351184680298649,0.009412528399868869,-10.329999999999927,1,0,4595.18,4492.41,0.4170477765885025,22.520714285714348,NONE,0.0,
2026-06-01 02:00:00,4535.27,4545.74,4535.08,4539.57,10348.0,4,0.0,10.659999999999854,4.299999999999272,0.5787992495309716,0.017823639774907307,0.40337711069412113,4.299999999999272,2,0,4595.18,4494.87,0.44561858239457325,22.177857142857192,NONE,0.0,
2026-06-01 03:00:00,4539.57,4546.06,4535.28,4540.67,14064.0,4,0.0,10.780000000000655,1.1000000000003638,0.5,0.39795918367344185,0.10204081632655816,1.1000000000003638,3,0,4595.18,4494.87,0.4565845877778885,21.89071428571437,NONE,0.0,
2026-06-01 04:00:00,4540.76,4541.25,4523.74,4525.48,18078.0,4,0.0,17.51000000000022,15.280000000000655,0.027984009137622824,0.09937178754995774,0.8726442033124194,-15.19000000000051,4,0,4595.18,4501.05,0.2595346860724461,21.26071428571439,NONE,0.0,
2026-06-01 05:00:00,4525.48,4534.47,4521.16,4521.42,14600.0,4,0.0,13.3100000000004,4.059999999999491,0.67543200601055,0.019534184823456834,0.30503380916599315,-4.059999999999491,5,0,4595.18,4502.7,0.20242214532872144,20.935714285714443,NONE,0.0,
2026-06-01 06:00:00,4521.42,4525.51,4509.84,4516.25,13191.0,4,0.0,15.670000000000073,5.170000000000073,0.2610082961072193,0.4090619017230265,0.3299298021697542,-5.170000000000073,6,0,4595.18,4509.54,0.07835123773937425,21.018571428571573,NONE,0.0,
2026-06-01 07:00:00,4516.25,4519.65,4508.59,4514.47,8696.0,4,0.0,11.05999999999949,1.7799999999997453,0.3074141048824406,0.5316455696202875,0.1609403254972719,-1.7799999999997453,7,0,4595.18,4508.59,0.06790622473726873,19.96428571428578,NONE,0.0,
2026-06-01 08:00:00,4514.5,4525.18,4512.73,4518.3,13047.0,4,0.0,12.450000000000728,3.800000000000182,0.5526104417670448,0.14216867469882194,0.3052208835341333,3.8299999999999272,8,0,4595.18,4508.59,0.11213766023790299,19.165714285714394,NONE,0.0,
2026-06-01 09:00:00,4518.3,4518.81,4500.34,4501.71,16912.0,4,0.0,18.470000000000255,16.590000000000146,0.027612344342187938,0.07417433676231033,0.8982133188955017,-16.590000000000146,9,0,4595.18,4500.34,0.014445381695485964,17.272142857143017,NONE,0.0,
2026-06-01 10:00:00,4501.69,4509.99,4492.51,4503.09,15869.0,4,0.0,17.479999999999563,1.4000000000005457,0.39473684210525223,0.5251716247139365,0.08009153318081125,1.3800000000001091,10,0,4595.18,4492.51,0.10304860231810577,15.848571428571566,NONE,0.0,
2026-06-01 11:00:00,4503.11,4504.5,4490.58,4498.13,15064.0,4,0.0,13.920000000000073,4.979999999999563,0.09985632183910347,0.5423850574712746,0.35775862068962194,-4.960000000000036,11,0,4595.18,4490.58,0.07217973231357701,15.88571428571439,NONE,0.0,
2026-06-01 12:00:00,4498.12,4506.28,4489.24,4496.01,14598.0,4,0.0,17.039999999999964,2.1099999999996726,0.4788732394366122,0.39730046948359454,0.12382629107979326,-2.119999999999891,12,0,4595.18,4489.24,0.06390409665848974,15.890714285714434,NONE,0.0,
2026-06-01 13:00:00,4496.01,4510.96,4496.01,4503.96,12504.0,4,0.0,14.949999999999818,7.949999999999818,0.46822742474916956,0.0,0.5317725752508304,7.949999999999818,13,0,4595.18,4489.24,0.13894657353218975,16.1828571428573,NONE,0.0,
2026-06-01 14:00:00,4503.96,4512.92,4499.83,4505.83,12720.0,4,0.0,13.090000000000146,1.8699999999998909,0.5416348357524879,0.31550802139037915,0.14285714285713294,1.8699999999998909,14,0,4595.18,4489.24,0.15659807438172613,15.889285714285831,NONE,0.0,
2026-06-01 15:00:00,4505.83,4510.45,4497.43,4502.25,16659.0,4,0.0,13.019999999999527,3.5799999999999272,0.35483870967742387,0.37019969278032905,0.2749615975422471,-3.5799999999999272,15,0,4595.18,4489.24,0.1228053615253932,14.243571428571483,NONE,0.0,
2026-06-01 16:00:00,4502.25,4503.89,4448.95,4450.19,33738.0,4,0.0,54.94000000000051,52.0600000000004,0.0298507462686624,0.022570076447028943,0.9475791772843086,-52.0600000000004,16,0,4573.51,4448.95,0.009955041746947477,17.406428571428673,NONE,0.0,
