time,open,high,low,close,tick_volume,spread,real_volume
2026-03-23 17:20:00,4397.93,4402.65,4388.5,4397.87,2501,15,0
2026-03-23 17:25:00,4398.44,4413.78,4398.44,4405.54,2332,15,0
2026-03-23 17:30:00,4405.5,4431.11,4404.19,4428.7,2312,15,0
2026-03-23 17:35:00,4428.7,4438.89,4428.15,4431.31,2273,15,0
2026-03-23 17:40:00,4430.95,4431.33,4419.25,4420.56,2085,15,0
2026-03-23 17:45:00,4420.5,4422.37,4404.7,4408.77,1980,15,0
2026-03-23 17:50:00,4408.68,4424.78,4407.0,4424.37,1973,15,0
2026-03-23 17:55:00,4424.37,4429.65,4419.67,4426.16,2063,15,0
2026-03-23 18:00:00,4426.3,4426.91,4417.9,4423.58,2197,15,0
2026-03-23 18:05:00,4423.58,4429.09,4402.53,4417.52,2406,15,0
2026-03-23 18:10:00,4417.37,4429.0,4417.06,4421.32,2325,15,0
2026-03-23 18:15:00,4421.26,4421.87,4409.83,4415.14,2048,15,0
2026-03-23 18:20:00,4415.14,4417.15,4410.31,4414.5,1978,15,0
2026-03-23 18:25:00,4414.42,4430.77,4414.31,4426.17,2053,15,0
2026-03-23 18:30:00,4426.06,4444.48,4425.62,4443.83,2083,15,0
2026-03-23 18:35:00,4444.28,4454.75,4442.23,4447.47,2202,15,0
2026-03-23 18:40:00,4447.56,4462.16,4446.06,4461.86,2094,15,0
2026-03-23 18:45:00,4461.85,4467.17,4456.99,4466.65,1890,15,0
2026-03-23 18:50:00,4466.63,4466.63,4446.3,4454.45,1977,15,0
2026-03-23 18:55:00,4454.46,4457.09,4448.35,4448.98,1549,15,0
2026-03-23 19:00:00,4448.84,4450.52,4435.85,4436.55,1909,15,0
2026-03-23 19:05:00,4436.59,4440.21,4429.57,4437.59,1954,15,0
2026-03-23 19:10:00,4437.69,4437.85,4403.06,4407.06,1772,15,0
2026-03-23 19:15:00,4407.06,4411.48,4396.71,4405.1,2205,15,0
2026-03-23 19:20:00,4405.06,4405.17,4393.16,4402.53,2155,15,0
2026-03-23 19:25:00,4402.57,4414.73,4400.06,4410.73,1986,15,0
2026-03-23 19:30:00,4410.73,4415.62,4403.24,4409.86,1873,15,0
2026-03-23 19:35:00,4409.86,4413.9,4405.41,4410.06,1833,15,0
2026-03-23 19:40:00,4410.11,4415.5,4402.26,4415.5,1912,15,0
2026-03-23 19:45:00,4416.16,4427.57,4414.59,4418.5,2067,15,0
2026-03-23 19:50:00,4418.87,4418.87,4403.61,4409.29,2164,15,0
2026-03-23 19:55:00,4409.05,4409.45,4397.41,4398.42,2338,15,0
2026-03-23 20:00:00,4397.88,4400.48,4382.73,4392.59,1873,15,0
2026-03-23 20:05:00,4392.25,4399.61,4390.63,4399.48,1085,28,0
2026-03-23 20:10:00,4399.38,4407.72,4397.09,4403.82,920,28,0
2026-03-23 20:15:00,4403.8,4413.18,4403.79,4405.19,925,28,0
2026-03-23 20:20:00,4405.19,4409.3,4405.19,4408.08,694,28,0
2026-03-23 20:25:00,4408.08,4409.6,4403.65,4407.16,537,28,0
2026-03-23 20:30:00,4407.12,4407.57,4401.0,4403.21,627,28,0
2026-03-23 20:35:00,4403.18,4406.18,4395.84,4404.63,773,28,0
2026-03-23 20:40:00,4404.65,4411.24,4400.98,4410.69,816,28,0
2026-03-23 20:45:00,4410.79,4412.76,4410.11,4412.12,799,28,0
2026-03-23 20:50:00,4412.2,4412.69,4405.71,4407.75,838,28,0
2026-03-23 20:55:00,4407.75,4407.84,4404.91,4406.46,633,28,0
2026-03-23 22:00:00,4418.31,4419.82,4382.05,4382.32,681,28,0
2026-03-23 22:05:00,4382.47,4386.06,4360.76,4384.09,1125,28,0
2026-03-23 22:10:00,4384.03,4402.73,4377.64,4398.23,1013,28,0
2026-03-23 22:15:00,4398.23,4403.9,4389.33,4403.45,863,28,0
2026-03-23 22:20:00,4403.25,4408.63,4397.33,4399.19,1037,28,0
2026-03-23 22:25:00,4399.16,4415.05,4398.45,4414.44,990,28,0
2026-03-23 22:30:00,4414.28,4414.96,4398.39,4403.51,928,28,0
2026-03-23 22:35:00,4403.51,4416.98,4403.32,4412.12,946,28,0
2026-03-23 22:40:00,4412.12,4412.12,4405.52,4409.07,627,28,0
2026-03-23 22:45:00,4409.0,4413.89,4406.51,4413.58,502,28,0
2026-03-23 22:50:00,4413.58,4431.19,4412.37,4429.35,1089,28,0
2026-03-23 22:55:00,4429.35,4429.78,4421.0,4426.79,772,28,0
2026-03-23 23:00:00,4426.79,4428.83,4423.4,4426.18,921,28,0
2026-03-23 23:05:00,4426.25,4437.08,4425.19,4432.73,1158,28,0
2026-03-23 23:10:00,4432.74,4437.45,4429.88,4435.63,1157,15,0
2026-03-23 23:15:00,4435.58,4444.43,4435.3,4436.75,1027,15,0
2026-03-23 23:20:00,4436.75,4444.1,4433.62,4444.06,642,15,0
2026-03-23 23:25:00,4444.06,4448.09,4440.51,4441.76,1070,15,0
2026-03-23 23:30:00,4441.76,4444.43,4437.67,4444.07,544,15,0
2026-03-23 23:35:00,4444.07,4444.7,4427.03,4428.49,1092,14,0
2026-03-23 23:40:00,4428.51,4432.35,4422.09,4430.97,1181,15,0
2026-03-23 23:45:00,4430.94,4440.39,4422.22,4439.99,1448,15,0
2026-03-23 23:50:00,4439.99,4446.25,4438.55,4444.14,851,15,0
2026-03-23 23:55:00,4444.14,4444.53,4434.99,4441.18,969,15,0
2026-03-24 00:00:00,4441.0,4446.76,4427.61,4430.61,1503,15,0
2026-03-24 00:05:00,4430.53,4436.4,4428.24,4433.58,1448,15,0
2026-03-24 00:10:00,4433.51,4436.36,4420.21,4422.1,1309,15,0
2026-03-24 00:15:00,4422.1,4423.43,4401.73,4411.74,1907,15,0
2026-03-24 00:20:00,4411.72,4412.0,4403.3,4405.92,1727,15,0
2026-03-24 00:25:00,4405.93,4409.04,4368.99,4378.08,1788,15,0
2026-03-24 00:30:00,4378.12,4387.43,4356.71,4371.16,1861,15,0
2026-03-24 00:35:00,4371.69,4377.22,4338.63,4349.47,1883,15,0
2026-03-24 00:40:00,4352.71,4353.04,4331.55,4344.69,2222,15,0
2026-03-24 00:45:00,4344.73,4370.55,4343.32,4366.68,2116,15,0
2026-03-24 00:50:00,4366.66,4386.83,4365.56,4381.75,1797,15,0
2026-03-24 00:55:00,4381.85,4386.23,4363.32,4364.78,1896,15,0
2026-03-24 01:00:00,4364.61,4374.28,4354.22,4356.22,2243,15,0
2026-03-24 01:05:00,4356.14,4364.95,4342.85,4343.3,2225,15,0
2026-03-24 01:10:00,4343.39,4362.53,4328.51,4331.25,2141,15,0
2026-03-24 01:15:00,4331.14,4348.99,4331.03,4346.51,2264,15,0
2026-03-24 01:20:00,4346.51,4362.37,4346.46,4360.69,2204,15,0
2026-03-24 01:25:00,4360.62,4369.01,4353.24,4354.78,2286,15,0
2026-03-24 01:30:00,4354.77,4361.81,4349.49,4360.8,2144,15,0
2026-03-24 01:35:00,4360.8,4368.54,4351.17,4351.31,2235,15,0
2026-03-24 01:40:00,4351.31,4353.22,4321.94,4321.94,2256,15,0
2026-03-24 01:45:00,4321.78,4328.47,4308.88,4314.79,2292,15,0
2026-03-24 01:50:00,4314.82,4331.84,4314.17,4326.3,2302,15,0
2026-03-24 01:55:00,4326.3,4331.24,4319.67,4322.01,2321,15,0
2026-03-24 02:00:00,4322.11,4336.39,4314.34,4332.95,2326,15,0
2026-03-24 02:05:00,4333.08,4333.08,4318.95,4322.34,2268,15,0
2026-03-24 02:10:00,4322.18,4323.96,4305.9,4312.44,2204,15,0
2026-03-24 02:15:00,4312.46,4321.31,4310.47,4314.14,1827,15,0
2026-03-24 02:20:00,4314.14,4349.33,4312.78,4335.9,2204,15,0
2026-03-24 02:25:00,4335.95,4354.03,4334.65,4351.94,2134,15,0
2026-03-24 02:30:00,4351.96,4371.36,4345.73,4370.71,2483,15,0
2026-03-24 02:35:00,4370.71,4373.44,4359.73,4361.47,2218,15,0
2026-03-24 02:40:00,4361.47,4369.44,4352.95,4366.84,2215,15,0
2026-03-24 02:45:00,4366.71,4379.51,4363.22,4363.74,2086,15,0
2026-03-24 02:50:00,4363.78,4363.9,4351.83,4359.45,2197,15,0
2026-03-24 02:55:00,4359.64,4366.92,4356.19,4366.15,2053,15,0
2026-03-24 03:00:00,4366.15,4368.03,4350.2,4352.22,2112,15,0
2026-03-24 03:05:00,4352.2,4361.68,4350.15,4352.5,1979,15,0
2026-03-24 03:10:00,4352.44,4361.44,4352.2,4358.29,1761,15,0
2026-03-24 03:15:00,4358.3,4365.98,4357.8,4358.54,1762,15,0
2026-03-24 03:20:00,4358.54,4368.21,4358.07,4362.08,1644,15,0
2026-03-24 03:25:00,4362.25,4367.3,4355.81,4364.48,1890,15,0
2026-03-24 03:30:00,4364.49,4364.89,4346.9,4347.02,1810,15,0
2026-03-24 03:35:00,4347.03,4352.4,4338.85,4342.24,1749,15,0
2026-03-24 03:40:00,4342.24,4346.77,4338.67,4341.68,1037,15,0
2026-03-24 03:45:00,4341.63,4343.43,4335.29,4340.14,1359,15,0
2026-03-24 03:50:00,4340.14,4344.2,4336.92,4341.75,1088,15,0
2026-03-24 03:55:00,4341.75,4349.81,4337.51,4347.39,1338,15,0
2026-03-24 04:00:00,4347.39,4353.53,4346.55,4352.31,1358,15,0
2026-03-24 04:05:00,4352.34,4357.28,4347.61,4351.9,1267,15,0
2026-03-24 04:10:00,4351.9,4352.95,4347.77,4349.98,987,15,0
2026-03-24 04:15:00,4349.98,4350.56,4330.03,4330.11,1494,15,0
2026-03-24 04:20:00,4330.13,4335.36,4326.57,4332.0,1551,15,0
2026-03-24 04:25:00,4332.0,4342.06,4331.19,4339.78,1506,15,0
2026-03-24 04:30:00,4339.78,4344.28,4336.08,4343.01,1347,15,0
2026-03-24 04:35:00,4343.04,4345.89,4338.44,4343.49,917,15,0
2026-03-24 04:40:00,4343.49,4348.14,4340.67,4340.92,1008,15,0
2026-03-24 04:45:00,4340.92,4349.3,4340.04,4346.39,951,15,0
2026-03-24 04:50:00,4346.2,4348.46,4343.33,4348.11,1016,15,0
2026-03-24 04:55:00,4348.11,4348.11,4332.09,4333.56,1396,15,0
2026-03-24 05:00:00,4333.5,4338.14,4327.98,4328.1,1553,15,0
2026-03-24 05:05:00,4328.08,4328.09,4320.06,4326.2,1726,15,0
2026-03-24 05:10:00,4326.15,4345.53,4324.88,4335.29,1688,15,0
2026-03-24 05:15:00,4335.3,4346.7,4334.89,4342.07,1841,15,0
2026-03-24 05:20:00,4342.07,4346.24,4339.34,4339.77,1557,15,0
2026-03-24 05:25:00,4339.77,4342.61,4333.89,4335.17,1180,15,0
2026-03-24 05:30:00,4335.1,4336.6,4321.53,4332.75,2244,15,0
2026-03-24 05:35:00,4332.77,4344.89,4331.25,4338.35,2093,15,0
2026-03-24 05:40:00,4338.29,4373.2,4338.1,4358.23,2204,15,0
2026-03-24 05:45:00,4358.39,4368.89,4353.86,4363.36,1935,15,0
2026-03-24 05:50:00,4363.35,4368.93,4352.21,4352.21,1932,15,0
2026-03-24 05:55:00,4352.18,4355.93,4343.69,4347.25,1911,15,0
2026-03-24 06:00:00,4347.29,4361.57,4343.01,4357.82,2246,15,0
2026-03-24 06:05:00,4357.82,4370.55,4354.2,4369.3,2154,15,0
2026-03-24 06:10:00,4369.24,4375.0,4362.77,4366.63,2041,15,0
2026-03-24 06:15:00,4366.57,4375.28,4358.92,4373.73,1999,15,0
2026-03-24 06:20:00,4373.78,4391.68,4366.34,4385.65,2100,15,0
2026-03-24 06:25:00,4385.55,4396.85,4382.57,4387.15,2304,15,0
2026-03-24 06:30:00,4386.89,4393.36,4381.46,4385.09,2146,15,0
2026-03-24 06:35:00,4385.12,4392.31,4379.03,4392.31,2055,15,0
2026-03-24 06:40:00,4392.33,4397.33,4374.61,4377.52,2141,15,0
2026-03-24 06:45:00,4377.53,4381.57,4373.03,4377.89,2060,15,0
2026-03-24 06:50:00,4377.92,4391.14,4377.05,4389.99,1761,15,0
2026-03-24 06:55:00,4389.94,4405.38,4388.37,4402.28,2049,15,0
2026-03-24 07:00:00,4402.22,4414.9,4400.04,4408.62,2104,15,0
2026-03-24 07:05:00,4408.62,4415.72,4406.72,4415.23,1950,15,0
2026-03-24 07:10:00,4415.2,4425.44,4414.95,4424.92,2042,15,0
2026-03-24 07:15:00,4424.93,4425.26,4419.66,4423.02,2065,15,0
2026-03-24 07:20:00,4422.94,4424.54,4408.67,4412.33,1981,15,0
2026-03-24 07:25:00,4412.31,4416.56,4405.92,4412.65,1704,15,0
2026-03-24 07:30:00,4412.48,4412.48,4402.16,4409.96,1748,15,0
2026-03-24 07:35:00,4410.01,4410.01,4401.61,4409.18,1488,15,0
2026-03-24 07:40:00,4409.18,4411.35,4400.11,4408.61,1527,15,0
2026-03-24 07:45:00,4408.74,4425.29,4401.97,4422.15,1807,15,0
2026-03-24 07:50:00,4422.09,4431.98,4419.52,4421.37,1889,15,0
2026-03-24 07:55:00,4421.34,4425.57,4415.01,4417.44,1751,15,0
2026-03-24 08:00:00,4417.3,4417.3,4402.39,4407.52,2212,15,0
2026-03-24 08:05:00,4407.51,4418.35,4406.54,4412.57,1895,15,0
2026-03-24 08:10:00,4412.57,4421.22,4409.81,4414.63,1782,15,0
2026-03-24 08:15:00,4414.48,4417.75,4402.17,4405.23,1846,15,0
2026-03-24 08:20:00,4405.23,4406.88,4394.27,4394.73,1815,15,0
2026-03-24 08:25:00,4394.75,4398.26,4391.18,4396.9,1637,14,0
2026-03-24 08:30:00,4396.91,4404.88,4391.89,4398.72,1447,15,0
2026-03-24 08:35:00,4398.72,4405.14,4396.93,4397.39,1289,15,0
2026-03-24 08:40:00,4397.4,4405.86,4396.43,4400.53,1571,15,0
2026-03-24 08:45:00,4400.53,4410.97,4398.61,4409.45,1548,15,0
2026-03-24 08:50:00,4409.42,4414.21,4400.65,4412.3,2094,15,0
2026-03-24 08:55:00,4412.3,4414.52,4403.9,4412.03,1802,15,0
2026-03-24 09:00:00,4412.1,4419.36,4407.98,4412.86,1854,15,0
2026-03-24 09:05:00,4412.86,4414.5,4402.42,4404.97,1712,15,0
2026-03-24 09:10:00,4404.97,4408.9,4397.55,4399.14,1546,15,0
2026-03-24 09:15:00,4399.14,4415.18,4396.14,4413.87,1495,15,0
2026-03-24 09:20:00,4413.88,4415.11,4408.12,4409.47,1421,14,0
2026-03-24 09:25:00,4409.41,4410.98,4406.51,4407.41,997,15,0
2026-03-24 09:30:00,4407.41,4412.9,4405.3,4411.46,1159,15,0
2026-03-24 09:35:00,4411.46,4418.17,4410.47,4417.98,1235,15,0
2026-03-24 09:40:00,4418.06,4421.2,4415.08,4415.92,1409,15,0
2026-03-24 09:45:00,4415.94,4420.63,4414.85,4417.35,1132,15,0
2026-03-24 09:50:00,4417.43,4418.49,4412.07,4417.84,1135,15,0
2026-03-24 09:55:00,4417.86,4430.84,4417.14,4426.33,1367,15,0
2026-03-24 10:00:00,4426.41,4428.06,4415.17,4422.08,1452,15,0
2026-03-24 10:05:00,4422.08,4429.4,4418.49,4428.18,1516,15,0
2026-03-24 10:10:00,4428.18,4431.04,4423.56,4426.1,1228,15,0
2026-03-24 10:15:00,4426.1,4433.07,4425.52,4429.74,1225,15,0
2026-03-24 10:20:00,4429.74,4431.99,4424.43,4426.25,1187,15,0
2026-03-24 10:25:00,4426.25,4427.15,4421.6,4422.41,1213,15,0
2026-03-24 10:30:00,4422.38,4422.41,4415.16,4416.65,1344,15,0
2026-03-24 10:35:00,4416.69,4425.7,4414.8,4424.3,1281,15,0
2026-03-24 10:40:00,4424.39,4427.98,4421.72,4427.44,1614,15,0
2026-03-24 10:45:00,4427.76,4429.44,4418.85,4419.72,1366,15,0
2026-03-24 10:50:00,4419.84,4432.44,4419.37,4429.1,1301,15,0
2026-03-24 10:55:00,4429.33,4441.86,4426.06,4438.67,1801,15,0
2026-03-24 11:00:00,4438.8,4442.25,4378.07,4409.28,2029,15,0
2026-03-24 11:05:00,4409.26,4418.61,4399.81,4413.41,2213,15,0
2026-03-24 11:10:00,4413.41,4421.77,4406.57,4419.84,1798,15,0
2026-03-24 11:15:00,4419.82,4420.65,4403.61,4415.15,1845,15,0
2026-03-24 11:20:00,4415.25,4420.58,4412.13,4416.08,1523,15,0
2026-03-24 11:25:00,4416.08,4416.09,4407.78,4413.28,1429,15,0
2026-03-24 11:30:00,4413.28,4427.91,4411.5,4427.88,1268,15,0
2026-03-24 11:35:00,4427.89,4431.55,4423.03,4425.19,1344,15,0
2026-03-24 11:40:00,4425.16,4426.94,4421.13,4421.96,1120,15,0
2026-03-24 11:45:00,4422.03,4427.7,4418.55,4424.47,1295,15,0
2026-03-24 11:50:00,4424.47,4424.57,4390.65,4400.67,1909,15,0
2026-03-24 11:55:00,4400.78,4409.21,4397.24,4408.09,2157,15,0
2026-03-24 12:00:00,4408.09,4417.55,4404.79,4406.47,1902,15,0
2026-03-24 12:05:00,4406.41,4413.31,4404.97,4412.64,1739,15,0
2026-03-24 12:10:00,4412.67,4422.52,4408.59,4420.45,1654,15,0
2026-03-24 12:15:00,4420.45,4427.54,4417.69,4425.25,1602,15,0
2026-03-24 12:20:00,4425.25,4425.25,4398.57,4401.0,1890,15,0
2026-03-24 12:25:00,4400.97,4408.97,4395.77,4402.6,1759,15,0
2026-03-24 12:30:00,4402.6,4406.75,4373.95,4383.41,2157,15,0
2026-03-24 12:35:00,4383.31,4389.18,4362.51,4364.98,2139,15,0
2026-03-24 12:40:00,4365.11,4375.88,4362.48,4369.66,2177,15,0
2026-03-24 12:45:00,4369.63,4386.88,4369.08,4383.57,2176,15,0
2026-03-24 12:50:00,4383.56,4390.7,4376.94,4383.47,1999,15,0
2026-03-24 12:55:00,4383.41,4389.23,4377.83,4379.11,1764,15,0
2026-03-24 13:00:00,4379.04,4389.82,4370.51,4382.18,2303,15,0
2026-03-24 13:05:00,4382.24,4384.82,4364.66,4368.84,2393,15,0
2026-03-24 13:10:00,4368.8,4382.13,4364.0,4378.14,2161,15,0
2026-03-24 13:15:00,4378.16,4383.7,4371.19,4373.11,2167,15,0
2026-03-24 13:20:00,4373.12,4379.59,4370.61,4372.66,2015,15,0
2026-03-24 13:25:00,4372.38,4378.82,4359.5,4359.55,2023,15,0
2026-03-24 13:30:00,4360.03,4370.52,4353.49,4360.12,2654,15,0
2026-03-24 13:35:00,4360.16,4364.62,4352.33,4356.02,2660,15,0
2026-03-24 13:40:00,4355.97,4362.12,4352.16,4356.61,2318,15,0
2026-03-24 13:45:00,4356.61,4366.06,4352.11,4355.31,2335,15,0
2026-03-24 13:50:00,4354.7,4378.31,4354.06,4366.72,2578,15,0
2026-03-24 13:55:00,4367.01,4383.65,4367.0,4381.74,2584,15,0
2026-03-24 14:00:00,4381.72,4396.3,4381.03,4396.23,2594,15,0
2026-03-24 14:05:00,4396.69,4397.94,4385.8,4397.94,2426,15,0
2026-03-24 14:10:00,4397.82,4404.64,4384.37,4395.17,2559,15,0
2026-03-24 14:15:00,4395.07,4400.28,4388.98,4398.24,2464,15,0
2026-03-24 14:20:00,4398.32,4408.68,4397.41,4407.05,2504,15,0
2026-03-24 14:25:00,4407.0,4415.1,4402.13,4409.26,2518,15,0
2026-03-24 14:30:00,4409.06,4417.02,4400.57,4415.43,2421,15,0
2026-03-24 14:35:00,4415.4,4417.5,4404.52,4407.65,2554,15,0
2026-03-24 14:40:00,4407.57,4420.4,4406.45,4412.45,2230,15,0
2026-03-24 14:45:00,4412.34,4420.66,4404.05,4404.46,2400,15,0
2026-03-24 14:50:00,4404.55,4433.53,4401.44,4425.16,2523,15,0
2026-03-24 14:55:00,4425.3,4428.88,4405.84,4415.98,2589,15,0
2026-03-24 15:00:00,4416.1,4420.65,4404.32,4411.44,2656,15,0
2026-03-24 15:05:00,4411.45,4414.31,4401.61,4402.64,2532,15,0
2026-03-24 15:10:00,4402.69,4412.58,4396.3,4411.42,2397,15,0
2026-03-24 15:15:00,4411.4,4415.11,4405.56,4408.99,2297,15,0
2026-03-24 15:20:00,4408.99,4414.67,4403.44,4414.08,2332,15,0
2026-03-24 15:25:00,4414.17,4420.23,4411.59,4412.94,1787,15,0
2026-03-24 15:30:00,4412.93,4418.84,4410.06,4416.29,2091,15,0
2026-03-24 15:35:00,4416.29,4427.38,4414.59,4423.33,1847,15,0
2026-03-24 15:40:00,4423.28,4429.1,4422.25,4424.49,1854,15,0
2026-03-24 15:45:00,4424.53,4430.79,4420.12,4429.33,2055,15,0
2026-03-24 15:50:00,4429.26,4430.59,4418.71,4419.19,1619,15,0
2026-03-24 15:55:00,4419.16,4419.61,4409.42,4411.48,2035,15,0
2026-03-24 16:00:00,4411.47,4413.78,4404.57,4406.81,2298,15,0
2026-03-24 16:05:00,4406.78,4413.45,4402.73,4412.45,1951,15,0
2026-03-24 16:10:00,4412.45,4414.51,4407.74,4414.39,1567,15,0
2026-03-24 16:15:00,4414.31,4425.38,4411.54,4424.38,1780,15,0
2026-03-24 16:20:00,4424.43,4424.68,4419.13,4423.47,1561,15,0
2026-03-24 16:25:00,4423.47,4425.52,4419.26,4421.01,1582,15,0
2026-03-24 16:30:00,4421.04,4424.04,4416.32,4419.1,1614,14,0
2026-03-24 16:35:00,4418.82,4419.31,4408.73,4409.96,1691,15,0
2026-03-24 16:40:00,4409.74,4424.53,4408.61,4424.5,1727,15,0
2026-03-24 16:45:00,4424.5,4427.41,4418.51,4423.09,1653,15,0
2026-03-24 16:50:00,4423.1,4426.38,4420.56,4420.66,1509,15,0
2026-03-24 16:55:00,4420.75,4424.37,4418.61,4421.45,1524,15,0
2026-03-24 17:00:00,4421.43,4426.37,4408.34,4408.94,1677,15,0
2026-03-24 17:05:00,4408.76,4408.76,4390.48,4392.06,2703,15,0
2026-03-24 17:10:00,4392.02,4398.83,4388.43,4397.55,2522,15,0
2026-03-24 17:15:00,4397.55,4402.37,4394.22,4399.85,2468,15,0
2026-03-24 17:20:00,4399.9,4405.51,4397.94,4401.25,2313,15,0
2026-03-24 17:25:00,4401.3,4405.84,4398.85,4400.05,2285,15,0
2026-03-24 17:30:00,4400.0,4400.0,4382.03,4383.34,2028,15,0
2026-03-24 17:35:00,4383.24,4386.15,4375.62,4382.87,1966,15,0
2026-03-24 17:40:00,4382.9,4387.62,4375.22,4378.28,1789,15,0
2026-03-24 17:45:00,4378.47,4387.68,4372.5,4384.84,1824,15,0
2026-03-24 17:50:00,4384.66,4389.18,4381.47,4385.34,1975,15,0
2026-03-24 17:55:00,4385.38,4394.64,4382.94,4388.68,2457,15,0
2026-03-24 18:00:00,4388.67,4392.81,4383.98,4389.48,2272,15,0
2026-03-24 18:05:00,4389.46,4392.44,4385.9,4386.36,2176,15,0
2026-03-24 18:10:00,4386.29,4393.99,4384.22,4389.75,2110,15,0
2026-03-24 18:15:00,4389.66,4399.61,4387.56,4398.21,2130,15,0
2026-03-24 18:20:00,4398.32,4406.26,4397.18,4406.08,2103,15,0
2026-03-24 18:25:00,4406.08,4409.95,4404.87,4407.33,2091,15,0
2026-03-24 18:30:00,4407.34,4423.39,4407.15,4414.42,2230,15,0
2026-03-24 18:35:00,4414.42,4422.44,4413.7,4420.2,1694,15,0
2026-03-24 18:40:00,4420.21,4420.75,4394.53,4400.05,2122,15,0
2026-03-24 18:45:00,4399.98,4401.08,4391.36,4396.5,1841,14,0
2026-03-24 18:50:00,4396.39,4401.71,4395.22,4399.58,1835,15,0
2026-03-24 18:55:00,4399.56,4399.56,4384.77,4389.67,1671,15,0
2026-03-24 19:00:00,4389.47,4400.17,4388.76,4399.34,1607,15,0
2026-03-24 19:05:00,4399.34,4405.15,4396.44,4404.58,1358,15,0
2026-03-24 19:10:00,4404.55,4406.02,4402.97,4404.54,1323,15,0
2026-03-24 19:15:00,4404.56,4408.54,4400.05,4408.0,1298,15,0
2026-03-24 19:20:00,4408.01,4409.11,4405.26,4408.18,1114,15,0
2026-03-24 19:25:00,4408.15,4411.28,4406.64,4407.25,1171,15,0
2026-03-24 19:30:00,4407.31,4407.41,4401.43,4402.81,1578,15,0
2026-03-24 19:35:00,4402.81,4403.51,4396.61,4397.75,1427,15,0
2026-03-24 19:40:00,4397.75,4404.01,4395.25,4401.4,1419,15,0
2026-03-24 19:45:00,4401.49,4401.86,4397.9,4399.95,1384,15,0
2026-03-24 19:50:00,4400.05,4404.63,4396.62,4402.21,1389,15,0
2026-03-24 19:55:00,4402.23,4403.57,4397.79,4400.28,1595,15,0
2026-03-24 20:00:00,4399.84,4404.24,4398.86,4399.45,656,15,0
2026-03-24 20:05:00,4399.45,4401.1,4397.58,4399.02,465,28,0
2026-03-24 20:10:00,4399.02,4402.07,4397.72,4400.87,493,28,0
2026-03-24 20:15:00,4400.88,4410.12,4399.04,4409.68,568,28,0
2026-03-24 20:20:00,4409.69,4466.98,4409.11,4464.26,2131,28,0
2026-03-24 20:25:00,4464.28,4484.3,4449.39,4455.76,2176,28,0
2026-03-24 20:30:00,4455.76,4466.29,4447.46,4458.49,2159,28,0
2026-03-24 20:35:00,4458.5,4472.61,4454.87,4472.09,2072,28,0
2026-03-24 20:40:00,4472.33,4472.63,4448.06,4459.59,2141,28,0
2026-03-24 20:45:00,4460.16,4466.72,4456.52,4466.06,1737,28,0
2026-03-24 20:50:00,4465.91,4481.4,4464.3,4480.96,1572,28,0
2026-03-24 20:55:00,4480.96,4481.2,4473.52,4474.2,1200,28,0
2026-03-24 22:00:00,4477.49,4479.59,4468.09,4479.08,612,28,0
2026-03-24 22:05:00,4479.07,4485.29,4474.98,4484.49,825,28,0
2026-03-24 22:10:00,4484.46,4484.92,4478.03,4483.39,763,28,0
2026-03-24 22:15:00,4483.34,4484.64,4476.18,4483.62,1018,28,0
2026-03-24 22:20:00,4483.64,4485.0,4477.6,4478.43,676,28,0
2026-03-24 22:25:00,4478.43,4478.64,4468.06,4470.25,1131,28,0
2026-03-24 22:30:00,4470.25,4470.45,4455.72,4463.05,1431,28,0
2026-03-24 22:35:00,4463.04,4469.87,4462.38,4464.81,670,28,0
2026-03-24 22:40:00,4464.68,4470.1,4464.55,4468.72,677,28,0
2026-03-24 22:45:00,4468.72,4479.44,4467.0,4476.05,1081,28,0
2026-03-24 22:50:00,4476.0,4476.17,4469.25,4471.86,746,28,0
2026-03-24 22:55:00,4471.86,4484.76,4471.04,4484.62,814,28,0
2026-03-24 23:00:00,4484.64,4485.07,4471.5,4474.95,1003,28,0
2026-03-24 23:05:00,4474.96,4484.56,4474.92,4480.5,868,28,0
2026-03-24 23:10:00,4480.63,4484.91,4479.66,4484.76,797,15,0
2026-03-24 23:15:00,4484.76,4499.59,4483.18,4498.43,1090,15,0
2026-03-24 23:20:00,4498.45,4502.68,4496.05,4502.18,1077,15,0
2026-03-24 23:25:00,4502.18,4510.16,4499.8,4510.16,1167,15,0
2026-03-24 23:30:00,4510.16,4512.32,4505.29,4506.3,1161,15,0
2026-03-24 23:35:00,4506.26,4545.07,4504.69,4545.07,1561,15,0
2026-03-24 23:40:00,4546.34,4546.34,4531.97,4539.89,1369,15,0
2026-03-24 23:45:00,4539.94,4550.21,4532.36,4550.21,1323,15,0
2026-03-24 23:50:00,4550.21,4551.17,4536.51,4543.93,1220,15,0
2026-03-24 23:55:00,4543.93,4550.71,4542.68,4546.95,1204,15,0
2026-03-25 00:00:00,4546.95,4553.85,4537.65,4553.38,1637,15,0
2026-03-25 00:05:00,4553.32,4554.72,4541.54,4548.55,1393,15,0
2026-03-25 00:10:00,4548.62,4554.66,4548.53,4550.48,1237,15,0
2026-03-25 00:15:00,4550.41,4551.5,4538.63,4546.23,1388,15,0
2026-03-25 00:20:00,4546.14,4547.98,4540.7,4541.57,1134,15,0
2026-03-25 00:25:00,4542.93,4556.75,4541.92,4553.53,1221,15,0
2026-03-25 00:30:00,4553.6,4561.09,4546.65,4559.73,1370,15,0
2026-03-25 00:35:00,4559.85,4567.44,4559.42,4566.68,1212,15,0
2026-03-25 00:40:00,4566.81,4570.23,4565.24,4567.82,1088,15,0
2026-03-25 00:45:00,4567.82,4572.08,4563.52,4565.74,1172,15,0
2026-03-25 00:50:00,4565.73,4569.83,4561.85,4569.31,1034,15,0
2026-03-25 00:55:00,4569.29,4569.29,4562.25,4563.34,1010,15,0
2026-03-25 01:00:00,4563.35,4570.4,4552.73,4564.43,2247,15,0
2026-03-25 01:05:00,4564.17,4576.64,4563.49,4576.4,1599,15,0
2026-03-25 01:10:00,4576.48,4578.84,4570.04,4570.65,1536,15,0
2026-03-25 01:15:00,4570.54,4575.78,4568.09,4575.66,1613,15,0
2026-03-25 01:20:00,4575.66,4578.49,4571.79,4574.02,1333,15,0
2026-03-25 01:25:00,4574.02,4578.54,4572.9,4575.71,1375,15,0
2026-03-25 01:30:00,4575.71,4585.57,4574.51,4584.82,1573,15,0
2026-03-25 01:35:00,4584.82,4590.33,4584.17,4588.54,1332,15,0
2026-03-25 01:40:00,4588.56,4591.4,4584.28,4585.12,1505,15,0
2026-03-25 01:45:00,4585.12,4597.05,4583.62,4596.53,1344,15,0
2026-03-25 01:50:00,4596.41,4601.18,4593.71,4598.52,1395,15,0
2026-03-25 01:55:00,4598.51,4600.86,4594.64,4595.19,1405,15,0
2026-03-25 02:00:00,4595.19,4596.42,4585.86,4589.53,1618,15,0
2026-03-25 02:05:00,4589.46,4592.98,4581.64,4581.74,1320,15,0
2026-03-25 02:10:00,4581.72,4587.94,4579.92,4585.68,1444,15,0
2026-03-25 02:15:00,4585.65,4588.25,4584.59,4587.54,886,15,0
2026-03-25 02:20:00,4587.54,4591.91,4585.16,4586.87,989,15,0
2026-03-25 02:25:00,4586.87,4592.96,4585.57,4587.16,931,15,0
2026-03-25 02:30:00,4587.16,4588.15,4581.25,4587.01,1458,15,0
2026-03-25 02:35:00,4587.01,4597.26,4585.86,4592.51,1188,15,0
2026-03-25 02:40:00,4592.51,4597.52,4591.31,4593.73,1163,15,0
2026-03-25 02:45:00,4593.73,4602.31,4589.98,4590.74,1351,15,0
2026-03-25 02:50:00,4590.74,4593.2,4584.33,4586.8,1267,15,0
2026-03-25 02:55:00,4586.8,4587.43,4581.86,4583.9,1040,15,0
2026-03-25 03:00:00,4583.88,4586.35,4573.4,4575.61,1119,15,0
2026-03-25 03:05:00,4575.6,4582.63,4574.34,4575.52,1287,15,0
2026-03-25 03:10:00,4575.52,4580.27,4573.33,4576.6,1111,15,0
2026-03-25 03:15:00,4576.6,4578.39,4571.84,4576.03,1005,15,0
2026-03-25 03:20:00,4576.0,4577.74,4572.77,4577.45,993,15,0
2026-03-25 03:25:00,4577.45,4579.74,4575.35,4575.56,884,15,0
2026-03-25 03:30:00,4575.52,4577.04,4571.0,4573.4,857,15,0
2026-03-25 03:35:00,4573.4,4577.97,4571.62,4574.09,769,15,0
2026-03-25 03:40:00,4574.09,4574.09,4569.6,4569.78,634,15,0
2026-03-25 03:45:00,4569.78,4573.85,4568.14,4569.51,799,15,0
2026-03-25 03:50:00,4569.51,4574.19,4567.98,4573.07,731,15,0
2026-03-25 03:55:00,4573.07,4573.6,4567.74,4570.19,675,15,0
2026-03-25 04:00:00,4570.19,4574.27,4565.84,4573.47,771,15,0
2026-03-25 04:05:00,4573.47,4574.46,4568.44,4571.48,426,15,0
2026-03-25 04:10:00,4571.48,4574.52,4570.11,4574.18,457,15,0
2026-03-25 04:15:00,4574.23,4574.65,4573.2,4573.96,505,15,0
2026-03-25 04:20:00,4573.96,4574.78,4570.97,4572.68,614,15,0
2026-03-25 04:25:00,4572.68,4574.6,4572.48,4574.46,407,15,0
2026-03-25 04:30:00,4574.46,4574.55,4570.95,4571.25,463,15,0
2026-03-25 04:35:00,4571.25,4574.41,4566.43,4572.11,573,15,0
2026-03-25 04:40:00,4572.11,4573.46,4569.42,4569.65,451,15,0
2026-03-25 04:45:00,4569.65,4571.39,4568.08,4570.35,495,15,0
2026-03-25 04:50:00,4570.45,4572.17,4569.66,4570.04,363,15,0
2026-03-25 04:55:00,4570.23,4573.89,4570.23,4572.84,483,15,0
2026-03-25 05:00:00,4573.12,4573.33,4567.57,4569.33,650,15,0
2026-03-25 05:05:00,4569.33,4573.55,4566.98,4572.03,613,15,0
2026-03-25 05:10:00,4572.03,4572.27,4568.6,4571.69,519,15,0
2026-03-25 05:15:00,4571.69,4571.82,4563.88,4564.92,748,15,0
2026-03-25 05:20:00,4564.9,4565.67,4560.52,4563.02,758,15,0
2026-03-25 05:25:00,4563.08,4563.08,4554.02,4555.16,822,15,0
2026-03-25 05:30:00,4555.15,4559.36,4549.4,4553.05,1669,15,0
2026-03-25 05:35:00,4553.03,4559.91,4551.61,4559.32,1153,15,0
2026-03-25 05:40:00,4559.32,4567.13,4557.27,4567.02,1163,15,0
2026-03-25 05:45:00,4566.82,4567.1,4559.26,4559.26,958,15,0
2026-03-25 05:50:00,4559.26,4564.63,4555.76,4559.07,1071,15,0
2026-03-25 05:55:00,4559.07,4559.53,4553.75,4555.96,1227,15,0
2026-03-25 06:00:00,4555.98,4557.13,4546.74,4550.51,1209,15,0
2026-03-25 06:05:00,4550.51,4552.14,4539.11,4540.74,1344,15,0
2026-03-25 06:10:00,4540.64,4546.88,4532.82,4534.44,1477,15,0
2026-03-25 06:15:00,4534.26,4549.94,4534.25,4549.09,1204,15,0
2026-03-25 06:20:00,4549.09,4552.47,4547.41,4551.21,1109,15,0
2026-03-25 06:25:00,4551.21,4552.46,4548.37,4550.43,1120,15,0
2026-03-25 06:30:00,4550.62,4556.86,4550.45,4553.47,1010,15,0
2026-03-25 06:35:00,4553.46,4553.62,4546.36,4546.64,758,15,0
2026-03-25 06:40:00,4546.67,4548.96,4544.3,4546.69,1057,15,0
2026-03-25 06:45:00,4546.6,4550.88,4543.78,4547.65,929,15,0
2026-03-25 06:50:00,4547.84,4550.41,4546.56,4548.12,901,15,0
2026-03-25 06:55:00,4548.22,4549.81,4543.28,4545.47,904,15,0
2026-03-25 07:00:00,4545.16,4550.44,4544.75,4548.74,965,15,0
2026-03-25 07:05:00,4548.76,4552.35,4548.21,4551.15,762,15,0
2026-03-25 07:10:00,4551.2,4559.06,4549.72,4556.56,958,15,0
2026-03-25 07:15:00,4556.56,4562.48,4556.33,4562.22,860,15,0
2026-03-25 07:20:00,4562.21,4563.22,4555.9,4557.08,779,15,0
2026-03-25 07:25:00,4557.08,4562.67,4556.34,4561.2,928,15,0
2026-03-25 07:30:00,4561.23,4561.25,4553.67,4555.1,895,15,0
2026-03-25 07:35:00,4555.2,4555.23,4542.68,4547.35,1173,15,0
2026-03-25 07:40:00,4547.35,4552.35,4546.13,4546.79,1039,15,0
2026-03-25 07:45:00,4546.81,4550.09,4539.58,4544.98,1066,15,0
2026-03-25 07:50:00,4544.67,4546.57,4542.47,4545.16,848,15,0
2026-03-25 07:55:00,4545.06,4545.42,4536.94,4539.32,969,15,0
2026-03-25 08:00:00,4539.32,4549.78,4535.94,4545.57,1348,15,0
2026-03-25 08:05:00,4545.57,4555.05,4544.3,4551.81,1282,15,0
2026-03-25 08:10:00,4551.81,4559.3,4550.1,4558.55,1273,15,0
2026-03-25 08:15:00,4558.56,4564.59,4557.22,4563.56,1199,15,0
2026-03-25 08:20:00,4563.56,4567.82,4561.84,4562.41,1242,15,0
2026-03-25 08:25:00,4562.52,4567.29,4561.18,4565.75,1089,15,0
2026-03-25 08:30:00,4565.75,4567.55,4563.3,4566.38,926,15,0
2026-03-25 08:35:00,4566.38,4566.38,4553.81,4563.33,1648,15,0
2026-03-25 08:40:00,4563.33,4567.31,4562.6,4565.27,1196,15,0
2026-03-25 08:45:00,4565.3,4567.3,4562.28,4564.97,1372,15,0
2026-03-25 08:50:00,4564.97,4567.37,4559.13,4559.28,1178,15,0
2026-03-25 08:55:00,4559.27,4561.47,4555.29,4556.37,1058,15,0
2026-03-25 09:00:00,4556.34,4565.23,4554.51,4563.18,1086,15,0
2026-03-25 09:05:00,4563.16,4567.63,4560.77,4562.64,968,15,0
2026-03-25 09:10:00,4562.64,4566.29,4559.14,4562.34,885,15,0
2026-03-25 09:15:00,4562.36,4565.68,4561.84,4563.88,795,15,0
2026-03-25 09:20:00,4563.88,4566.26,4555.15,4556.12,947,15,0
2026-03-25 09:25:00,4556.17,4560.92,4555.08,4558.77,1054,15,0
2026-03-25 09:30:00,4558.51,4560.38,4555.48,4556.69,886,15,0
2026-03-25 09:35:00,4556.69,4559.56,4551.08,4555.44,1253,15,0
2026-03-25 09:40:00,4555.46,4558.08,4549.43,4551.19,1069,15,0
2026-03-25 09:45:00,4550.55,4551.39,4527.66,4537.92,1597,15,0
2026-03-25 09:50:00,4537.9,4548.41,4537.77,4548.37,1107,15,0
2026-03-25 09:55:00,4548.27,4554.38,4545.01,4551.92,1343,15,0
2026-03-25 10:00:00,4551.89,4560.96,4551.35,4559.12,1391,15,0
2026-03-25 10:05:00,4559.14,4560.03,4556.01,4557.27,996,15,0
2026-03-25 10:10:00,4557.27,4558.74,4553.97,4555.19,855,15,0
2026-03-25 10:15:00,4555.19,4558.12,4551.68,4556.64,785,15,0
2026-03-25 10:20:00,4556.64,4558.41,4553.32,4553.92,729,15,0
2026-03-25 10:25:00,4553.92,4558.09,4552.95,4555.39,703,15,0
2026-03-25 10:30:00,4555.0,4557.27,4553.06,4553.66,876,15,0
2026-03-25 10:35:00,4553.59,4559.03,4551.24,4556.2,835,15,0
2026-03-25 10:40:00,4556.2,4558.17,4551.72,4552.4,832,15,0
2026-03-25 10:45:00,4552.4,4557.86,4551.91,4557.64,824,15,0
2026-03-25 10:50:00,4557.66,4561.79,4556.73,4561.49,830,15,0
2026-03-25 10:55:00,4561.49,4561.67,4557.95,4558.8,653,15,0
2026-03-25 11:00:00,4558.8,4566.11,4555.99,4566.07,830,15,0
2026-03-25 11:05:00,4566.06,4568.96,4565.93,4567.93,993,15,0
2026-03-25 11:10:00,4567.93,4569.04,4562.32,4567.78,896,15,0
2026-03-25 11:15:00,4567.79,4568.84,4564.66,4567.76,664,15,0
2026-03-25 11:20:00,4567.88,4582.96,4566.59,4582.1,1188,15,0
2026-03-25 11:25:00,4582.1,4582.9,4576.97,4579.77,1057,15,0
2026-03-25 11:30:00,4579.81,4584.68,4579.81,4582.77,947,15,0
2026-03-25 11:35:00,4582.77,4585.73,4581.76,4583.46,881,15,0
2026-03-25 11:40:00,4583.46,4585.0,4581.33,4583.56,844,15,0
2026-03-25 11:45:00,4583.6,4583.89,4572.97,4577.49,1396,15,0
2026-03-25 11:50:00,4577.51,4578.52,4572.59,4577.66,1449,15,0
2026-03-25 11:55:00,4577.62,4579.8,4575.88,4579.14,1036,15,0
2026-03-25 12:00:00,4579.02,4583.58,4578.41,4578.6,1196,15,0
2026-03-25 12:05:00,4578.52,4583.89,4572.97,4581.18,1194,15,0
2026-03-25 12:10:00,4580.93,4583.63,4577.38,4577.88,1135,15,0
2026-03-25 12:15:00,4577.93,4579.26,4562.58,4562.68,2051,15,0
2026-03-25 12:20:00,4562.88,4568.32,4553.0,4556.31,2088,15,0
2026-03-25 12:25:00,4556.31,4560.53,4540.05,4545.65,2030,15,0
2026-03-25 12:30:00,4545.06,4548.07,4522.43,4537.9,2116,15,0
2026-03-25 12:35:00,4537.9,4554.61,4537.9,4553.87,1808,15,0
2026-03-25 12:40:00,4553.87,4554.45,4547.36,4547.54,1471,15,0
2026-03-25 12:45:00,4547.74,4547.74,4535.86,4543.91,1680,15,0
2026-03-25 12:50:00,4543.86,4548.08,4539.53,4546.82,1255,15,0
2026-03-25 12:55:00,4546.85,4552.52,4543.9,4543.97,1345,15,0
2026-03-25 13:00:00,4543.95,4571.58,4541.21,4567.78,2288,15,0
2026-03-25 13:05:00,4567.78,4568.64,4559.68,4561.31,1651,15,0
2026-03-25 13:10:00,4561.31,4565.73,4557.25,4559.34,1559,15,0
2026-03-25 13:15:00,4559.38,4563.64,4555.32,4561.59,1360,15,0
2026-03-25 13:20:00,4561.03,4561.73,4551.57,4558.77,1442,15,0
2026-03-25 13:25:00,4558.77,4570.01,4557.23,4568.87,1323,15,0
2026-03-25 13:30:00,4569.2,4576.6,4562.31,4568.39,2360,15,0
2026-03-25 13:35:00,4568.56,4570.65,4557.83,4558.18,2360,15,0
2026-03-25 13:40:00,4558.47,4569.98,4556.74,4561.24,2368,15,0
2026-03-25 13:45:00,4561.39,4563.91,4551.55,4552.18,2367,15,0
2026-03-25 13:50:00,4552.16,4552.22,4541.3,4546.72,2335,15,0
2026-03-25 13:55:00,4546.52,4553.58,4540.96,4544.86,2288,15,0
2026-03-25 14:00:00,4545.11,4550.1,4533.25,4545.48,2441,15,0
2026-03-25 14:05:00,4545.49,4552.01,4539.98,4551.2,2309,15,0
2026-03-25 14:10:00,4550.91,4555.17,4548.23,4553.52,2115,15,0
2026-03-25 14:15:00,4553.62,4562.3,4553.45,4556.97,1993,15,0
2026-03-25 14:20:00,4557.17,4559.8,4546.27,4547.9,1984,15,0
2026-03-25 14:25:00,4548.09,4562.62,4547.39,4562.58,2297,15,0
2026-03-25 14:30:00,4562.87,4566.45,4557.62,4565.73,1988,15,0
2026-03-25 14:35:00,4565.73,4566.65,4561.68,4564.79,1967,15,0
2026-03-25 14:40:00,4565.01,4569.17,4561.76,4565.59,1817,15,0
2026-03-25 14:45:00,4565.59,4574.32,4565.59,4572.86,1668,15,0
2026-03-25 14:50:00,4572.8,4579.57,4567.16,4568.09,1587,15,0
2026-03-25 14:55:00,4568.17,4570.18,4563.91,4567.25,1607,15,0
2026-03-25 15:00:00,4567.19,4569.21,4562.11,4564.46,1913,15,0
2026-03-25 15:05:00,4564.51,4565.4,4549.8,4549.92,1891,15,0
2026-03-25 15:10:00,4549.92,4556.07,4549.71,4549.82,1826,15,0
2026-03-25 15:15:00,4549.8,4551.59,4525.14,4546.22,2434,15,0
2026-03-25 15:20:00,4546.19,4561.66,4545.76,4556.29,2177,15,0
2026-03-25 15:25:00,4556.26,4560.72,4552.95,4560.68,1861,15,0
2026-03-25 15:30:00,4560.68,4565.02,4560.6,4562.57,1765,15,0
2026-03-25 15:35:00,4562.58,4564.78,4558.35,4558.48,1544,15,0
2026-03-25 15:40:00,4558.38,4561.08,4555.4,4557.17,1514,15,0
2026-03-25 15:45:00,4557.16,4558.38,4553.72,4557.23,1630,15,0
2026-03-25 15:50:00,4557.2,4563.28,4557.12,4562.03,1607,15,0
2026-03-25 15:55:00,4562.33,4565.98,4558.9,4559.02,1725,15,0
2026-03-25 16:00:00,4558.98,4565.0,4557.2,4558.91,1850,15,0
2026-03-25 16:05:00,4559.01,4562.28,4553.49,4560.55,1787,15,0
2026-03-25 16:10:00,4560.46,4561.24,4552.67,4553.72,1503,15,0
2026-03-25 16:15:00,4553.91,4555.3,4546.26,4549.6,1479,15,0
2026-03-25 16:20:00,4549.73,4553.72,4545.38,4553.58,1592,15,0
2026-03-25 16:25:00,4556.5,4560.78,4553.27,4555.44,1977,15,0
2026-03-25 16:30:00,4555.59,4556.97,4551.4,4553.02,1597,14,0
2026-03-25 16:35:00,4553.1,4560.38,4551.46,4559.46,1458,15,0
2026-03-25 16:40:00,4559.52,4560.97,4554.4,4555.99,1457,15,0
2026-03-25 16:45:00,4556.01,4556.27,4551.26,4552.06,1278,15,0
2026-03-25 16:50:00,4552.18,4559.12,4549.81,4558.04,1253,15,0
2026-03-25 16:55:00,4558.04,4558.42,4554.95,4555.26,1087,15,0
2026-03-25 17:00:00,4555.26,4557.79,4551.2,4553.51,1277,15,0
2026-03-25 17:05:00,4553.27,4554.09,4545.55,4546.2,1378,15,0
2026-03-25 17:10:00,4545.84,4554.16,4543.57,4551.13,1366,15,0
2026-03-25 17:15:00,4551.13,4552.26,4542.8,4546.06,1151,15,0
2026-03-25 17:20:00,4546.07,4555.97,4545.77,4551.74,1360,15,0
2026-03-25 17:25:00,4551.78,4558.26,4551.44,4553.44,1340,15,0
2026-03-25 17:30:00,4553.39,4563.21,4550.26,4562.64,1301,15,0
2026-03-25 17:35:00,4562.78,4563.83,4560.29,4561.67,1108,15,0
2026-03-25 17:40:00,4561.67,4561.71,4557.42,4560.56,1170,15,0
2026-03-25 17:45:00,4560.49,4562.0,4557.89,4559.03,1039,15,0
2026-03-25 17:50:00,4559.03,4559.03,4546.97,4548.0,1286,15,0
2026-03-25 17:55:00,4547.74,4555.28,4545.82,4550.75,1407,15,0
2026-03-25 18:00:00,4550.6,4568.9,4545.46,4552.31,1891,15,0
2026-03-25 18:05:00,4552.33,4560.35,4551.5,4551.93,1314,15,0
2026-03-25 18:10:00,4551.73,4553.3,4547.87,4551.38,1367,15,0
2026-03-25 18:15:00,4551.4,4552.05,4546.29,4548.92,1405,15,0
2026-03-25 18:20:00,4548.94,4555.27,4548.91,4555.27,1395,15,0
2026-03-25 18:25:00,4555.3,4556.54,4551.17,4551.88,1333,15,0
2026-03-25 18:30:00,4551.88,4557.7,4551.73,4556.52,1073,15,0
2026-03-25 18:35:00,4556.52,4557.1,4549.75,4550.0,980,15,0
2026-03-25 18:40:00,4550.19,4550.62,4546.97,4549.07,1026,15,0
2026-03-25 18:45:00,4549.07,4549.64,4542.94,4543.91,1054,15,0
2026-03-25 18:50:00,4544.16,4545.65,4538.84,4541.72,1078,15,0
2026-03-25 18:55:00,4541.72,4541.83,4531.11,4538.26,1831,15,0
2026-03-25 19:00:00,4538.17,4539.59,4529.68,4533.43,1681,15,0
2026-03-25 19:05:00,4533.42,4535.64,4502.48,4503.37,1591,15,0
2026-03-25 19:10:00,4503.34,4510.15,4487.08,4509.07,2098,15,0
2026-03-25 19:15:00,4509.07,4516.29,4502.07,4510.1,1820,15,0
2026-03-25 19:20:00,4510.11,4514.52,4505.31,4514.04,1710,15,0
2026-03-25 19:25:00,4514.04,4518.8,4510.73,4513.08,1641,15,0
2026-03-25 19:30:00,4513.04,4518.29,4511.98,4516.19,1322,15,0
2026-03-25 19:35:00,4516.17,4517.68,4506.18,4511.91,1404,15,0
2026-03-25 19:40:00,4511.91,4527.0,4511.22,4522.26,1295,14,0
2026-03-25 19:45:00,4522.29,4523.56,4513.66,4514.56,1201,15,0
2026-03-25 19:50:00,4514.77,4520.25,4514.02,4518.2,1473,15,0
2026-03-25 19:55:00,4518.38,4533.98,4517.51,4531.0,1482,15,0
2026-03-25 20:00:00,4531.01,4542.29,4529.79,4535.32,1211,15,0
2026-03-25 20:05:00,4535.34,4536.77,4527.09,4527.17,640,28,0
2026-03-25 20:10:00,4527.17,4530.07,4523.41,4529.55,767,28,0
2026-03-25 20:15:00,4529.55,4534.3,4529.54,4530.93,504,28,0
2026-03-25 20:20:00,4530.93,4531.02,4522.53,4524.19,526,28,0
2026-03-25 20:25:00,4524.19,4526.48,4522.67,4523.81,588,28,0
2026-03-25 20:30:00,4523.81,4524.94,4519.37,4520.91,475,28,0
2026-03-25 20:35:00,4520.91,4521.04,4502.8,4503.48,1072,28,0
2026-03-25 20:40:00,4503.46,4506.43,4495.51,4504.54,1003,28,0
2026-03-25 20:45:00,4504.52,4506.9,4502.01,4506.08,689,28,0
2026-03-25 20:50:00,4506.08,4507.38,4501.38,4503.85,529,28,0
2026-03-25 20:55:00,4503.85,4507.38,4502.56,4506.7,566,28,0
2026-03-25 22:00:00,4518.01,4523.87,4511.72,4523.76,914,28,0
2026-03-25 22:05:00,4523.28,4531.87,4508.92,4509.28,1254,28,0
2026-03-25 22:10:00,4509.25,4517.25,4509.11,4512.55,1022,28,0
2026-03-25 22:15:00,4512.55,4513.78,4505.98,4508.38,753,28,0
2026-03-25 22:20:00,4508.38,4517.6,4507.41,4517.3,723,28,0
2026-03-25 22:25:00,4517.3,4518.35,4509.57,4511.75,602,28,0
2026-03-25 22:30:00,4511.75,4520.49,4508.47,4520.31,614,28,0
2026-03-25 22:35:00,4520.42,4526.34,4517.1,4525.9,755,28,0
2026-03-25 22:40:00,4525.9,4534.83,4523.03,4532.06,674,28,0
2026-03-25 22:45:00,4531.98,4533.26,4517.44,4518.38,719,28,0
2026-03-25 22:50:00,4518.38,4524.37,4515.35,4516.59,775,28,0
2026-03-25 22:55:00,4516.59,4520.02,4512.14,4517.43,678,28,0
2026-03-25 23:00:00,4517.43,4517.98,4503.59,4505.65,863,28,0
2026-03-25 23:05:00,4501.06,4513.29,4497.7,4507.38,873,28,0
2026-03-25 23:10:00,4507.36,4513.82,4506.03,4508.86,611,15,0
2026-03-25 23:15:00,4508.86,4512.99,4506.23,4506.79,607,15,0
2026-03-25 23:20:00,4506.78,4506.87,4498.61,4503.29,762,15,0
2026-03-25 23:25:00,4503.29,4506.23,4497.11,4505.49,610,15,0
2026-03-25 23:30:00,4505.49,4511.1,4504.1,4505.84,536,15,0
2026-03-25 23:35:00,4505.84,4506.13,4489.82,4494.06,935,15,0
2026-03-25 23:40:00,4494.06,4498.09,4489.08,4496.69,870,15,0
2026-03-25 23:45:00,4497.1,4498.36,4491.47,4492.54,991,15,0
2026-03-25 23:50:00,4492.54,4498.43,4491.39,4496.63,806,15,0
2026-03-25 23:55:00,4495.67,4500.02,4494.63,4498.35,751,15,0
2026-03-26 00:00:00,4498.33,4513.36,4498.3,4510.12,1091,15,0
2026-03-26 00:05:00,4510.1,4520.77,4508.33,4514.29,1148,15,0
2026-03-26 00:10:00,4514.05,4527.76,4508.94,4527.67,1427,15,0
2026-03-26 00:15:00,4527.67,4535.65,4524.39,4527.54,1278,15,0
2026-03-26 00:20:00,4527.54,4532.11,4525.03,4526.83,1016,15,0
2026-03-26 00:25:00,4527.09,4530.41,4524.32,4525.44,789,15,0
2026-03-26 00:30:00,4525.44,4532.11,4524.88,4525.31,821,15,0
2026-03-26 00:35:00,4525.32,4529.85,4524.92,4526.93,661,15,0
2026-03-26 00:40:00,4527.16,4532.92,4527.13,4528.27,737,15,0
2026-03-26 00:45:00,4528.27,4536.73,4527.7,4535.07,821,15,0
2026-03-26 00:50:00,4535.07,4539.21,4527.74,4528.38,1130,15,0
2026-03-26 00:55:00,4528.33,4536.12,4528.05,4535.7,1026,15,0
2026-03-26 01:00:00,4535.7,4544.47,4531.47,4538.34,1805,15,0
2026-03-26 01:05:00,4538.34,4540.98,4534.1,4537.86,1305,15,0
2026-03-26 01:10:00,4539.21,4540.27,4534.2,4538.47,1105,15,0
2026-03-26 01:15:00,4538.64,4538.78,4527.05,4530.41,1298,15,0
2026-03-26 01:20:00,4530.47,4537.37,4529.42,4531.84,1035,15,0
2026-03-26 01:25:00,4531.84,4536.81,4529.5,4534.78,1124,15,0
2026-03-26 01:30:00,4534.78,4537.96,4529.1,4530.56,1057,15,0
2026-03-26 01:35:00,4530.56,4533.44,4526.25,4530.75,1153,15,0
2026-03-26 01:40:00,4530.79,4536.49,4528.02,4530.24,1018,15,0
2026-03-26 01:45:00,4530.24,4531.84,4523.99,4524.91,1235,15,0
2026-03-26 01:50:00,4524.75,4534.76,4522.6,4530.25,1144,15,0
2026-03-26 01:55:00,4530.25,4535.99,4528.94,4535.55,1170,15,0
2026-03-26 02:00:00,4535.61,4535.82,4527.72,4533.71,1163,15,0
2026-03-26 02:05:00,4533.71,4534.26,4528.61,4529.47,1056,15,0
2026-03-26 02:10:00,4529.5,4534.14,4529.09,4531.32,882,15,0
2026-03-26 02:15:00,4531.37,4533.19,4525.45,4528.6,954,15,0
2026-03-26 02:20:00,4528.6,4531.6,4524.97,4525.46,883,15,0
2026-03-26 02:25:00,4525.45,4530.04,4525.45,4528.46,770,15,0
2026-03-26 02:30:00,4528.46,4530.8,4520.47,4523.7,1163,15,0
2026-03-26 02:35:00,4523.7,4524.39,4511.89,4514.89,1485,15,0
2026-03-26 02:40:00,4514.98,4521.12,4514.54,4519.58,1146,15,0
2026-03-26 02:45:00,4519.58,4521.44,4515.51,4516.97,1145,15,0
2026-03-26 02:50:00,4516.97,4518.14,4512.56,4515.58,922,15,0
2026-03-26 02:55:00,4515.62,4515.93,4505.79,4508.93,1113,15,0
2026-03-26 03:00:00,4508.91,4509.98,4502.19,4505.17,1274,15,0
2026-03-26 03:05:00,4505.17,4509.96,4504.16,4504.16,973,15,0
2026-03-26 03:10:00,4504.16,4511.93,4503.16,4511.52,1013,14,0
2026-03-26 03:15:00,4511.54,4513.99,4506.12,4507.85,1016,15,0
2026-03-26 03:20:00,4507.86,4508.11,4499.92,4504.37,1022,15,0
2026-03-26 03:25:00,4504.37,4509.44,4503.87,4506.72,1093,15,0
2026-03-26 03:30:00,4506.74,4516.82,4506.51,4516.32,841,15,0
2026-03-26 03:35:00,4516.34,4518.3,4515.12,4517.49,756,15,0
2026-03-26 03:40:00,4517.48,4518.9,4515.1,4515.79,609,15,0
2026-03-26 03:45:00,4515.79,4516.3,4514.2,4515.38,490,15,0
2026-03-26 03:50:00,4515.42,4515.43,4510.44,4510.77,663,15,0
2026-03-26 03:55:00,4510.77,4517.11,4510.44,4516.81,477,15,0
2026-03-26 04:00:00,4516.89,4517.72,4512.99,4513.28,628,15,0
2026-03-26 04:05:00,4513.28,4517.19,4511.78,4517.17,573,15,0
2026-03-26 04:10:00,4517.17,4519.08,4516.52,4518.47,588,15,0
2026-03-26 04:15:00,4518.47,4519.75,4516.7,4517.09,524,15,0
2026-03-26 04:20:00,4517.09,4520.17,4516.16,4518.78,587,15,0
2026-03-26 04:25:00,4518.78,4522.03,4518.78,4520.91,483,15,0
2026-03-26 04:30:00,4520.91,4522.55,4519.36,4519.87,460,15,0
2026-03-26 04:35:00,4519.87,4520.07,4517.52,4517.52,452,14,0
2026-03-26 04:40:00,4517.52,4519.72,4516.64,4518.06,518,15,0
2026-03-26 04:45:00,4518.07,4524.19,4517.96,4521.87,635,15,0
2026-03-26 04:50:00,4521.98,4522.15,4519.23,4520.45,638,15,0
2026-03-26 04:55:00,4520.45,4521.48,4519.63,4520.5,605,15,0
2026-03-26 05:00:00,4520.5,4522.21,4518.02,4518.3,653,15,0
2026-03-26 05:05:00,4518.4,4518.9,4511.64,4511.9,846,15,0
2026-03-26 05:10:00,4511.76,4512.51,4507.67,4508.7,874,15,0
2026-03-26 05:15:00,4508.7,4510.45,4505.93,4510.45,698,15,0
2026-03-26 05:20:00,4510.52,4511.18,4501.5,4505.11,795,15,0
2026-03-26 05:25:00,4505.15,4505.34,4489.19,4493.72,1288,15,0
2026-03-26 05:30:00,4493.68,4494.27,4480.66,4493.98,1852,15,0
2026-03-26 05:35:00,4493.98,4495.79,4485.9,4490.07,1424,15,0
2026-03-26 05:40:00,4490.07,4495.29,4483.33,4483.33,1368,15,0
2026-03-26 05:45:00,4483.28,4484.43,4468.04,4473.48,1771,15,0
2026-03-26 05:50:00,4473.26,4476.28,4460.63,4462.55,1657,15,0
2026-03-26 05:55:00,4462.55,4463.38,4438.89,4438.94,2028,15,0
2026-03-26 06:00:00,4438.97,4450.62,4428.11,4442.04,1977,15,0
2026-03-26 06:05:00,4442.18,4443.56,4423.22,4438.11,1950,15,0
2026-03-26 06:10:00,4438.13,4442.03,4418.36,4420.88,2070,15,0
2026-03-26 06:15:00,4421.26,4435.53,4415.74,4430.19,1897,15,0
2026-03-26 06:20:00,4430.19,4436.16,4428.48,4432.22,1537,15,0
2026-03-26 06:25:00,4432.22,4441.47,4427.88,4440.06,1718,15,0
2026-03-26 06:30:00,4439.92,4440.37,4435.77,4437.09,1334,15,0
2026-03-26 06:35:00,4437.06,4444.19,4430.79,4443.09,1411,15,0
2026-03-26 06:40:00,4443.2,4447.89,4439.68,4447.28,1416,15,0
2026-03-26 06:45:00,4447.85,4457.25,4446.22,4449.32,1608,15,0
2026-03-26 06:50:00,4449.24,4455.85,4444.14,4454.25,1355,15,0
2026-03-26 06:55:00,4454.23,4459.63,4452.44,4456.58,1295,15,0
2026-03-26 07:00:00,4456.58,4460.58,4451.88,4455.35,1368,15,0
2026-03-26 07:05:00,4455.35,4455.36,4445.19,4450.92,1469,15,0
2026-03-26 07:10:00,4450.9,4451.33,4443.03,4447.94,1262,15,0
2026-03-26 07:15:00,4447.94,4449.9,4444.61,4448.37,997,15,0
2026-03-26 07:20:00,4448.37,4452.07,4439.13,4446.94,1388,15,0
2026-03-26 07:25:00,4446.91,4449.31,4443.13,4448.71,976,15,0
2026-03-26 07:30:00,4448.28,4459.85,4447.74,4457.47,1221,15,0
2026-03-26 07:35:00,4457.47,4459.14,4448.87,4458.34,1147,15,0
2026-03-26 07:40:00,4458.34,4463.85,4452.25,4460.59,1188,15,0
2026-03-26 07:45:00,4460.61,4463.17,4454.16,4458.64,1093,15,0
2026-03-26 07:50:00,4458.64,4460.09,4452.28,4453.98,1063,15,0
2026-03-26 07:55:00,4453.8,4458.31,4450.3,4452.8,1331,15,0
2026-03-26 08:00:00,4452.73,4459.36,4449.83,4454.78,1658,15,0
2026-03-26 08:05:00,4454.74,4457.42,4450.32,4453.02,1345,15,0
2026-03-26 08:10:00,4453.01,4457.31,4440.24,4445.24,1448,15,0
2026-03-26 08:15:00,4445.24,4447.49,4434.3,4445.69,1631,15,0
2026-03-26 08:20:00,4445.67,4446.75,4430.19,4432.05,1309,15,0
2026-03-26 08:25:00,4432.08,4441.64,4425.84,4428.43,1662,15,0
2026-03-26 08:30:00,4428.38,4438.43,4425.01,4438.16,1655,15,0
2026-03-26 08:35:00,4438.17,4438.18,4427.25,4433.59,1367,15,0
2026-03-26 08:40:00,4433.61,4437.52,4413.49,4419.83,1520,15,0
2026-03-26 08:45:00,4419.59,4432.87,4418.56,4424.44,1562,15,0
2026-03-26 08:50:00,4424.47,4437.47,4424.26,4436.64,1526,15,0
2026-03-26 08:55:00,4436.61,4439.98,4427.4,4427.93,1407,15,0
2026-03-26 09:00:00,4427.92,4434.75,4422.37,4423.61,1531,15,0
2026-03-26 09:05:00,4423.61,4433.28,4418.48,4427.92,1485,15,0
2026-03-26 09:10:00,4427.97,4432.72,4423.94,4431.01,1301,15,0
2026-03-26 09:15:00,4431.03,4431.8,4425.33,4427.99,1226,15,0
2026-03-26 09:20:00,4428.01,4436.99,4426.71,4431.1,1138,15,0
2026-03-26 09:25:00,4431.1,4432.68,4427.87,4432.41,1185,15,0
2026-03-26 09:30:00,4432.43,4432.43,4414.76,4422.66,1678,15,0
2026-03-26 09:35:00,4422.66,4428.09,4417.97,4428.06,1665,15,0
2026-03-26 09:40:00,4428.01,4431.62,4424.07,4424.23,1478,15,0
2026-03-26 09:45:00,4424.23,4426.7,4418.61,4419.45,1248,15,0
2026-03-26 09:50:00,4419.45,4427.47,4417.0,4425.68,1235,15,0
2026-03-26 09:55:00,4425.61,4427.96,4420.14,4423.74,1082,15,0
2026-03-26 10:00:00,4423.74,4425.5,4417.28,4421.16,1234,15,0
2026-03-26 10:05:00,4421.2,4428.96,4418.49,4422.63,1183,15,0
2026-03-26 10:10:00,4422.6,4426.25,4421.43,4424.93,1044,15,0
2026-03-26 10:15:00,4424.93,4436.08,4424.59,4434.89,1121,15,0
2026-03-26 10:20:00,4434.66,4443.81,4431.81,4441.28,1239,15,0
2026-03-26 10:25:00,4441.31,4448.2,4439.4,4441.88,1125,15,0
2026-03-26 10:30:00,4441.88,4443.81,4437.96,4439.63,1001,15,0
2026-03-26 10:35:00,4439.63,4444.56,4430.1,4431.44,1043,15,0
2026-03-26 10:40:00,4431.05,4437.52,4423.62,4428.5,1457,15,0
2026-03-26 10:45:00,4428.49,4441.15,4425.41,4441.13,1259,15,0
2026-03-26 10:50:00,4441.14,4447.54,4437.78,4439.99,1257,15,0
2026-03-26 10:55:00,4440.0,4447.07,4439.18,4443.07,1142,15,0
2026-03-26 11:00:00,4444.05,4448.47,4440.39,4445.96,1401,15,0
2026-03-26 11:05:00,4445.96,4446.9,4441.45,4442.39,1057,15,0
2026-03-26 11:10:00,4442.41,4444.79,4440.65,4441.94,1009,15,0
2026-03-26 11:15:00,4441.94,4448.97,4439.65,4447.5,981,15,0
2026-03-26 11:20:00,4447.33,4456.67,4445.83,4447.88,1104,15,0
2026-03-26 11:25:00,4447.77,4448.8,4441.2,4443.42,1276,15,0
2026-03-26 11:30:00,4443.42,4451.26,4442.23,4448.35,1224,15,0
2026-03-26 11:35:00,4448.35,4449.66,4445.06,4449.38,938,15,0
2026-03-26 11:40:00,4449.38,4451.93,4438.03,4440.78,1266,15,0
2026-03-26 11:45:00,4440.78,4442.62,4425.66,4426.38,1460,15,0
2026-03-26 11:50:00,4426.24,4428.6,4420.93,4427.43,1495,15,0
2026-03-26 11:55:00,4427.43,4432.48,4419.19,4423.13,1320,15,0
2026-03-26 12:00:00,4423.17,4428.48,4416.62,4425.57,1741,15,0
2026-03-26 12:05:00,4425.61,4440.19,4423.02,4439.56,1688,15,0
2026-03-26 12:10:00,4439.57,4445.79,4438.05,4442.11,1637,15,0
2026-03-26 12:15:00,4442.11,4445.32,4434.16,4436.65,1413,15,0
2026-03-26 12:20:00,4436.49,4441.42,4433.82,4438.51,1312,15,0
2026-03-26 12:25:00,4438.51,4443.14,4435.3,4437.83,1105,15,0
2026-03-26 12:30:00,4437.26,4444.39,4431.95,4435.58,1590,15,0
2026-03-26 12:35:00,4435.56,4444.75,4433.28,4444.75,1593,15,0
2026-03-26 12:40:00,4444.83,4445.0,4435.56,4436.15,1279,15,0
2026-03-26 12:45:00,4436.61,4443.18,4432.58,4435.54,1399,15,0
2026-03-26 12:50:00,4434.69,4438.23,4432.16,4432.79,1314,15,0
2026-03-26 12:55:00,4432.79,4434.37,4428.54,4429.76,1378,15,0
2026-03-26 13:00:00,4429.56,4439.71,4420.38,4437.98,2090,15,0
2026-03-26 13:05:00,4438.02,4441.86,4435.74,4439.95,1827,15,0
2026-03-26 13:10:00,4439.77,4445.56,4437.88,4438.62,1604,15,0
2026-03-26 13:15:00,4438.62,4442.55,4434.49,4440.56,1373,15,0
2026-03-26 13:20:00,4440.56,4454.02,4439.81,4450.66,1478,15,0
2026-03-26 13:25:00,4450.52,4452.17,4443.73,4448.3,1522,15,0
2026-03-26 13:30:00,4447.97,4451.23,4435.11,4442.65,2368,15,0
2026-03-26 13:35:00,4442.57,4446.67,4434.27,4434.65,2284,15,0
2026-03-26 13:40:00,4434.69,4453.6,4429.25,4453.6,2387,15,0
2026-03-26 13:45:00,4453.6,4460.7,4450.34,4452.35,2241,15,0
2026-03-26 13:50:00,4452.35,4460.05,4449.17,4456.25,2292,15,0
2026-03-26 13:55:00,4456.55,4456.96,4436.55,4452.73,2303,15,0
2026-03-26 14:00:00,4452.81,4456.53,4445.85,4450.01,2419,15,0
2026-03-26 14:05:00,4449.98,4450.21,4442.83,4446.94,2188,15,0
2026-03-26 14:10:00,4446.84,4448.94,4437.44,4446.39,2002,15,0
2026-03-26 14:15:00,4446.39,4460.56,4444.24,4455.19,2040,15,0
2026-03-26 14:20:00,4455.16,4470.16,4452.12,4459.07,1982,15,0
2026-03-26 14:25:00,4458.71,4465.88,4451.08,4459.08,1919,15,0
2026-03-26 14:30:00,4459.1,4475.9,4458.27,4475.2,1969,15,0
2026-03-26 14:35:00,4475.11,4478.74,4463.53,4468.76,2225,15,0
2026-03-26 14:40:00,4468.77,4479.04,4458.9,4460.73,2478,15,0
2026-03-26 14:45:00,4460.53,4469.39,4458.22,4461.78,2281,15,0
2026-03-26 14:50:00,4461.92,4468.7,4448.93,4449.44,2316,15,0
2026-03-26 14:55:00,4449.56,4467.6,4445.93,4465.11,2224,15,0
2026-03-26 15:00:00,4465.13,4468.95,4458.34,4459.68,1995,15,0
2026-03-26 15:05:00,4459.55,4463.93,4451.17,4454.46,2040,15,0
2026-03-26 15:10:00,4454.64,4461.13,4454.25,4455.25,1818,15,0
2026-03-26 15:15:00,4455.42,4458.28,4449.02,4455.59,1877,15,0
2026-03-26 15:20:00,4455.54,4457.58,4449.41,4453.71,1861,15,0
2026-03-26 15:25:00,4453.86,4458.58,4450.68,4454.31,1490,15,0
2026-03-26 15:30:00,4454.17,4454.17,4438.56,4442.61,1885,15,0
2026-03-26 15:35:00,4442.61,4446.24,4436.86,4440.26,1780,15,0
2026-03-26 15:40:00,4440.29,4444.12,4437.89,4440.34,1681,15,0
2026-03-26 15:45:00,4440.29,4446.71,4439.24,4443.57,1947,15,0
2026-03-26 15:50:00,4443.46,4446.85,4442.4,4445.71,1689,15,0
2026-03-26 15:55:00,4445.8,4445.83,4434.07,4438.3,1676,15,0
2026-03-26 16:00:00,4438.1,4438.7,4426.04,4436.82,1670,15,0
2026-03-26 16:05:00,4436.82,4442.02,4434.55,4439.61,1338,15,0
2026-03-26 16:10:00,4439.61,4442.75,4434.64,4439.99,1354,14,0
2026-03-26 16:15:00,4439.99,4439.99,4420.8,4426.87,1849,15,0
2026-03-26 16:20:00,4426.9,4428.64,4391.45,4400.77,2119,15,0
2026-03-26 16:25:00,4400.91,4401.07,4387.34,4396.47,2151,15,0
2026-03-26 16:30:00,4396.5,4396.5,4376.16,4393.33,2263,15,0
2026-03-26 16:35:00,4393.29,4393.74,4367.06,4375.92,2354,15,0
2026-03-26 16:40:00,4375.93,4387.67,4373.89,4381.39,2258,15,0
2026-03-26 16:45:00,4381.44,4390.33,4378.58,4385.8,1982,15,0
2026-03-26 16:50:00,4385.84,4390.57,4380.5,4389.22,1895,15,0
2026-03-26 16:55:00,4389.16,4392.6,4387.04,4389.29,1808,15,0
2026-03-26 17:00:00,4389.13,4397.32,4385.06,4391.16,1872,15,0
2026-03-26 17:05:00,4391.18,4402.41,4390.79,4398.29,1957,15,0
2026-03-26 17:10:00,4398.28,4399.29,4388.48,4394.79,1850,15,0
2026-03-26 17:15:00,4394.65,4396.95,4386.02,4396.24,1863,15,0
2026-03-26 17:20:00,4396.08,4397.35,4384.33,4386.32,2004,15,0
2026-03-26 17:25:00,4386.18,4386.18,4377.22,4383.04,2123,15,0
2026-03-26 17:30:00,4383.38,4388.07,4377.38,4385.85,1642,15,0
2026-03-26 17:35:00,4385.83,4392.83,4383.33,4387.99,1645,15,0
2026-03-26 17:40:00,4387.99,4387.99,4380.9,4385.48,1492,15,0
2026-03-26 17:45:00,4385.48,4390.79,4383.27,4385.8,1163,15,0
2026-03-26 17:50:00,4385.8,4388.25,4381.35,4384.1,1191,15,0
2026-03-26 17:55:00,4384.22,4385.82,4379.39,4381.6,1305,15,0
2026-03-26 18:00:00,4381.46,4386.42,4380.13,4381.12,1447,15,0
2026-03-26 18:05:00,4381.24,4390.45,4380.5,4386.95,1510,15,0
2026-03-26 18:10:00,4386.95,4389.68,4381.4,4388.18,1576,15,0
2026-03-26 18:15:00,4388.18,4388.24,4379.22,4381.98,1518,15,0
2026-03-26 18:20:00,4381.98,4381.98,4368.22,4376.52,1807,15,0
2026-03-26 18:25:00,4376.49,4378.41,4369.53,4374.34,1629,15,0
2026-03-26 18:30:00,4374.37,4383.01,4373.48,4381.92,1547,15,0
2026-03-26 18:35:00,4381.92,4389.77,4380.65,4389.57,1424,15,0
2026-03-26 18:40:00,4389.57,4395.74,4389.57,4393.31,1390,15,0
2026-03-26 18:45:00,4393.31,4397.84,4390.73,4395.34,1208,15,0
2026-03-26 18:50:00,4395.34,4397.59,4393.17,4394.04,1248,15,0
2026-03-26 18:55:00,4394.04,4396.56,4391.73,4394.6,1219,15,0
2026-03-26 19:00:00,4394.6,4399.33,4390.05,4390.26,1321,15,0
2026-03-26 19:05:00,4390.17,4393.83,4384.7,4385.63,1283,15,0
2026-03-26 19:10:00,4385.83,4388.86,4382.14,4388.07,1142,15,0
2026-03-26 19:15:00,4388.03,4391.96,4386.54,4390.31,1205,15,0
2026-03-26 19:20:00,4390.14,4392.08,4387.94,4389.12,1117,15,0
2026-03-26 19:25:00,4389.11,4390.31,4378.43,4380.7,1280,15,0
2026-03-26 19:30:00,4381.32,4384.73,4375.19,4381.64,1342,15,0
2026-03-26 19:35:00,4381.64,4388.56,4380.14,4383.44,1410,15,0
2026-03-26 19:40:00,4383.26,4384.8,4378.26,4378.84,1403,15,0
2026-03-26 19:45:00,4378.91,4380.11,4373.32,4375.83,1455,15,0
2026-03-26 19:50:00,4375.81,4375.84,4363.85,4364.53,1999,15,0
2026-03-26 19:55:00,4364.56,4367.39,4359.22,4364.18,2247,15,0
2026-03-26 20:00:00,4364.0,4364.47,4353.41,4353.81,1249,15,0
2026-03-26 20:05:00,4353.83,4357.65,4351.28,4356.02,1089,28,0
2026-03-26 20:10:00,4355.98,4413.75,4354.89,4397.14,1199,28,0
2026-03-26 20:15:00,4397.01,4404.55,4380.56,4396.94,2100,28,0
2026-03-26 20:20:00,4396.97,4416.16,4391.54,4399.92,1978,28,0
2026-03-26 20:25:00,4399.6,4405.86,4393.99,4404.48,1787,28,0
2026-03-26 20:30:00,4404.58,4408.95,4399.46,4401.25,1484,28,0
2026-03-26 20:35:00,4401.16,4420.63,4397.92,4419.98,1286,28,0
2026-03-26 20:40:00,4419.96,4420.01,4405.22,4405.67,1335,28,0
2026-03-26 20:45:00,4405.69,4408.92,4397.4,4401.37,1396,28,0
2026-03-26 20:50:00,4401.32,4403.36,4373.18,4375.9,2038,28,0
2026-03-26 20:55:00,4375.9,4381.83,4374.1,4378.49,1235,28,0
2026-03-26 22:00:00,4386.08,4388.9,4380.58,4387.49,870,28,0
2026-03-26 22:05:00,4387.49,4400.8,4387.49,4394.55,970,28,0
2026-03-26 22:10:00,4394.55,4404.02,4392.36,4400.57,890,28,0
2026-03-26 22:15:00,4400.77,4407.77,4400.37,4406.36,893,28,0
2026-03-26 22:20:00,4406.36,4406.63,4398.55,4400.29,708,28,0
2026-03-26 22:25:00,4400.44,4400.44,4394.77,4398.39,497,28,0
2026-03-26 22:30:00,4398.39,4411.14,4395.29,4405.35,467,28,0
2026-03-26 22:35:00,4406.76,4409.75,4405.02,4409.0,415,28,0
2026-03-26 22:40:00,4409.0,4415.34,4408.0,4408.06,548,28,0
2026-03-26 22:45:00,4406.03,4408.31,4399.83,4408.03,577,28,0
2026-03-26 22:50:00,4408.03,4412.5,4406.54,4406.69,366,28,0
2026-03-26 22:55:00,4406.69,4413.24,4404.1,4411.69,313,28,0
2026-03-26 23:00:00,4411.28,4414.49,4401.99,4402.35,555,28,0
2026-03-26 23:05:00,4402.35,4403.15,4390.9,4391.63,654,28,0
2026-03-26 23:10:00,4391.65,4397.04,4389.83,4393.19,522,15,0
2026-03-26 23:15:00,4393.19,4401.42,4391.56,4401.31,406,15,0
2026-03-26 23:20:00,4401.31,4401.31,4393.93,4397.41,502,15,0
2026-03-26 23:25:00,4397.41,4399.54,4394.15,4399.5,330,15,0
2026-03-26 23:30:00,4399.5,4402.7,4396.13,4400.16,577,15,0
2026-03-26 23:35:00,4400.16,4407.95,4400.11,4405.57,925,15,0
2026-03-26 23:40:00,4405.57,4406.1,4396.09,4400.11,528,15,0
2026-03-26 23:45:00,4400.11,4403.13,4396.21,4397.23,345,15,0
2026-03-26 23:50:00,4397.23,4405.52,4397.14,4405.13,338,15,0
2026-03-26 23:55:00,4405.13,4405.58,4402.28,4404.93,342,15,0
2026-03-27 00:00:00,4404.93,4411.15,4404.87,4408.93,599,15,0
2026-03-27 00:05:00,4408.93,4409.53,4404.02,4408.49,500,15,0
2026-03-27 00:10:00,4408.44,4409.03,4403.3,4404.04,519,15,0
2026-03-27 00:15:00,4404.04,4404.72,4395.97,4397.23,520,15,0
2026-03-27 00:20:00,4397.23,4397.66,4382.8,4387.68,1242,15,0
2026-03-27 00:25:00,4389.65,4391.91,4386.13,4391.25,880,15,0
2026-03-27 00:30:00,4391.25,4396.52,4391.25,4395.57,873,15,0
2026-03-27 00:35:00,4395.56,4395.56,4387.48,4390.39,888,15,0
2026-03-27 00:40:00,4390.39,4392.13,4387.9,4391.26,858,15,0
2026-03-27 00:45:00,4391.16,4391.29,4384.33,4384.64,1062,15,0
2026-03-27 00:50:00,4384.64,4385.45,4378.36,4382.27,1058,15,0
2026-03-27 00:55:00,4382.27,4383.61,4375.61,4378.73,714,15,0
2026-03-27 01:00:00,4378.73,4389.21,4378.17,4388.46,1662,15,0
2026-03-27 01:05:00,4388.46,4393.11,4387.28,4392.58,1122,15,0
2026-03-27 01:10:00,4392.58,4399.51,4391.71,4394.14,1095,15,0
2026-03-27 01:15:00,4394.14,4398.45,4391.49,4391.57,1027,15,0
2026-03-27 01:20:00,4391.53,4402.95,4391.37,4402.3,1024,15,0
2026-03-27 01:25:00,4402.3,4406.62,4398.77,4406.56,962,15,0
2026-03-27 01:30:00,4406.5,4417.69,4403.45,4411.55,1415,15,0
2026-03-27 01:35:00,4411.55,4417.24,4410.15,4417.11,986,15,0
2026-03-27 01:40:00,4417.47,4420.36,4416.77,4419.59,1125,15,0
2026-03-27 01:45:00,4419.59,4419.61,4412.1,4412.98,1031,15,0
2026-03-27 01:50:00,4412.99,4415.73,4412.07,4414.77,875,15,0
2026-03-27 01:55:00,4414.77,4420.74,4413.91,4417.35,998,15,0
2026-03-27 02:00:00,4417.57,4433.96,4417.04,4430.8,1438,15,0
2026-03-27 02:05:00,4430.8,4437.58,4425.52,4435.88,1181,15,0
2026-03-27 02:10:00,4435.88,4439.69,4431.0,4435.3,1062,15,0
2026-03-27 02:15:00,4435.26,4436.45,4428.88,4429.78,857,15,0
2026-03-27 02:20:00,4429.78,4431.93,4426.31,4429.0,786,15,0
2026-03-27 02:25:00,4429.04,4434.46,4426.8,4430.84,826,15,0
2026-03-27 02:30:00,4430.84,4434.43,4424.92,4432.07,1173,15,0
2026-03-27 02:35:00,4432.07,4433.48,4426.52,4429.96,983,15,0
2026-03-27 02:40:00,4429.96,4432.31,4426.59,4429.88,959,15,0
2026-03-27 02:45:00,4429.85,4440.56,4428.12,4430.19,1006,15,0
2026-03-27 02:50:00,4430.18,4435.21,4429.29,4430.97,926,15,0
2026-03-27 02:55:00,4430.97,4432.38,4429.81,4432.06,799,15,0
2026-03-27 03:00:00,4432.05,4435.63,4425.79,4426.02,974,15,0
2026-03-27 03:05:00,4426.02,4429.99,4421.27,4424.87,1051,15,0
2026-03-27 03:10:00,4425.03,4431.24,4422.73,4429.73,806,15,0
2026-03-27 03:15:00,4429.77,4431.43,4428.21,4429.78,752,15,0
2026-03-27 03:20:00,4429.78,4434.21,4429.21,4430.41,673,15,0
2026-03-27 03:25:00,4430.41,4436.76,4428.33,4435.22,1037,15,0
2026-03-27 03:30:00,4435.22,4438.33,4430.72,4433.92,823,15,0
2026-03-27 03:35:00,4433.92,4444.3,4433.32,4444.3,881,15,0
2026-03-27 03:40:00,4444.25,4446.26,4435.94,4435.94,855,15,0
2026-03-27 03:45:00,4435.96,4436.16,4433.22,4434.72,524,15,0
2026-03-27 03:50:00,4434.7,4438.58,4432.67,4437.77,701,15,0
2026-03-27 03:55:00,4437.77,4437.85,4436.3,4437.47,435,15,0
2026-03-27 04:00:00,4437.47,4439.65,4435.44,4437.34,615,15,0
2026-03-27 04:05:00,4437.34,4437.41,4432.57,4434.25,579,15,0
2026-03-27 04:10:00,4434.25,4436.43,4433.85,4433.86,458,15,0
2026-03-27 04:15:00,4433.86,4434.39,4431.6,4433.3,437,15,0
2026-03-27 04:20:00,4433.3,4437.23,4433.25,4435.68,424,15,0
2026-03-27 04:25:00,4435.6,4436.06,4432.98,4434.14,435,15,0
2026-03-27 04:30:00,4434.14,4440.55,4433.9,4439.89,456,15,0
2026-03-27 04:35:00,4439.89,4442.2,4437.04,4439.95,521,15,0
2026-03-27 04:40:00,4439.95,4441.66,4438.79,4441.5,315,15,0
2026-03-27 04:45:00,4441.5,4443.54,4440.64,4442.87,367,15,0
2026-03-27 04:50:00,4442.87,4445.9,4442.23,4445.76,478,15,0
2026-03-27 04:55:00,4445.76,4449.55,4444.96,4446.13,737,15,0
2026-03-27 05:00:00,4446.13,4446.19,4442.22,4442.89,725,15,0
2026-03-27 05:05:00,4442.91,4447.51,4442.09,4444.4,731,15,0
2026-03-27 05:10:00,4444.4,4446.61,4441.94,4443.9,551,15,0
2026-03-27 05:15:00,4443.9,4447.03,4443.59,4445.27,632,15,0
2026-03-27 05:20:00,4445.27,4445.67,4442.7,4444.01,566,15,0
2026-03-27 05:25:00,4444.01,4444.85,4440.55,4443.47,624,15,0
2026-03-27 05:30:00,4443.47,4460.09,4443.06,4459.49,1448,15,0
2026-03-27 05:35:00,4459.49,4474.52,4458.53,4473.9,1729,15,0
2026-03-27 05:40:00,4473.9,4475.27,4465.77,4465.79,1486,15,0
2026-03-27 05:45:00,4465.79,4468.73,4462.36,4462.36,1237,15,0
2026-03-27 05:50:00,4462.36,4463.95,4458.31,4461.65,1029,15,0
2026-03-27 05:55:00,4461.65,4461.74,4453.57,4454.72,1179,15,0
2026-03-27 06:00:00,4454.39,4461.42,4454.05,4455.62,1106,15,0
2026-03-27 06:05:00,4455.59,4463.22,4451.76,4461.87,1265,15,0
2026-03-27 06:10:00,4461.87,4472.88,4460.68,4471.29,1326,15,0
2026-03-27 06:15:00,4471.26,4471.26,4463.49,4465.2,1129,15,0
2026-03-27 06:20:00,4465.2,4465.25,4456.95,4462.49,1188,15,0
2026-03-27 06:25:00,4462.49,4465.72,4461.05,4463.67,983,15,0
2026-03-27 06:30:00,4463.67,4468.16,4460.47,4463.34,1060,15,0
2026-03-27 06:35:00,4463.29,4468.46,4462.65,4466.42,817,15,0
2026-03-27 06:40:00,4466.34,4468.51,4464.89,4464.89,615,15,0
2026-03-27 06:45:00,4464.89,4465.41,4459.72,4460.53,798,15,0
2026-03-27 06:50:00,4460.53,4464.33,4454.78,4462.99,954,15,0
2026-03-27 06:55:00,4462.99,4464.89,4457.08,4459.54,879,15,0
2026-03-27 07:00:00,4459.47,4463.14,4449.66,4451.38,987,15,0
2026-03-27 07:05:00,4451.43,4456.57,4447.75,4455.89,978,15,0
2026-03-27 07:10:00,4455.87,4458.16,4452.52,4454.97,821,15,0
2026-03-27 07:15:00,4454.91,4455.17,4451.25,4452.78,565,15,0
2026-03-27 07:20:00,4452.78,4456.94,4452.69,4454.99,680,15,0
2026-03-27 07:25:00,4454.99,4457.36,4450.13,4452.28,827,15,0
2026-03-27 07:30:00,4452.28,4452.28,4448.54,4451.57,801,15,0
2026-03-27 07:35:00,4451.57,4455.94,4451.03,4453.42,681,15,0
2026-03-27 07:40:00,4453.42,4453.42,4446.54,4448.37,776,15,0
2026-03-27 07:45:00,4448.37,4453.4,4447.58,4451.29,745,15,0
2026-03-27 07:50:00,4451.42,4451.66,4443.06,4444.01,785,15,0
2026-03-27 07:55:00,4444.01,4448.2,4444.01,4447.78,837,15,0
2026-03-27 08:00:00,4447.6,4451.04,4442.83,4444.29,1438,15,0
2026-03-27 08:05:00,4444.29,4449.75,4443.25,4446.21,1181,15,0
2026-03-27 08:10:00,4446.07,4447.79,4443.68,4447.05,938,15,0
2026-03-27 08:15:00,4447.04,4447.35,4438.87,4440.45,1133,15,0
2026-03-27 08:20:00,4440.45,4443.74,4436.3,4437.05,1109,15,0
2026-03-27 08:25:00,4437.04,4437.53,4430.76,4433.83,1186,15,0
2026-03-27 08:30:00,4433.8,4437.54,4430.33,4431.23,1000,15,0
2026-03-27 08:35:00,4431.23,4435.63,4428.97,4433.88,1154,15,0
2026-03-27 08:40:00,4433.88,4440.08,4433.46,4434.95,925,15,0
2026-03-27 08:45:00,4434.95,4438.74,4432.99,4434.38,911,15,0
2026-03-27 08:50:00,4434.35,4438.33,4427.2,4432.02,891,15,0
2026-03-27 08:55:00,4432.02,4432.59,4423.71,4424.25,996,15,0
2026-03-27 09:00:00,4424.12,4430.93,4424.0,4426.55,1210,15,0
2026-03-27 09:05:00,4426.61,4429.72,4422.46,4423.13,1055,15,0
2026-03-27 09:10:00,4423.13,4431.07,4420.88,4429.72,1072,15,0
2026-03-27 09:15:00,4429.79,4435.86,4428.78,4433.21,1193,15,0
2026-03-27 09:20:00,4433.24,4434.56,4430.03,4431.89,1016,15,0
2026-03-27 09:25:00,4431.89,4436.21,4430.97,4434.41,908,15,0
2026-03-27 09:30:00,4434.72,4438.27,4433.07,4433.85,930,15,0
2026-03-27 09:35:00,4433.85,4436.57,4431.16,4433.5,732,15,0
2026-03-27 09:40:00,4433.52,4433.89,4430.1,4432.86,751,15,0
2026-03-27 09:45:00,4432.86,4432.87,4428.81,4431.09,904,15,0
2026-03-27 09:50:00,4431.09,4432.99,4428.61,4429.47,915,15,0
2026-03-27 09:55:00,4429.49,4430.7,4427.14,4429.02,757,15,0
2026-03-27 10:00:00,4429.02,4433.01,4426.5,4427.39,866,15,0
2026-03-27 10:05:00,4427.39,4432.04,4427.09,4429.86,956,15,0
2026-03-27 10:10:00,4429.86,4429.88,4424.5,4426.17,800,15,0
2026-03-27 10:15:00,4426.09,4428.98,4423.84,4426.88,781,15,0
2026-03-27 10:20:00,4427.04,4429.82,4424.35,4428.8,677,15,0
2026-03-27 10:25:00,4428.8,4431.6,4427.26,4429.15,780,15,0
2026-03-27 10:30:00,4429.0,4430.6,4425.11,4427.06,935,15,0
2026-03-27 10:35:00,4427.06,4428.11,4421.4,4422.46,985,15,0
2026-03-27 10:40:00,4422.46,4423.08,4412.49,4415.91,1029,15,0
2026-03-27 10:45:00,4416.06,4417.59,4411.34,4416.38,973,15,0
2026-03-27 10:50:00,4416.01,4419.14,4411.03,4417.57,897,15,0
2026-03-27 10:55:00,4417.57,4417.8,4411.39,4414.77,1034,15,0
2026-03-27 11:00:00,4414.81,4417.2,4409.65,4409.93,1124,15,0
2026-03-27 11:05:00,4409.93,4412.23,4404.33,4410.27,1052,15,0
2026-03-27 11:10:00,4410.22,4414.68,4409.01,4413.08,1139,15,0
2026-03-27 11:15:00,4413.1,4417.12,4407.96,4410.66,998,15,0
2026-03-27 11:20:00,4410.66,4413.69,4408.81,4411.9,894,15,0
2026-03-27 11:25:00,4411.89,4416.39,4410.9,4415.38,871,15,0
2026-03-27 11:30:00,4415.53,4416.24,4413.93,4416.06,866,15,0
2026-03-27 11:35:00,4416.06,4419.63,4413.88,4416.74,866,15,0
2026-03-27 11:40:00,4416.64,4421.91,4413.99,4421.91,898,15,0
2026-03-27 11:45:00,4421.88,4425.15,4418.94,4423.46,993,15,0
2026-03-27 11:50:00,4423.46,4425.79,4418.46,4425.09,820,15,0
2026-03-27 11:55:00,4425.09,4426.38,4415.63,4420.17,946,15,0
2026-03-27 12:00:00,4420.1,4424.31,4419.31,4422.61,1214,15,0
2026-03-27 12:05:00,4422.61,4422.91,4412.79,4418.51,1081,15,0
2026-03-27 12:10:00,4418.51,4426.82,4417.53,4424.86,1062,15,0
2026-03-27 12:15:00,4424.86,4434.66,4424.86,4425.08,1083,15,0
2026-03-27 12:20:00,4424.88,4424.88,4417.19,4422.59,1271,15,0
2026-03-27 12:25:00,4422.59,4429.87,4422.29,4429.7,970,15,0
2026-03-27 12:30:00,4429.7,4430.53,4424.79,4426.6,1087,15,0
2026-03-27 12:35:00,4426.66,4436.14,4424.98,4433.75,1103,15,0
2026-03-27 12:40:00,4433.76,4437.44,4432.68,4433.3,950,15,0
2026-03-27 12:45:00,4433.55,4439.67,4433.55,4439.67,1002,15,0
2026-03-27 12:50:00,4439.67,4445.25,4439.15,4439.37,1216,15,0
2026-03-27 12:55:00,4439.37,4441.99,4437.47,4437.94,860,15,0
2026-03-27 13:00:00,4437.96,4443.89,4432.63,4433.69,1709,15,0
2026-03-27 13:05:00,4433.76,4436.09,4428.98,4429.25,1437,15,0
2026-03-27 13:10:00,4429.25,4431.5,4423.91,4429.06,1439,15,0
2026-03-27 13:15:00,4428.74,4440.75,4428.41,4439.09,1282,15,0
2026-03-27 13:20:00,4439.09,4441.86,4428.06,4431.81,1323,15,0
2026-03-27 13:25:00,4427.77,4432.62,4418.4,4422.39,1446,15,0
2026-03-27 13:30:00,4422.43,4426.58,4413.82,4418.51,2010,15,0
2026-03-27 13:35:00,4418.57,4427.78,4414.9,4427.22,2020,15,0
2026-03-27 13:40:00,4427.31,4431.01,4424.11,4428.63,2040,15,0
2026-03-27 13:45:00,4428.62,4441.55,4428.62,4433.98,2126,15,0
2026-03-27 13:50:00,4433.9,4434.78,4425.76,4426.64,1857,15,0
2026-03-27 13:55:00,4426.61,4433.92,4421.24,4431.36,1514,15,0
2026-03-27 14:00:00,4431.44,4458.6,4430.91,4457.57,1996,15,0
2026-03-27 14:05:00,4457.69,4463.2,4448.79,4449.38,1988,15,0
2026-03-27 14:10:00,4449.38,4462.72,4444.67,4461.88,1942,15,0
2026-03-27 14:15:00,4459.74,4470.0,4457.41,4465.58,2000,15,0
2026-03-27 14:20:00,4465.85,4469.67,4457.22,4463.93,1864,15,0
2026-03-27 14:25:00,4463.52,4465.92,4452.11,4455.39,1811,15,0
2026-03-27 14:30:00,4455.41,4463.69,4451.9,4463.13,1881,15,0
2026-03-27 14:35:00,4463.17,4463.93,4455.3,4459.73,1779,15,0
2026-03-27 14:40:00,4459.73,4464.13,4456.58,4464.02,1571,15,0
2026-03-27 14:45:00,4464.02,4476.0,4463.82,4473.36,1806,15,0
2026-03-27 14:50:00,4473.45,4499.86,4472.65,4489.03,1995,15,0
2026-03-27 14:55:00,4489.22,4514.61,4489.19,4509.88,2160,15,0
2026-03-27 15:00:00,4509.81,4516.11,4501.83,4515.06,2125,15,0
2026-03-27 15:05:00,4515.1,4516.04,4505.5,4514.18,1963,15,0
2026-03-27 15:10:00,4514.2,4533.79,4509.37,4525.2,2159,15,0
2026-03-27 15:15:00,4525.18,4537.85,4520.87,4532.5,2150,15,0
2026-03-27 15:20:00,4532.26,4555.16,4532.21,4545.0,2399,15,0
2026-03-27 15:25:00,4545.0,4550.25,4542.16,4543.58,2218,15,0
2026-03-27 15:30:00,4543.75,4552.42,4538.34,4543.58,2214,15,0
2026-03-27 15:35:00,4543.58,4544.55,4533.17,4534.71,2150,15,0
2026-03-27 15:40:00,4534.65,4535.34,4526.51,4531.83,2037,15,0
2026-03-27 15:45:00,4531.84,4536.38,4525.1,4533.68,1716,15,0
2026-03-27 15:50:00,4533.86,4534.49,4525.6,4526.51,1617,15,0
2026-03-27 15:55:00,4526.5,4528.99,4520.45,4524.1,1777,15,0
2026-03-27 16:00:00,4524.1,4530.73,4518.08,4530.12,1856,15,0
2026-03-27 16:05:00,4530.13,4531.91,4525.97,4530.79,1547,15,0
2026-03-27 16:10:00,4530.75,4533.11,4522.5,4528.34,1388,15,0
2026-03-27 16:15:00,4528.34,4532.76,4524.78,4528.3,1412,15,0
2026-03-27 16:20:00,4528.27,4533.58,4527.57,4530.75,1471,15,0
2026-03-27 16:25:00,4530.83,4530.93,4525.47,4528.46,1419,15,0
2026-03-27 16:30:00,4528.46,4528.89,4513.06,4518.1,1769,15,0
2026-03-27 16:35:00,4518.08,4518.08,4511.09,4511.38,1388,15,0
2026-03-27 16:40:00,4511.38,4512.54,4505.02,4511.28,1507,15,0
2026-03-27 16:45:00,4511.29,4520.8,4507.24,4520.09,1631,15,0
2026-03-27 16:50:00,4520.08,4521.28,4510.77,4512.25,1392,15,0
2026-03-27 16:55:00,4512.22,4517.01,4510.85,4516.19,1287,15,0
2026-03-27 17:00:00,4516.19,4516.24,4506.21,4511.22,1636,15,0
2026-03-27 17:05:00,4511.22,4521.31,4508.99,4513.85,1702,15,0
2026-03-27 17:10:00,4513.84,4515.29,4510.45,4511.31,1382,15,0
2026-03-27 17:15:00,4511.31,4511.85,4498.01,4500.88,1689,15,0
2026-03-27 17:20:00,4501.02,4502.14,4494.8,4497.85,1645,15,0
2026-03-27 17:25:00,4497.61,4498.71,4487.21,4494.28,1705,15,0
2026-03-27 17:30:00,4494.27,4497.97,4489.53,4497.84,1505,15,0
2026-03-27 17:35:00,4497.76,4500.35,4489.39,4491.36,1362,15,0
2026-03-27 17:40:00,4491.22,4493.65,4486.45,4490.54,1324,15,0
2026-03-27 17:45:00,4490.56,4497.46,4488.32,4495.09,1328,15,0
2026-03-27 17:50:00,4494.66,4499.67,4492.6,4494.77,1156,15,0
2026-03-27 17:55:00,4494.77,4495.03,4486.51,4486.88,1175,15,0
2026-03-27 18:00:00,4486.83,4498.23,4486.74,4493.97,1388,15,0
2026-03-27 18:05:00,4493.97,4496.72,4489.03,4495.41,1211,15,0
2026-03-27 18:10:00,4495.43,4498.98,4490.87,4498.47,1300,15,0
2026-03-27 18:15:00,4498.52,4510.13,4498.52,4509.47,1916,15,0
2026-03-27 18:20:00,4509.61,4511.39,4502.92,4504.22,1346,15,0
2026-03-27 18:25:00,4504.22,4510.34,4503.65,4509.3,1236,15,0
2026-03-27 18:30:00,4509.3,4515.21,4508.65,4514.19,1251,15,0
2026-03-27 18:35:00,4514.19,4528.71,4512.93,4518.42,1389,15,0
2026-03-27 18:40:00,4518.43,4527.36,4515.36,4525.61,1375,15,0
2026-03-27 18:45:00,4525.61,4525.8,4517.25,4519.12,1162,15,0
2026-03-27 18:50:00,4519.12,4521.32,4517.08,4517.45,877,15,0
2026-03-27 18:55:00,4517.45,4517.53,4513.45,4516.7,942,15,0
2026-03-27 19:00:00,4516.65,4519.17,4509.19,4509.29,1348,15,0
2026-03-27 19:05:00,4508.94,4512.17,4507.21,4509.43,948,15,0
2026-03-27 19:10:00,4509.45,4514.55,4507.68,4511.09,1150,15,0
2026-03-27 19:15:00,4510.98,4522.0,4509.94,4521.26,1033,15,0
2026-03-27 19:20:00,4521.24,4524.02,4519.92,4521.37,962,15,0
2026-03-27 19:25:00,4521.34,4522.82,4518.07,4522.52,925,15,0
2026-03-27 19:30:00,4522.95,4526.19,4520.01,4521.52,933,15,0
2026-03-27 19:35:00,4521.52,4521.92,4511.27,4511.81,936,15,0
2026-03-27 19:40:00,4511.81,4512.1,4500.74,4510.17,1501,15,0
2026-03-27 19:45:00,4510.16,4510.35,4503.5,4509.58,1499,15,0
2026-03-27 19:50:00,4509.27,4516.21,4506.8,4515.65,1639,15,0
2026-03-27 19:55:00,4515.63,4522.66,4512.05,4514.47,1662,15,0
2026-03-27 20:00:00,4514.63,4518.22,4512.36,4513.31,1110,15,0
2026-03-27 20:05:00,4513.31,4513.31,4506.57,4510.71,680,58,0
2026-03-27 20:10:00,4510.83,4512.25,4508.36,4509.93,439,58,0
2026-03-27 20:15:00,4509.93,4510.66,4505.11,4508.09,524,58,0
2026-03-27 20:20:00,4508.09,4509.09,4505.06,4506.68,592,58,0
2026-03-27 20:25:00,4506.75,4508.27,4504.46,4506.93,584,58,0
2026-03-27 20:30:00,4506.85,4508.51,4502.42,4506.17,539,58,0
2026-03-27 20:35:00,4505.88,4510.16,4502.85,4509.92,510,58,0
2026-03-27 20:40:00,4509.92,4512.57,4498.92,4505.6,680,58,0
2026-03-29 22:05:00,4512.08,4512.66,4481.38,4486.76,1101,58,0
2026-03-29 22:10:00,4484.14,4501.36,4482.71,4497.04,1288,58,0
2026-03-29 22:15:00,4497.04,4506.03,4490.72,4505.8,1162,58,0
2026-03-29 22:20:00,4505.43,4511.99,4501.66,4506.3,1292,58,0
2026-03-29 22:25:00,4506.3,4511.59,4501.15,4509.01,961,58,0
2026-03-29 22:30:00,4509.21,4512.74,4503.7,4507.39,972,58,0
2026-03-29 22:35:00,4507.39,4512.29,4501.17,4502.28,814,58,0
2026-03-29 22:40:00,4502.28,4505.51,4490.4,4493.19,938,58,0
2026-03-29 22:45:00,4493.19,4496.76,4487.36,4489.49,785,58,0
2026-03-29 22:50:00,4489.49,4495.24,4486.69,4491.71,966,58,0
2026-03-29 22:55:00,4487.58,4490.62,4480.55,4484.53,1195,58,0
2026-03-29 23:00:00,4484.51,4492.25,4483.46,4488.13,1044,58,0
2026-03-29 23:05:00,4488.13,4488.79,4464.22,4477.85,1202,58,0
2026-03-29 23:10:00,4478.01,4479.29,4471.96,4478.23,688,58,0
2026-03-29 23:15:00,4478.25,4484.51,4475.13,4475.16,752,58,0
2026-03-29 23:20:00,4475.16,4479.19,4472.02,4473.87,648,58,0
2026-03-29 23:25:00,4473.87,4481.22,4472.17,4472.19,704,58,0
2026-03-29 23:30:00,4472.15,4472.32,4451.31,4458.96,1356,15,0
2026-03-29 23:35:00,4458.98,4460.17,4445.54,4452.18,1512,15,0
2026-03-29 23:40:00,4451.89,4455.55,4450.82,4452.19,871,15,0
2026-03-29 23:45:00,4452.56,4455.98,4444.01,4444.76,1268,15,0
2026-03-29 23:50:00,4444.78,4452.27,4443.98,4449.71,1561,15,0
2026-03-29 23:55:00,4449.71,4452.64,4444.39,4448.88,1121,15,0
2026-03-30 00:00:00,4449.0,4451.52,4432.62,4435.08,1556,15,0
2026-03-30 00:05:00,4435.09,4441.09,4424.79,4429.14,1857,15,0
2026-03-30 00:10:00,4429.14,4432.26,4420.28,4426.29,1710,15,0
2026-03-30 00:15:00,4426.01,4445.01,4422.88,4445.01,1781,15,0
2026-03-30 00:20:00,4445.72,4463.24,4442.91,4462.08,2288,15,0
2026-03-30 00:25:00,4462.09,4466.94,4445.81,4449.42,1931,15,0
2026-03-30 00:30:00,4449.47,4459.01,4446.05,4452.28,1871,15,0
2026-03-30 00:35:00,4452.28,4452.74,4445.9,4447.81,1646,15,0
2026-03-30 00:40:00,4447.79,4449.24,4435.51,4438.48,1488,15,0
2026-03-30 00:45:00,4438.5,4441.68,4433.16,4441.07,1540,15,0
2026-03-30 00:50:00,4441.1,4442.91,4431.96,4434.65,1419,15,0
2026-03-30 00:55:00,4434.53,4437.29,4430.76,4432.27,1256,15,0
2026-03-30 01:00:00,4431.97,4452.04,4431.97,4442.09,2294,15,0
2026-03-30 01:05:00,4442.11,4457.67,4440.95,4456.9,2030,15,0
2026-03-30 01:10:00,4456.91,4461.93,4454.81,4460.13,2007,15,0
2026-03-30 01:15:00,4460.15,4460.18,4450.05,4455.85,1893,15,0
2026-03-30 01:20:00,4455.81,4466.72,4454.06,4454.21,1901,15,0
2026-03-30 01:25:00,4454.17,4459.8,4445.81,4448.78,1791,15,0
2026-03-30 01:30:00,4448.79,4469.62,4445.38,4467.96,1967,15,0
2026-03-30 01:35:00,4467.88,4475.86,4466.12,4467.65,1898,15,0
2026-03-30 01:40:00,4467.65,4474.5,4462.72,4471.47,1732,15,0
2026-03-30 01:45:00,4471.59,4475.15,4470.95,4474.09,1682,15,0
2026-03-30 01:50:00,4474.12,4474.19,4461.63,4464.24,1543,15,0
2026-03-30 01:55:00,4464.23,4472.13,4464.23,4469.7,1403,15,0
2026-03-30 02:00:00,4469.69,4474.66,4467.5,4469.19,1647,15,0
2026-03-30 02:05:00,4469.2,4474.45,4465.74,4468.9,1488,15,0
2026-03-30 02:10:00,4468.83,4472.99,4465.4,4472.87,1407,15,0
2026-03-30 02:15:00,4472.86,4474.43,4466.69,4468.4,1145,15,0
2026-03-30 02:20:00,4468.38,4474.01,4466.72,4471.19,1156,15,0
2026-03-30 02:25:00,4471.17,4473.74,4469.49,4473.04,1034,15,0
2026-03-30 02:30:00,4473.04,4475.52,4458.95,4464.58,1768,15,0
2026-03-30 02:35:00,4464.58,4471.54,4461.52,4470.87,1544,15,0
2026-03-30 02:40:00,4470.87,4499.19,4470.59,4494.69,1951,15,0
2026-03-30 02:45:00,4494.69,4496.23,4489.39,4491.68,1577,15,0
2026-03-30 02:50:00,4491.8,4492.79,4483.98,4484.06,1547,15,0
2026-03-30 02:55:00,4484.05,4486.11,4479.1,4481.4,1395,15,0
2026-03-30 03:00:00,4481.39,4495.13,4478.98,4494.57,1422,15,0
2026-03-30 03:05:00,4494.57,4507.32,4493.64,4506.47,1876,15,0
2026-03-30 03:10:00,4506.46,4508.99,4502.09,4504.84,1627,15,0
2026-03-30 03:15:00,4504.86,4509.39,4503.92,4506.46,1333,15,0
2026-03-30 03:20:00,4506.46,4517.63,4505.87,4511.71,1601,15,0
2026-03-30 03:25:00,4511.71,4512.87,4506.48,4507.15,1409,15,0
2026-03-30 03:30:00,4507.15,4507.82,4503.95,4505.59,919,15,0
2026-03-30 03:35:00,4505.63,4506.08,4502.72,4503.5,780,15,0
2026-03-30 03:40:00,4503.5,4505.17,4499.84,4503.81,897,15,0
2026-03-30 03:45:00,4503.8,4507.7,4500.48,4505.78,883,15,0
2026-03-30 03:50:00,4505.78,4506.59,4502.9,4504.21,813,15,0
2026-03-30 03:55:00,4504.21,4504.42,4494.65,4496.24,985,15,0
2026-03-30 04:00:00,4496.24,4498.88,4494.57,4494.69,1033,15,0
2026-03-30 04:05:00,4494.69,4495.07,4489.46,4490.68,1046,15,0
2026-03-30 04:10:00,4490.68,4491.48,4486.87,4487.82,932,15,0
2026-03-30 04:15:00,4487.8,4491.29,4487.63,4488.55,593,15,0
2026-03-30 04:20:00,4488.55,4495.71,4487.58,4494.55,778,15,0
2026-03-30 04:25:00,4494.55,4494.57,4490.46,4490.71,1022,15,0
2026-03-30 04:30:00,4490.69,4491.5,4487.08,4488.0,852,15,0
2026-03-30 04:35:00,4488.0,4490.36,4486.97,4488.01,648,15,0
2026-03-30 04:40:00,4488.01,4489.84,4486.31,4488.26,640,15,0
2026-03-30 04:45:00,4488.26,4491.49,4487.15,4488.65,745,15,0
2026-03-30 04:50:00,4488.77,4492.2,4488.13,4492.05,691,15,0
2026-03-30 04:55:00,4492.05,4498.95,4491.97,4496.83,931,15,0
2026-03-30 05:00:00,4496.83,4500.87,4496.82,4499.31,1085,15,0
2026-03-30 05:05:00,4499.32,4505.44,4498.54,4504.83,892,15,0
2026-03-30 05:10:00,4504.78,4508.21,4503.92,4504.95,1013,15,0
2026-03-30 05:15:00,4504.92,4513.56,4504.81,4511.68,795,15,0
2026-03-30 05:20:00,4511.69,4515.82,4510.82,4514.81,968,15,0
2026-03-30 05:25:00,4514.83,4514.83,4504.68,4505.71,1177,15,0
2026-03-30 05:30:00,4505.69,4512.71,4503.8,4511.85,1797,15,0
2026-03-30 05:35:00,4511.87,4515.3,4506.45,4506.49,1493,15,0
2026-03-30 05:40:00,4506.5,4510.71,4505.0,4510.55,1001,15,0
2026-03-30 05:45:00,4510.55,4521.65,4510.16,4520.76,1318,15,0
2026-03-30 05:50:00,4520.77,4528.49,4518.31,4526.26,1396,15,0
2026-03-30 05:55:00,4526.24,4527.22,4521.72,4522.54,1371,15,0
2026-03-30 06:00:00,4522.67,4526.9,4517.15,4526.57,1545,15,0
2026-03-30 06:05:00,4526.57,4533.6,4523.44,4528.95,1365,15,0
2026-03-30 06:10:00,4528.98,4534.44,4526.99,4530.44,1339,15,0
2026-03-30 06:15:00,4530.49,4535.47,4526.83,4532.56,1416,15,0
2026-03-30 06:20:00,4532.49,4533.39,4527.27,4532.85,1418,15,0
2026-03-30 06:25:00,4532.9,4533.63,4527.9,4528.68,1337,15,0
2026-03-30 06:30:00,4528.66,4536.58,4526.39,4535.0,1304,15,0
2026-03-30 06:35:00,4535.0,4541.51,4532.12,4536.67,1238,15,0
2026-03-30 06:40:00,4536.64,4541.75,4535.89,4540.06,936,15,0
2026-03-30 06:45:00,4540.14,4550.78,4539.49,4546.26,1323,15,0
2026-03-30 06:50:00,4546.26,4546.62,4536.23,4536.47,1318,15,0
2026-03-30 06:55:00,4536.49,4537.95,4531.9,4532.63,1269,15,0
2026-03-30 07:00:00,4532.68,4533.68,4523.93,4524.5,1398,15,0
2026-03-30 07:05:00,4524.53,4533.41,4523.79,4532.67,1293,15,0
2026-03-30 07:10:00,4532.67,4534.65,4529.36,4534.3,1102,15,0
2026-03-30 07:15:00,4534.3,4534.57,4526.94,4530.11,1057,15,0
2026-03-30 07:20:00,4530.12,4532.66,4526.23,4528.31,1087,15,0
2026-03-30 07:25:00,4528.33,4528.83,4520.6,4522.91,1425,15,0
2026-03-30 07:30:00,4522.79,4526.04,4515.65,4516.99,1350,15,0
2026-03-30 07:35:00,4517.2,4524.23,4515.94,4523.42,1133,15,0
2026-03-30 07:40:00,4523.42,4524.54,4517.62,4521.31,1274,15,0
2026-03-30 07:45:00,4521.31,4522.09,4519.21,4520.7,1153,14,0
2026-03-30 07:50:00,4520.7,4526.39,4519.34,4525.11,988,15,0
2026-03-30 07:55:00,4525.11,4528.18,4524.66,4527.49,990,15,0
2026-03-30 08:00:00,4527.47,4530.72,4525.19,4527.88,1237,15,0
2026-03-30 08:05:00,4527.88,4535.89,4526.89,4534.98,1366,15,0
2026-03-30 08:10:00,4534.98,4537.02,4531.65,4533.84,1178,15,0
2026-03-30 08:15:00,4533.86,4534.0,4531.71,4532.85,781,15,0
2026-03-30 08:20:00,4532.85,4535.8,4525.84,4530.34,1421,15,0
2026-03-30 08:25:00,4530.34,4532.6,4526.48,4528.82,1047,15,0
2026-03-30 08:30:00,4528.79,4538.1,4528.59,4532.74,1197,15,0
2026-03-30 08:35:00,4532.74,4537.2,4530.32,4536.87,1023,15,0
2026-03-30 08:40:00,4536.87,4536.87,4531.55,4532.9,551,15,0
2026-03-30 08:45:00,4532.9,4537.27,4532.63,4535.65,751,15,0
2026-03-30 08:50:00,4535.75,4540.37,4534.13,4538.72,1158,15,0
2026-03-30 08:55:00,4538.72,4540.44,4534.62,4538.02,917,15,0
2026-03-30 09:00:00,4538.02,4540.61,4536.06,4539.57,963,15,0
2026-03-30 09:05:00,4539.58,4540.41,4530.76,4533.37,988,15,0
2026-03-30 09:10:00,4533.37,4534.42,4528.25,4529.66,1181,15,0
2026-03-30 09:15:00,4529.66,4530.24,4523.66,4528.45,1453,15,0
2026-03-30 09:20:00,4528.45,4536.22,4527.62,4531.26,1178,15,0
2026-03-30 09:25:00,4531.26,4532.29,4527.07,4527.67,1079,15,0
2026-03-30 09:30:00,4527.69,4529.73,4523.78,4526.48,1106,15,0
2026-03-30 09:35:00,4526.48,4534.94,4526.26,4533.64,1058,15,0
2026-03-30 09:40:00,4533.64,4538.13,4532.76,4537.13,997,15,0
2026-03-30 09:45:00,4537.14,4538.38,4533.02,4533.2,1002,15,0
2026-03-30 09:50:00,4533.28,4535.18,4528.81,4532.84,902,15,0
2026-03-30 09:55:00,4532.85,4533.46,4529.77,4532.44,826,15,0
2026-03-30 10:00:00,4533.25,4534.42,4529.38,4534.01,875,15,0
2026-03-30 10:05:00,4534.02,4535.49,4532.37,4533.33,904,15,0
2026-03-30 10:10:00,4533.34,4536.45,4531.84,4533.03,882,15,0
2026-03-30 10:15:00,4533.03,4538.94,4530.74,4537.16,817,15,0
2026-03-30 10:20:00,4537.1,4540.0,4531.53,4531.82,1029,15,0
2026-03-30 10:25:00,4531.81,4532.98,4527.92,4531.39,1057,15,0
2026-03-30 10:30:00,4531.39,4533.43,4528.11,4530.48,999,15,0
2026-03-30 10:35:00,4530.48,4533.76,4530.38,4531.53,884,15,0
2026-03-30 10:40:00,4531.45,4534.2,4530.08,4533.48,774,15,0
2026-03-30 10:45:00,4533.48,4534.88,4528.7,4532.2,931,15,0
2026-03-30 10:50:00,4532.19,4535.63,4529.99,4533.53,812,15,0
2026-03-30 10:55:00,4533.81,4533.87,4528.97,4532.51,787,15,0
2026-03-30 11:00:00,4532.56,4534.22,4525.56,4527.33,1363,15,0
2026-03-30 11:05:00,4527.33,4536.18,4527.26,4534.9,865,15,0
2026-03-30 11:10:00,4534.9,4540.6,4534.68,4538.62,1032,15,0
2026-03-30 11:15:00,4538.39,4545.42,4537.98,4544.59,1143,15,0
2026-03-30 11:20:00,4544.6,4544.77,4536.93,4542.62,994,15,0
2026-03-30 11:25:00,4542.58,4548.54,4536.4,4543.34,1808,15,0
2026-03-30 11:30:00,4543.4,4546.0,4540.19,4542.88,1889,15,0
2026-03-30 11:35:00,4542.88,4545.69,4538.82,4541.56,1617,15,0
2026-03-30 11:40:00,4541.57,4566.28,4540.71,4566.28,1594,15,0
2026-03-30 11:45:00,4566.19,4573.38,4565.06,4570.5,1817,15,0
2026-03-30 11:50:00,4570.57,4580.54,4569.03,4569.17,1623,15,0
2026-03-30 11:55:00,4569.33,4569.47,4556.09,4559.57,1507,15,0
2026-03-30 12:00:00,4559.65,4560.16,4545.66,4555.26,1750,15,0
2026-03-30 12:05:00,4555.25,4560.44,4555.06,4557.58,1292,15,0
2026-03-30 12:10:00,4557.58,4561.55,4555.78,4556.71,1309,14,0
2026-03-30 12:15:00,4556.61,4567.49,4556.36,4567.35,1468,15,0
2026-03-30 12:20:00,4566.89,4567.88,4562.76,4563.95,1370,15,0
2026-03-30 12:25:00,4563.95,4568.15,4561.27,4565.86,1356,15,0
2026-03-30 12:30:00,4565.84,4573.04,4564.11,4571.0,1533,15,0
2026-03-30 12:35:00,4571.0,4575.12,4568.86,4571.86,1270,15,0
2026-03-30 12:40:00,4571.86,4577.94,4571.68,4573.79,1100,15,0
2026-03-30 12:45:00,4573.79,4574.04,4564.63,4570.92,1190,15,0
2026-03-30 12:50:00,4570.78,4570.78,4563.79,4567.93,1093,15,0
2026-03-30 12:55:00,4567.98,4573.66,4566.75,4569.42,1076,15,0
2026-03-30 13:00:00,4569.6,4578.8,4569.31,4570.81,1868,15,0
2026-03-30 13:05:00,4570.81,4572.67,4561.41,4568.17,1774,15,0
2026-03-30 13:10:00,4568.17,4570.06,4564.32,4566.04,1326,15,0
2026-03-30 13:15:00,4565.97,4568.51,4564.43,4567.92,1306,15,0
2026-03-30 13:20:00,4567.92,4569.06,4559.03,4563.97,1280,15,0
2026-03-30 13:25:00,4564.19,4571.36,4561.89,4567.54,1342,15,0
2026-03-30 13:30:00,4567.74,4573.92,4556.75,4557.85,2298,15,0
2026-03-30 13:35:00,4557.9,4561.07,4550.08,4559.94,2432,15,0
2026-03-30 13:40:00,4559.71,4560.13,4543.19,4544.24,2390,15,0
2026-03-30 13:45:00,4544.33,4548.12,4531.96,4534.63,2372,15,0
2026-03-30 13:50:00,4534.78,4537.89,4530.28,4533.05,2289,15,0
2026-03-30 13:55:00,4533.08,4534.2,4517.45,4523.41,2320,15,0
2026-03-30 14:00:00,4523.44,4536.01,4522.47,4529.47,2298,15,0
2026-03-30 14:05:00,4529.47,4530.63,4518.07,4526.16,2151,15,0
2026-03-30 14:10:00,4526.47,4535.33,4521.77,4533.75,2090,15,0
2026-03-30 14:15:00,4533.74,4534.69,4519.82,4523.54,2060,15,0
2026-03-30 14:20:00,4523.51,4525.82,4512.4,4522.74,2175,15,0
2026-03-30 14:25:00,4522.74,4523.45,4517.46,4518.96,2191,15,0
2026-03-30 14:30:00,4518.92,4525.98,4517.45,4525.38,2113,15,0
2026-03-30 14:35:00,4525.38,4532.38,4521.83,4528.2,2199,15,0
2026-03-30 14:40:00,4528.18,4533.53,4521.01,4522.85,2038,15,0
2026-03-30 14:45:00,4522.85,4540.72,4521.38,4531.76,2402,15,0
2026-03-30 14:50:00,4531.79,4541.23,4530.23,4538.34,2396,15,0
2026-03-30 14:55:00,4538.3,4541.4,4533.41,4538.46,2051,15,0
2026-03-30 15:00:00,4538.57,4543.33,4535.76,4539.39,1884,15,0
2026-03-30 15:05:00,4539.39,4541.0,4532.16,4534.36,1870,15,0
2026-03-30 15:10:00,4534.37,4538.64,4532.83,4532.83,1749,15,0
2026-03-30 15:15:00,4532.83,4534.07,4525.8,4530.38,1967,15,0
2026-03-30 15:20:00,4530.37,4533.77,4524.66,4530.24,1695,15,0
2026-03-30 15:25:00,4530.25,4533.89,4529.26,4531.64,1689,15,0
2026-03-30 15:30:00,4531.62,4541.89,4527.61,4541.37,1844,14,0
2026-03-30 15:35:00,4541.37,4549.52,4541.13,4548.89,1830,15,0
2026-03-30 15:40:00,4548.89,4554.0,4548.13,4551.82,1494,15,0
2026-03-30 15:45:00,4551.84,4556.31,4550.64,4552.31,1536,15,0
2026-03-30 15:50:00,4552.42,4555.6,4545.42,4554.65,1614,15,0
2026-03-30 15:55:00,4554.53,4556.85,4547.3,4548.45,1812,15,0
2026-03-30 16:00:00,4548.45,4549.79,4538.76,4539.99,1665,15,0
2026-03-30 16:05:00,4539.99,4544.37,4537.93,4541.17,1677,15,0
2026-03-30 16:10:00,4541.15,4546.96,4540.62,4544.46,1324,15,0
2026-03-30 16:15:00,4544.46,4548.86,4541.97,4545.27,1420,15,0
2026-03-30 16:20:00,4545.27,4547.73,4542.56,4543.43,1347,15,0
2026-03-30 16:25:00,4543.43,4543.43,4536.76,4536.92,1572,15,0
2026-03-30 16:30:00,4536.92,4541.99,4532.75,4538.91,1454,15,0
2026-03-30 16:35:00,4538.94,4543.32,4538.78,4541.94,1240,15,0
2026-03-30 16:40:00,4541.94,4548.32,4541.71,4548.2,1122,15,0
2026-03-30 16:45:00,4548.2,4548.78,4540.76,4541.8,1295,15,0
2026-03-30 16:50:00,4541.82,4544.11,4540.23,4542.4,1326,15,0
2026-03-30 16:55:00,4542.39,4543.12,4536.71,4539.99,1738,15,0
2026-03-30 17:00:00,4539.78,4542.36,4532.65,4532.75,1624,15,0
2026-03-30 17:05:00,4532.8,4535.44,4531.93,4534.93,1631,15,0
2026-03-30 17:10:00,4534.93,4535.73,4519.56,4522.7,1547,15,0
2026-03-30 17:15:00,4522.67,4526.11,4520.46,4523.76,1661,15,0
2026-03-30 17:20:00,4523.76,4529.33,4522.38,4529.22,1489,15,0
2026-03-30 17:25:00,4529.29,4530.56,4527.06,4527.71,1383,15,0
2026-03-30 17:30:00,4527.74,4527.74,4515.61,4516.62,1687,15,0
2026-03-30 17:35:00,4516.63,4519.72,4514.91,4517.16,1707,15,0
2026-03-30 17:40:00,4517.21,4525.48,4516.09,4524.3,1517,15,0
2026-03-30 17:45:00,4524.3,4528.72,4516.9,4517.22,1579,15,0
2026-03-30 17:50:00,4517.05,4520.56,4514.15,4517.01,1312,15,0
2026-03-30 17:55:00,4517.11,4517.94,4511.4,4515.02,1442,15,0
2026-03-30 18:00:00,4514.93,4523.11,4514.56,4517.87,1386,15,0
2026-03-30 18:05:00,4517.91,4519.96,4513.14,4518.02,1474,15,0
2026-03-30 18:10:00,4518.02,4521.3,4515.97,4518.78,1341,15,0
2026-03-30 18:15:00,4518.83,4519.83,4515.61,4519.56,1101,15,0
2026-03-30 18:20:00,4519.57,4521.35,4514.56,4515.5,1180,15,0
2026-03-30 18:25:00,4515.61,4516.14,4511.44,4513.84,1233,15,0
2026-03-30 18:30:00,4513.93,4517.96,4512.57,4513.59,973,15,0
2026-03-30 18:35:00,4513.59,4519.47,4513.49,4513.49,1172,15,0
2026-03-30 18:40:00,4513.49,4517.18,4513.18,4515.57,869,15,0
2026-03-30 18:45:00,4515.57,4518.86,4515.48,4517.86,929,15,0
2026-03-30 18:50:00,4517.87,4518.36,4507.26,4507.3,1222,15,0
2026-03-30 18:55:00,4507.05,4508.2,4498.53,4499.12,1514,15,0
2026-03-30 19:00:00,4498.97,4502.95,4495.35,4500.22,1816,15,0
2026-03-30 19:05:00,4500.22,4505.13,4497.83,4499.91,1540,15,0
2026-03-30 19:10:00,4499.89,4500.18,4493.61,4497.89,1709,15,0
2026-03-30 19:15:00,4497.96,4502.01,4495.66,4495.97,1389,15,0
2026-03-30 19:20:00,4495.97,4501.28,4493.19,4498.34,1416,15,0
2026-03-30 19:25:00,4498.33,4504.1,4497.08,4501.66,1363,15,0
2026-03-30 19:30:00,4501.65,4510.65,4498.25,4509.08,1392,15,0
2026-03-30 19:35:00,4509.08,4513.15,4504.15,4505.41,1577,15,0
2026-03-30 19:40:00,4505.4,4506.45,4501.62,4504.97,1625,15,0
2026-03-30 19:45:00,4504.94,4510.45,4503.93,4507.34,1369,15,0
2026-03-30 19:50:00,4507.51,4509.42,4504.58,4505.82,1593,14,0
2026-03-30 19:55:00,4506.1,4518.5,4506.09,4513.75,1585,15,0
2026-03-30 20:00:00,4513.65,4516.48,4509.2,4509.48,754,15,0
2026-03-30 20:05:00,4509.52,4511.91,4509.25,4509.36,602,28,0
2026-03-30 20:10:00,4509.36,4509.5,4505.56,4508.38,707,28,0
2026-03-30 20:15:00,4508.38,4510.23,4507.96,4508.18,550,28,0
2026-03-30 20:20:00,4508.18,4508.51,4502.65,4503.1,601,28,0
2026-03-30 20:25:00,4503.1,4506.54,4502.21,4506.05,447,28,0
2026-03-30 20:30:00,4506.04,4507.08,4503.18,4504.26,428,28,0
2026-03-30 20:35:00,4504.26,4504.53,4501.12,4502.48,402,28,0
2026-03-30 20:40:00,4502.48,4505.27,4502.35,4503.7,392,28,0
2026-03-30 20:45:00,4503.7,4506.54,4502.7,4504.81,462,28,0
2026-03-30 20:50:00,4504.69,4508.38,4504.34,4508.11,355,28,0
2026-03-30 20:55:00,4508.11,4511.22,4508.11,4511.07,270,28,0
2026-03-30 22:00:00,4514.78,4520.84,4514.14,4517.7,727,28,0
2026-03-30 22:05:00,4517.7,4518.07,4511.25,4512.03,416,28,0
2026-03-30 22:10:00,4512.08,4515.86,4507.42,4508.27,583,28,0
2026-03-30 22:15:00,4508.21,4511.72,4504.79,4506.03,654,28,0
2026-03-30 22:20:00,4506.03,4506.91,4505.47,4506.45,275,28,0
2026-03-30 22:25:00,4506.5,4514.97,4502.16,4514.75,545,28,0
2026-03-30 22:30:00,4514.9,4518.91,4511.95,4512.75,547,28,0
2026-03-30 22:35:00,4512.75,4513.7,4511.0,4511.53,221,28,0
2026-03-30 22:40:00,4511.53,4512.07,4508.2,4508.65,199,28,0
2026-03-30 22:45:00,4508.61,4512.88,4508.35,4512.21,382,28,0
2026-03-30 22:50:00,4512.21,4514.13,4511.88,4513.19,462,28,0
2026-03-30 22:55:00,4513.19,4515.34,4511.66,4514.19,520,28,0
2026-03-30 23:00:00,4510.83,4510.83,4497.79,4502.7,882,28,0
2026-03-30 23:05:00,4502.72,4506.99,4495.01,4495.19,1135,28,0
2026-03-30 23:10:00,4495.19,4500.23,4493.65,4499.1,882,15,0
2026-03-30 23:15:00,4499.1,4507.53,4498.27,4506.88,929,15,0
2026-03-30 23:20:00,4506.88,4510.31,4505.78,4507.34,634,15,0
2026-03-30 23:25:00,4507.34,4507.35,4504.38,4505.53,607,15,0
2026-03-30 23:30:00,4505.52,4509.02,4503.39,4507.17,534,15,0
2026-03-30 23:35:00,4507.17,4515.54,4504.5,4511.18,762,15,0
2026-03-30 23:40:00,4511.18,4519.69,4509.78,4518.65,680,15,0
2026-03-30 23:45:00,4518.65,4519.69,4515.2,4518.65,668,15,0
2026-03-30 23:50:00,4518.65,4521.51,4513.61,4513.74,747,15,0
2026-03-30 23:55:00,4513.83,4513.91,4507.88,4513.88,867,15,0
2026-03-31 00:00:00,4513.88,4528.52,4510.8,4528.42,1712,15,0
2026-03-31 00:05:00,4528.44,4528.45,4519.58,4519.58,1505,15,0
2026-03-31 00:10:00,4519.57,4523.44,4514.41,4516.19,1364,15,0
2026-03-31 00:15:00,4516.19,4518.31,4495.59,4496.28,1690,15,0
2026-03-31 00:20:00,4496.28,4498.08,4482.71,4494.04,1674,15,0
2026-03-31 00:25:00,4494.05,4513.61,4490.77,4512.34,1606,15,0
2026-03-31 00:30:00,4512.34,4515.78,4506.96,4511.35,1170,15,0
2026-03-31 00:35:00,4511.37,4531.1,4511.37,4530.28,1669,15,0
2026-03-31 00:40:00,4530.25,4537.1,4524.92,4536.12,1657,15,0
2026-03-31 00:45:00,4536.27,4546.73,4535.4,4538.33,2115,15,0
2026-03-31 00:50:00,4538.33,4542.55,4535.32,4542.43,1437,15,0
2026-03-31 00:55:00,4542.44,4548.23,4539.78,4547.89,1581,15,0
2026-03-31 01:00:00,4547.65,4550.67,4540.01,4541.33,1908,15,0
2026-03-31 01:05:00,4541.15,4541.69,4532.32,4539.2,1573,15,0
2026-03-31 01:10:00,4539.2,4545.49,4533.76,4544.03,1710,15,0
2026-03-31 01:15:00,4544.07,4570.49,4543.67,4569.0,1799,15,0
2026-03-31 01:20:00,4568.98,4585.5,4565.24,4585.21,1878,15,0
2026-03-31 01:25:00,4585.28,4585.83,4575.8,4581.25,1854,15,0
2026-03-31 01:30:00,4581.27,4591.07,4580.13,4581.7,1877,15,0
2026-03-31 01:35:00,4581.73,4589.17,4577.5,4589.0,2002,15,0
2026-03-31 01:40:00,4588.43,4619.19,4588.43,4617.95,2171,15,0
2026-03-31 01:45:00,4617.96,4619.63,4599.52,4603.03,2029,15,0
2026-03-31 01:50:00,4603.03,4615.08,4595.99,4610.46,1952,15,0
2026-03-31 01:55:00,4610.46,4614.71,4600.55,4605.28,1639,15,0
2026-03-31 02:00:00,4605.32,4607.59,4588.62,4594.03,1869,15,0
2026-03-31 02:05:00,4593.98,4600.4,4590.45,4597.11,1675,15,0
2026-03-31 02:10:00,4597.1,4599.76,4588.84,4589.97,1493,15,0
2026-03-31 02:15:00,4589.97,4592.64,4583.9,4587.9,1465,15,0
2026-03-31 02:20:00,4587.9,4589.03,4582.23,4585.06,1173,15,0
2026-03-31 02:25:00,4584.98,4585.55,4578.58,4582.57,1113,15,0
2026-03-31 02:30:00,4582.55,4586.58,4579.68,4580.91,1544,15,0
2026-03-31 02:35:00,4580.94,4588.55,4579.06,4586.29,1279,15,0
2026-03-31 02:40:00,4586.29,4587.37,4579.57,4587.23,1305,15,0
2026-03-31 02:45:00,4587.27,4588.34,4568.38,4570.86,1520,15,0
2026-03-31 02:50:00,4570.89,4579.6,4568.79,4570.8,1526,15,0
2026-03-31 02:55:00,4570.8,4574.44,4565.85,4568.49,1437,15,0
2026-03-31 03:00:00,4568.4,4573.11,4566.17,4570.21,1357,14,0
2026-03-31 03:05:00,4570.21,4577.16,4567.09,4570.04,1408,15,0
2026-03-31 03:10:00,4570.04,4574.19,4567.97,4570.09,1266,15,0
2026-03-31 03:15:00,4570.09,4571.37,4563.93,4564.03,1168,15,0
2026-03-31 03:20:00,4564.0,4567.46,4556.09,4557.7,1175,14,0
2026-03-31 03:25:00,4557.72,4563.79,4557.1,4561.78,1079,14,0
2026-03-31 03:30:00,4561.78,4565.99,4560.97,4565.22,792,15,0
2026-03-31 03:35:00,4565.22,4565.8,4557.05,4557.72,873,15,0
2026-03-31 03:40:00,4557.72,4559.31,4549.96,4551.76,774,15,0
2026-03-31 03:45:00,4551.38,4553.81,4550.17,4552.95,762,15,0
2026-03-31 03:50:00,4552.95,4557.73,4552.02,4555.19,814,15,0
2026-03-31 03:55:00,4555.19,4557.48,4553.95,4557.34,641,15,0
2026-03-31 04:00:00,4557.35,4561.01,4557.35,4560.09,587,15,0
2026-03-31 04:05:00,4560.1,4566.29,4557.6,4560.05,969,15,0
2026-03-31 04:10:00,4560.05,4563.32,4557.26,4557.52,736,15,0
2026-03-31 04:15:00,4557.52,4565.89,4557.15,4563.49,727,15,0
2026-03-31 04:20:00,4563.49,4569.62,4558.94,4559.48,849,15,0
2026-03-31 04:25:00,4559.48,4562.47,4559.0,4561.63,726,15,0
2026-03-31 04:30:00,4561.61,4565.47,4561.25,4564.12,761,15,0
2026-03-31 04:35:00,4564.12,4564.12,4560.19,4562.33,552,15,0
2026-03-31 04:40:00,4562.33,4564.38,4560.47,4564.11,533,15,0
2026-03-31 04:45:00,4564.11,4565.54,4561.26,4561.64,747,15,0
2026-03-31 04:50:00,4561.64,4566.52,4561.13,4565.84,661,15,0
2026-03-31 04:55:00,4565.84,4569.23,4564.7,4564.82,624,15,0
2026-03-31 05:00:00,4564.55,4569.29,4564.2,4569.17,847,15,0
2026-03-31 05:05:00,4569.17,4570.73,4561.85,4562.02,712,15,0
2026-03-31 05:10:00,4562.02,4562.44,4548.24,4550.49,1000,15,0
2026-03-31 05:15:00,4550.49,4559.16,4550.19,4558.09,797,15,0
2026-03-31 05:20:00,4558.09,4563.77,4556.41,4563.55,757,15,0
2026-03-31 05:25:00,4563.55,4568.08,4560.36,4561.58,752,15,0
2026-03-31 05:30:00,4561.58,4576.22,4558.81,4575.42,1562,15,0
2026-03-31 05:35:00,4575.52,4580.1,4574.13,4577.51,1462,15,0
2026-03-31 05:40:00,4577.51,4578.8,4572.87,4577.13,1346,15,0
2026-03-31 05:45:00,4577.14,4581.82,4576.68,4579.67,1300,15,0
2026-03-31 05:50:00,4579.66,4580.68,4573.3,4574.16,1138,15,0
2026-03-31 05:55:00,4574.15,4574.84,4567.35,4569.01,1214,15,0
2026-03-31 06:00:00,4569.01,4569.24,4558.89,4564.54,1473,15,0
2026-03-31 06:05:00,4564.44,4565.22,4558.81,4558.86,1209,14,0
2026-03-31 06:10:00,4558.86,4561.93,4556.53,4559.81,1276,15,0
2026-03-31 06:15:00,4559.81,4561.05,4554.01,4555.0,1282,15,0
2026-03-31 06:20:00,4554.96,4562.73,4553.28,4560.55,1261,15,0
2026-03-31 06:25:00,4560.55,4564.76,4559.24,4560.62,1140,15,0
2026-03-31 06:30:00,4560.6,4565.82,4559.32,4564.63,1134,15,0
2026-03-31 06:35:00,4564.63,4565.02,4559.85,4561.14,965,15,0
2026-03-31 06:40:00,4561.15,4561.56,4556.19,4559.23,1050,15,0
2026-03-31 06:45:00,4559.29,4561.43,4554.34,4556.06,854,15,0
2026-03-31 06:50:00,4556.06,4559.63,4556.04,4558.55,942,15,0
2026-03-31 06:55:00,4558.51,4561.78,4557.02,4557.3,929,15,0
2026-03-31 07:00:00,4557.44,4564.19,4555.09,4559.67,1345,15,0
2026-03-31 07:05:00,4559.67,4561.96,4556.5,4556.77,1026,14,0
2026-03-31 07:10:00,4556.7,4557.53,4550.0,4552.63,977,15,0
2026-03-31 07:15:00,4552.65,4554.81,4543.58,4546.95,1072,15,0
2026-03-31 07:20:00,4546.98,4554.25,4546.98,4550.99,1096,15,0
2026-03-31 07:25:00,4550.99,4556.7,4549.69,4552.2,1172,15,0
2026-03-31 07:30:00,4552.2,4557.45,4551.88,4557.02,963,15,0
2026-03-31 07:35:00,4557.02,4561.2,4554.34,4554.34,867,15,0
2026-03-31 07:40:00,4554.38,4560.75,4554.25,4559.8,945,15,0
2026-03-31 07:45:00,4559.8,4563.05,4557.79,4558.7,1105,15,0
2026-03-31 07:50:00,4558.7,4562.35,4557.04,4559.57,990,14,0
2026-03-31 07:55:00,4559.6,4565.84,4558.1,4564.58,1112,15,0
2026-03-31 08:00:00,4564.58,4568.46,4560.54,4568.44,1703,15,0
2026-03-31 08:05:00,4568.41,4573.45,4566.69,4567.5,1335,15,0
2026-03-31 08:10:00,4567.5,4569.04,4564.07,4566.04,1144,15,0
2026-03-31 08:15:00,4566.06,4569.24,4564.86,4568.76,943,15,0
2026-03-31 08:20:00,4568.76,4570.94,4565.41,4568.88,1133,14,0
2026-03-31 08:25:00,4568.87,4572.59,4567.63,4572.39,833,15,0
2026-03-31 08:30:00,4572.3,4573.08,4567.68,4569.08,778,15,0
2026-03-31 08:35:00,4569.08,4575.21,4569.08,4570.52,1269,15,0
2026-03-31 08:40:00,4570.56,4573.66,4569.13,4571.45,1012,15,0
2026-03-31 08:45:00,4571.45,4574.28,4569.54,4572.1,795,15,0
2026-03-31 08:50:00,4572.1,4573.38,4567.75,4571.55,993,15,0
2026-03-31 08:55:00,4571.55,4571.83,4567.23,4568.63,1063,15,0
2026-03-31 09:00:00,4568.63,4572.61,4563.39,4571.44,955,15,0
2026-03-31 09:05:00,4571.44,4572.3,4566.53,4569.11,887,15,0
2026-03-31 09:10:00,4569.11,4570.86,4567.05,4567.86,924,15,0
2026-03-31 09:15:00,4567.86,4570.9,4564.18,4567.49,1039,15,0
2026-03-31 09:20:00,4567.49,4569.44,4565.49,4567.59,1037,15,0
2026-03-31 09:25:00,4567.58,4567.99,4561.6,4562.4,1341,15,0
2026-03-31 09:30:00,4562.4,4562.58,4553.75,4557.29,1581,15,0
2026-03-31 09:35:00,4557.31,4559.08,4550.93,4550.95,1322,15,0
2026-03-31 09:40:00,4550.94,4555.94,4550.36,4555.89,1211,15,0
2026-03-31 09:45:00,4555.9,4559.45,4555.55,4558.7,1086,15,0
2026-03-31 09:50:00,4558.68,4562.41,4556.56,4556.68,967,15,0
2026-03-31 09:55:00,4556.68,4556.81,4551.71,4555.8,1223,15,0
2026-03-31 10:00:00,4555.67,4560.45,4555.36,4560.26,1012,15,0
2026-03-31 10:05:00,4560.26,4561.25,4558.71,4560.6,852,14,0
2026-03-31 10:10:00,4560.6,4562.11,4556.62,4556.87,861,15,0
2026-03-31 10:15:00,4556.84,4559.72,4555.57,4558.6,707,15,0
2026-03-31 10:20:00,4558.6,4560.36,4556.17,4558.67,542,15,0
2026-03-31 10:25:00,4558.67,4561.14,4557.62,4560.36,578,15,0
2026-03-31 10:30:00,4560.36,4560.78,4554.67,4555.12,848,15,0
2026-03-31 10:35:00,4555.12,4556.54,4532.77,4534.19,1308,15,0
2026-03-31 10:40:00,4534.19,4545.06,4531.39,4541.27,1349,15,0
2026-03-31 10:45:00,4541.26,4543.73,4540.43,4542.06,1320,15,0
2026-03-31 10:50:00,4542.06,4548.87,4541.84,4548.75,1053,15,0
2026-03-31 10:55:00,4548.75,4553.02,4544.36,4547.17,1099,15,0
2026-03-31 11:00:00,4547.19,4550.46,4544.3,4547.53,1415,15,0
2026-03-31 11:05:00,4547.54,4548.91,4543.38,4545.45,1087,15,0
2026-03-31 11:10:00,4545.44,4561.19,4541.26,4551.73,2111,15,0
2026-03-31 11:15:00,4551.74,4568.92,4549.88,4566.68,2071,15,0
2026-03-31 11:20:00,4566.73,4577.01,4564.8,4576.02,2027,15,0
2026-03-31 11:25:00,4575.99,4583.54,4575.21,4575.33,1961,15,0
2026-03-31 11:30:00,4575.37,4579.36,4569.02,4578.11,1889,15,0
2026-03-31 11:35:00,4578.11,4593.36,4574.34,4589.81,1666,15,0
2026-03-31 11:40:00,4589.81,4592.81,4583.56,4592.04,1516,15,0
2026-03-31 11:45:00,4592.04,4593.12,4582.64,4584.93,1625,15,0
2026-03-31 11:50:00,4584.92,4586.88,4578.67,4581.31,1722,15,0
2026-03-31 11:55:00,4581.34,4582.79,4576.79,4582.37,1347,15,0
2026-03-31 12:00:00,4582.37,4588.3,4581.27,4585.28,1435,15,0
2026-03-31 12:05:00,4585.28,4597.64,4584.82,4591.86,1496,15,0
2026-03-31 12:10:00,4591.85,4592.13,4574.54,4575.97,2190,15,0
2026-03-31 12:15:00,4575.95,4581.26,4571.56,4581.03,2127,15,0
2026-03-31 12:20:00,4580.88,4582.4,4574.79,4577.86,2058,15,0
2026-03-31 12:25:00,4577.9,4581.06,4572.49,4579.5,1758,15,0
2026-03-31 12:30:00,4579.48,4583.27,4577.65,4583.0,1863,15,0
2026-03-31 12:35:00,4583.07,4589.69,4582.44,4584.62,1269,15,0
2026-03-31 12:40:00,4584.43,4586.15,4577.8,4579.18,1074,15,0
2026-03-31 12:45:00,4579.1,4581.6,4569.36,4573.56,1371,15,0
2026-03-31 12:50:00,4573.56,4575.6,4569.42,4574.41,1435,15,0
2026-03-31 12:55:00,4574.41,4577.9,4571.42,4574.95,1299,15,0
2026-03-31 13:00:00,4575.12,4579.52,4568.02,4570.29,1991,15,0
2026-03-31 13:05:00,4570.24,4581.24,4567.98,4581.2,1549,15,0
2026-03-31 13:10:00,4581.2,4583.52,4577.02,4581.51,1399,15,0
2026-03-31 13:15:00,4581.5,4586.6,4580.8,4583.47,1236,15,0
2026-03-31 13:20:00,4583.34,4587.88,4582.32,4583.8,1206,15,0
2026-03-31 13:25:00,4583.82,4583.82,4573.02,4573.09,1387,15,0
2026-03-31 13:30:00,4573.09,4580.1,4568.44,4578.29,2470,15,0
2026-03-31 13:35:00,4578.13,4585.76,4572.61,4583.86,2284,15,0
2026-03-31 13:40:00,4583.82,4589.35,4583.28,4587.84,1386,15,0
2026-03-31 13:45:00,4588.09,4589.97,4585.18,4589.74,1894,15,0
2026-03-31 13:50:00,4589.74,4609.72,4585.38,4606.66,2071,15,0
2026-03-31 13:55:00,4606.66,4609.2,4592.71,4607.2,2064,15,0
2026-03-31 14:00:00,4607.2,4625.29,4605.13,4614.07,2112,15,0
2026-03-31 14:05:00,4614.06,4615.79,4604.79,4605.37,2154,15,0
2026-03-31 14:10:00,4605.37,4615.67,4603.73,4614.88,2323,15,0
2026-03-31 14:15:00,4614.88,4615.1,4607.41,4611.53,2310,15,0
2026-03-31 14:20:00,4611.68,4615.44,4602.91,4612.83,2347,15,0
2026-03-31 14:25:00,4612.8,4619.38,4606.24,4618.91,2140,15,0
2026-03-31 14:30:00,4619.06,4629.94,4615.07,4620.66,2201,15,0
2026-03-31 14:35:00,4620.66,4622.43,4608.16,4608.97,2311,15,0
2026-03-31 14:40:00,4608.93,4611.99,4604.34,4608.14,2191,15,0
2026-03-31 14:45:00,4608.14,4611.18,4600.75,4601.78,2145,15,0
2026-03-31 14:50:00,4601.83,4607.46,4601.25,4605.94,2136,15,0
2026-03-31 14:55:00,4605.72,4605.72,4595.04,4599.13,2299,15,0
2026-03-31 15:00:00,4599.16,4614.55,4599.14,4613.38,2283,15,0
2026-03-31 15:05:00,4613.32,4618.76,4611.99,4614.56,2026,15,0
2026-03-31 15:10:00,4614.56,4624.06,4613.84,4622.92,1956,15,0
2026-03-31 15:15:00,4622.92,4625.59,4615.75,4619.57,1967,15,0
2026-03-31 15:20:00,4619.59,4619.6,4613.35,4619.23,1917,15,0
2026-03-31 15:25:00,4619.23,4619.32,4608.0,4610.18,1824,15,0
2026-03-31 15:30:00,4610.26,4614.28,4607.27,4614.28,1834,14,0
2026-03-31 15:35:00,4614.29,4619.78,4613.98,4619.51,1759,15,0
2026-03-31 15:40:00,4619.68,4621.41,4616.4,4620.68,1589,15,0
2026-03-31 15:45:00,4620.7,4622.15,4615.98,4616.29,1741,15,0
2026-03-31 15:50:00,4615.68,4623.63,4614.95,4618.01,1949,15,0
2026-03-31 15:55:00,4618.04,4619.07,4608.22,4609.38,1653,15,0
2026-03-31 16:00:00,4609.41,4618.43,4608.04,4614.05,1749,15,0
2026-03-31 16:05:00,4614.0,4619.73,4613.21,4619.56,1331,15,0
2026-03-31 16:10:00,4619.6,4620.1,4607.12,4612.11,1623,15,0
2026-03-31 16:15:00,4612.1,4618.88,4612.09,4614.86,1339,15,0
2026-03-31 16:20:00,4614.82,4618.27,4609.25,4617.96,1203,15,0
2026-03-31 16:25:00,4618.05,4618.6,4615.15,4617.74,1271,14,0
2026-03-31 16:30:00,4617.74,4619.14,4615.83,4616.84,1337,15,0
2026-03-31 16:35:00,4616.85,4633.32,4615.0,4632.75,1708,15,0
2026-03-31 16:40:00,4632.87,4651.61,4632.11,4641.38,2863,15,0
2026-03-31 16:45:00,4641.37,4646.34,4631.12,4641.29,2647,15,0
2026-03-31 16:50:00,4641.29,4650.11,4635.2,4637.32,2757,15,0
2026-03-31 16:55:00,4637.64,4643.69,4635.68,4638.3,2561,15,0
2026-03-31 17:00:00,4638.27,4655.86,4638.27,4648.01,2502,15,0
2026-03-31 17:05:00,4648.28,4649.56,4637.08,4639.18,2488,15,0
2026-03-31 17:10:00,4639.23,4645.54,4636.36,4642.95,2319,15,0
2026-03-31 17:15:00,4642.71,4648.99,4640.76,4648.06,2123,15,0
2026-03-31 17:20:00,4648.12,4658.05,4644.18,4650.42,2376,15,0
2026-03-31 17:25:00,4650.38,4651.85,4642.63,4648.79,2270,15,0
2026-03-31 17:30:00,4648.8,4658.92,4648.2,4658.87,2250,15,0
2026-03-31 17:35:00,4658.84,4660.92,4645.49,4651.19,2376,15,0
2026-03-31 17:40:00,4651.3,4663.65,4650.86,4660.43,2228,15,0
2026-03-31 17:45:00,4660.47,4666.33,4658.45,4662.78,1987,15,0
2026-03-31 17:50:00,4662.83,4667.43,4659.93,4661.96,1909,15,0
2026-03-31 17:55:00,4661.96,4662.08,4653.18,4654.56,2048,15,0
2026-03-31 18:00:00,4654.4,4660.94,4653.56,4654.71,1605,15,0
2026-03-31 18:05:00,4654.72,4668.34,4653.55,4665.21,1470,15,0
2026-03-31 18:10:00,4665.29,4668.86,4660.38,4665.88,1508,15,0
2026-03-31 18:15:00,4666.0,4668.81,4663.83,4666.25,1494,15,0
2026-03-31 18:20:00,4666.39,4668.61,4663.18,4663.97,1459,15,0
2026-03-31 18:25:00,4664.05,4667.01,4659.99,4664.56,1791,15,0
2026-03-31 18:30:00,4664.57,4666.76,4661.65,4661.67,1659,15,0
2026-03-31 18:35:00,4661.72,4671.1,4660.22,4670.23,1456,15,0
2026-03-31 18:40:00,4670.24,4670.58,4664.24,4667.89,1313,15,0
2026-03-31 18:45:00,4667.86,4670.64,4663.7,4665.55,1183,15,0
2026-03-31 18:50:00,4665.55,4669.64,4665.55,4669.21,1077,15,0
2026-03-31 18:55:00,4668.77,4670.63,4666.78,4667.62,1318,15,0
2026-03-31 19:00:00,4667.61,4676.18,4667.61,4670.56,1825,15,0
2026-03-31 19:05:00,4670.59,4672.73,4661.81,4662.56,1537,15,0
2026-03-31 19:10:00,4662.39,4672.08,4662.06,4671.21,1399,15,0
2026-03-31 19:15:00,4671.21,4675.43,4668.8,4673.06,1283,15,0
2026-03-31 19:20:00,4673.0,4681.53,4673.0,4675.36,1386,15,0
2026-03-31 19:25:00,4675.36,4677.22,4671.31,4672.94,1479,15,0
2026-03-31 19:30:00,4673.28,4679.45,4672.5,4677.12,1776,15,0
2026-03-31 19:35:00,4677.12,4682.85,4676.91,4682.59,1573,15,0
2026-03-31 19:40:00,4682.59,4683.5,4676.48,4680.93,1276,15,0
2026-03-31 19:45:00,4680.82,4684.16,4679.98,4683.21,1213,15,0
2026-03-31 19:50:00,4683.2,4685.77,4679.61,4684.5,1961,14,0
2026-03-31 19:55:00,4684.49,4685.65,4680.84,4682.78,1804,15,0
2026-03-31 20:00:00,4682.77,4687.07,4679.24,4681.21,1464,15,0
2026-03-31 20:05:00,4681.21,4683.5,4677.06,4677.45,888,28,0
2026-03-31 20:10:00,4677.45,4680.48,4676.44,4679.37,914,28,0
2026-03-31 20:15:00,4679.37,4682.06,4676.52,4677.22,533,28,0
2026-03-31 20:20:00,4677.12,4678.02,4672.24,4672.55,507,28,0
2026-03-31 20:25:00,4672.55,4673.82,4669.01,4669.57,754,28,0
2026-03-31 20:30:00,4669.59,4675.49,4668.22,4675.41,547,28,0
2026-03-31 20:35:00,4675.41,4675.41,4667.03,4670.77,665,28,0
2026-03-31 20:40:00,4670.77,4673.24,4667.55,4668.13,624,28,0
2026-03-31 20:45:00,4668.14,4670.25,4666.47,4668.19,436,28,0
2026-03-31 20:50:00,4668.19,4668.86,4665.3,4665.45,536,28,0
2026-03-31 20:55:00,4665.45,4668.59,4664.69,4667.19,475,28,0
2026-03-31 22:00:00,4681.77,4681.77,4674.31,4674.36,533,28,0
2026-03-31 22:05:00,4674.36,4677.67,4664.01,4669.61,633,28,0
2026-03-31 22:10:00,4669.61,4673.68,4662.94,4669.34,741,28,0
2026-03-31 22:15:00,4669.49,4673.53,4666.07,4666.83,602,28,0
2026-03-31 22:20:00,4666.83,4681.58,4663.03,4681.22,770,28,0
2026-03-31 22:25:00,4681.13,4686.43,4670.77,4674.52,796,28,0
2026-03-31 22:30:00,4674.52,4676.32,4671.07,4672.92,433,28,0
2026-03-31 22:35:00,4672.92,4695.23,4672.88,4694.57,1036,28,0
2026-03-31 22:40:00,4694.59,4695.71,4683.65,4684.58,1083,28,0
2026-03-31 22:45:00,4684.45,4686.15,4661.73,4671.29,1071,28,0
2026-03-31 22:50:00,4671.29,4679.17,4669.15,4671.58,882,28,0
2026-03-31 22:55:00,4671.58,4683.89,4664.94,4680.66,902,28,0
2026-03-31 23:00:00,4680.72,4682.5,4675.89,4676.91,807,28,0
2026-03-31 23:05:00,4676.87,4677.75,4673.94,4674.57,586,28,0
2026-03-31 23:10:00,4674.57,4680.66,4672.9,4676.29,656,15,0
2026-03-31 23:15:00,4676.29,4679.83,4673.88,4673.89,664,15,0
2026-03-31 23:20:00,4673.88,4677.6,4672.02,4677.38,732,15,0
2026-03-31 23:25:00,4677.38,4684.63,4677.3,4682.57,811,15,0
2026-03-31 23:30:00,4682.57,4688.74,4682.08,4687.53,777,15,0
2026-03-31 23:35:00,4687.53,4692.6,4687.16,4692.42,792,15,0
2026-03-31 23:40:00,4692.35,4695.41,4689.36,4691.09,935,15,0
2026-03-31 23:45:00,4691.1,4693.27,4688.41,4689.2,867,15,0
2026-03-31 23:50:00,4689.2,4692.76,4689.19,4691.62,736,15,0
2026-03-31 23:55:00,4691.63,4700.13,4691.61,4696.51,1176,15,0
2026-04-01 00:00:00,4696.53,4700.3,4693.54,4698.85,1588,15,0
2026-04-01 00:05:00,4698.9,4704.56,4697.6,4700.76,1317,15,0
2026-04-01 00:10:00,4700.76,4705.11,4694.48,4703.26,1112,15,0
2026-04-01 00:15:00,4703.21,4712.25,4702.54,4707.22,1554,15,0
2026-04-01 00:20:00,4707.13,4714.69,4706.05,4714.69,1332,15,0
2026-04-01 00:25:00,4714.68,4722.17,4713.84,4722.17,1426,15,0
2026-04-01 00:30:00,4722.17,4722.74,4707.8,4707.8,1287,15,0
2026-04-01 00:35:00,4705.72,4706.96,4700.09,4704.3,1183,15,0
2026-04-01 00:40:00,4704.3,4707.12,4703.99,4706.83,889,15,0
2026-04-01 00:45:00,4706.87,4710.64,4704.95,4707.12,1054,15,0
2026-04-01 00:50:00,4707.12,4719.32,4707.12,4711.52,1135,15,0
2026-04-01 00:55:00,4711.37,4714.54,4704.52,4710.88,1205,15,0
2026-04-01 01:00:00,4710.87,4724.31,4701.47,4703.96,2217,15,0
2026-04-01 01:05:00,4703.96,4707.4,4689.79,4704.72,2041,15,0
2026-04-01 01:10:00,4705.64,4710.19,4701.9,4708.18,1820,15,0
2026-04-01 01:15:00,4708.11,4708.39,4696.55,4698.07,1879,15,0
2026-04-01 01:20:00,4698.07,4701.3,4692.72,4695.31,1638,15,0
2026-04-01 01:25:00,4695.31,4708.29,4693.66,4708.27,1357,15,0
2026-04-01 01:30:00,4708.26,4708.4,4690.89,4693.11,1623,15,0
2026-04-01 01:35:00,4693.11,4698.65,4685.53,4686.27,1566,15,0
2026-04-01 01:40:00,4686.12,4688.19,4681.51,4687.8,1528,15,0
2026-04-01 01:45:00,4687.78,4694.04,4686.92,4691.5,1345,15,0
2026-04-01 01:50:00,4691.5,4697.14,4686.43,4695.22,1430,15,0
2026-04-01 01:55:00,4695.22,4697.1,4687.22,4692.89,1327,15,0
2026-04-01 02:00:00,4692.92,4696.08,4687.08,4695.38,1515,15,0
2026-04-01 02:05:00,4695.38,4700.62,4690.42,4695.73,1486,15,0
2026-04-01 02:10:00,4695.73,4697.07,4690.03,4694.25,1122,15,0
2026-04-01 02:15:00,4694.25,4697.8,4692.99,4696.19,780,15,0
2026-04-01 02:20:00,4696.19,4697.12,4683.94,4685.49,946,15,0
2026-04-01 02:25:00,4687.0,4688.28,4683.43,4687.99,810,15,0
2026-04-01 02:30:00,4687.49,4690.56,4682.83,4685.38,1219,15,0
2026-04-01 02:35:00,4685.38,4685.59,4678.85,4679.53,1143,15,0
2026-04-01 02:40:00,4680.41,4682.93,4678.17,4681.68,987,15,0
2026-04-01 02:45:00,4681.68,4683.67,4678.66,4679.94,975,15,0
2026-04-01 02:50:00,4679.94,4687.72,4679.92,4687.33,1057,15,0
2026-04-01 02:55:00,4687.33,4689.83,4683.89,4684.4,947,15,0
2026-04-01 03:00:00,4684.41,4690.45,4683.01,4684.95,1135,15,0
2026-04-01 03:05:00,4684.95,4688.74,4684.36,4687.31,960,15,0
2026-04-01 03:10:00,4687.3,4692.99,4686.15,4689.52,878,15,0
2026-04-01 03:15:00,4689.52,4694.57,4687.25,4690.42,910,15,0
2026-04-01 03:20:00,4690.42,4691.51,4688.53,4690.0,674,15,0
2026-04-01 03:25:00,4690.0,4691.79,4684.59,4687.63,892,15,0
2026-04-01 03:30:00,4687.63,4688.6,4684.79,4687.8,737,15,0
2026-04-01 03:35:00,4687.8,4689.0,4685.86,4688.31,633,15,0
2026-04-01 03:40:00,4687.86,4687.86,4683.29,4687.11,595,15,0
2026-04-01 03:45:00,4687.11,4688.76,4684.48,4684.48,711,15,0
2026-04-01 03:50:00,4684.48,4685.24,4681.73,4683.42,651,15,0
2026-04-01 03:55:00,4683.43,4686.68,4679.7,4681.93,745,15,0
2026-04-01 04:00:00,4681.93,4682.05,4675.56,4676.84,711,15,0
2026-04-01 04:05:00,4676.84,4680.41,4674.57,4674.93,606,15,0
2026-04-01 04:10:00,4674.93,4675.77,4673.05,4673.9,634,15,0
2026-04-01 04:15:00,4673.88,4674.01,4666.98,4668.84,915,15,0
2026-04-01 04:20:00,4668.86,4673.12,4668.58,4672.57,943,15,0
2026-04-01 04:25:00,4672.57,4673.53,4671.16,4672.51,530,15,0
2026-04-01 04:30:00,4672.51,4674.81,4671.77,4672.13,676,15,0
2026-04-01 04:35:00,4672.1,4675.84,4669.22,4675.53,726,15,0
2026-04-01 04:40:00,4675.53,4677.04,4674.87,4676.88,582,15,0
2026-04-01 04:45:00,4676.93,4678.83,4676.19,4677.88,495,15,0
2026-04-01 04:50:00,4677.88,4681.63,4676.94,4676.97,597,15,0
2026-04-01 04:55:00,4677.08,4677.3,4673.11,4676.63,688,15,0
2026-04-01 05:00:00,4676.67,4678.62,4674.99,4676.15,739,15,0
2026-04-01 05:05:00,4676.15,4680.86,4675.78,4680.86,665,15,0
2026-04-01 05:10:00,4680.89,4684.88,4680.02,4682.82,733,15,0
2026-04-01 05:15:00,4682.82,4688.46,4682.35,4685.71,830,15,0
2026-04-01 05:20:00,4685.67,4686.64,4680.6,4684.53,896,15,0
2026-04-01 05:25:00,4684.53,4690.08,4682.39,4686.4,1037,15,0
2026-04-01 05:30:00,4686.4,4695.46,4686.4,4693.42,1364,15,0
2026-04-01 05:35:00,4693.54,4700.9,4692.01,4700.85,1187,15,0
2026-04-01 05:40:00,4701.0,4703.72,4699.49,4702.23,1048,15,0
2026-04-01 05:45:00,4702.23,4703.56,4695.9,4699.5,999,15,0
2026-04-01 05:50:00,4699.41,4699.5,4694.51,4695.56,811,15,0
2026-04-01 05:55:00,4695.56,4695.86,4683.98,4684.53,1364,15,0
2026-04-01 06:00:00,4684.56,4689.47,4683.09,4685.11,1374,15,0
2026-04-01 06:05:00,4685.11,4687.82,4684.01,4686.72,1135,14,0
2026-04-01 06:10:00,4686.74,4697.55,4686.74,4697.55,1277,15,0
2026-04-01 06:15:00,4697.57,4699.32,4692.72,4696.07,1365,15,0
2026-04-01 06:20:00,4696.07,4709.71,4695.7,4709.41,1204,15,0
2026-04-01 06:25:00,4709.3,4711.51,4705.07,4709.52,1269,15,0
2026-04-01 06:30:00,4709.48,4712.84,4707.88,4709.2,1473,15,0
2026-04-01 06:35:00,4709.09,4709.1,4702.23,4702.63,1346,15,0
2026-04-01 06:40:00,4702.62,4709.1,4702.38,4708.88,1157,15,0
2026-04-01 06:45:00,4708.95,4727.73,4708.84,4724.17,1641,15,0
2026-04-01 06:50:00,4724.21,4728.04,4720.39,4726.89,1464,15,0
2026-04-01 06:55:00,4726.9,4733.06,4726.42,4730.54,1588,15,0
2026-04-01 07:00:00,4730.54,4732.59,4720.3,4722.72,1771,15,0
2026-04-01 07:05:00,4722.72,4723.42,4714.24,4721.13,1438,15,0
2026-04-01 07:10:00,4721.13,4721.67,4714.2,4715.27,1218,15,0
2026-04-01 07:15:00,4715.27,4717.03,4713.08,4716.4,1202,15,0
2026-04-01 07:20:00,4716.39,4726.15,4715.5,4719.74,1231,15,0
2026-04-01 07:25:00,4719.74,4724.04,4718.26,4723.25,1006,15,0
2026-04-01 07:30:00,4723.28,4736.09,4722.32,4731.51,1288,15,0
2026-04-01 07:35:00,4731.49,4747.8,4730.92,4741.83,1600,15,0
2026-04-01 07:40:00,4741.86,4741.86,4730.58,4730.75,1370,15,0
2026-04-01 07:45:00,4730.75,4732.9,4720.04,4722.58,1516,15,0
2026-04-01 07:50:00,4722.56,4724.81,4710.6,4713.56,1841,15,0
2026-04-01 07:55:00,4713.56,4716.56,4709.71,4713.01,1742,15,0
2026-04-01 08:00:00,4713.01,4726.48,4710.51,4721.58,1775,15,0
2026-04-01 08:05:00,4721.56,4725.77,4717.1,4720.09,1333,15,0
2026-04-01 08:10:00,4720.09,4720.88,4715.85,4719.16,1168,15,0
2026-04-01 08:15:00,4719.22,4728.02,4717.15,4727.24,1054,15,0
2026-04-01 08:20:00,4726.91,4731.0,4725.29,4728.7,1225,14,0
2026-04-01 08:25:00,4728.78,4735.83,4727.91,4730.71,1032,15,0
2026-04-01 08:30:00,4730.65,4734.69,4726.25,4732.66,1038,15,0
2026-04-01 08:35:00,4732.66,4740.47,4731.06,4737.99,1078,15,0
2026-04-01 08:40:00,4737.99,4738.39,4730.78,4731.97,1071,15,0
2026-04-01 08:45:00,4731.98,4732.19,4729.12,4731.31,923,15,0
2026-04-01 08:50:00,4731.31,4732.59,4727.99,4730.21,882,15,0
2026-04-01 08:55:00,4730.21,4730.9,4726.46,4728.64,1035,15,0
2026-04-01 09:00:00,4728.68,4730.23,4725.05,4726.15,891,15,0
2026-04-01 09:05:00,4726.06,4727.54,4720.28,4720.5,911,15,0
2026-04-01 09:10:00,4720.49,4721.75,4717.92,4718.23,1019,15,0
2026-04-01 09:15:00,4718.18,4719.37,4714.99,4717.05,952,15,0
2026-04-01 09:20:00,4717.07,4721.16,4713.77,4721.07,988,15,0
2026-04-01 09:25:00,4720.87,4723.96,4718.34,4719.57,880,15,0
2026-04-01 09:30:00,4719.57,4722.22,4713.1,4714.11,1064,15,0
2026-04-01 09:35:00,4714.14,4722.73,4713.99,4718.61,906,15,0
2026-04-01 09:40:00,4718.63,4722.42,4718.08,4719.18,782,15,0
2026-04-01 09:45:00,4719.2,4727.16,4719.14,4726.61,885,15,0
2026-04-01 09:50:00,4726.59,4727.78,4722.34,4723.13,904,15,0
2026-04-01 09:55:00,4723.46,4725.3,4719.26,4723.19,1166,15,0
2026-04-01 10:00:00,4723.16,4724.42,4718.53,4718.97,898,15,0
2026-04-01 10:05:00,4718.93,4721.59,4717.73,4718.12,914,15,0
2026-04-01 10:10:00,4718.12,4719.35,4715.48,4715.62,859,15,0
2026-04-01 10:15:00,4715.66,4721.25,4715.18,4720.07,821,15,0
2026-04-01 10:20:00,4720.08,4729.31,4719.7,4725.21,951,15,0
2026-04-01 10:25:00,4725.2,4728.86,4722.38,4728.52,758,15,0
2026-04-01 10:30:00,4728.52,4732.05,4726.16,4726.95,859,15,0
2026-04-01 10:35:00,4726.95,4731.91,4726.36,4730.29,699,15,0
2026-04-01 10:40:00,4730.29,4736.12,4730.22,4734.78,812,15,0
2026-04-01 10:45:00,4734.77,4738.82,4734.64,4737.04,875,15,0
2026-04-01 10:50:00,4737.12,4737.14,4728.77,4732.01,861,15,0
2026-04-01 10:55:00,4732.01,4732.3,4728.21,4731.4,821,15,0
2026-04-01 11:00:00,4731.4,4738.06,4728.28,4737.5,887,15,0
2026-04-01 11:05:00,4737.5,4740.21,4736.34,4739.73,772,15,0
2026-04-01 11:10:00,4739.76,4740.45,4734.32,4736.94,803,15,0
2026-04-01 11:15:00,4736.92,4744.12,4736.58,4743.59,794,15,0
2026-04-01 11:20:00,4743.62,4744.35,4737.2,4740.18,689,15,0
2026-04-01 11:25:00,4740.18,4746.23,4740.18,4745.2,946,15,0
2026-04-01 11:30:00,4745.48,4750.41,4744.96,4746.01,1191,15,0
2026-04-01 11:35:00,4746.07,4758.89,4745.9,4757.01,1101,15,0
2026-04-01 11:40:00,4757.02,4762.9,4755.31,4760.47,1061,15,0
2026-04-01 11:45:00,4760.48,4760.82,4753.05,4758.73,1175,15,0
2026-04-01 11:50:00,4758.72,4761.42,4756.75,4759.92,1114,15,0
2026-04-01 11:55:00,4759.9,4760.17,4753.34,4753.34,1104,15,0
2026-04-01 12:00:00,4752.55,4753.84,4747.24,4748.01,1068,15,0
2026-04-01 12:05:00,4748.01,4749.28,4739.33,4742.93,1346,15,0
2026-04-01 12:10:00,4743.05,4745.51,4741.7,4743.15,861,14,0
2026-04-01 12:15:00,4743.09,4745.59,4736.14,4739.32,1290,15,0
2026-04-01 12:20:00,4739.39,4742.08,4730.87,4732.73,1463,15,0
2026-04-01 12:25:00,4732.73,4736.28,4724.66,4736.22,1497,15,0
2026-04-01 12:30:00,4735.29,4745.48,4732.7,4744.63,1522,15,0
2026-04-01 12:35:00,4744.71,4749.08,4733.92,4735.39,1418,15,0
2026-04-01 12:40:00,4736.02,4752.39,4733.44,4747.95,1061,15,0
2026-04-01 12:45:00,4747.93,4750.86,4731.77,4733.85,2288,15,0
2026-04-01 12:50:00,4734.08,4737.11,4726.65,4731.48,2052,15,0
2026-04-01 12:55:00,4731.53,4733.45,4724.6,4725.02,1836,15,0
2026-04-01 13:00:00,4724.91,4725.69,4716.51,4720.6,2076,15,0
2026-04-01 13:05:00,4720.6,4729.56,4718.16,4729.19,1783,15,0
2026-04-01 13:10:00,4729.18,4733.69,4728.46,4731.8,1894,15,0
2026-04-01 13:15:00,4731.8,4740.5,4730.93,4739.5,1392,15,0
2026-04-01 13:20:00,4739.5,4739.78,4731.24,4738.5,1347,15,0
2026-04-01 13:25:00,4738.51,4742.55,4735.98,4736.47,1437,15,0
2026-04-01 13:30:00,4736.44,4741.61,4730.98,4738.89,2471,15,0
2026-04-01 13:35:00,4738.8,4749.64,4737.59,4746.21,2252,15,0
2026-04-01 13:40:00,4746.27,4749.44,4735.42,4743.55,2260,15,0
2026-04-01 13:45:00,4743.59,4747.38,4738.47,4743.48,2344,15,0
2026-04-01 13:50:00,4743.46,4748.35,4734.0,4741.37,2416,15,0
2026-04-01 13:55:00,4741.34,4741.46,4734.25,4738.36,1936,15,0
2026-04-01 14:00:00,4738.36,4744.25,4725.76,4744.2,2206,15,0
2026-04-01 14:05:00,4744.2,4746.88,4738.24,4742.8,2253,15,0
2026-04-01 14:10:00,4742.84,4746.97,4737.3,4744.49,2277,15,0
2026-04-01 14:15:00,4744.49,4748.34,4740.66,4746.97,2039,15,0
2026-04-01 14:20:00,4746.96,4754.83,4736.69,4739.45,2294,15,0
2026-04-01 14:25:00,4739.79,4742.63,4731.8,4742.28,2077,15,0
2026-04-01 14:30:00,4742.09,4745.33,4739.51,4743.61,1864,15,0
2026-04-01 14:35:00,4743.57,4752.03,4734.94,4749.88,2259,15,0
2026-04-01 14:40:00,4749.99,4756.5,4743.75,4754.07,2368,15,0
2026-04-01 14:45:00,4754.01,4759.83,4752.76,4758.83,1946,15,0
2026-04-01 14:50:00,4758.83,4768.4,4756.26,4767.87,1835,15,0
2026-04-01 14:55:00,4767.99,4768.8,4759.52,4760.77,1804,15,0
2026-04-01 15:00:00,4760.76,4770.89,4758.48,4766.92,1552,15,0
2026-04-01 15:05:00,4766.92,4773.84,4765.91,4773.24,1889,15,0
2026-04-01 15:10:00,4773.21,4774.86,4762.84,4764.81,1732,15,0
2026-04-01 15:15:00,4764.79,4770.65,4762.42,4770.58,1569,15,0
2026-04-01 15:20:00,4770.58,4776.38,4768.26,4770.01,1562,15,0
2026-04-01 15:25:00,4770.16,4774.05,4768.25,4773.18,1601,15,0
2026-04-01 15:30:00,4773.22,4780.2,4770.13,4779.78,1884,15,0
2026-04-01 15:35:00,4779.79,4783.77,4779.09,4781.87,1627,15,0
2026-04-01 15:40:00,4781.89,4786.84,4779.69,4785.53,1565,15,0
2026-04-01 15:45:00,4785.57,4787.13,4783.11,4784.68,1313,15,0
2026-04-01 15:50:00,4784.71,4788.2,4784.14,4785.59,1297,15,0
2026-04-01 15:55:00,4785.62,4787.65,4782.47,4786.58,1395,15,0
2026-04-01 16:00:00,4786.62,4790.72,4783.11,4786.01,1465,15,0
2026-04-01 16:05:00,4786.11,4788.0,4781.9,4785.48,1419,15,0
2026-04-01 16:10:00,4785.42,4785.52,4774.36,4775.02,1561,15,0
2026-04-01 16:15:00,4775.07,4782.03,4774.58,4781.98,1560,15,0
2026-04-01 16:20:00,4782.39,4783.5,4779.63,4779.82,1131,15,0
2026-04-01 16:25:00,4779.81,4779.86,4774.82,4776.46,1157,15,0
2026-04-01 16:30:00,4776.53,4783.26,4775.26,4782.43,1457,15,0
2026-04-01 16:35:00,4782.33,4784.88,4780.57,4780.82,1245,15,0
2026-04-01 16:40:00,4780.82,4784.28,4780.57,4784.23,1052,15,0
2026-04-01 16:45:00,4784.23,4784.95,4783.14,4783.93,1026,15,0
2026-04-01 16:50:00,4783.93,4784.84,4781.81,4783.63,815,15,0
2026-04-01 16:55:00,4783.59,4788.59,4782.93,4787.34,979,15,0
2026-04-01 17:00:00,4787.23,4791.92,4786.58,4789.16,1278,15,0
2026-04-01 17:05:00,4789.05,4793.1,4788.65,4791.06,1314,15,0
2026-04-01 17:10:00,4791.06,4791.6,4788.17,4788.54,1034,15,0
2026-04-01 17:15:00,4788.57,4789.32,4782.73,4785.93,1143,15,0
2026-04-01 17:20:00,4785.87,4788.39,4784.38,4787.58,1449,15,0
2026-04-01 17:25:00,4787.48,4789.65,4784.47,4785.29,1410,15,0
2026-04-01 17:30:00,4785.24,4786.27,4779.19,4779.65,1251,15,0
2026-04-01 17:35:00,4779.69,4782.89,4775.75,4782.57,1490,15,0
2026-04-01 17:40:00,4782.57,4784.8,4781.61,4782.03,1099,14,0
2026-04-01 17:45:00,4782.03,4783.31,4779.29,4780.26,798,15,0
2026-04-01 17:50:00,4780.13,4781.5,4778.22,4779.61,1044,15,0
2026-04-01 17:55:00,4779.69,4780.19,4773.77,4774.4,1036,15,0
2026-04-01 18:00:00,4774.4,4775.28,4759.32,4764.39,1905,15,0
2026-04-01 18:05:00,4764.39,4773.12,4763.68,4767.0,1714,15,0
2026-04-01 18:10:00,4767.04,4772.9,4767.04,4771.25,1396,15,0
2026-04-01 18:15:00,4771.25,4771.86,4759.52,4762.38,1554,15,0
2026-04-01 18:20:00,4762.38,4764.52,4753.43,4755.73,1933,15,0
2026-04-01 18:25:00,4755.62,4759.84,4753.7,4754.1,1990,15,0
2026-04-01 18:30:00,4754.16,4761.36,4754.16,4755.77,1830,15,0
2026-04-01 18:35:00,4755.92,4756.32,4742.19,4749.37,2157,15,0
2026-04-01 18:40:00,4749.31,4765.91,4748.54,4756.66,1773,15,0
2026-04-01 18:45:00,4756.9,4758.52,4752.22,4756.21,1593,15,0
2026-04-01 18:50:00,4756.09,4757.41,4751.67,4755.3,1513,15,0
2026-04-01 18:55:00,4755.28,4756.27,4752.1,4753.22,1612,15,0
2026-04-01 19:00:00,4753.25,4758.39,4751.34,4758.06,1947,15,0
2026-04-01 19:05:00,4758.07,4765.38,4757.86,4758.11,1506,15,0
2026-04-01 19:10:00,4758.09,4760.61,4755.94,4759.87,1241,15,0
2026-04-01 19:15:00,4759.97,4762.24,4758.77,4761.08,1090,15,0
2026-04-01 19:20:00,4761.08,4763.03,4758.67,4761.1,1024,15,0
2026-04-01 19:25:00,4761.1,4769.38,4760.7,4765.64,1330,15,0
2026-04-01 19:30:00,4765.73,4767.47,4763.19,4767.28,1170,15,0
2026-04-01 19:35:00,4767.27,4775.44,4767.0,4774.91,1097,15,0
2026-04-01 19:40:00,4774.91,4778.22,4769.08,4769.53,1166,15,0
2026-04-01 19:45:00,4769.54,4770.3,4766.0,4768.03,1281,15,0
2026-04-01 19:50:00,4768.24,4768.79,4758.17,4765.4,1844,15,0
2026-04-01 19:55:00,4765.39,4771.31,4764.48,4766.2,1877,15,0
2026-04-01 20:00:00,4766.18,4769.63,4762.64,4765.32,1068,15,0
2026-04-01 20:05:00,4765.33,4768.07,4763.84,4767.76,511,28,0
2026-04-01 20:10:00,4767.76,4769.47,4767.34,4768.79,401,28,0
2026-04-01 20:15:00,4768.79,4771.16,4768.75,4770.95,390,28,0
2026-04-01 20:20:00,4770.95,4771.16,4762.73,4762.73,408,28,0
2026-04-01 20:25:00,4762.74,4765.13,4760.97,4762.1,515,28,0
2026-04-01 20:30:00,4762.1,4763.65,4758.3,4759.94,544,28,0
2026-04-01 20:35:00,4759.94,4762.46,4757.63,4758.11,607,28,0
2026-04-01 20:40:00,4758.14,4760.75,4754.01,4759.88,554,28,0
2026-04-01 20:45:00,4759.44,4763.42,4758.89,4762.65,490,28,0
2026-04-01 20:50:00,4762.65,4762.93,4756.92,4757.35,570,28,0
2026-04-01 20:55:00,4757.32,4758.8,4756.41,4758.05,423,28,0
2026-04-01 22:00:00,4753.33,4759.46,4751.23,4756.95,138,310,0
2026-04-01 22:05:00,4756.95,4758.97,4750.68,4754.52,150,102,0
2026-04-01 22:10:00,4754.82,4758.08,4753.95,4757.15,103,127,0
2026-04-01 22:15:00,4756.34,4761.83,4756.19,4761.43,356,158,0
2026-04-01 22:20:00,4761.46,4768.07,4759.35,4766.41,510,28,0
2026-04-01 22:25:00,4766.41,4774.73,4766.15,4773.25,485,28,0
2026-04-01 22:30:00,4773.16,4777.9,4771.53,4776.99,866,28,0
2026-04-01 22:35:00,4776.95,4780.68,4773.62,4774.37,726,28,0
2026-04-01 22:40:00,4774.4,4779.64,4770.7,4776.1,629,28,0
2026-04-01 22:45:00,4776.07,4780.99,4775.95,4780.3,532,28,0
2026-04-01 22:50:00,4780.3,4781.45,4775.0,4779.16,785,28,0
2026-04-01 22:55:00,4779.13,4779.57,4775.17,4776.42,417,28,0
2026-04-01 23:00:00,4776.57,4778.6,4773.47,4778.43,719,28,0
2026-04-01 23:05:00,4778.43,4789.28,4778.38,4787.71,1038,28,0
2026-04-01 23:10:00,4787.43,4791.75,4787.43,4791.45,900,15,0
2026-04-01 23:15:00,4791.46,4799.2,4788.73,4796.24,1182,15,0
2026-04-01 23:20:00,4796.16,4798.16,4791.99,4793.04,935,15,0
2026-04-01 23:25:00,4793.04,4796.47,4792.48,4794.99,641,15,0
2026-04-01 23:30:00,4795.02,4800.33,4791.59,4793.3,928,15,0
2026-04-01 23:35:00,4793.29,4793.63,4788.35,4792.06,848,15,0
2026-04-01 23:40:00,4791.94,4793.75,4789.58,4789.7,711,15,0
2026-04-01 23:45:00,4789.7,4789.92,4780.45,4784.13,1127,15,0
2026-04-01 23:50:00,4784.13,4785.9,4778.39,4785.69,1056,15,0
2026-04-01 23:55:00,4785.69,4786.28,4782.47,4784.12,975,15,0
2026-04-02 00:00:00,4784.12,4784.14,4775.24,4781.91,1673,15,0
2026-04-02 00:05:00,4781.82,4791.44,4781.07,4790.31,1479,15,0
2026-04-02 00:10:00,4790.31,4793.4,4789.31,4792.62,1150,15,0
2026-04-02 00:15:00,4792.62,4798.72,4791.0,4795.76,1173,15,0
2026-04-02 00:20:00,4795.75,4797.67,4791.3,4794.37,1182,15,0
2026-04-02 00:25:00,4794.37,4794.61,4788.64,4789.76,946,15,0
2026-04-02 00:30:00,4789.76,4791.21,4785.44,4790.38,901,15,0
2026-04-02 00:35:00,4790.37,4791.59,4784.62,4791.52,1205,15,0
2026-04-02 00:40:00,4791.52,4796.25,4786.58,4787.8,1281,15,0
2026-04-02 00:45:00,4787.8,4791.72,4784.25,4788.09,1177,15,0
2026-04-02 00:50:00,4788.05,4790.06,4785.73,4787.94,1189,15,0
2026-04-02 00:55:00,4787.8,4789.05,4783.89,4784.71,1274,15,0
2026-04-02 01:00:00,4784.71,4785.06,4737.84,4744.36,2158,15,0
2026-04-02 01:05:00,4743.73,4748.83,4724.58,4747.06,2138,15,0
2026-04-02 01:10:00,4747.05,4764.78,4745.56,4753.68,2282,15,0
2026-04-02 01:15:00,4750.01,4752.34,4723.97,4727.35,2269,15,0
2026-04-02 01:20:00,4727.77,4734.8,4711.94,4714.38,2288,15,0
2026-04-02 01:25:00,4714.23,4715.12,4686.15,4696.92,2125,15,0
2026-04-02 01:30:00,4696.91,4699.62,4653.47,4681.78,2348,15,0
2026-04-02 01:35:00,4681.63,4697.81,4674.57,4697.59,2226,15,0
2026-04-02 01:40:00,4697.56,4708.58,4689.4,4690.08,2273,15,0
2026-04-02 01:45:00,4690.08,4699.68,4685.21,4696.97,2225,15,0
2026-04-02 01:50:00,4696.4,4711.93,4693.2,4700.71,2124,15,0
2026-04-02 01:55:00,4700.71,4705.0,4690.36,4696.55,1917,15,0
2026-04-02 02:00:00,4696.57,4699.04,4689.02,4698.19,1715,15,0
2026-04-02 02:05:00,4698.34,4703.99,4689.19,4692.12,1928,15,0
2026-04-02 02:10:00,4691.3,4696.18,4678.8,4689.2,1929,15,0
2026-04-02 02:15:00,4689.2,4703.37,4689.2,4691.06,1609,15,0
2026-04-02 02:20:00,4691.07,4700.19,4688.82,4698.26,1385,15,0
2026-04-02 02:25:00,4698.28,4699.54,4688.63,4690.12,1305,15,0
2026-04-02 02:30:00,4690.12,4691.53,4666.82,4670.26,2171,15,0
2026-04-02 02:35:00,4670.27,4670.58,4655.51,4659.96,2177,15,0
2026-04-02 02:40:00,4659.96,4682.13,4659.87,4676.12,1894,15,0
2026-04-02 02:45:00,4676.12,4685.61,4675.18,4676.46,1669,15,0
2026-04-02 02:50:00,4676.46,4681.0,4673.18,4680.16,1844,15,0
2026-04-02 02:55:00,4680.16,4689.61,4677.7,4687.07,1430,15,0
2026-04-02 03:00:00,4687.07,4687.09,4679.06,4679.82,1410,15,0
2026-04-02 03:05:00,4679.81,4685.41,4677.95,4682.12,1364,15,0
2026-04-02 03:10:00,4682.12,4691.76,4680.47,4690.19,1402,15,0
2026-04-02 03:15:00,4690.19,4694.8,4688.37,4690.98,1177,15,0
2026-04-02 03:20:00,4690.98,4698.43,4688.18,4697.86,1357,15,0
2026-04-02 03:25:00,4697.7,4699.51,4691.68,4691.68,1275,15,0
2026-04-02 03:30:00,4691.68,4692.83,4686.89,4692.04,1208,15,0
2026-04-02 03:35:00,4692.04,4692.65,4685.48,4687.0,837,15,0
2026-04-02 03:40:00,4687.0,4690.23,4683.73,4685.96,1049,15,0
2026-04-02 03:45:00,4686.04,4687.81,4678.15,4678.18,1063,15,0
2026-04-02 03:50:00,4678.18,4681.33,4676.14,4677.84,848,15,0
2026-04-02 03:55:00,4677.84,4680.38,4676.06,4676.42,693,15,0
2026-04-02 04:00:00,4676.47,4681.8,4675.52,4677.35,986,15,0
2026-04-02 04:05:00,4677.37,4677.37,4664.83,4671.04,1245,15,0
2026-04-02 04:10:00,4671.04,4672.29,4666.26,4668.99,1057,15,0
2026-04-02 04:15:00,4668.58,4672.56,4667.77,4668.24,729,15,0
2026-04-02 04:20:00,4668.24,4668.26,4662.69,4666.55,1008,15,0
2026-04-02 04:25:00,4666.55,4672.25,4664.6,4666.37,818,15,0
2026-04-02 04:30:00,4666.36,4669.81,4663.96,4666.85,779,15,0
2026-04-02 04:35:00,4666.85,4669.36,4664.2,4665.0,747,15,0
2026-04-02 04:40:00,4665.0,4665.12,4658.28,4661.78,1167,15,0
2026-04-02 04:45:00,4661.79,4665.67,4657.1,4665.35,959,15,0
2026-04-02 04:50:00,4665.35,4670.07,4665.26,4666.5,708,15,0
2026-04-02 04:55:00,4666.5,4673.36,4664.99,4671.66,663,15,0
2026-04-02 05:00:00,4673.34,4675.29,4671.62,4672.68,680,15,0
2026-04-02 05:05:00,4672.68,4673.25,4666.36,4668.73,726,15,0
2026-04-02 05:10:00,4668.73,4673.7,4668.15,4670.44,827,15,0
2026-04-02 05:15:00,4670.5,4673.84,4669.89,4672.7,1022,15,0
2026-04-02 05:20:00,4672.56,4675.14,4669.46,4674.12,791,15,0
2026-04-02 05:25:00,4674.12,4680.68,4673.58,4677.45,989,15,0
2026-04-02 05:30:00,4677.45,4679.35,4640.73,4651.88,2008,15,0
2026-04-02 05:35:00,4651.86,4653.03,4643.3,4646.48,1842,15,0
2026-04-02 05:40:00,4646.5,4647.71,4629.22,4634.12,2067,15,0
2026-04-02 05:45:00,4634.26,4635.49,4591.68,4591.72,2244,15,0
2026-04-02 05:50:00,4591.24,4608.71,4585.87,4604.09,2048,15,0
2026-04-02 05:55:00,4604.09,4608.03,4591.01,4594.36,1982,15,0
2026-04-02 06:00:00,4594.63,4596.77,4577.28,4585.1,2116,15,0
2026-04-02 06:05:00,4585.1,4589.47,4561.14,4568.0,2215,15,0
2026-04-02 06:10:00,4568.04,4581.01,4553.71,4580.96,2142,15,0
2026-04-02 06:15:00,4580.85,4591.81,4574.33,4590.65,1740,15,0
2026-04-02 06:20:00,4590.65,4598.87,4584.91,4587.01,1879,15,0
2026-04-02 06:25:00,4587.34,4592.16,4580.83,4591.46,1546,15,0
2026-04-02 06:30:00,4591.42,4598.55,4586.3,4591.7,1604,15,0
2026-04-02 06:35:00,4591.82,4597.17,4583.62,4594.55,1741,15,0
2026-04-02 06:40:00,4594.59,4595.99,4581.68,4588.55,1478,15,0
2026-04-02 06:45:00,4588.22,4600.13,4584.28,4599.27,1583,15,0
2026-04-02 06:50:00,4599.29,4608.7,4598.24,4598.44,1651,15,0
2026-04-02 06:55:00,4598.48,4600.32,4592.01,4599.31,1703,15,0
2026-04-02 07:00:00,4599.33,4606.64,4597.17,4603.0,1434,14,0
2026-04-02 07:05:00,4602.98,4611.95,4598.34,4608.11,1295,15,0
2026-04-02 07:10:00,4608.11,4622.41,4608.11,4621.16,1488,15,0
2026-04-02 07:15:00,4621.14,4625.64,4617.69,4623.79,1586,15,0
2026-04-02 07:20:00,4623.79,4627.46,4618.45,4619.43,1201,15,0
2026-04-02 07:25:00,4619.43,4623.96,4617.83,4620.63,1019,15,0
2026-04-02 07:30:00,4620.84,4634.02,4619.38,4631.96,1193,15,0
2026-04-02 07:35:00,4631.98,4636.57,4627.03,4634.62,1051,15,0
2026-04-02 07:40:00,4634.62,4641.43,4633.12,4637.66,1158,15,0
2026-04-02 07:45:00,4637.47,4651.52,4636.12,4648.73,1225,15,0
2026-04-02 07:50:00,4648.78,4648.81,4642.59,4644.81,1139,15,0
2026-04-02 07:55:00,4644.81,4645.4,4640.86,4642.75,874,15,0
2026-04-02 08:00:00,4642.74,4648.81,4637.74,4641.77,1211,15,0
2026-04-02 08:05:00,4641.77,4641.9,4630.45,4632.82,1647,15,0
2026-04-02 08:10:00,4632.88,4641.89,4628.91,4641.26,1683,15,0
2026-04-02 08:15:00,4641.26,4645.08,4637.27,4642.0,1462,15,0
2026-04-02 08:20:00,4642.0,4642.46,4631.61,4636.4,1186,15,0
2026-04-02 08:25:00,4636.4,4637.11,4631.63,4634.43,855,15,0
2026-04-02 08:30:00,4634.43,4638.76,4631.85,4638.28,910,15,0
2026-04-02 08:35:00,4638.23,4643.9,4636.52,4639.28,1401,15,0
2026-04-02 08:40:00,4639.28,4641.56,4630.79,4630.79,957,15,0
2026-04-02 08:45:00,4630.8,4634.52,4625.49,4627.7,1207,15,0
2026-04-02 08:50:00,4627.7,4629.45,4624.86,4627.17,891,15,0
2026-04-02 08:55:00,4627.07,4628.79,4617.8,4620.96,1152,15,0
2026-04-02 09:00:00,4620.93,4624.83,4613.21,4618.74,1292,15,0
2026-04-02 09:05:00,4618.72,4621.32,4613.33,4616.71,969,15,0
2026-04-02 09:10:00,4617.32,4625.36,4614.89,4623.79,764,15,0
2026-04-02 09:15:00,4623.76,4632.04,4622.11,4625.67,1182,15,0
2026-04-02 09:20:00,4625.66,4631.99,4625.04,4626.65,1004,15,0
2026-04-02 09:25:00,4626.65,4629.65,4617.24,4621.03,1128,15,0
2026-04-02 09:30:00,4620.98,4625.56,4615.56,4622.28,974,15,0
2026-04-02 09:35:00,4622.28,4624.77,4615.47,4622.47,804,15,0
2026-04-02 09:40:00,4622.47,4624.79,4619.97,4621.53,658,15,0
2026-04-02 09:45:00,4621.53,4623.01,4617.77,4620.22,761,15,0
2026-04-02 09:50:00,4620.22,4627.02,4618.9,4625.73,826,15,0
2026-04-02 09:55:00,4625.71,4628.38,4620.81,4621.7,819,15,0
2026-04-02 10:00:00,4621.7,4628.0,4618.47,4626.5,845,15,0
2026-04-02 10:05:00,4626.5,4635.17,4626.5,4630.81,1041,15,0
2026-04-02 10:10:00,4630.75,4632.43,4624.44,4625.13,1003,15,0
2026-04-02 10:15:00,4625.04,4626.79,4612.61,4614.89,1043,15,0
2026-04-02 10:20:00,4614.89,4617.56,4603.89,4616.0,1162,15,0
2026-04-02 10:25:00,4616.01,4620.95,4615.71,4618.5,908,15,0
2026-04-02 10:30:00,4618.49,4620.12,4613.53,4614.37,924,15,0
2026-04-02 10:35:00,4614.41,4618.76,4613.87,4614.28,994,15,0
2026-04-02 10:40:00,4614.32,4631.34,4614.32,4624.36,1326,15,0
2026-04-02 10:45:00,4624.4,4629.52,4621.88,4628.47,983,15,0
2026-04-02 10:50:00,4628.47,4628.58,4619.72,4620.76,980,15,0
2026-04-02 10:55:00,4620.72,4626.09,4620.04,4620.39,1011,15,0
2026-04-02 11:00:00,4620.37,4627.16,4616.83,4626.68,1276,15,0
2026-04-02 11:05:00,4626.66,4627.84,4623.03,4625.91,1025,15,0
2026-04-02 11:10:00,4625.83,4630.06,4624.71,4627.58,1041,15,0
2026-04-02 11:15:00,4627.77,4628.69,4623.27,4624.66,995,15,0
2026-04-02 11:20:00,4624.66,4628.7,4623.74,4625.53,864,15,0
2026-04-02 11:25:00,4625.53,4630.78,4614.39,4614.96,1328,15,0
2026-04-02 11:30:00,4614.96,4617.24,4608.41,4613.6,1470,15,0
2026-04-02 11:35:00,4613.6,4617.66,4608.79,4608.79,1073,15,0
2026-04-02 11:40:00,4608.81,4608.81,4592.83,4600.1,1702,15,0
2026-04-02 11:45:00,4600.1,4604.98,4596.45,4604.36,1290,15,0
2026-04-02 11:50:00,4604.25,4611.99,4600.29,4601.56,1325,15,0
2026-04-02 11:55:00,4601.31,4603.7,4598.69,4600.12,1239,15,0
2026-04-02 12:00:00,4600.12,4607.34,4594.76,4607.0,1881,15,0
2026-04-02 12:05:00,4607.01,4610.69,4602.27,4603.51,1482,15,0
2026-04-02 12:10:00,4603.52,4612.7,4598.49,4612.5,1502,15,0
2026-04-02 12:15:00,4612.73,4616.57,4609.59,4613.88,1437,15,0
2026-04-02 12:20:00,4613.87,4628.99,4612.52,4628.23,1669,15,0
2026-04-02 12:25:00,4628.26,4630.24,4623.62,4626.31,1140,15,0
2026-04-02 12:30:00,4626.11,4626.92,4619.23,4621.89,1265,15,0
2026-04-02 12:35:00,4622.05,4624.68,4619.99,4621.44,1291,15,0
2026-04-02 12:40:00,4621.45,4622.22,4615.8,4618.24,1304,15,0
2026-04-02 12:45:00,4618.25,4624.49,4613.99,4619.52,1399,15,0
2026-04-02 12:50:00,4619.52,4626.7,4618.45,4620.22,1262,15,0
2026-04-02 12:55:00,4620.17,4621.62,4600.76,4601.86,1763,15,0
2026-04-02 13:00:00,4602.02,4603.13,4581.48,4595.12,2407,15,0
2026-04-02 13:05:00,4595.07,4614.23,4593.02,4600.27,2129,15,0
2026-04-02 13:10:00,4600.2,4601.54,4585.25,4587.64,2187,15,0
2026-04-02 13:15:00,4587.64,4595.01,4584.92,4591.2,2110,15,0
2026-04-02 13:20:00,4591.2,4597.81,4580.88,4583.08,1979,15,0
2026-04-02 13:25:00,4583.14,4600.4,4582.87,4597.6,2045,15,0
2026-04-02 13:30:00,4597.61,4607.28,4594.04,4599.45,2721,15,0
2026-04-02 13:35:00,4599.98,4601.36,4590.02,4590.08,2525,15,0
2026-04-02 13:40:00,4590.32,4602.54,4586.16,4602.08,2557,15,0
2026-04-02 13:45:00,4602.01,4636.88,4600.61,4634.47,2608,15,0
2026-04-02 13:50:00,4634.51,4643.68,4629.39,4635.61,2620,15,0
2026-04-02 13:55:00,4635.5,4651.31,4632.36,4646.15,2560,14,0
2026-04-02 14:00:00,4646.22,4650.09,4631.73,4642.29,2362,15,0
2026-04-02 14:05:00,4642.27,4651.21,4637.34,4648.04,2436,15,0
2026-04-02 14:10:00,4647.91,4659.63,4646.55,4647.83,2450,15,0
2026-04-02 14:15:00,4647.45,4663.8,4645.87,4660.59,2571,15,0
2026-04-02 14:20:00,4660.38,4675.95,4659.08,4675.2,2472,15,0
2026-04-02 14:25:00,4675.19,4675.78,4660.29,4665.36,2476,15,0
2026-04-02 14:30:00,4665.15,4673.58,4659.12,4670.22,2401,15,0
2026-04-02 14:35:00,4670.15,4695.02,4668.66,4689.89,2701,15,0
2026-04-02 14:40:00,4686.63,4699.51,4680.45,4693.72,2731,15,0
2026-04-02 14:45:00,4693.22,4693.6,4679.83,4681.15,2741,15,0
2026-04-02 14:50:00,4680.97,4684.89,4672.66,4684.02,2651,15,0
2026-04-02 14:55:00,4683.97,4689.96,4680.45,4681.52,2557,15,0
2026-04-02 15:00:00,4681.69,4684.02,4669.93,4680.89,2619,15,0
2026-04-02 15:05:00,4681.01,4682.15,4667.74,4670.86,2531,15,0
2026-04-02 15:10:00,4670.87,4680.55,4669.13,4672.39,2517,15,0
2026-04-02 15:15:00,4672.43,4681.96,4671.52,4672.62,2342,15,0
2026-04-02 15:20:00,4672.65,4672.74,4659.54,4662.14,2479,15,0
2026-04-02 15:25:00,4662.13,4676.46,4658.5,4672.55,2388,15,0
2026-04-02 15:30:00,4672.64,4675.31,4668.2,4675.25,2296,14,0
2026-04-02 15:35:00,4675.17,4676.03,4667.99,4670.26,2370,15,0
2026-04-02 15:40:00,4670.31,4670.33,4662.19,4665.92,2148,15,0
2026-04-02 15:45:00,4665.93,4666.64,4658.7,4659.06,1935,15,0
2026-04-02 15:50:00,4659.12,4662.73,4652.72,4662.21,2184,15,0
2026-04-02 15:55:00,4662.19,4664.31,4653.31,4661.12,2141,15,0
2026-04-02 16:00:00,4661.12,4668.46,4659.77,4661.78,2101,15,0
2026-04-02 16:05:00,4661.7,4665.32,4648.68,4658.19,2000,15,0
2026-04-02 16:10:00,4658.3,4658.94,4651.24,4654.96,1879,15,0
2026-04-02 16:15:00,4654.95,4657.04,4646.12,4646.38,2166,15,0
2026-04-02 16:20:00,4646.44,4656.22,4643.04,4651.43,1989,15,0
2026-04-02 16:25:00,4651.43,4656.2,4650.48,4650.76,2003,15,0
2026-04-02 16:30:00,4650.74,4663.86,4650.59,4658.25,2075,14,0
2026-04-02 16:35:00,4658.35,4668.21,4658.35,4664.0,2139,15,0
2026-04-02 16:40:00,4663.99,4670.01,4658.72,4658.92,1882,15,0
2026-04-02 16:45:00,4658.91,4662.3,4656.88,4660.31,1872,15,0
2026-04-02 16:50:00,4660.5,4670.6,4659.27,4664.27,1747,15,0
2026-04-02 16:55:00,4664.27,4664.54,4659.22,4659.22,1497,15,0
2026-04-02 17:00:00,4659.14,4664.81,4656.33,4663.48,1673,15,0
2026-04-02 17:05:00,4663.5,4668.45,4660.46,4662.86,1556,15,0
2026-04-02 17:10:00,4662.89,4664.24,4657.93,4664.0,1735,15,0
2026-04-02 17:15:00,4664.03,4665.83,4659.81,4662.25,1744,15,0
2026-04-02 17:20:00,4662.23,4665.75,4659.33,4663.88,1684,15,0
2026-04-02 17:25:00,4664.06,4664.22,4651.13,4651.92,1977,15,0
2026-04-02 17:30:00,4651.16,4654.12,4646.2,4651.72,1791,15,0
2026-04-02 17:35:00,4651.72,4653.61,4648.23,4653.5,1648,15,0
2026-04-02 17:40:00,4653.52,4658.22,4652.52,4657.75,1465,15,0
2026-04-02 17:45:00,4657.84,4658.85,4646.55,4646.91,2053,15,0
2026-04-02 17:50:00,4647.83,4651.99,4645.86,4650.27,1519,15,0
2026-04-02 17:55:00,4650.3,4652.37,4647.09,4648.71,1505,15,0
2026-04-02 18:00:00,4648.72,4653.37,4647.46,4653.37,1516,15,0
2026-04-02 18:05:00,4653.38,4658.66,4652.95,4656.09,1319,15,0
2026-04-02 18:10:00,4656.09,4658.87,4653.11,4653.61,1333,15,0
2026-04-02 18:15:00,4653.61,4656.3,4652.12,4653.95,1375,15,0
2026-04-02 18:20:00,4653.96,4656.72,4651.54,4651.54,1060,15,0
2026-04-02 18:25:00,4651.5,4653.34,4649.97,4651.72,1681,15,0
2026-04-02 18:30:00,4651.79,4659.32,4651.79,4658.86,1166,15,0
2026-04-02 18:35:00,4658.9,4660.0,4654.56,4655.81,1065,15,0
2026-04-02 18:40:00,4655.47,4663.5,4655.21,4662.76,1129,15,0
2026-04-02 18:45:00,4662.76,4669.26,4662.1,4669.26,1115,15,0
2026-04-02 18:50:00,4669.09,4670.42,4663.64,4668.24,1356,15,0
2026-04-02 18:55:00,4668.3,4672.06,4666.91,4668.55,1165,15,0
2026-04-02 19:00:00,4668.56,4675.82,4668.56,4672.39,1530,15,0
2026-04-02 19:05:00,4672.37,4679.86,4672.22,4679.63,1243,15,0
2026-04-02 19:10:00,4679.63,4681.83,4673.81,4674.48,1247,15,0
2026-04-02 19:15:00,4674.47,4674.83,4668.96,4670.01,1284,15,0
2026-04-02 19:20:00,4670.01,4678.05,4666.85,4673.03,1626,15,0
2026-04-02 19:25:00,4673.02,4673.89,4664.33,4665.21,1764,15,0
2026-04-02 19:30:00,4665.18,4667.2,4662.01,4663.77,1511,15,0
2026-04-02 19:35:00,4663.77,4666.34,4661.51,4664.4,1288,15,0
2026-04-02 19:40:00,4664.4,4668.31,4663.95,4666.02,1332,15,0
2026-04-02 19:45:00,4666.04,4670.09,4665.83,4668.86,1519,15,0
2026-04-02 19:50:00,4669.13,4675.63,4668.99,4675.44,1680,14,0
2026-04-02 19:55:00,4675.58,4676.52,4671.8,4672.13,1318,15,0
2026-04-02 20:00:00,4672.24,4676.5,4672.02,4675.06,806,15,0
2026-04-02 20:05:00,4675.06,4676.01,4673.4,4674.1,426,28,0
2026-04-02 20:10:00,4674.1,4676.74,4672.27,4673.92,434,28,0
2026-04-02 20:15:00,4673.92,4674.37,4667.4,4667.84,488,28,0
2026-04-02 20:20:00,4667.84,4667.89,4664.34,4666.6,545,28,0
2026-04-02 20:25:00,4666.6,4670.54,4666.43,4667.82,479,28,0
2026-04-02 20:30:00,4667.83,4672.38,4667.48,4672.28,640,28,0
2026-04-02 20:35:00,4672.28,4673.32,4670.96,4671.47,558,28,0
2026-04-02 20:40:00,4671.47,4671.68,4668.01,4668.94,538,28,0
2026-04-02 20:45:00,4668.94,4673.44,4667.68,4670.92,659,28,0
2026-04-02 20:50:00,4670.92,4672.82,4666.49,4672.14,725,28,0
2026-04-02 20:55:00,4672.08,4677.95,4671.59,4676.17,778,28,0
2026-04-05 22:05:00,4637.39,4638.96,4630.12,4633.86,961,58,0
2026-04-05 22:10:00,4633.9,4634.53,4615.11,4630.28,1286,58,0
2026-04-05 22:15:00,4630.27,4640.74,4630.0,4635.59,1144,58,0
2026-04-05 22:20:00,4635.92,4641.96,4633.16,4641.3,1016,58,0
2026-04-05 22:25:00,4641.3,4642.1,4633.94,4636.02,920,58,0
2026-04-05 22:30:00,4636.02,4641.42,4631.85,4635.11,1130,58,0
2026-04-05 22:35:00,4635.05,4641.72,4633.91,4641.7,971,58,0
2026-04-05 22:40:00,4641.7,4645.84,4637.73,4642.49,819,58,0
2026-04-05 22:45:00,4642.31,4650.51,4616.8,4642.35,1257,58,0
2026-04-05 22:50:00,4642.34,4648.67,4618.88,4627.48,1271,58,0
2026-04-05 22:55:00,4654.5,4654.5,4633.28,4645.92,1201,58,0
2026-04-05 23:00:00,4645.92,4651.14,4634.53,4635.41,1132,58,0
2026-04-05 23:05:00,4637.89,4640.72,4629.51,4630.31,1001,58,0
2026-04-05 23:10:00,4630.34,4633.62,4626.86,4632.44,916,58,0
2026-04-05 23:15:00,4632.44,4633.96,4624.65,4624.67,860,58,0
2026-04-05 23:20:00,4624.67,4625.75,4618.9,4619.63,797,58,0
2026-04-05 23:25:00,4619.63,4620.58,4609.13,4609.32,1108,58,0
2026-04-05 23:30:00,4609.32,4616.28,4607.22,4615.45,1033,15,0
2026-04-05 23:35:00,4615.39,4616.69,4611.99,4614.48,854,15,0
2026-04-05 23:40:00,4614.48,4614.49,4605.57,4607.31,1060,15,0
2026-04-05 23:45:00,4607.37,4615.69,4607.3,4613.56,1077,15,0
2026-04-05 23:50:00,4613.56,4619.74,4612.95,4617.19,786,15,0
2026-04-05 23:55:00,4617.18,4617.24,4610.09,4610.68,1138,15,0
2026-04-06 00:00:00,4610.68,4621.97,4607.01,4621.71,1704,15,0
2026-04-06 00:05:00,4624.56,4626.34,4617.74,4623.12,1549,15,0
2026-04-06 00:10:00,4623.18,4626.7,4620.35,4626.19,1249,15,0
2026-04-06 00:15:00,4626.19,4629.34,4614.14,4614.92,1164,15,0
2026-04-06 00:20:00,4614.84,4621.57,4613.44,4617.09,1567,15,0
2026-04-06 00:25:00,4617.09,4617.94,4601.0,4603.53,1623,15,0
2026-04-06 00:30:00,4603.53,4610.97,4603.23,4609.47,1511,15,0
2026-04-06 00:35:00,4609.48,4613.09,4605.87,4610.53,1328,15,0
2026-04-06 00:40:00,4610.53,4621.73,4610.36,4619.16,1507,15,0
2026-04-06 00:45:00,4619.16,4621.69,4616.95,4617.76,970,15,0
2026-04-06 00:50:00,4617.79,4621.59,4615.79,4621.59,959,15,0
2026-04-06 00:55:00,4621.63,4626.38,4619.59,4622.52,1160,15,0
2026-04-06 01:00:00,4622.59,4632.21,4622.59,4631.14,1335,15,0
2026-04-06 01:05:00,4631.14,4640.77,4627.5,4637.75,1640,15,0
2026-04-06 01:10:00,4637.8,4642.85,4637.8,4641.91,1072,15,0
2026-04-06 01:15:00,4641.91,4643.19,4625.04,4625.13,1275,15,0
2026-04-06 01:20:00,4625.12,4635.12,4620.63,4632.85,1290,15,0
2026-04-06 01:25:00,4632.85,4641.33,4632.85,4641.15,1015,15,0
2026-04-06 01:30:00,4641.15,4641.32,4627.07,4628.87,1225,15,0
2026-04-06 01:35:00,4628.82,4635.68,4626.18,4635.26,1259,15,0
2026-04-06 01:40:00,4635.3,4635.3,4623.56,4628.11,1168,15,0
2026-04-06 01:45:00,4628.11,4628.9,4623.16,4623.49,797,15,0
2026-04-06 01:50:00,4623.47,4626.81,4621.7,4626.73,1044,15,0
2026-04-06 01:55:00,4626.75,4627.78,4622.64,4625.95,761,15,0
2026-04-06 02:00:00,4625.95,4631.52,4623.87,4629.54,1405,15,0
2026-04-06 02:05:00,4629.68,4633.64,4626.72,4632.34,1032,15,0
2026-04-06 02:10:00,4632.24,4640.24,4630.99,4636.25,1330,15,0
2026-04-06 02:15:00,4636.25,4665.47,4636.25,4663.29,1370,15,0
2026-04-06 02:20:00,4663.35,4671.85,4662.85,4665.32,1689,15,0
2026-04-06 02:25:00,4665.33,4667.84,4659.38,4661.13,1296,15,0
2026-04-06 02:30:00,4661.13,4666.47,4653.95,4654.37,1350,15,0
2026-04-06 02:35:00,4654.36,4654.55,4644.22,4651.44,1055,15,0
2026-04-06 02:40:00,4651.44,4654.51,4649.09,4651.16,1233,15,0
2026-04-06 02:45:00,4651.16,4655.06,4650.7,4652.36,1147,15,0
2026-04-06 02:50:00,4652.38,4656.27,4647.69,4650.56,939,15,0
2026-04-06 02:55:00,4650.57,4652.02,4647.3,4648.12,1278,15,0
2026-04-06 03:00:00,4648.12,4648.2,4631.07,4634.62,1369,15,0
2026-04-06 03:05:00,4634.59,4635.54,4629.66,4631.03,1099,15,0
2026-04-06 03:10:00,4631.0,4636.45,4628.98,4633.15,1044,15,0
2026-04-06 03:15:00,4633.33,4636.36,4626.9,4626.9,1123,15,0
2026-04-06 03:20:00,4626.88,4632.2,4625.46,4631.2,1491,15,0
2026-04-06 03:25:00,4631.2,4633.98,4630.07,4630.63,971,15,0
2026-04-06 03:30:00,4630.63,4632.5,4625.84,4631.57,1181,15,0
2026-04-06 03:35:00,4631.66,4633.6,4629.17,4629.18,1027,15,0
2026-04-06 03:40:00,4629.18,4632.95,4625.66,4632.7,709,15,0
2026-04-06 03:45:00,4632.7,4634.84,4630.62,4634.78,599,15,0
2026-04-06 03:50:00,4634.78,4638.42,4633.92,4635.79,697,15,0
2026-04-06 03:55:00,4635.79,4642.21,4635.64,4640.54,777,15,0
2026-04-06 04:00:00,4640.54,4648.23,4640.03,4648.12,1060,15,0
2026-04-06 04:05:00,4648.12,4648.31,4642.9,4646.56,836,15,0
2026-04-06 04:10:00,4646.56,4648.66,4643.01,4643.56,690,15,0
2026-04-06 04:15:00,4643.56,4645.39,4642.99,4643.54,700,15,0
2026-04-06 04:20:00,4643.55,4644.66,4641.29,4642.11,615,15,0
2026-04-06 04:25:00,4642.11,4646.87,4641.84,4646.83,443,15,0
2026-04-06 04:30:00,4646.83,4648.61,4643.05,4648.49,723,15,0
2026-04-06 04:35:00,4648.52,4651.29,4648.38,4648.39,756,15,0
2026-04-06 04:40:00,4648.39,4650.51,4647.45,4648.97,684,15,0
2026-04-06 04:45:00,4648.97,4651.97,4647.19,4651.97,533,15,0
2026-04-06 04:50:00,4651.97,4656.24,4651.97,4656.14,673,15,0
2026-04-06 04:55:00,4656.14,4660.04,4654.76,4659.09,730,15,0
2026-04-06 05:00:00,4659.12,4663.41,4657.9,4663.04,791,15,0
2026-04-06 05:05:00,4663.04,4671.16,4662.27,4670.87,695,15,0
2026-04-06 05:10:00,4670.93,4676.91,4669.76,4673.67,1028,15,0
2026-04-06 05:15:00,4673.67,4678.09,4673.5,4677.4,661,15,0
2026-04-06 05:20:00,4677.4,4678.8,4668.96,4673.68,786,15,0
2026-04-06 05:25:00,4673.68,4673.87,4666.99,4667.29,647,15,0
2026-04-06 05:30:00,4667.32,4668.98,4664.67,4667.46,700,15,0
2026-04-06 05:35:00,4667.46,4668.12,4665.51,4665.78,320,15,0
2026-04-06 05:40:00,4665.78,4666.88,4661.35,4661.53,673,15,0
2026-04-06 05:45:00,4661.53,4663.18,4659.48,4660.08,672,15,0
2026-04-06 05:50:00,4660.08,4667.06,4658.76,4667.03,651,15,0
2026-04-06 05:55:00,4667.03,4667.47,4651.29,4652.51,843,15,0
2026-04-06 06:00:00,4652.52,4653.14,4644.93,4652.78,1069,15,0
2026-04-06 06:05:00,4652.78,4659.49,4652.78,4658.08,902,15,0
2026-04-06 06:10:00,4658.08,4661.84,4656.86,4660.88,773,15,0
2026-04-06 06:15:00,4660.88,4662.17,4658.22,4658.86,667,15,0
2026-04-06 06:20:00,4658.86,4660.47,4653.57,4655.21,775,15,0
2026-04-06 06:25:00,4655.21,4658.01,4652.79,4657.3,658,15,0
2026-04-06 06:30:00,4657.3,4660.05,4655.47,4658.14,604,15,0
2026-04-06 06:35:00,4658.13,4658.92,4651.78,4654.84,668,15,0
2026-04-06 06:40:00,4654.84,4658.42,4653.35,4655.68,587,15,0
2026-04-06 06:45:00,4655.68,4657.07,4653.76,4656.51,631,15,0
2026-04-06 06:50:00,4656.68,4667.83,4655.63,4662.29,1499,15,0
2026-04-06 06:55:00,4662.29,4666.21,4658.67,4666.07,1074,15,0
2026-04-06 07:00:00,4666.02,4666.77,4658.4,4658.89,1133,15,0
2026-04-06 07:05:00,4658.89,4660.05,4655.62,4656.38,1059,15,0
2026-04-06 07:10:00,4656.82,4656.94,4648.06,4651.97,1076,15,0
2026-04-06 07:15:00,4651.96,4655.66,4646.52,4649.63,1221,15,0
2026-04-06 07:20:00,4649.6,4650.33,4645.25,4645.34,790,15,0
2026-04-06 07:25:00,4645.29,4651.01,4645.03,4651.01,880,15,0
2026-04-06 07:30:00,4651.01,4653.81,4650.4,4653.38,850,15,0
2026-04-06 07:35:00,4653.38,4657.73,4653.22,4656.91,1006,15,0
2026-04-06 07:40:00,4656.91,4665.75,4656.59,4664.43,999,15,0
2026-04-06 07:45:00,4664.43,4672.08,4662.58,4672.08,1128,15,0
2026-04-06 07:50:00,4672.08,4685.92,4672.08,4679.05,1539,15,0
2026-04-06 07:55:00,4680.89,4688.42,4680.46,4684.84,1350,15,0
2026-04-06 08:00:00,4684.82,4694.44,4682.43,4693.34,1552,15,0
2026-04-06 08:05:00,4693.34,4693.43,4682.45,4684.69,1183,15,0
2026-04-06 08:10:00,4684.69,4692.13,4683.79,4689.7,1097,15,0
2026-04-06 08:15:00,4689.84,4692.63,4685.63,4686.69,1123,15,0
2026-04-06 08:20:00,4686.78,4693.43,4684.53,4692.94,960,15,0
2026-04-06 08:25:00,4692.93,4695.8,4690.03,4691.35,1021,15,0
2026-04-06 08:30:00,4690.98,4694.71,4690.15,4694.59,709,15,0
2026-04-06 08:35:00,4694.59,4695.62,4690.14,4690.27,886,15,0
2026-04-06 08:40:00,4690.27,4693.69,4690.0,4693.16,862,15,0
2026-04-06 08:45:00,4693.09,4696.96,4692.74,4696.69,854,15,0
2026-04-06 08:50:00,4696.69,4697.27,4691.57,4694.09,785,14,0
2026-04-06 08:55:00,4694.09,4697.62,4693.32,4695.74,678,15,0
2026-04-06 09:00:00,4695.74,4701.61,4695.74,4698.8,1091,15,0
2026-04-06 09:05:00,4698.8,4703.24,4698.26,4699.07,877,15,0
2026-04-06 09:10:00,4699.07,4701.33,4697.37,4701.13,695,15,0
2026-04-06 09:15:00,4701.13,4703.7,4698.5,4700.27,806,15,0
2026-04-06 09:20:00,4700.27,4702.85,4697.21,4701.43,842,15,0
2026-04-06 09:25:00,4701.43,4703.09,4699.92,4702.43,784,15,0
2026-04-06 09:30:00,4702.43,4704.7,4700.84,4703.66,787,15,0
2026-04-06 09:35:00,4703.64,4704.31,4701.96,4702.64,629,15,0
2026-04-06 09:40:00,4702.64,4706.62,4702.14,4703.45,591,15,0
2026-04-06 09:45:00,4703.45,4705.17,4700.32,4700.57,672,15,0
2026-04-06 09:50:00,4700.57,4700.75,4692.03,4693.82,1142,15,0
2026-04-06 09:55:00,4693.82,4695.36,4690.91,4693.71,1226,15,0
2026-04-06 10:00:00,4693.72,4697.56,4693.03,4697.5,1084,15,0
2026-04-06 10:05:00,4697.49,4697.65,4691.56,4693.47,983,15,0
2026-04-06 10:10:00,4693.47,4696.72,4686.05,4686.75,837,15,0
2026-04-06 10:15:00,4686.75,4690.9,4686.18,4690.52,717,15,0
2026-04-06 10:20:00,4690.52,4693.12,4689.33,4689.44,679,15,0
2026-04-06 10:25:00,4689.42,4689.84,4686.58,4689.83,696,15,0
2026-04-06 10:30:00,4689.83,4693.96,4689.08,4689.85,696,15,0
2026-04-06 10:35:00,4689.85,4692.11,4687.74,4691.94,563,15,0
2026-04-06 10:40:00,4692.01,4696.78,4691.96,4695.44,615,15,0
2026-04-06 10:45:00,4695.44,4695.77,4685.12,4692.68,1250,15,0
2026-04-06 10:50:00,4692.68,4694.57,4691.06,4691.12,1043,15,0
2026-04-06 10:55:00,4691.19,4692.78,4688.96,4689.82,788,15,0
2026-04-06 11:00:00,4690.15,4696.0,4689.2,4693.01,961,15,0
2026-04-06 11:05:00,4693.01,4696.8,4691.96,4692.61,764,15,0
2026-04-06 11:10:00,4692.61,4693.57,4688.86,4689.55,789,15,0
2026-04-06 11:15:00,4690.02,4691.93,4688.17,4691.77,707,15,0
2026-04-06 11:20:00,4691.77,4692.47,4685.51,4688.22,819,15,0
2026-04-06 11:25:00,4688.22,4690.65,4686.39,4688.5,653,15,0
2026-04-06 11:30:00,4688.64,4691.11,4687.3,4689.38,586,15,0
2026-04-06 11:35:00,4689.38,4692.49,4685.4,4689.58,668,15,0
2026-04-06 11:40:00,4689.58,4694.44,4685.32,4685.33,707,15,0
2026-04-06 11:45:00,4685.32,4685.81,4681.35,4682.84,903,15,0
2026-04-06 11:50:00,4682.84,4683.57,4678.84,4683.44,716,15,0
2026-04-06 11:55:00,4683.44,4684.64,4677.12,4678.02,762,15,0
2026-04-06 12:00:00,4678.02,4683.72,4677.98,4682.0,842,15,0
2026-04-06 12:05:00,4682.0,4686.86,4678.27,4679.44,988,15,0
2026-04-06 12:10:00,4679.47,4679.81,4671.53,4672.51,946,15,0
2026-04-06 12:15:00,4672.51,4674.14,4669.29,4673.18,807,15,0
2026-04-06 12:20:00,4673.13,4673.2,4661.71,4664.2,1342,15,0
2026-04-06 12:25:00,4664.2,4667.88,4659.51,4666.15,1179,15,0
2026-04-06 12:30:00,4666.17,4675.78,4665.75,4673.7,1158,15,0
2026-04-06 12:35:00,4673.7,4677.57,4670.25,4676.54,1148,15,0
2026-04-06 12:40:00,4676.54,4678.8,4673.62,4676.96,953,15,0
2026-04-06 12:45:00,4676.91,4681.4,4676.2,4678.73,1042,15,0
2026-04-06 12:50:00,4678.73,4678.94,4674.22,4677.18,975,15,0
2026-04-06 12:55:00,4677.11,4678.52,4674.28,4675.85,959,15,0
2026-04-06 13:00:00,4675.85,4677.55,4671.19,4671.82,1441,15,0
2026-04-06 13:05:00,4671.83,4672.45,4662.13,4670.37,1346,15,0
2026-04-06 13:10:00,4670.35,4671.34,4667.3,4668.68,1013,15,0
2026-04-06 13:15:00,4668.68,4669.8,4663.96,4664.14,1015,15,0
2026-04-06 13:20:00,4664.13,4672.89,4660.44,4672.75,1108,15,0
2026-04-06 13:25:00,4672.75,4673.36,4667.51,4668.7,884,15,0
2026-04-06 13:30:00,4668.99,4676.32,4661.0,4671.43,2249,15,0
2026-04-06 13:35:00,4671.54,4675.18,4663.56,4673.82,2285,15,0
2026-04-06 13:40:00,4673.81,4679.12,4664.97,4665.57,2319,15,0
2026-04-06 13:45:00,4665.57,4676.81,4661.69,4664.23,2385,15,0
2026-04-06 13:50:00,4664.25,4680.19,4663.48,4679.0,2159,15,0
2026-04-06 13:55:00,4679.03,4681.84,4675.15,4680.18,1974,15,0
2026-04-06 14:00:00,4680.84,4690.95,4668.97,4669.7,2521,15,0
2026-04-06 14:05:00,4669.71,4673.98,4666.06,4671.03,2394,15,0
2026-04-06 14:10:00,4671.14,4672.79,4660.34,4672.77,2340,15,0
2026-04-06 14:15:00,4672.78,4683.2,4670.73,4683.2,2223,15,0
2026-04-06 14:20:00,4683.28,4686.16,4678.46,4685.86,1916,15,0
2026-04-06 14:25:00,4685.94,4688.31,4683.87,4686.11,1934,15,0
2026-04-06 14:30:00,4686.18,4691.94,4683.09,4691.94,1782,15,0
2026-04-06 14:35:00,4691.81,4697.83,4678.46,4684.38,2471,15,0
2026-04-06 14:40:00,4684.22,4691.84,4683.11,4684.64,2500,15,0
2026-04-06 14:45:00,4684.68,4684.68,4677.7,4678.62,2236,15,0
2026-04-06 14:50:00,4678.62,4686.41,4675.1,4684.78,1809,15,0
2026-04-06 14:55:00,4684.73,4688.6,4680.94,4682.69,2016,15,0
2026-04-06 15:00:00,4682.71,4683.86,4669.16,4672.18,1737,15,0
2026-04-06 15:05:00,4672.18,4672.56,4663.97,4667.52,1765,15,0
2026-04-06 15:10:00,4667.52,4669.33,4661.44,4662.34,1847,15,0
2026-04-06 15:15:00,4662.33,4667.15,4655.61,4666.54,1782,15,0
2026-04-06 15:20:00,4666.54,4670.06,4664.58,4665.97,1377,15,0
2026-04-06 15:25:00,4665.91,4668.72,4661.83,4667.38,1548,15,0
2026-04-06 15:30:00,4667.37,4671.08,4666.85,4667.56,1251,14,0
2026-04-06 15:35:00,4667.56,4667.92,4652.0,4655.23,1545,15,0
2026-04-06 15:40:00,4655.19,4661.32,4653.64,4660.74,1552,15,0
2026-04-06 15:45:00,4660.76,4666.29,4659.68,4664.14,1275,15,0
2026-04-06 15:50:00,4664.19,4668.05,4662.79,4665.74,1352,15,0
2026-04-06 15:55:00,4665.7,4669.3,4663.03,4668.2,1225,15,0
2026-04-06 16:00:00,4668.21,4670.59,4665.0,4666.72,1678,15,0
2026-04-06 16:05:00,4666.72,4667.3,4663.04,4663.3,1187,15,0
2026-04-06 16:10:00,4663.32,4670.79,4662.44,4670.33,877,15,0
2026-04-06 16:15:00,4670.33,4672.59,4665.43,4668.71,923,15,0
2026-04-06 16:20:00,4668.71,4670.78,4666.1,4668.57,975,15,0
2026-04-06 16:25:00,4668.57,4670.1,4665.7,4665.72,952,15,0
2026-04-06 16:30:00,4665.72,4667.57,4664.88,4666.83,793,15,0
2026-04-06 16:35:00,4666.83,4671.04,4664.38,4664.39,837,15,0
2026-04-06 16:40:00,4664.39,4666.15,4662.82,4663.25,868,15,0
2026-04-06 16:45:00,4663.33,4665.18,4661.4,4664.7,897,15,0
2026-04-06 16:50:00,4664.7,4666.73,4662.07,4662.85,1114,15,0
2026-04-06 16:55:00,4662.85,4663.26,4658.03,4660.42,1565,15,0
2026-04-06 17:00:00,4660.44,4661.24,4655.05,4657.98,1570,15,0
2026-04-06 17:05:00,4658.87,4659.97,4655.96,4658.34,1303,15,0
2026-04-06 17:10:00,4658.34,4659.69,4645.88,4654.05,1952,15,0
2026-04-06 17:15:00,4653.8,4659.8,4650.53,4659.62,1801,15,0
2026-04-06 17:20:00,4659.64,4660.19,4657.88,4659.73,1377,15,0
2026-04-06 17:25:00,4659.73,4660.25,4655.09,4656.19,1070,15,0
2026-04-06 17:30:00,4656.21,4660.3,4652.61,4659.26,1272,15,0
2026-04-06 17:35:00,4659.26,4659.94,4658.05,4659.56,1083,15,0
2026-04-06 17:40:00,4659.56,4659.77,4654.59,4656.28,1264,15,0
2026-04-06 17:45:00,4656.44,4657.2,4651.6,4652.42,1204,15,0
2026-04-06 17:50:00,4652.44,4656.45,4651.91,4655.75,1072,15,0
2026-04-06 17:55:00,4655.75,4656.21,4653.4,4653.59,1001,15,0
2026-04-06 18:00:00,4653.6,4655.35,4650.98,4652.88,1173,15,0
2026-04-06 18:05:00,4652.76,4659.0,4652.06,4658.35,1147,15,0
2026-04-06 18:10:00,4658.35,4666.39,4657.3,4659.38,1457,15,0
2026-04-06 18:15:00,4659.55,4663.74,4659.3,4663.01,1227,15,0
2026-04-06 18:20:00,4663.02,4663.78,4660.73,4662.45,1070,15,0
2026-04-06 18:25:00,4662.46,4664.51,4660.04,4660.3,1246,15,0
2026-04-06 18:30:00,4660.31,4663.4,4657.31,4659.18,1171,15,0
2026-04-06 18:35:00,4659.18,4660.51,4649.57,4649.78,1025,15,0
2026-04-06 18:40:00,4649.81,4652.42,4649.17,4650.35,966,15,0
2026-04-06 18:45:00,4650.35,4652.02,4649.55,4650.85,772,15,0
2026-04-06 18:50:00,4650.88,4652.47,4649.06,4651.4,744,15,0
2026-04-06 18:55:00,4651.43,4659.1,4648.9,4658.37,1082,15,0
2026-04-06 19:00:00,4658.34,4659.37,4655.92,4658.46,858,15,0
2026-04-06 19:05:00,4658.45,4659.36,4650.23,4651.41,785,15,0
2026-04-06 19:10:00,4651.18,4653.62,4650.44,4650.85,735,15,0
2026-04-06 19:15:00,4650.85,4651.43,4645.67,4647.96,825,15,0
2026-04-06 19:20:00,4647.94,4649.21,4646.53,4647.36,674,15,0
2026-04-06 19:25:00,4647.36,4650.57,4646.27,4650.36,524,15,0
2026-04-06 19:30:00,4650.36,4653.92,4649.96,4651.49,533,15,0
2026-04-06 19:35:00,4651.49,4653.19,4650.6,4650.99,490,15,0
2026-04-06 19:40:00,4651.03,4652.38,4648.54,4651.91,640,15,0
2026-04-06 19:45:00,4651.91,4655.57,4651.55,4655.55,720,15,0
2026-04-06 19:50:00,4655.57,4656.43,4653.72,4654.25,775,14,0
2026-04-06 19:55:00,4654.25,4658.08,4653.84,4655.54,850,15,0
2026-04-06 20:00:00,4655.54,4657.17,4652.8,4655.4,423,15,0
2026-04-06 20:05:00,4655.4,4655.4,4652.19,4653.12,231,28,0
2026-04-06 20:10:00,4653.12,4657.33,4653.12,4657.11,264,28,0
2026-04-06 20:15:00,4657.1,4657.76,4656.09,4656.68,268,28,0
2026-04-06 20:20:00,4656.68,4658.07,4654.95,4656.34,250,28,0
2026-04-06 20:25:00,4656.34,4657.43,4655.64,4655.92,287,28,0
2026-04-06 20:30:00,4655.92,4658.32,4655.86,4656.78,265,28,0
2026-04-06 20:35:00,4656.78,4656.86,4652.06,4652.42,334,28,0
2026-04-06 20:40:00,4652.42,4653.85,4651.16,4653.24,449,28,0
2026-04-06 20:45:00,4653.31,4654.58,4650.04,4650.37,385,28,0
2026-04-06 20:50:00,4650.37,4652.2,4649.56,4652.15,428,28,0
2026-04-06 20:55:00,4652.2,4652.2,4649.21,4650.55,307,28,0
2026-04-06 22:00:00,4658.84,4666.43,4658.84,4661.66,803,28,0
2026-04-06 22:05:00,4661.63,4667.78,4661.28,4667.23,620,28,0
2026-04-06 22:10:00,4667.23,4667.61,4663.5,4663.61,467,28,0
2026-04-06 22:15:00,4663.61,4666.26,4661.68,4664.62,486,28,0
2026-04-06 22:20:00,4664.62,4665.39,4659.06,4660.95,525,28,0
2026-04-06 22:25:00,4661.18,4663.01,4660.63,4662.2,345,28,0
2026-04-06 22:30:00,4662.2,4663.07,4659.16,4660.13,352,28,0
2026-04-06 22:35:00,4660.13,4661.81,4659.07,4660.47,306,28,0
2026-04-06 22:40:00,4660.47,4661.58,4659.17,4659.17,313,28,0
2026-04-06 22:45:00,4659.17,4662.11,4658.22,4661.01,243,28,0
2026-04-06 22:50:00,4661.01,4661.61,4657.23,4657.65,349,28,0
2026-04-06 22:55:00,4657.68,4658.38,4656.65,4658.32,276,28,0
2026-04-06 23:00:00,4658.38,4659.39,4657.03,4659.39,322,28,0
2026-04-06 23:05:00,4659.39,4661.1,4658.5,4660.18,432,28,0
2026-04-06 23:10:00,4660.18,4660.84,4659.24,4660.15,312,15,0
2026-04-06 23:15:00,4660.15,4660.77,4658.04,4658.43,408,15,0
2026-04-06 23:20:00,4658.44,4658.64,4653.37,4653.78,379,15,0
2026-04-06 23:25:00,4653.64,4655.68,4653.31,4654.7,284,15,0
2026-04-06 23:30:00,4654.57,4655.2,4653.82,4653.87,253,15,0
2026-04-06 23:35:00,4653.87,4655.45,4651.52,4655.12,412,15,0
2026-04-06 23:40:00,4655.12,4656.31,4652.52,4655.28,419,15,0
2026-04-06 23:45:00,4655.23,4657.44,4654.42,4656.46,582,15,0
2026-04-06 23:50:00,4656.47,4659.96,4655.16,4659.83,540,15,0
2026-04-06 23:55:00,4659.82,4660.49,4657.68,4658.88,559,15,0
2026-04-07 00:00:00,4658.88,4659.05,4649.11,4655.02,1300,15,0
2026-04-07 00:05:00,4655.02,4655.68,4650.64,4653.76,822,15,0
2026-04-07 00:10:00,4653.76,4660.71,4652.78,4657.61,1033,15,0
2026-04-07 00:15:00,4657.61,4661.02,4657.43,4658.54,1055,15,0
2026-04-07 00:20:00,4658.54,4659.72,4656.42,4659.15,858,15,0
2026-04-07 00:25:00,4659.16,4660.62,4657.78,4659.18,676,15,0
2026-04-07 00:30:00,4659.18,4661.03,4657.4,4660.67,748,15,0
2026-04-07 00:35:00,4660.67,4661.12,4659.73,4660.28,686,15,0
2026-04-07 00:40:00,4660.28,4661.07,4658.78,4660.72,734,15,0
2026-04-07 00:45:00,4660.71,4661.37,4658.18,4658.7,714,15,0
2026-04-07 00:50:00,4658.7,4659.51,4655.66,4657.32,739,15,0
2026-04-07 00:55:00,4657.56,4657.97,4654.75,4655.2,701,15,0
2026-04-07 01:00:00,4655.22,4662.06,4633.95,4661.44,2027,15,0
2026-04-07 01:05:00,4661.44,4664.53,4641.12,4644.48,1897,15,0
2026-04-07 01:10:00,4644.49,4645.73,4630.82,4640.96,1941,15,0
2026-04-07 01:15:00,4640.96,4651.37,4639.08,4651.28,1616,15,0
2026-04-07 01:20:00,4651.28,4657.74,4649.28,4649.92,1765,15,0
2026-04-07 01:25:00,4650.11,4655.19,4646.28,4654.84,1526,15,0
2026-04-07 01:30:00,4654.84,4662.23,4650.95,4657.63,1622,15,0
2026-04-07 01:35:00,4657.68,4659.69,4629.09,4639.53,2109,15,0
2026-04-07 01:40:00,4639.77,4647.56,4635.19,4641.94,1798,15,0
2026-04-07 01:45:00,4641.95,4647.36,4633.92,4634.34,1882,15,0
2026-04-07 01:50:00,4634.39,4636.93,4620.43,4627.41,2235,15,0
2026-04-07 01:55:00,4627.49,4627.78,4616.72,4627.11,1929,15,0
2026-04-07 02:00:00,4627.11,4632.56,4623.89,4628.22,1441,15,0
2026-04-07 02:05:00,4628.22,4632.19,4620.11,4631.52,1562,15,0
2026-04-07 02:10:00,4631.52,4634.54,4624.08,4626.92,1349,15,0
2026-04-07 02:15:00,4626.92,4631.92,4622.85,4630.96,912,15,0
2026-04-07 02:20:00,4630.96,4632.04,4626.7,4630.44,813,15,0
2026-04-07 02:25:00,4630.44,4635.54,4629.16,4634.69,741,15,0
2026-04-07 02:30:00,4634.69,4640.51,4633.95,4637.92,1330,15,0
2026-04-07 02:35:00,4637.97,4643.14,4635.45,4642.39,1475,15,0
2026-04-07 02:40:00,4642.39,4646.92,4641.22,4646.32,1397,15,0
2026-04-07 02:45:00,4646.32,4654.07,4645.32,4651.25,1580,15,0
2026-04-07 02:50:00,4651.22,4653.57,4649.77,4650.71,1230,15,0
2026-04-07 02:55:00,4650.71,4650.92,4647.5,4650.53,1399,15,0
2026-04-07 03:00:00,4650.5,4654.07,4647.79,4648.33,1489,15,0
2026-04-07 03:05:00,4648.29,4648.34,4641.59,4646.25,1284,15,0
2026-04-07 03:10:00,4646.24,4647.97,4642.94,4645.18,1182,15,0
2026-04-07 03:15:00,4645.18,4647.88,4641.26,4641.86,1241,15,0
2026-04-07 03:20:00,4641.69,4644.75,4639.75,4642.29,1011,15,0
2026-04-07 03:25:00,4642.29,4644.52,4639.75,4642.66,1171,15,0
2026-04-07 03:30:00,4642.67,4648.25,4642.12,4646.0,770,15,0
2026-04-07 03:35:00,4646.0,4646.42,4643.16,4645.51,497,15,0
2026-04-07 03:40:00,4645.51,4648.42,4643.82,4648.15,515,15,0
2026-04-07 03:45:00,4648.15,4649.62,4647.39,4647.69,529,15,0
2026-04-07 03:50:00,4647.69,4649.55,4647.23,4647.91,406,15,0
2026-04-07 03:55:00,4647.91,4651.1,4647.66,4649.61,497,15,0
2026-04-07 04:00:00,4649.58,4651.39,4648.47,4649.4,808,15,0
2026-04-07 04:05:00,4649.39,4649.59,4647.68,4648.73,703,15,0
2026-04-07 04:10:00,4648.72,4649.66,4645.66,4646.25,628,15,0
2026-04-07 04:15:00,4646.25,4649.53,4645.72,4649.32,661,15,0
2026-04-07 04:20:00,4649.3,4649.74,4647.87,4649.74,477,15,0
2026-04-07 04:25:00,4649.74,4651.05,4649.22,4650.04,547,15,0
2026-04-07 04:30:00,4650.04,4658.86,4649.59,4658.86,910,15,0
2026-04-07 04:35:00,4658.87,4660.81,4657.38,4658.58,655,15,0
2026-04-07 04:40:00,4658.58,4662.82,4658.51,4661.88,831,15,0
2026-04-07 04:45:00,4661.88,4663.19,4660.09,4661.04,811,15,0
2026-04-07 04:50:00,4661.04,4663.81,4660.79,4661.93,543,15,0
2026-04-07 04:55:00,4661.94,4662.8,4659.02,4659.53,671,15,0
2026-04-07 05:00:00,4659.73,4661.38,4655.73,4656.82,725,15,0
2026-04-07 05:05:00,4656.82,4658.35,4654.64,4655.7,410,15,0
2026-04-07 05:10:00,4655.43,4656.48,4654.32,4655.67,539,15,0
2026-04-07 05:15:00,4655.67,4657.84,4653.8,4654.59,664,15,0
2026-04-07 05:20:00,4654.58,4654.58,4647.31,4647.31,759,15,0
2026-04-07 05:25:00,4647.31,4647.67,4630.81,4633.05,1666,15,0
2026-04-07 05:30:00,4632.58,4639.32,4623.18,4631.97,2034,15,0
2026-04-07 05:35:00,4631.97,4641.76,4630.06,4639.85,1386,15,0
2026-04-07 05:40:00,4639.85,4641.38,4630.42,4631.75,1534,15,0
2026-04-07 05:45:00,4631.77,4638.53,4629.65,4635.73,1458,15,0
2026-04-07 05:50:00,4635.73,4641.14,4635.73,4639.11,1224,15,0
2026-04-07 05:55:00,4639.24,4646.57,4638.53,4643.07,1248,15,0
2026-04-07 06:00:00,4643.27,4646.38,4638.29,4645.96,1382,15,0
2026-04-07 06:05:00,4645.9,4646.41,4642.52,4644.1,1172,15,0
2026-04-07 06:10:00,4644.1,4648.25,4642.28,4647.36,1353,15,0
2026-04-07 06:15:00,4647.36,4649.23,4641.84,4643.37,1389,15,0
2026-04-07 06:20:00,4643.37,4644.08,4638.04,4642.47,1387,15,0
2026-04-07 06:25:00,4642.47,4644.89,4639.28,4641.06,1491,15,0
2026-04-07 06:30:00,4641.19,4646.47,4641.15,4643.39,1542,15,0
2026-04-07 06:35:00,4643.39,4647.54,4642.4,4645.96,1344,15,0
2026-04-07 06:40:00,4645.96,4653.79,4643.48,4652.5,1353,15,0
2026-04-07 06:45:00,4652.5,4652.86,4648.63,4651.08,1420,15,0
2026-04-07 06:50:00,4651.1,4655.68,4650.55,4653.69,1279,15,0
2026-04-07 06:55:00,4653.7,4656.53,4652.92,4653.44,1392,15,0
2026-04-07 07:00:00,4653.47,4655.31,4650.26,4652.14,1482,15,0
2026-04-07 07:05:00,4652.14,4656.04,4649.36,4654.17,1182,15,0
2026-04-07 07:10:00,4654.22,4657.16,4649.06,4651.57,1083,15,0
2026-04-07 07:15:00,4651.57,4653.98,4648.58,4651.8,1074,14,0
2026-04-07 07:20:00,4651.81,4653.86,4645.68,4648.37,1162,15,0
2026-04-07 07:25:00,4648.42,4649.08,4639.02,4639.77,1239,15,0
2026-04-07 07:30:00,4639.65,4644.08,4636.76,4643.07,1363,15,0
2026-04-07 07:35:00,4643.02,4646.63,4642.93,4646.25,781,15,0
2026-04-07 07:40:00,4646.25,4646.25,4640.39,4643.74,716,15,0
2026-04-07 07:45:00,4643.83,4644.03,4641.64,4643.28,773,15,0
2026-04-07 07:50:00,4643.28,4644.96,4639.17,4639.57,817,15,0
2026-04-07 07:55:00,4639.53,4647.09,4638.91,4646.09,858,15,0
2026-04-07 08:00:00,4646.11,4660.07,4644.25,4650.38,1903,15,0
2026-04-07 08:05:00,4650.38,4653.67,4648.65,4651.45,1597,15,0
2026-04-07 08:10:00,4651.45,4665.02,4650.68,4663.58,1821,15,0
2026-04-07 08:15:00,4663.58,4664.4,4657.19,4661.73,1685,15,0
2026-04-07 08:20:00,4661.6,4690.79,4660.13,4684.27,2195,15,0
2026-04-07 08:25:00,4684.26,4687.51,4677.61,4678.42,1911,15,0
2026-04-07 08:30:00,4678.51,4686.83,4677.31,4685.04,1769,15,0
2026-04-07 08:35:00,4685.04,4687.73,4681.1,4681.71,1592,15,0
2026-04-07 08:40:00,4681.65,4683.88,4679.18,4683.09,1320,15,0
2026-04-07 08:45:00,4683.09,4687.46,4679.25,4682.1,1299,15,0
2026-04-07 08:50:00,4682.17,4685.35,4680.31,4684.83,993,15,0
2026-04-07 08:55:00,4684.83,4686.97,4680.87,4683.1,1106,15,0
2026-04-07 09:00:00,4683.08,4688.15,4682.43,4683.14,1059,15,0
2026-04-07 09:05:00,4683.05,4686.64,4681.02,4686.16,959,15,0
2026-04-07 09:10:00,4686.16,4693.61,4684.91,4685.4,1250,15,0
2026-04-07 09:15:00,4685.39,4693.87,4682.68,4690.19,1215,15,0
2026-04-07 09:20:00,4690.19,4694.25,4689.27,4693.9,1088,15,0
2026-04-07 09:25:00,4693.85,4694.31,4685.77,4686.78,1467,15,0
2026-04-07 09:30:00,4686.78,4687.01,4680.19,4683.19,1317,15,0
2026-04-07 09:35:00,4683.21,4684.25,4674.91,4676.95,1219,15,0
2026-04-07 09:40:00,4676.96,4676.96,4665.96,4667.2,1420,15,0
2026-04-07 09:45:00,4667.19,4667.59,4658.9,4666.8,1518,15,0
2026-04-07 09:50:00,4666.83,4671.43,4663.19,4670.31,1003,15,0
2026-04-07 09:55:00,4670.4,4675.85,4670.37,4670.79,699,15,0
2026-04-07 10:00:00,4670.83,4676.0,4667.04,4674.97,883,15,0
2026-04-07 10:05:00,4675.03,4679.96,4664.73,4674.96,974,15,0
2026-04-07 10:10:00,4674.89,4679.11,4671.65,4676.88,1989,15,0
2026-04-07 10:15:00,4676.88,4680.58,4674.09,4677.17,1199,15,0
2026-04-07 10:20:00,4677.18,4678.51,4669.7,4672.38,1171,15,0
2026-04-07 10:25:00,4672.38,4674.55,4658.01,4668.14,1951,15,0
2026-04-07 10:30:00,4668.13,4672.19,4666.32,4667.44,1417,15,0
2026-04-07 10:35:00,4667.44,4670.4,4662.16,4663.58,1346,15,0
2026-04-07 10:40:00,4663.58,4666.55,4657.66,4662.38,1440,15,0
2026-04-07 10:45:00,4662.38,4662.58,4649.63,4650.4,1809,15,0
2026-04-07 10:50:00,4650.42,4658.71,4650.29,4655.96,1742,15,0
2026-04-07 10:55:00,4655.96,4658.04,4649.38,4652.1,1595,15,0
2026-04-07 11:00:00,4652.12,4655.47,4646.41,4654.47,1646,15,0
2026-04-07 11:05:00,4654.49,4656.41,4646.77,4651.39,1583,15,0
2026-04-07 11:10:00,4651.39,4651.39,4629.19,4635.73,1666,15,0
2026-04-07 11:15:00,4635.73,4642.34,4633.3,4639.95,1491,15,0
2026-04-07 11:20:00,4639.92,4647.08,4638.12,4645.2,1262,15,0
2026-04-07 11:25:00,4645.2,4652.36,4644.94,4648.09,1257,15,0
2026-04-07 11:30:00,4648.03,4652.71,4647.35,4649.78,1327,15,0
2026-04-07 11:35:00,4649.7,4657.01,4647.44,4654.78,1547,15,0
2026-04-07 11:40:00,4654.78,4663.33,4652.88,4663.21,1440,15,0
2026-04-07 11:45:00,4663.28,4664.04,4656.15,4660.57,1320,15,0
2026-04-07 11:50:00,4660.59,4661.58,4657.78,4658.59,1082,15,0
2026-04-07 11:55:00,4658.59,4662.01,4658.02,4659.7,870,15,0
2026-04-07 12:00:00,4659.7,4661.74,4655.57,4658.24,1050,15,0
2026-04-07 12:05:00,4658.31,4663.63,4651.68,4656.25,1725,15,0
2026-04-07 12:10:00,4656.16,4656.99,4652.14,4655.14,1389,15,0
2026-04-07 12:15:00,4655.22,4663.33,4651.47,4658.52,1735,15,0
2026-04-07 12:20:00,4658.07,4670.62,4657.28,4666.84,1633,15,0
2026-04-07 12:25:00,4666.88,4668.5,4664.51,4665.85,1032,15,0
2026-04-07 12:30:00,4665.86,4667.53,4660.06,4660.97,1094,15,0
2026-04-07 12:35:00,4660.93,4664.67,4658.25,4663.33,1224,14,0
2026-04-07 12:40:00,4663.33,4665.13,4656.23,4656.79,1223,15,0
2026-04-07 12:45:00,4656.79,4657.14,4647.63,4648.76,1120,15,0
2026-04-07 12:50:00,4648.89,4656.2,4646.82,4654.35,1239,15,0
2026-04-07 12:55:00,4654.42,4661.42,4651.12,4651.5,1501,15,0
2026-04-07 13:00:00,4651.53,4657.83,4648.21,4655.68,1962,15,0
2026-04-07 13:05:00,4655.68,4659.95,4652.81,4655.74,1661,15,0
2026-04-07 13:10:00,4655.75,4657.22,4651.06,4656.85,2016,15,0
2026-04-07 13:15:00,4656.89,4657.56,4650.49,4650.96,1832,15,0
2026-04-07 13:20:00,4651.01,4659.53,4650.73,4659.28,1417,15,0
2026-04-07 13:25:00,4659.28,4662.83,4656.93,4658.05,1279,15,0
2026-04-07 13:30:00,4658.05,4663.19,4647.22,4648.04,2263,15,0
2026-04-07 13:35:00,4648.04,4651.75,4644.58,4647.53,2411,15,0
2026-04-07 13:40:00,4647.56,4651.85,4636.04,4639.88,2320,15,0
2026-04-07 13:45:00,4639.78,4647.83,4637.29,4647.25,2155,15,0
2026-04-07 13:50:00,4647.25,4652.86,4644.26,4652.43,2228,15,0
2026-04-07 13:55:00,4652.36,4654.14,4643.4,4644.31,2223,15,0
2026-04-07 14:00:00,4644.31,4645.39,4623.01,4624.72,2339,15,0
2026-04-07 14:05:00,4624.74,4627.71,4607.68,4614.69,2598,15,0
2026-04-07 14:10:00,4613.33,4625.83,4612.59,4622.23,2223,15,0
2026-04-07 14:15:00,4621.91,4624.37,4610.61,4615.79,2355,15,0
2026-04-07 14:20:00,4615.78,4645.29,4615.77,4642.05,2536,15,0
2026-04-07 14:25:00,4642.18,4649.52,4640.19,4645.4,2294,15,0
2026-04-07 14:30:00,4645.45,4655.17,4642.61,4653.26,2124,15,0
2026-04-07 14:35:00,4653.12,4661.37,4651.69,4654.85,2094,15,0
2026-04-07 14:40:00,4654.87,4655.98,4646.71,4647.08,2227,15,0
2026-04-07 14:45:00,4646.88,4657.21,4646.49,4649.1,2188,15,0
2026-04-07 14:50:00,4649.08,4649.53,4639.78,4639.91,2080,15,0
2026-04-07 14:55:00,4639.96,4641.36,4630.15,4633.48,1895,15,0
2026-04-07 15:00:00,4633.37,4636.54,4627.87,4628.28,2081,15,0
2026-04-07 15:05:00,4628.22,4632.14,4624.93,4628.44,2224,15,0
2026-04-07 15:10:00,4634.93,4643.31,4631.57,4643.28,2108,15,0
2026-04-07 15:15:00,4643.2,4652.47,4640.7,4650.18,2217,15,0
2026-04-07 15:20:00,4650.21,4652.25,4645.49,4645.85,1574,15,0
2026-04-07 15:25:00,4645.85,4653.36,4645.78,4653.09,1914,15,0
2026-04-07 15:30:00,4653.09,4656.68,4643.91,4646.74,1639,14,0
2026-04-07 15:35:00,4646.71,4650.82,4643.35,4644.31,1697,15,0
2026-04-07 15:40:00,4644.31,4648.74,4640.71,4645.9,1711,15,0
2026-04-07 15:45:00,4645.79,4652.35,4645.36,4651.47,1421,15,0
2026-04-07 15:50:00,4651.47,4654.15,4648.45,4653.91,1535,15,0
2026-04-07 15:55:00,4653.75,4659.56,4650.99,4655.56,1719,15,0
2026-04-07 16:00:00,4655.64,4668.61,4653.05,4662.58,2119,15,0
2026-04-07 16:05:00,4662.53,4662.86,4653.44,4653.86,2101,15,0
2026-04-07 16:10:00,4653.94,4660.47,4652.68,4658.81,1923,15,0
2026-04-07 16:15:00,4658.79,4660.18,4655.95,4657.74,1514,15,0
2026-04-07 16:20:00,4657.69,4667.64,4654.41,4657.27,1843,15,0
2026-04-07 16:25:00,4657.81,4663.6,4656.44,4662.95,2072,14,0
2026-04-07 16:30:00,4662.83,4664.15,4656.05,4659.65,1751,14,0
2026-04-07 16:35:00,4659.66,4661.19,4656.63,4657.86,1598,15,0
2026-04-07 16:40:00,4657.86,4661.15,4656.07,4661.05,1521,15,0
2026-04-07 16:45:00,4661.08,4662.93,4658.35,4658.36,1389,15,0
2026-04-07 16:50:00,4658.36,4662.41,4657.33,4660.22,1491,15,0
2026-04-07 16:55:00,4660.22,4660.22,4656.41,4657.11,1043,15,0
2026-04-07 17:00:00,4657.11,4666.23,4656.58,4665.77,1467,15,0
2026-04-07 17:05:00,4665.65,4673.27,4664.28,4667.52,1451,15,0
2026-04-07 17:10:00,4667.51,4668.51,4665.32,4668.12,1289,15,0
2026-04-07 17:15:00,4667.97,4668.08,4655.06,4656.44,1409,15,0
2026-04-07 17:20:00,4656.44,4659.03,4653.87,4658.51,1279,15,0
2026-04-07 17:25:00,4658.5,4660.87,4655.88,4660.23,1149,15,0
2026-04-07 17:30:00,4662.01,4672.59,4661.93,4672.09,1315,15,0
2026-04-07 17:35:00,4672.09,4686.78,4671.84,4679.21,2114,15,0
2026-04-07 17:40:00,4679.19,4681.68,4671.57,4672.38,1471,15,0
2026-04-07 17:45:00,4672.33,4678.44,4671.27,4678.1,1404,15,0
2026-04-07 17:50:00,4678.1,4680.21,4676.44,4676.68,1324,15,0
2026-04-07 17:55:00,4676.69,4678.82,4675.03,4675.87,1385,15,0
2026-04-07 18:00:00,4675.89,4680.88,4675.66,4678.07,1177,15,0
2026-04-07 18:05:00,4678.18,4679.99,4676.06,4678.81,1093,15,0
2026-04-07 18:10:00,4678.81,4684.62,4677.48,4683.99,913,15,0
2026-04-07 18:15:00,4683.99,4685.97,4680.47,4684.68,1132,15,0
2026-04-07 18:20:00,4684.68,4685.9,4677.0,4678.05,1390,15,0
2026-04-07 18:25:00,4678.08,4681.45,4677.14,4680.37,1180,15,0
2026-04-07 18:30:00,4680.87,4686.16,4680.5,4683.02,1087,15,0
2026-04-07 18:35:00,4682.93,4683.84,4679.16,4679.71,768,15,0
2026-04-07 18:40:00,4679.71,4680.84,4677.35,4679.65,860,15,0
2026-04-07 18:45:00,4679.65,4679.96,4672.17,4674.38,944,15,0
2026-04-07 18:50:00,4674.38,4674.38,4664.46,4664.9,1201,15,0
2026-04-07 18:55:00,4664.88,4664.93,4657.51,4662.17,1383,15,0
2026-04-07 19:00:00,4662.41,4666.81,4660.91,4665.24,2431,15,0
2026-04-07 19:05:00,4665.24,4668.47,4660.5,4662.05,2166,15,0
2026-04-07 19:10:00,4662.09,4668.71,4662.03,4667.81,2282,15,0
2026-04-07 19:15:00,4667.81,4691.91,4667.0,4690.36,2630,15,0
2026-04-07 19:20:00,4689.9,4702.95,4685.42,4689.47,2350,15,0
2026-04-07 19:25:00,4689.34,4691.41,4686.13,4687.39,1711,15,0
2026-04-07 19:30:00,4687.31,4688.64,4683.5,4686.3,1777,15,0
2026-04-07 19:35:00,4686.28,4691.27,4682.69,4685.74,1541,15,0
2026-04-07 19:40:00,4685.87,4690.08,4681.93,4687.17,1543,15,0
2026-04-07 19:45:00,4687.14,4718.54,4685.78,4705.73,2431,15,0
2026-04-07 19:50:00,4705.99,4712.31,4695.05,4699.81,2468,14,0
2026-04-07 19:55:00,4699.59,4702.17,4697.09,4700.78,2026,15,0
2026-04-07 20:00:00,4700.8,4710.94,4696.65,4705.59,1499,15,0
2026-04-07 20:05:00,4705.7,4708.67,4697.25,4707.37,1297,28,0
2026-04-07 20:10:00,4707.37,4710.17,4705.17,4708.46,948,28,0
2026-04-07 20:15:00,4708.56,4712.64,4706.06,4708.21,1108,28,0
2026-04-07 20:20:00,4707.93,4708.67,4704.01,4707.58,722,28,0
2026-04-07 20:25:00,4707.58,4712.69,4704.2,4710.22,872,28,0
2026-04-07 20:30:00,4711.12,4715.46,4709.29,4710.59,1006,28,0
2026-04-07 20:35:00,4710.56,4715.26,4703.39,4708.22,1127,28,0
2026-04-07 20:40:00,4708.22,4716.64,4707.07,4708.03,1367,28,0
2026-04-07 20:45:00,4708.63,4712.97,4707.49,4712.26,785,28,0
2026-04-07 20:50:00,4712.26,4712.26,4707.79,4708.79,878,28,0
2026-04-07 20:55:00,4708.67,4713.77,4704.67,4705.39,713,28,0
2026-04-07 22:00:00,4747.1,4747.1,4731.97,4744.1,991,28,0
2026-04-07 22:05:00,4744.47,4751.6,4741.77,4744.06,1266,28,0
2026-04-07 22:10:00,4744.06,4744.67,4730.9,4731.78,1178,28,0
2026-04-07 22:15:00,4731.78,4733.84,4725.63,4730.65,923,28,0
2026-04-07 22:20:00,4730.65,4731.49,4726.7,4728.02,854,28,0
2026-04-07 22:25:00,4728.27,4736.28,4727.17,4735.53,868,28,0
2026-04-07 22:30:00,4735.54,4762.12,4716.37,4760.78,1252,28,0
2026-04-07 22:35:00,4760.78,4779.73,4752.12,4777.19,2016,28,0
2026-04-07 22:40:00,4775.39,4779.79,4769.97,4770.07,2008,28,0
2026-04-07 22:45:00,4769.52,4773.44,4761.53,4772.06,1859,28,0
2026-04-07 22:50:00,4772.06,4801.11,4770.43,4793.95,2180,28,0
2026-04-07 22:55:00,4793.75,4819.59,4793.41,4818.26,2265,28,0
2026-04-07 23:00:00,4818.3,4824.45,4802.27,4812.72,2200,28,0
2026-04-07 23:05:00,4809.83,4817.87,4805.54,4814.79,1939,28,0
2026-04-07 23:10:00,4814.48,4822.09,4806.38,4818.1,1937,15,0
2026-04-07 23:15:00,4818.29,4824.64,4810.11,4824.28,1547,15,0
2026-04-07 23:20:00,4824.28,4828.73,4817.68,4818.25,1892,15,0
2026-04-07 23:25:00,4818.25,4819.28,4807.43,4814.75,1898,15,0
2026-04-07 23:30:00,4814.72,4817.51,4807.63,4808.43,1677,15,0
2026-04-07 23:35:00,4808.43,4815.0,4803.85,4810.41,1910,15,0
2026-04-07 23:40:00,4810.76,4813.39,4808.41,4813.11,1417,15,0
2026-04-07 23:45:00,4813.11,4816.81,4810.7,4812.08,1342,15,0
2026-04-07 23:50:00,4812.08,4824.31,4810.2,4818.78,1324,15,0
2026-04-07 23:55:00,4818.78,4836.4,4814.8,4833.35,1568,15,0
2026-04-08 00:00:00,4833.37,4851.81,4830.63,4845.68,2324,15,0
2026-04-08 00:05:00,4845.68,4854.89,4836.86,4839.26,2203,15,0
2026-04-08 00:10:00,4839.3,4843.26,4830.9,4834.88,1882,15,0
2026-04-08 00:15:00,4834.88,4838.79,4829.42,4833.18,1962,15,0
2026-04-08 00:20:00,4833.18,4834.28,4826.88,4828.12,1847,15,0
2026-04-08 00:25:00,4828.1,4828.87,4818.65,4822.77,1817,15,0
2026-04-08 00:30:00,4822.71,4824.52,4814.36,4815.7,1862,15,0
2026-04-08 00:35:00,4815.45,4822.82,4811.9,4820.81,1666,15,0
2026-04-08 00:40:00,4820.81,4822.58,4812.04,4813.79,1259,15,0
2026-04-08 00:45:00,4813.79,4816.35,4808.64,4815.37,1449,15,0
2026-04-08 00:50:00,4815.54,4826.28,4815.41,4821.86,1269,15,0
2026-04-08 00:55:00,4821.89,4823.7,4810.43,4817.77,1660,15,0
2026-04-08 01:00:00,4817.81,4825.16,4806.2,4807.2,2321,15,0
2026-04-08 01:05:00,4807.31,4819.85,4807.31,4818.93,2005,15,0
2026-04-08 01:10:00,4818.52,4822.73,4815.57,4820.14,1844,15,0
2026-04-08 01:15:00,4820.15,4821.51,4800.82,4803.36,1951,15,0
2026-04-08 01:20:00,4803.12,4808.33,4794.04,4801.74,2363,15,0
2026-04-08 01:25:00,4801.74,4804.99,4792.2,4794.33,1881,15,0
2026-04-08 01:30:00,4793.98,4799.77,4788.3,4799.51,2214,15,0
2026-04-08 01:35:00,4799.53,4804.62,4798.37,4798.72,1898,15,0
2026-04-08 01:40:00,4798.6,4803.32,4796.9,4800.3,1638,15,0
2026-04-08 01:45:00,4800.3,4808.34,4798.53,4808.33,1471,15,0
2026-04-08 01:50:00,4808.31,4814.7,4807.86,4809.59,1718,15,0
2026-04-08 01:55:00,4809.59,4812.18,4807.27,4810.27,1105,15,0
2026-04-08 02:00:00,4810.26,4825.17,4810.14,4817.17,1370,15,0
2026-04-08 02:05:00,4817.17,4818.89,4815.45,4816.32,947,15,0
2026-04-08 02:10:00,4816.32,4819.4,4813.67,4813.96,943,15,0
2026-04-08 02:15:00,4813.96,4813.96,4811.29,4812.34,608,15,0
2026-04-08 02:20:00,4812.34,4813.87,4809.83,4809.87,643,15,0
2026-04-08 02:25:00,4809.84,4813.28,4807.91,4811.52,803,15,0
2026-04-08 02:30:00,4811.52,4816.11,4809.81,4814.79,1116,15,0
2026-04-08 02:35:00,4814.79,4820.75,4812.59,4813.94,951,15,0
2026-04-08 02:40:00,4813.93,4814.4,4806.48,4807.07,998,15,0
2026-04-08 02:45:00,4807.0,4808.94,4804.73,4806.2,832,15,0
2026-04-08 02:50:00,4806.19,4809.47,4802.88,4804.33,1145,15,0
2026-04-08 02:55:00,4804.24,4804.47,4798.74,4804.18,1249,14,0
2026-04-08 03:00:00,4804.18,4806.17,4803.28,4803.83,1153,15,0
2026-04-08 03:05:00,4803.8,4804.07,4800.76,4802.54,1132,15,0
2026-04-08 03:10:00,4802.54,4803.27,4798.03,4799.12,1037,15,0
2026-04-08 03:15:00,4799.05,4800.02,4796.72,4798.17,842,15,0
2026-04-08 03:20:00,4798.17,4802.13,4797.12,4800.48,1048,15,0
2026-04-08 03:25:00,4800.48,4805.65,4799.28,4803.36,1308,15,0
2026-04-08 03:30:00,4803.36,4803.87,4795.28,4800.5,815,15,0
2026-04-08 03:35:00,4800.48,4801.89,4797.02,4797.69,609,15,0
2026-04-08 03:40:00,4797.69,4805.35,4797.66,4800.56,742,15,0
2026-04-08 03:45:00,4800.56,4801.48,4798.31,4799.13,707,15,0
2026-04-08 03:50:00,4799.15,4804.69,4798.78,4800.51,747,15,0
2026-04-08 03:55:00,4800.5,4802.16,4796.55,4797.79,633,15,0
2026-04-08 04:00:00,4797.79,4801.67,4797.2,4797.81,761,15,0
2026-04-08 04:05:00,4797.81,4799.09,4793.83,4794.72,728,15,0
2026-04-08 04:10:00,4794.71,4798.35,4794.52,4797.7,877,15,0
2026-04-08 04:15:00,4797.7,4798.26,4791.95,4794.94,923,15,0
2026-04-08 04:20:00,4794.94,4795.02,4790.34,4791.31,880,15,0
2026-04-08 04:25:00,4791.31,4804.33,4790.97,4802.59,914,15,0
2026-04-08 04:30:00,4802.59,4804.93,4801.03,4801.33,868,15,0
2026-04-08 04:35:00,4801.32,4805.56,4800.98,4804.56,714,15,0
2026-04-08 04:40:00,4804.56,4806.76,4802.67,4803.07,794,15,0
2026-04-08 04:45:00,4803.07,4804.26,4798.08,4798.99,562,15,0
2026-04-08 04:50:00,4798.99,4802.58,4798.17,4800.41,568,15,0
2026-04-08 04:55:00,4800.43,4804.1,4799.03,4803.94,672,15,0
2026-04-08 05:00:00,4803.91,4806.92,4800.56,4806.13,985,15,0
2026-04-08 05:05:00,4806.13,4810.3,4805.68,4808.34,789,15,0
2026-04-08 05:10:00,4808.32,4810.6,4805.68,4809.54,789,15,0
2026-04-08 05:15:00,4809.54,4810.41,4806.83,4809.85,530,15,0
2026-04-08 05:20:00,4809.92,4812.32,4808.47,4811.29,706,15,0
2026-04-08 05:25:00,4811.29,4816.75,4810.56,4815.85,943,15,0
2026-04-08 05:30:00,4815.85,4823.38,4813.77,4822.26,1543,15,0
2026-04-08 05:35:00,4822.14,4822.82,4817.14,4820.14,1264,15,0
2026-04-08 05:40:00,4820.06,4825.09,4820.03,4822.5,1086,15,0
2026-04-08 05:45:00,4822.48,4831.56,4820.8,4831.37,1244,15,0
2026-04-08 05:50:00,4831.39,4843.89,4830.76,4836.49,1538,15,0
2026-04-08 05:55:00,4836.54,4836.56,4825.17,4827.8,1355,15,0
2026-04-08 06:00:00,4827.7,4834.93,4827.36,4830.69,1392,15,0
2026-04-08 06:05:00,4830.69,4831.73,4821.34,4824.51,1194,14,0
2026-04-08 06:10:00,4824.51,4827.77,4824.12,4826.44,1049,15,0
2026-04-08 06:15:00,4826.44,4830.82,4824.71,4830.64,1343,15,0
2026-04-08 06:20:00,4830.63,4835.74,4829.32,4833.66,1311,15,0
2026-04-08 06:25:00,4833.71,4836.68,4831.28,4836.45,1137,15,0
2026-04-08 06:30:00,4836.47,4836.96,4829.31,4832.96,1301,15,0
2026-04-08 06:35:00,4832.84,4839.67,4830.33,4831.54,1175,15,0
2026-04-08 06:40:00,4831.54,4837.21,4830.99,4835.71,952,15,0
2026-04-08 06:45:00,4835.68,4839.57,4832.31,4832.33,985,15,0
2026-04-08 06:50:00,4832.24,4833.0,4821.28,4823.28,1425,15,0
2026-04-08 06:55:00,4823.31,4823.72,4819.79,4819.89,1359,15,0
2026-04-08 07:00:00,4819.89,4820.69,4810.33,4812.68,1598,15,0
2026-04-08 07:05:00,4812.68,4817.48,4812.22,4815.21,1072,15,0
2026-04-08 07:10:00,4815.21,4815.68,4809.79,4812.44,958,15,0
2026-04-08 07:15:00,4812.32,4815.21,4810.77,4812.58,874,15,0
2026-04-08 07:20:00,4812.58,4816.41,4809.43,4816.03,968,15,0
2026-04-08 07:25:00,4816.03,4821.21,4815.61,4818.69,1104,15,0
2026-04-08 07:30:00,4818.62,4818.7,4808.01,4809.96,976,15,0
2026-04-08 07:35:00,4809.95,4814.4,4806.79,4810.49,967,15,0
2026-04-08 07:40:00,4810.42,4811.11,4805.28,4809.17,799,15,0
2026-04-08 07:45:00,4809.14,4814.85,4808.5,4814.84,1094,15,0
2026-04-08 07:50:00,4814.84,4820.14,4813.79,4819.01,1109,15,0
2026-04-08 07:55:00,4819.01,4820.68,4813.17,4813.29,896,15,0
2026-04-08 08:00:00,4813.29,4816.71,4808.08,4816.71,1025,15,0
2026-04-08 08:05:00,4816.69,4819.52,4815.18,4816.16,1055,15,0
2026-04-08 08:10:00,4816.16,4816.76,4811.46,4815.11,1078,15,0
2026-04-08 08:15:00,4815.3,4819.73,4814.91,4818.93,1082,15,0
2026-04-08 08:20:00,4818.93,4819.29,4807.54,4808.39,816,15,0
2026-04-08 08:25:00,4808.43,4809.83,4799.06,4808.66,1217,15,0
2026-04-08 08:30:00,4808.64,4808.64,4802.7,4802.9,944,15,0
2026-04-08 08:35:00,4802.94,4807.48,4801.77,4802.81,1035,15,0
2026-04-08 08:40:00,4802.81,4804.79,4790.47,4793.52,1447,14,0
2026-04-08 08:45:00,4793.4,4799.04,4790.69,4795.52,1307,15,0
2026-04-08 08:50:00,4795.6,4803.79,4793.82,4796.91,1078,15,0
2026-04-08 08:55:00,4796.92,4798.71,4793.97,4794.17,717,15,0
2026-04-08 09:00:00,4794.17,4798.79,4793.64,4796.78,740,15,0
2026-04-08 09:05:00,4796.78,4799.55,4795.57,4797.39,669,15,0
2026-04-08 09:10:00,4797.39,4799.04,4795.53,4798.91,599,15,0
2026-04-08 09:15:00,4801.09,4801.09,4795.68,4797.42,539,15,0
2026-04-08 09:20:00,4797.42,4803.6,4795.33,4802.31,730,15,0
2026-04-08 09:25:00,4802.28,4807.02,4796.49,4798.53,1056,15,0
2026-04-08 09:30:00,4798.79,4803.68,4796.06,4797.46,876,15,0
2026-04-08 09:35:00,4797.47,4801.4,4793.68,4794.71,957,15,0
2026-04-08 09:40:00,4794.65,4795.75,4776.76,4782.37,1367,15,0
2026-04-08 09:45:00,4782.3,4786.57,4776.23,4785.49,1296,15,0
2026-04-08 09:50:00,4785.6,4788.45,4783.57,4784.78,953,15,0
2026-04-08 09:55:00,4784.76,4785.64,4779.17,4783.27,1029,14,0
2026-04-08 10:00:00,4783.21,4790.4,4781.27,4788.83,828,15,0
2026-04-08 10:05:00,4788.83,4789.56,4785.92,4788.06,1002,15,0
2026-04-08 10:10:00,4788.06,4788.53,4782.78,4782.79,1025,15,0
2026-04-08 10:15:00,4782.73,4783.25,4771.11,4776.52,1051,15,0
2026-04-08 10:20:00,4776.52,4781.11,4772.1,4778.98,848,15,0
2026-04-08 10:25:00,4778.95,4783.52,4778.6,4782.77,672,15,0
2026-04-08 10:30:00,4782.78,4785.35,4780.28,4783.21,695,15,0
2026-04-08 10:35:00,4783.21,4789.56,4781.95,4787.68,632,15,0
2026-04-08 10:40:00,4787.68,4792.31,4785.12,4791.74,740,15,0
2026-04-08 10:45:00,4791.74,4795.47,4791.55,4793.46,916,15,0
2026-04-08 10:50:00,4793.46,4796.18,4790.9,4790.93,839,15,0
2026-04-08 10:55:00,4790.93,4791.6,4782.76,4782.82,920,15,0
2026-04-08 11:00:00,4782.82,4786.21,4780.61,4782.52,797,15,0
2026-04-08 11:05:00,4782.52,4790.96,4780.0,4790.7,634,15,0
2026-04-08 11:10:00,4790.7,4790.7,4786.6,4787.46,655,15,0
2026-04-08 11:15:00,4787.46,4787.86,4783.08,4784.9,656,15,0
2026-04-08 11:20:00,4784.9,4787.38,4782.88,4785.82,962,15,0
2026-04-08 11:25:00,4785.84,4797.23,4784.95,4789.95,1401,15,0
2026-04-08 11:30:00,4789.91,4792.59,4785.8,4788.33,1352,15,0
2026-04-08 11:35:00,4788.33,4788.33,4778.27,4783.37,1003,15,0
2026-04-08 11:40:00,4783.37,4791.42,4780.75,4790.39,986,15,0
2026-04-08 11:45:00,4790.41,4796.71,4789.61,4796.13,1137,15,0
2026-04-08 11:50:00,4796.48,4800.97,4795.58,4796.77,1066,15,0
2026-04-08 11:55:00,4796.77,4802.97,4796.67,4798.76,1144,15,0
2026-04-08 12:00:00,4798.76,4804.48,4798.55,4804.02,1159,15,0
2026-04-08 12:05:00,4804.02,4806.04,4800.29,4800.74,1373,14,0
2026-04-08 12:10:00,4800.69,4807.25,4798.07,4805.37,1524,15,0
2026-04-08 12:15:00,4805.42,4805.42,4792.66,4792.97,1152,15,0
2026-04-08 12:20:00,4793.44,4794.78,4769.33,4769.33,2243,15,0
2026-04-08 12:25:00,4769.5,4784.85,4769.5,4784.45,2072,15,0
2026-04-08 12:30:00,4784.4,4793.85,4783.66,4793.41,1622,15,0
2026-04-08 12:35:00,4793.63,4798.15,4791.73,4796.75,1385,15,0
2026-04-08 12:40:00,4796.75,4797.85,4794.21,4794.69,1117,15,0
2026-04-08 12:45:00,4794.52,4801.64,4794.52,4797.38,1214,15,0
2026-04-08 12:50:00,4797.38,4802.04,4794.51,4801.43,1050,15,0
2026-04-08 12:55:00,4801.43,4802.61,4798.52,4799.54,947,15,0
2026-04-08 13:00:00,4799.54,4806.72,4798.89,4802.12,1590,15,0
2026-04-08 13:05:00,4802.15,4802.42,4795.88,4797.67,1542,15,0
2026-04-08 13:10:00,4797.77,4798.13,4790.73,4793.3,1313,15,0
2026-04-08 13:15:00,4793.29,4797.17,4791.18,4792.93,1498,15,0
2026-04-08 13:20:00,4792.94,4798.01,4789.42,4797.72,1298,15,0
2026-04-08 13:25:00,4797.72,4799.3,4789.36,4790.48,1170,15,0
2026-04-08 13:30:00,4790.43,4794.85,4774.6,4782.81,2537,15,0
2026-04-08 13:35:00,4782.99,4787.88,4774.05,4776.99,2489,15,0
2026-04-08 13:40:00,4777.09,4780.81,4773.8,4774.68,2267,15,0
2026-04-08 13:45:00,4774.49,4788.43,4774.01,4788.26,2188,15,0
2026-04-08 13:50:00,4788.23,4788.84,4771.57,4772.13,2240,15,0
2026-04-08 13:55:00,4772.48,4780.68,4768.51,4777.67,2125,15,0
2026-04-08 14:00:00,4777.74,4791.66,4776.57,4785.67,2263,15,0
2026-04-08 14:05:00,4785.9,4791.99,4777.09,4786.42,2108,15,0
2026-04-08 14:10:00,4786.47,4787.18,4779.12,4780.24,2094,15,0
2026-04-08 14:15:00,4780.31,4785.46,4772.61,4773.22,1926,15,0
2026-04-08 14:20:00,4773.72,4780.49,4772.01,4774.34,2230,15,0
2026-04-08 14:25:00,4774.44,4774.68,4762.01,4767.58,2150,15,0
2026-04-08 14:30:00,4767.7,4768.33,4751.11,4754.24,2506,15,0
2026-04-08 14:35:00,4754.25,4766.52,4751.51,4761.03,2358,15,0
2026-04-08 14:40:00,4761.48,4770.18,4758.14,4760.14,1867,15,0
2026-04-08 14:45:00,4760.23,4765.0,4749.7,4755.87,2161,15,0
2026-04-08 14:50:00,4756.23,4756.7,4745.43,4753.04,2173,15,0
2026-04-08 14:55:00,4753.05,4753.21,4732.72,4738.28,2327,15,0
2026-04-08 15:00:00,4736.3,4748.25,4735.96,4747.19,1981,15,0
2026-04-08 15:05:00,4746.93,4749.75,4741.7,4742.63,2105,15,0
2026-04-08 15:10:00,4742.63,4747.81,4734.17,4743.62,2151,15,0
2026-04-08 15:15:00,4743.44,4754.55,4742.9,4754.4,1896,15,0
2026-04-08 15:20:00,4754.27,4757.69,4753.17,4754.97,1872,14,0
2026-04-08 15:25:00,4755.0,4757.52,4750.06,4750.94,1811,15,0
2026-04-08 15:30:00,4750.88,4757.12,4750.45,4756.94,1694,14,0
2026-04-08 15:35:00,4756.92,4761.3,4756.41,4760.38,1820,15,0
2026-04-08 15:40:00,4760.33,4761.63,4754.23,4755.8,1452,15,0
2026-04-08 15:45:00,4755.83,4759.65,4754.77,4758.85,1409,15,0
2026-04-08 15:50:00,4758.85,4763.31,4757.44,4757.44,1384,15,0
2026-04-08 15:55:00,4757.51,4759.37,4755.18,4756.68,1310,15,0
2026-04-08 16:00:00,4756.68,4762.66,4755.87,4757.61,1321,15,0
2026-04-08 16:05:00,4757.61,4758.88,4755.2,4757.88,1232,15,0
2026-04-08 16:10:00,4757.9,4760.79,4753.86,4754.1,1160,15,0
2026-04-08 16:15:00,4754.1,4755.02,4745.66,4748.27,1738,15,0
2026-04-08 16:20:00,4748.27,4753.15,4747.27,4752.57,1391,15,0
2026-04-08 16:25:00,4752.55,4753.94,4748.76,4750.15,1386,15,0
2026-04-08 16:30:00,4750.2,4757.44,4748.07,4755.76,1568,14,0
2026-04-08 16:35:00,4755.77,4759.2,4753.51,4759.13,1092,15,0
2026-04-08 16:40:00,4759.18,4760.25,4757.14,4758.55,1162,15,0
2026-04-08 16:45:00,4758.55,4762.24,4756.61,4760.79,1140,15,0
2026-04-08 16:50:00,4760.81,4765.58,4760.19,4760.86,1238,15,0
2026-04-08 16:55:00,4760.93,4762.64,4759.8,4760.56,1023,15,0
2026-04-08 17:00:00,4760.4,4764.32,4759.22,4760.33,981,15,0
2026-04-08 17:05:00,4760.33,4760.59,4756.33,4757.93,936,15,0
2026-04-08 17:10:00,4757.86,4762.08,4757.6,4760.82,901,15,0
2026-04-08 17:15:00,4761.03,4762.67,4754.63,4755.45,992,15,0
2026-04-08 17:20:00,4755.45,4756.98,4746.69,4748.67,1448,15,0
2026-04-08 17:25:00,4748.81,4753.82,4745.64,4751.09,1697,15,0
2026-04-08 17:30:00,4751.13,4754.38,4743.08,4744.82,1290,15,0
2026-04-08 17:35:00,4744.97,4745.12,4737.17,4738.28,1593,15,0
2026-04-08 17:40:00,4737.32,4742.53,4736.36,4740.76,1536,15,0
2026-04-08 17:45:00,4740.75,4741.38,4736.14,4738.37,1494,15,0
2026-04-08 17:50:00,4738.37,4741.81,4736.19,4736.77,1202,15,0
2026-04-08 17:55:00,4736.78,4738.03,4731.87,4734.05,1125,15,0
2026-04-08 18:00:00,4734.25,4740.38,4728.38,4740.23,1459,15,0
2026-04-08 18:05:00,4740.23,4743.89,4739.3,4743.4,1422,15,0
2026-04-08 18:10:00,4743.4,4744.62,4740.8,4743.74,1311,15,0
2026-04-08 18:15:00,4743.76,4744.66,4718.44,4729.55,1675,15,0
2026-04-08 18:20:00,4729.59,4731.93,4721.39,4723.63,2639,15,0
2026-04-08 18:25:00,4723.66,4726.99,4717.99,4722.49,2312,15,0
2026-04-08 18:30:00,4722.47,4725.01,4720.63,4722.96,1669,15,0
2026-04-08 18:35:00,4722.98,4723.4,4713.56,4714.9,1835,15,0
2026-04-08 18:40:00,4714.9,4716.84,4708.51,4709.57,1767,15,0
2026-04-08 18:45:00,4709.44,4717.06,4708.28,4710.36,1549,15,0
2026-04-08 18:50:00,4710.36,4711.86,4704.42,4707.86,1616,15,0
2026-04-08 18:55:00,4707.82,4707.95,4703.91,4705.46,1513,15,0
2026-04-08 19:00:00,4705.36,4708.64,4701.59,4702.14,2020,15,0
2026-04-08 19:05:00,4702.14,4708.95,4699.61,4707.89,2019,15,0
2026-04-08 19:10:00,4707.87,4716.48,4706.64,4715.59,1554,15,0
2026-04-08 19:15:00,4715.61,4718.6,4710.34,4711.52,1253,15,0
2026-04-08 19:20:00,4711.4,4712.33,4708.77,4710.82,1017,15,0
2026-04-08 19:25:00,4710.82,4714.74,4707.43,4708.72,1146,15,0
2026-04-08 19:30:00,4708.73,4718.96,4708.11,4716.92,1389,15,0
2026-04-08 19:35:00,4716.86,4724.81,4716.21,4724.03,1594,15,0
2026-04-08 19:40:00,4723.89,4724.92,4720.78,4722.1,1178,15,0
2026-04-08 19:45:00,4722.1,4726.7,4721.82,4725.92,1064,15,0
2026-04-08 19:50:00,4725.92,4730.6,4725.76,4729.85,1205,14,0
2026-04-08 19:55:00,4729.81,4731.9,4727.92,4730.7,1131,15,0
2026-04-08 20:00:00,4730.7,4732.25,4728.61,4731.7,700,15,0
2026-04-08 20:05:00,4731.69,4732.1,4727.6,4727.71,544,28,0
2026-04-08 20:10:00,4727.77,4728.46,4726.5,4727.94,468,28,0
2026-04-08 20:15:00,4727.94,4730.1,4724.13,4724.41,415,28,0
2026-04-08 20:20:00,4724.41,4725.15,4722.44,4725.12,419,28,0
2026-04-08 20:25:00,4725.1,4725.12,4721.36,4723.22,430,28,0
2026-04-08 20:30:00,4723.22,4724.12,4720.96,4723.79,384,28,0
2026-04-08 20:35:00,4723.79,4724.09,4721.27,4722.81,277,28,0
2026-04-08 20:40:00,4722.81,4723.86,4721.99,4722.37,233,28,0
2026-04-08 20:45:00,4722.37,4724.48,4719.81,4719.94,558,28,0
2026-04-08 20:50:00,4719.93,4720.92,4717.1,4718.9,823,28,0
2026-04-08 20:55:00,4718.92,4720.76,4718.39,4719.06,394,28,0
2026-04-08 22:00:00,4727.58,4731.94,4722.64,4727.4,457,28,0
2026-04-08 22:05:00,4727.37,4729.45,4720.58,4722.41,362,28,0
2026-04-08 22:10:00,4722.41,4723.04,4709.24,4712.2,932,28,0
2026-04-08 22:15:00,4712.2,4717.31,4708.02,4711.76,712,28,0
2026-04-08 22:20:00,4712.5,4713.56,4704.53,4712.49,863,28,0
2026-04-08 22:25:00,4712.49,4713.48,4708.93,4713.46,402,28,0
2026-04-08 22:30:00,4713.46,4717.21,4705.73,4716.79,929,28,0
2026-04-08 22:35:00,4716.98,4719.52,4712.8,4713.46,945,28,0
2026-04-08 22:40:00,4713.46,4717.62,4710.96,4712.7,687,28,0
2026-04-08 22:45:00,4712.81,4716.2,4711.7,4715.23,370,28,0
2026-04-08 22:50:00,4715.23,4718.61,4714.06,4716.58,616,28,0
2026-04-08 22:55:00,4716.58,4720.11,4715.15,4717.68,624,28,0
2026-04-08 23:00:00,4717.68,4717.68,4709.31,4714.42,740,28,0
2026-04-08 23:05:00,4714.42,4717.67,4707.25,4707.43,887,28,0
2026-04-08 23:10:00,4707.33,4711.53,4705.48,4708.61,842,15,0
2026-04-08 23:15:00,4708.6,4713.42,4705.89,4713.21,680,15,0
2026-04-08 23:20:00,4713.01,4716.14,4710.54,4713.47,641,15,0
2026-04-08 23:25:00,4713.46,4713.46,4710.04,4710.04,574,15,0
2026-04-08 23:30:00,4710.1,4711.22,4707.16,4710.8,610,15,0
2026-04-08 23:35:00,4710.8,4713.77,4710.12,4712.74,582,15,0
2026-04-08 23:40:00,4712.74,4715.88,4712.34,4713.56,570,15,0
2026-04-08 23:45:00,4713.56,4717.97,4712.88,4717.56,560,15,0
2026-04-08 23:50:00,4717.56,4720.14,4715.0,4715.0,755,15,0
2026-04-08 23:55:00,4715.07,4716.84,4712.77,4715.72,814,15,0
2026-04-09 00:00:00,4715.89,4715.93,4703.36,4705.44,1283,15,0
2026-04-09 00:05:00,4705.44,4705.63,4698.65,4700.55,1411,15,0
2026-04-09 00:10:00,4700.6,4703.67,4699.0,4702.4,1096,15,0
2026-04-09 00:15:00,4702.4,4705.18,4701.07,4704.23,900,15,0
2026-04-09 00:20:00,4704.22,4712.37,4701.79,4710.78,1089,15,0
2026-04-09 00:25:00,4710.77,4712.43,4706.44,4706.44,832,15,0
2026-04-09 00:30:00,4706.44,4714.29,4705.82,4712.43,1050,15,0
2026-04-09 00:35:00,4712.43,4715.26,4711.91,4713.22,991,15,0
2026-04-09 00:40:00,4713.22,4718.45,4713.22,4718.36,984,15,0
2026-04-09 00:45:00,4718.37,4719.17,4713.6,4715.75,943,15,0
2026-04-09 00:50:00,4715.71,4717.0,4708.19,4709.52,705,15,0
2026-04-09 00:55:00,4709.54,4710.81,4705.97,4706.84,859,15,0
2026-04-09 01:00:00,4706.84,4716.43,4699.86,4712.91,2039,15,0
2026-04-09 01:05:00,4712.76,4717.27,4708.65,4716.18,1771,15,0
2026-04-09 01:10:00,4716.18,4722.07,4711.52,4720.75,1712,15,0
2026-04-09 01:15:00,4720.75,4723.54,4716.55,4720.84,1572,15,0
2026-04-09 01:20:00,4720.88,4720.88,4709.13,4711.76,1342,15,0
2026-04-09 01:25:00,4711.72,4712.14,4703.05,4705.0,1553,15,0
2026-04-09 01:30:00,4704.98,4719.56,4704.0,4718.52,1486,15,0
2026-04-09 01:35:00,4718.52,4719.3,4715.08,4718.78,1428,15,0
2026-04-09 01:40:00,4718.79,4721.64,4715.7,4717.64,1329,15,0
2026-04-09 01:45:00,4718.16,4723.04,4717.92,4722.31,1119,15,0
2026-04-09 01:50:00,4722.16,4724.54,4721.65,4723.61,969,15,0
2026-04-09 01:55:00,4723.61,4728.35,4721.62,4727.43,1011,15,0
2026-04-09 02:00:00,4727.43,4728.89,4721.19,4722.12,1268,15,0
2026-04-09 02:05:00,4722.13,4725.95,4722.0,4722.14,979,15,0
2026-04-09 02:10:00,4722.14,4724.22,4721.22,4722.98,937,15,0
2026-04-09 02:15:00,4722.98,4728.09,4722.7,4726.88,648,15,0
2026-04-09 02:20:00,4726.88,4728.01,4725.17,4726.52,700,15,0
2026-04-09 02:25:00,4726.52,4726.75,4723.88,4725.55,594,15,0
2026-04-09 02:30:00,4725.55,4730.02,4725.48,4726.04,959,15,0
2026-04-09 02:35:00,4726.04,4732.67,4725.86,4730.98,948,15,0
2026-04-09 02:40:00,4730.86,4732.82,4729.18,4732.55,776,15,0
2026-04-09 02:45:00,4732.57,4733.06,4725.81,4726.37,777,14,0
2026-04-09 02:50:00,4726.37,4728.55,4723.21,4723.37,736,15,0
2026-04-09 02:55:00,4723.37,4724.31,4717.79,4719.29,1009,15,0
2026-04-09 03:00:00,4719.15,4720.46,4715.83,4719.12,928,15,0
2026-04-09 03:05:00,4719.2,4719.9,4715.61,4718.11,671,15,0
2026-04-09 03:10:00,4718.11,4718.14,4711.74,4712.85,961,15,0
2026-04-09 03:15:00,4712.85,4713.52,4705.79,4707.91,1017,15,0
2026-04-09 03:20:00,4707.9,4710.5,4705.22,4709.02,1109,15,0
2026-04-09 03:25:00,4709.02,4713.19,4708.65,4712.88,879,15,0
2026-04-09 03:30:00,4712.88,4715.04,4712.54,4713.96,622,15,0
2026-04-09 03:35:00,4713.96,4714.57,4712.09,4714.56,541,15,0
2026-04-09 03:40:00,4714.56,4715.07,4713.42,4714.93,461,15,0
2026-04-09 03:45:00,4714.93,4715.0,4706.62,4711.21,888,15,0
2026-04-09 03:50:00,4711.21,4714.08,4708.13,4711.65,811,15,0
2026-04-09 03:55:00,4711.65,4714.13,4710.8,4711.55,672,15,0
2026-04-09 04:00:00,4711.55,4715.83,4709.7,4715.39,589,15,0
2026-04-09 04:05:00,4715.31,4721.25,4715.2,4720.86,717,15,0
2026-04-09 04:10:00,4720.85,4722.56,4720.5,4721.84,606,15,0
2026-04-09 04:15:00,4721.82,4723.26,4720.05,4720.49,598,15,0
2026-04-09 04:20:00,4720.25,4720.62,4718.11,4718.46,452,15,0
2026-04-09 04:25:00,4718.46,4719.82,4717.01,4717.02,356,15,0
2026-04-09 04:30:00,4717.02,4718.24,4714.52,4716.14,545,15,0
2026-04-09 04:35:00,4716.15,4721.36,4715.75,4718.43,564,15,0
2026-04-09 04:40:00,4718.43,4723.72,4718.29,4720.87,568,15,0
2026-04-09 04:45:00,4720.99,4722.55,4720.04,4721.43,348,15,0
2026-04-09 04:50:00,4721.43,4725.47,4721.09,4724.31,533,15,0
2026-04-09 04:55:00,4724.31,4724.32,4720.81,4720.84,487,15,0
2026-04-09 05:00:00,4720.84,4723.66,4719.62,4719.62,558,15,0
2026-04-09 05:05:00,4719.62,4720.03,4715.25,4716.44,792,15,0
2026-04-09 05:10:00,4716.44,4716.44,4710.94,4714.08,762,15,0
2026-04-09 05:15:00,4714.06,4720.55,4713.32,4720.55,914,15,0
2026-04-09 05:20:00,4720.55,4723.9,4720.12,4720.9,763,15,0
2026-04-09 05:25:00,4720.9,4726.51,4720.43,4726.17,690,15,0
2026-04-09 05:30:00,4726.16,4726.48,4716.96,4719.85,1375,15,0
2026-04-09 05:35:00,4719.85,4722.22,4716.21,4719.89,1098,15,0
2026-04-09 05:40:00,4719.89,4724.47,4719.31,4723.79,1170,15,0
2026-04-09 05:45:00,4723.79,4724.31,4714.55,4714.55,779,15,0
2026-04-09 05:50:00,4714.54,4714.83,4705.8,4708.63,1196,15,0
2026-04-09 05:55:00,4708.65,4715.59,4707.36,4713.25,1101,15,0
2026-04-09 06:00:00,4713.14,4722.68,4711.53,4721.84,1395,15,0
2026-04-09 06:05:00,4721.83,4725.37,4720.41,4720.49,1140,14,0
2026-04-09 06:10:00,4720.59,4723.8,4717.68,4719.19,1058,15,0
2026-04-09 06:15:00,4719.19,4721.79,4716.29,4716.4,1134,15,0
2026-04-09 06:20:00,4716.4,4721.22,4714.33,4715.16,992,15,0
2026-04-09 06:25:00,4715.16,4718.53,4712.53,4718.41,989,15,0
2026-04-09 06:30:00,4718.42,4723.11,4716.74,4719.15,1208,15,0
2026-04-09 06:35:00,4719.13,4719.14,4711.6,4715.01,984,15,0
2026-04-09 06:40:00,4715.01,4718.96,4712.64,4713.58,963,15,0
2026-04-09 06:45:00,4713.58,4715.11,4711.39,4711.84,1142,15,0
2026-04-09 06:50:00,4711.84,4713.39,4703.5,4708.26,1415,15,0
2026-04-09 06:55:00,4708.26,4714.14,4708.17,4712.5,1227,15,0
2026-04-09 07:00:00,4712.6,4716.82,4708.86,4715.64,1251,15,0
2026-04-09 07:05:00,4715.49,4728.75,4714.73,4725.28,1261,15,0
2026-04-09 07:10:00,4725.16,4730.46,4721.92,4724.45,1220,15,0
2026-04-09 07:15:00,4724.44,4724.77,4715.07,4715.8,1128,15,0
2026-04-09 07:20:00,4715.71,4716.16,4710.03,4713.72,1204,15,0
2026-04-09 07:25:00,4713.71,4714.75,4705.67,4708.58,1431,15,0
2026-04-09 07:30:00,4708.58,4722.54,4708.58,4718.95,1491,15,0
2026-04-09 07:35:00,4718.91,4731.3,4718.48,4729.26,1623,15,0
2026-04-09 07:40:00,4729.26,4729.26,4722.31,4722.61,1048,15,0
2026-04-09 07:45:00,4722.63,4723.7,4716.71,4718.13,1203,15,0
2026-04-09 07:50:00,4718.11,4718.12,4711.65,4717.86,1346,15,0
2026-04-09 07:55:00,4717.84,4724.8,4716.75,4724.36,813,15,0
2026-04-09 08:00:00,4724.38,4726.39,4720.7,4721.73,1113,15,0
2026-04-09 08:05:00,4721.73,4723.78,4719.9,4723.08,885,15,0
2026-04-09 08:10:00,4723.08,4725.6,4721.72,4724.0,893,15,0
2026-04-09 08:15:00,4723.99,4725.25,4721.46,4723.35,675,15,0
2026-04-09 08:20:00,4723.35,4727.73,4723.13,4726.32,767,15,0
2026-04-09 08:25:00,4726.31,4726.46,4721.03,4721.3,736,15,0
2026-04-09 08:30:00,4721.26,4727.85,4720.24,4726.08,794,15,0
2026-04-09 08:35:00,4726.08,4730.37,4724.28,4728.94,778,15,0
2026-04-09 08:40:00,4728.94,4732.9,4726.95,4729.7,755,15,0
2026-04-09 08:45:00,4729.7,4733.25,4729.27,4731.07,839,15,0
2026-04-09 08:50:00,4731.09,4731.3,4727.05,4729.21,817,15,0
2026-04-09 08:55:00,4729.21,4729.58,4726.0,4726.22,734,15,0
2026-04-09 09:00:00,4726.26,4728.11,4723.86,4725.84,920,15,0
2026-04-09 09:05:00,4725.83,4731.98,4722.98,4731.37,992,15,0
2026-04-09 09:10:00,4731.45,4733.12,4729.66,4730.83,685,15,0
2026-04-09 09:15:00,4730.83,4732.98,4729.2,4730.57,690,15,0
2026-04-09 09:20:00,4730.57,4732.48,4729.55,4729.93,617,15,0
2026-04-09 09:25:00,4731.29,4733.42,4728.86,4729.86,745,15,0
2026-04-09 09:30:00,4729.65,4730.9,4727.39,4729.85,841,15,0
2026-04-09 09:35:00,4729.85,4732.67,4728.03,4732.67,729,15,0
2026-04-09 09:40:00,4732.67,4732.67,4726.74,4726.77,581,15,0
2026-04-09 09:45:00,4726.78,4729.46,4723.79,4728.98,764,15,0
2026-04-09 09:50:00,4728.92,4730.67,4726.61,4728.34,731,15,0
2026-04-09 09:55:00,4728.09,4730.58,4726.66,4729.28,730,15,0
2026-04-09 10:00:00,4729.28,4732.9,4728.24,4728.89,753,15,0
2026-04-09 10:05:00,4728.85,4729.57,4725.8,4728.83,619,15,0
2026-04-09 10:10:00,4728.95,4730.12,4725.97,4727.41,531,15,0
2026-04-09 10:15:00,4727.41,4729.83,4723.79,4729.17,823,15,0
2026-04-09 10:20:00,4729.17,4738.84,4728.87,4738.26,778,15,0
2026-04-09 10:25:00,4738.19,4739.78,4736.09,4738.15,912,15,0
2026-04-09 10:30:00,4738.15,4741.47,4738.01,4738.61,805,15,0
2026-04-09 10:35:00,4738.6,4740.25,4737.37,4739.97,540,15,0
2026-04-09 10:40:00,4739.97,4741.16,4736.52,4740.78,615,15,0
2026-04-09 10:45:00,4740.78,4744.33,4739.29,4744.08,790,15,0
2026-04-09 10:50:00,4744.08,4746.28,4741.98,4744.7,877,15,0
2026-04-09 10:55:00,4744.71,4746.68,4739.84,4741.14,869,15,0
2026-04-09 11:00:00,4741.12,4744.11,4738.54,4740.56,1008,15,0
2026-04-09 11:05:00,4740.56,4741.81,4738.63,4740.24,692,15,0
2026-04-09 11:10:00,4740.24,4741.43,4739.16,4739.3,503,15,0
2026-04-09 11:15:00,4739.32,4743.35,4738.4,4743.32,554,15,0
2026-04-09 11:20:00,4743.32,4746.29,4742.97,4743.65,782,15,0
2026-04-09 11:25:00,4743.65,4747.43,4742.27,4745.85,683,15,0
2026-04-09 11:30:00,4745.76,4747.84,4743.1,4745.15,729,15,0
2026-04-09 11:35:00,4745.15,4749.01,4743.41,4748.98,785,15,0
2026-04-09 11:40:00,4748.96,4751.31,4748.46,4751.15,1042,15,0
2026-04-09 11:45:00,4751.17,4757.15,4750.55,4756.22,1213,15,0
2026-04-09 11:50:00,4756.22,4757.07,4755.38,4756.22,817,15,0
2026-04-09 11:55:00,4756.22,4757.6,4754.37,4756.61,628,14,0
2026-04-09 12:00:00,4756.6,4758.75,4748.95,4750.87,977,15,0
2026-04-09 12:05:00,4750.87,4750.87,4744.66,4744.94,1000,15,0
2026-04-09 12:10:00,4744.94,4747.44,4741.91,4742.48,886,15,0
2026-04-09 12:15:00,4742.49,4744.17,4739.24,4739.26,1021,15,0
2026-04-09 12:20:00,4739.3,4741.81,4736.47,4739.58,1229,15,0
2026-04-09 12:25:00,4739.48,4741.71,4734.56,4738.1,1173,15,0
2026-04-09 12:30:00,4738.1,4743.69,4735.18,4742.34,1338,15,0
2026-04-09 12:35:00,4742.28,4744.97,4739.82,4742.02,1123,15,0
2026-04-09 12:40:00,4742.04,4748.13,4740.34,4743.82,1289,15,0
2026-04-09 12:45:00,4743.82,4744.56,4737.44,4742.54,1319,15,0
2026-04-09 12:50:00,4742.6,4746.24,4740.7,4741.69,1067,15,0
2026-04-09 12:55:00,4741.68,4747.31,4741.47,4745.79,968,15,0
2026-04-09 13:00:00,4745.83,4746.9,4738.61,4742.99,2043,15,0
2026-04-09 13:05:00,4742.96,4749.88,4742.59,4749.68,1434,15,0
2026-04-09 13:10:00,4749.76,4756.7,4748.85,4754.73,1353,15,0
2026-04-09 13:15:00,4754.73,4758.68,4753.0,4753.41,1405,15,0
2026-04-09 13:20:00,4753.39,4758.47,4752.64,4754.22,1219,15,0
2026-04-09 13:25:00,4754.13,4756.59,4751.68,4752.65,1403,15,0
2026-04-09 13:30:00,4752.7,4757.62,4750.55,4757.0,2256,15,0
2026-04-09 13:35:00,4757.04,4771.47,4756.88,4770.28,2288,15,0
2026-04-09 13:40:00,4770.28,4777.2,4769.8,4775.78,2159,15,0
2026-04-09 13:45:00,4775.77,4776.72,4768.79,4771.68,1970,15,0
2026-04-09 13:50:00,4771.61,4771.87,4759.73,4763.54,2039,15,0
2026-04-09 13:55:00,4763.68,4769.04,4762.56,4764.29,1933,15,0
2026-04-09 14:00:00,4764.25,4776.01,4761.82,4772.56,2087,15,0
2026-04-09 14:05:00,4772.55,4773.31,4765.79,4767.24,2192,15,0
2026-04-09 14:10:00,4767.05,4776.26,4765.9,4770.96,1974,15,0
2026-04-09 14:15:00,4770.92,4773.14,4760.45,4761.6,1792,15,0
2026-04-09 14:20:00,4761.58,4771.04,4761.27,4770.59,1601,15,0
2026-04-09 14:25:00,4770.59,4772.79,4763.61,4765.74,1589,15,0
2026-04-09 14:30:00,4765.02,4767.61,4755.41,4755.97,1923,15,0
2026-04-09 14:35:00,4755.95,4759.34,4747.32,4759.12,1857,15,0
2026-04-09 14:40:00,4759.1,4761.58,4751.41,4756.17,1888,15,0
2026-04-09 14:45:00,4756.2,4763.18,4755.27,4761.6,1626,15,0
2026-04-09 14:50:00,4761.6,4766.01,4761.55,4763.73,1376,15,0
2026-04-09 14:55:00,4763.73,4768.98,4763.06,4768.64,1805,15,0
2026-04-09 15:00:00,4768.64,4769.35,4761.25,4763.9,1482,15,0
2026-04-09 15:05:00,4763.88,4766.52,4761.63,4762.47,1399,15,0
2026-04-09 15:10:00,4762.47,4770.49,4761.92,4769.3,1361,15,0
2026-04-09 15:15:00,4769.29,4783.54,4769.29,4783.38,2045,15,0
2026-04-09 15:20:00,4783.29,4786.37,4779.57,4784.73,1739,15,0
2026-04-09 15:25:00,4784.74,4784.75,4777.81,4778.99,1574,15,0
2026-04-09 15:30:00,4779.17,4792.35,4778.39,4791.88,1953,14,0
2026-04-09 15:35:00,4792.41,4798.1,4788.2,4791.58,2335,15,0
2026-04-09 15:40:00,4791.57,4796.26,4790.16,4790.39,1849,15,0
2026-04-09 15:45:00,4790.31,4794.34,4785.85,4786.3,1941,15,0
2026-04-09 15:50:00,4785.32,4790.73,4784.35,4787.84,1736,15,0
2026-04-09 15:55:00,4787.85,4794.16,4784.69,4792.88,1972,15,0
2026-04-09 16:00:00,4792.88,4800.88,4791.43,4796.94,1801,15,0
2026-04-09 16:05:00,4797.02,4797.72,4792.29,4792.33,1621,15,0
2026-04-09 16:10:00,4792.33,4794.33,4787.89,4788.25,1518,15,0
2026-04-09 16:15:00,4788.24,4797.47,4787.77,4795.47,1581,15,0
2026-04-09 16:20:00,4795.67,4796.97,4791.78,4794.86,1301,15,0
2026-04-09 16:25:00,4794.83,4794.83,4791.04,4792.81,1147,14,0
2026-04-09 16:30:00,4792.82,4795.49,4790.85,4794.46,1397,14,0
2026-04-09 16:35:00,4794.52,4794.86,4788.25,4792.52,1295,15,0
2026-04-09 16:40:00,4792.52,4792.54,4786.12,4787.46,1246,15,0
2026-04-09 16:45:00,4787.46,4789.31,4784.52,4784.57,1310,15,0
2026-04-09 16:50:00,4784.64,4791.25,4784.64,4788.51,1281,15,0
2026-04-09 16:55:00,4788.51,4789.44,4786.66,4788.81,1109,15,0
2026-04-09 17:00:00,4788.85,4791.03,4786.81,4788.89,1137,15,0
2026-04-09 17:05:00,4788.89,4794.14,4788.47,4792.8,1119,15,0
2026-04-09 17:10:00,4792.8,4793.86,4790.1,4793.25,1100,15,0
2026-04-09 17:15:00,4793.25,4798.24,4792.72,4797.58,1323,15,0
2026-04-09 17:20:00,4797.58,4797.78,4791.97,4792.47,1202,15,0
2026-04-09 17:25:00,4792.31,4795.88,4790.19,4792.64,1194,15,0
2026-04-09 17:30:00,4792.85,4794.24,4787.63,4793.21,1224,15,0
2026-04-09 17:35:00,4793.21,4800.67,4792.48,4798.9,1380,15,0
2026-04-09 17:40:00,4798.89,4801.04,4794.54,4795.28,1173,15,0
2026-04-09 17:45:00,4795.28,4800.7,4795.28,4800.31,1057,15,0
2026-04-09 17:50:00,4800.22,4800.33,4796.13,4797.96,1005,15,0
2026-04-09 17:55:00,4797.97,4799.69,4797.33,4797.68,827,15,0
2026-04-09 18:00:00,4797.75,4797.97,4783.19,4785.57,1754,15,0
2026-04-09 18:05:00,4785.68,4790.32,4781.46,4785.92,1788,15,0
2026-04-09 18:10:00,4785.84,4788.39,4780.68,4783.86,1472,15,0
2026-04-09 18:15:00,4783.94,4788.36,4782.49,4785.85,1419,15,0
2026-04-09 18:20:00,4785.85,4787.2,4777.86,4780.25,1408,15,0
2026-04-09 18:25:00,4780.25,4783.4,4778.71,4782.13,1561,15,0
2026-04-09 18:30:00,4781.94,4782.3,4772.33,4777.0,1558,15,0
2026-04-09 18:35:00,4777.0,4779.75,4773.72,4776.48,1245,15,0
2026-04-09 18:40:00,4776.49,4776.56,4768.47,4770.4,1482,15,0
2026-04-09 18:45:00,4770.67,4773.08,4767.82,4772.63,1293,15,0
2026-04-09 18:50:00,4772.63,4772.95,4769.29,4769.87,1260,15,0
2026-04-09 18:55:00,4769.87,4774.46,4769.43,4772.11,1040,15,0
2026-04-09 19:00:00,4772.11,4776.67,4768.98,4776.36,1867,15,0
2026-04-09 19:05:00,4776.39,4781.91,4774.79,4781.76,1073,15,0
2026-04-09 19:10:00,4781.79,4782.62,4778.46,4779.58,731,15,0
2026-04-09 19:15:00,4779.58,4780.59,4773.25,4773.96,1031,15,0
2026-04-09 19:20:00,4773.91,4776.27,4772.43,4776.0,878,15,0
2026-04-09 19:25:00,4776.18,4778.31,4773.42,4773.63,886,15,0
2026-04-09 19:30:00,4773.63,4778.06,4769.53,4771.78,1172,15,0
2026-04-09 19:35:00,4771.77,4773.21,4770.57,4771.38,796,15,0
2026-04-09 19:40:00,4771.38,4775.68,4769.58,4772.28,765,15,0
2026-04-09 19:45:00,4772.28,4772.83,4769.01,4769.87,1178,15,0
2026-04-09 19:50:00,4769.54,4774.01,4769.54,4772.07,1077,14,0
2026-04-09 19:55:00,4772.01,4772.01,4766.88,4768.79,1399,15,0
2026-04-09 20:00:00,4768.96,4771.43,4766.95,4770.5,556,15,0
2026-04-09 20:05:00,4770.51,4771.01,4768.87,4770.6,530,28,0
2026-04-09 20:10:00,4770.61,4771.3,4769.47,4769.88,526,28,0
2026-04-09 20:15:00,4769.88,4770.95,4766.29,4770.68,417,28,0
2026-04-09 20:20:00,4770.68,4773.36,4770.55,4772.44,290,28,0
2026-04-09 20:25:00,4772.36,4772.97,4769.57,4769.94,418,28,0
2026-04-09 20:30:00,4769.93,4771.51,4769.23,4769.26,345,28,0
2026-04-09 20:35:00,4769.26,4769.48,4763.3,4764.43,429,28,0
2026-04-09 20:40:00,4764.43,4764.74,4760.78,4764.25,595,28,0
2026-04-09 20:45:00,4764.35,4766.6,4763.7,4765.11,543,28,0
2026-04-09 20:50:00,4765.11,4768.88,4764.65,4767.77,434,28,0
2026-04-09 20:55:00,4767.77,4767.81,4764.64,4765.51,279,28,0
2026-04-09 22:00:00,4775.52,4779.13,4765.84,4772.15,559,28,0
2026-04-09 22:05:00,4772.17,4772.31,4766.94,4770.57,444,28,0
2026-04-09 22:10:00,4770.57,4771.73,4767.75,4770.11,226,28,0
2026-04-09 22:15:00,4770.11,4771.01,4765.45,4766.04,297,28,0
2026-04-09 22:20:00,4766.04,4769.86,4764.66,4767.28,445,28,0
2026-04-09 22:25:00,4767.28,4769.26,4764.08,4764.51,353,28,0
2026-04-09 22:30:00,4764.51,4767.57,4762.54,4765.08,529,28,0
2026-04-09 22:35:00,4765.08,4765.62,4759.36,4759.73,490,28,0
2026-04-09 22:40:00,4759.73,4762.62,4759.33,4761.2,349,28,0
2026-04-09 22:45:00,4761.2,4762.23,4759.01,4760.44,306,28,0
2026-04-09 22:50:00,4760.52,4762.87,4758.74,4761.93,350,28,0
2026-04-09 22:55:00,4761.93,4764.73,4760.54,4764.23,397,28,0
2026-04-09 23:00:00,4764.23,4764.28,4759.13,4762.82,422,28,0
2026-04-09 23:05:00,4762.82,4763.15,4758.55,4762.01,343,28,0
2026-04-09 23:10:00,4762.01,4762.16,4757.29,4759.7,430,15,0
2026-04-09 23:15:00,4759.7,4761.8,4759.62,4760.54,396,15,0
2026-04-09 23:20:00,4760.54,4760.71,4757.16,4758.01,351,15,0
2026-04-09 23:25:00,4758.01,4758.42,4757.02,4758.34,242,15,0
2026-04-09 23:30:00,4758.34,4761.89,4758.34,4761.61,423,15,0
2026-04-09 23:35:00,4761.68,4763.16,4760.43,4760.85,443,15,0
2026-04-09 23:40:00,4760.85,4761.13,4758.62,4760.25,350,15,0
2026-04-09 23:45:00,4760.25,4764.31,4758.75,4762.47,472,15,0
2026-04-09 23:50:00,4762.34,4763.03,4760.39,4762.17,341,15,0
2026-04-09 23:55:00,4762.17,4764.02,4761.46,4763.71,422,15,0
2026-04-10 00:00:00,4763.94,4763.94,4753.77,4757.48,1023,15,0
2026-04-10 00:05:00,4757.48,4757.76,4750.79,4754.35,913,15,0
2026-04-10 00:10:00,4754.35,4755.04,4750.86,4753.94,806,15,0
2026-04-10 00:15:00,4754.28,4757.5,4751.24,4755.34,876,15,0
2026-04-10 00:20:00,4755.34,4758.4,4753.05,4753.89,827,15,0
2026-04-10 00:25:00,4753.89,4755.27,4750.88,4753.92,639,15,0
2026-04-10 00:30:00,4753.92,4759.26,4753.92,4759.15,628,15,0
2026-04-10 00:35:00,4759.15,4761.28,4757.87,4759.78,671,15,0
2026-04-10 00:40:00,4759.75,4760.43,4754.81,4755.8,441,15,0
2026-04-10 00:45:00,4755.78,4756.35,4754.92,4756.01,380,15,0
2026-04-10 00:50:00,4756.01,4758.97,4756.01,4756.47,495,15,0
2026-04-10 00:55:00,4756.47,4763.18,4756.14,4763.02,587,15,0
2026-04-10 01:00:00,4763.02,4767.38,4760.7,4761.06,1502,15,0
2026-04-10 01:05:00,4761.06,4765.04,4758.63,4759.3,1174,15,0
2026-04-10 01:10:00,4759.3,4762.45,4758.14,4760.87,1089,15,0
2026-04-10 01:15:00,4760.87,4765.37,4758.25,4763.68,1052,15,0
2026-04-10 01:20:00,4763.68,4764.38,4758.77,4758.97,906,15,0
2026-04-10 01:25:00,4758.97,4763.61,4758.67,4762.6,810,15,0
2026-04-10 01:30:00,4762.6,4771.78,4760.31,4771.66,1159,15,0
2026-04-10 01:35:00,4771.68,4777.4,4770.06,4773.61,1187,15,0
2026-04-10 01:40:00,4773.61,4775.69,4769.64,4771.93,857,15,0
2026-04-10 01:45:00,4771.93,4773.37,4764.9,4766.55,1014,15,0
2026-04-10 01:50:00,4766.49,4766.49,4760.27,4765.62,1223,15,0
2026-04-10 01:55:00,4765.62,4767.61,4761.81,4764.63,1208,15,0
2026-04-10 02:00:00,4764.63,4765.44,4754.72,4755.24,1250,15,0
2026-04-10 02:05:00,4755.24,4760.41,4754.89,4759.63,1085,15,0
2026-04-10 02:10:00,4759.63,4759.68,4748.58,4752.56,1303,15,0
2026-04-10 02:15:00,4752.56,4754.26,4746.5,4748.23,954,15,0
2026-04-10 02:20:00,4747.99,4750.2,4742.55,4745.48,1133,15,0
2026-04-10 02:25:00,4745.49,4749.5,4744.17,4744.86,900,15,0
2026-04-10 02:30:00,4744.86,4746.06,4738.16,4744.21,1403,15,0
2026-04-10 02:35:00,4744.21,4749.22,4743.13,4747.96,1065,14,0
2026-04-10 02:40:00,4747.96,4750.09,4746.66,4749.69,807,14,0
2026-04-10 02:45:00,4749.69,4751.34,4747.52,4749.55,950,15,0
2026-04-10 02:50:00,4749.4,4752.12,4747.73,4749.5,998,15,0
2026-04-10 02:55:00,4749.51,4753.76,4748.31,4753.26,858,15,0
2026-04-10 03:00:00,4753.25,4756.68,4753.08,4755.07,987,15,0
2026-04-10 03:05:00,4754.98,4758.24,4753.89,4757.99,827,15,0
2026-04-10 03:10:00,4757.99,4761.88,4757.45,4759.93,875,15,0
2026-04-10 03:15:00,4759.93,4761.97,4758.75,4761.52,807,15,0
2026-04-10 03:20:00,4761.52,4761.97,4757.51,4758.34,827,15,0
2026-04-10 03:25:00,4758.34,4758.49,4754.87,4755.92,945,15,0
2026-04-10 03:30:00,4755.9,4762.37,4755.74,4762.36,686,15,0
2026-04-10 03:35:00,4762.36,4768.44,4762.14,4764.99,796,15,0
2026-04-10 03:40:00,4764.97,4765.97,4763.1,4765.22,563,15,0
2026-04-10 03:45:00,4765.22,4769.43,4764.73,4766.95,593,15,0
2026-04-10 03:50:00,4766.95,4767.23,4764.12,4764.59,597,15,0
2026-04-10 03:55:00,4764.59,4767.05,4763.96,4766.47,733,15,0
2026-04-10 04:00:00,4766.53,4768.09,4766.19,4767.31,612,15,0
2026-04-10 04:05:00,4767.31,4767.68,4765.39,4765.94,473,15,0
2026-04-10 04:10:00,4765.94,4767.44,4764.67,4767.19,446,15,0
2026-04-10 04:15:00,4767.19,4770.66,4766.01,4770.45,565,15,0
2026-04-10 04:20:00,4770.45,4770.78,4766.77,4766.92,324,15,0
2026-04-10 04:25:00,4766.92,4767.64,4765.41,4765.52,261,15,0
2026-04-10 04:30:00,4765.52,4765.63,4763.48,4763.59,452,15,0
2026-04-10 04:35:00,4763.59,4764.5,4762.5,4763.11,491,15,0
2026-04-10 04:40:00,4763.14,4763.83,4761.68,4762.46,454,15,0
2026-04-10 04:45:00,4762.46,4763.39,4761.59,4763.39,260,15,0
2026-04-10 04:50:00,4763.39,4765.57,4760.99,4762.74,562,15,0
2026-04-10 04:55:00,4762.74,4762.8,4757.88,4758.45,512,15,0
2026-04-10 05:00:00,4758.49,4762.35,4757.32,4762.25,675,15,0
2026-04-10 05:05:00,4762.25,4763.28,4760.24,4761.88,490,15,0
2026-04-10 05:10:00,4761.88,4762.11,4759.05,4760.01,613,15,0
2026-04-10 05:15:00,4760.01,4760.55,4758.63,4760.11,441,15,0
2026-04-10 05:20:00,4760.11,4763.95,4760.11,4761.03,482,15,0
2026-04-10 05:25:00,4761.03,4763.95,4759.45,4759.45,535,15,0
2026-04-10 05:30:00,4759.96,4765.53,4759.37,4764.98,931,15,0
2026-04-10 05:35:00,4764.98,4768.3,4763.68,4765.02,838,15,0
2026-04-10 05:40:00,4765.02,4766.86,4761.56,4764.98,807,15,0
2026-04-10 05:45:00,4764.98,4767.28,4764.75,4766.17,799,15,0
2026-04-10 05:50:00,4766.33,4769.2,4765.7,4767.19,815,15,0
2026-04-10 05:55:00,4767.13,4767.81,4765.48,4765.76,701,15,0
2026-04-10 06:00:00,4765.76,4765.82,4760.41,4761.81,1183,15,0
2026-04-10 06:05:00,4761.81,4764.05,4759.08,4759.3,890,15,0
2026-04-10 06:10:00,4759.3,4761.34,4755.59,4756.25,719,15,0
2026-04-10 06:15:00,4756.25,4757.61,4752.15,4752.77,916,15,0
2026-04-10 06:20:00,4752.71,4754.88,4751.71,4753.94,879,15,0
2026-04-10 06:25:00,4753.94,4756.03,4752.75,4755.51,874,15,0
2026-04-10 06:30:00,4755.68,4758.63,4754.24,4758.19,847,15,0
2026-04-10 06:35:00,4758.15,4758.49,4749.52,4752.49,947,15,0
2026-04-10 06:40:00,4752.49,4754.15,4749.91,4750.9,763,15,0
2026-04-10 06:45:00,4750.9,4754.3,4743.94,4743.94,938,15,0
2026-04-10 06:50:00,4743.95,4747.35,4742.87,4744.75,1018,15,0
2026-04-10 06:55:00,4744.75,4748.33,4744.28,4746.51,839,15,0
2026-04-10 07:00:00,4746.23,4750.86,4741.31,4750.56,1233,15,0
2026-04-10 07:05:00,4750.5,4752.22,4748.89,4751.72,717,15,0
2026-04-10 07:10:00,4751.75,4752.6,4745.8,4747.12,712,15,0
2026-04-10 07:15:00,4747.23,4753.45,4746.31,4752.8,744,15,0
2026-04-10 07:20:00,4752.8,4754.88,4751.39,4754.06,667,15,0
2026-04-10 07:25:00,4754.27,4756.12,4752.76,4753.63,605,15,0
2026-04-10 07:30:00,4753.63,4756.16,4751.13,4755.87,551,15,0
2026-04-10 07:35:00,4755.87,4757.18,4754.65,4755.69,526,15,0
2026-04-10 07:40:00,4755.69,4757.59,4752.74,4754.07,638,15,0
2026-04-10 07:45:00,4754.07,4755.07,4751.94,4753.99,630,15,0
2026-04-10 07:50:00,4753.77,4753.77,4749.99,4750.89,788,15,0
2026-04-10 07:55:00,4750.89,4752.2,4748.32,4749.68,791,15,0
2026-04-10 08:00:00,4749.92,4753.43,4747.67,4747.68,956,15,0
2026-04-10 08:05:00,4747.68,4751.03,4747.29,4750.01,817,15,0
2026-04-10 08:10:00,4750.01,4752.28,4748.9,4749.85,702,15,0
2026-04-10 08:15:00,4749.85,4750.15,4742.3,4745.58,955,15,0
2026-04-10 08:20:00,4745.58,4747.17,4744.23,4746.43,829,15,0
2026-04-10 08:25:00,4746.12,4748.25,4745.29,4746.93,695,15,0
2026-04-10 08:30:00,4746.75,4752.33,4746.46,4750.06,919,15,0
2026-04-10 08:35:00,4750.06,4752.29,4748.13,4749.45,623,15,0
2026-04-10 08:40:00,4749.45,4749.97,4741.12,4742.4,714,15,0
2026-04-10 08:45:00,4742.47,4744.15,4734.44,4735.83,1233,15,0
2026-04-10 08:50:00,4735.7,4736.78,4730.97,4736.66,1310,15,0
2026-04-10 08:55:00,4736.63,4742.4,4734.74,4741.04,1091,15,0
2026-04-10 09:00:00,4741.04,4745.52,4740.83,4744.73,1118,15,0
2026-04-10 09:05:00,4744.73,4746.24,4741.64,4742.27,1034,15,0
2026-04-10 09:10:00,4742.27,4746.92,4741.8,4746.88,624,15,0
2026-04-10 09:15:00,4746.88,4760.79,4744.63,4759.43,1257,15,0
2026-04-10 09:20:00,4759.43,4759.45,4752.82,4753.11,1932,15,0
2026-04-10 09:25:00,4753.02,4753.59,4748.76,4748.76,994,15,0
2026-04-10 09:30:00,4748.58,4750.48,4746.52,4747.74,1055,15,0
2026-04-10 09:35:00,4747.74,4750.52,4747.33,4748.85,737,15,0
2026-04-10 09:40:00,4748.85,4751.19,4747.98,4750.6,692,15,0
2026-04-10 09:45:00,4750.65,4750.65,4748.24,4749.98,500,15,0
2026-04-10 09:50:00,4749.99,4752.75,4748.98,4751.72,701,15,0
2026-04-10 09:55:00,4751.72,4753.33,4750.41,4751.59,800,15,0
2026-04-10 10:00:00,4751.56,4753.44,4747.31,4747.7,853,15,0
2026-04-10 10:05:00,4747.7,4747.7,4742.38,4745.87,819,15,0
2026-04-10 10:10:00,4745.87,4747.58,4743.19,4747.19,626,15,0
2026-04-10 10:15:00,4747.19,4752.43,4746.56,4752.4,811,15,0
2026-04-10 10:20:00,4752.42,4758.97,4752.07,4758.65,938,15,0
2026-04-10 10:25:00,4758.66,4760.72,4757.8,4758.14,925,15,0
2026-04-10 10:30:00,4758.14,4759.76,4756.89,4759.64,784,15,0
2026-04-10 10:35:00,4759.64,4759.64,4753.82,4754.33,663,15,0
2026-04-10 10:40:00,4754.33,4756.28,4754.07,4755.53,633,15,0
2026-04-10 10:45:00,4755.53,4757.86,4754.0,4757.86,594,15,0
2026-04-10 10:50:00,4757.86,4759.65,4756.28,4757.05,681,15,0
2026-04-10 10:55:00,4757.05,4758.51,4755.66,4757.19,661,15,0
2026-04-10 11:00:00,4757.19,4759.69,4756.37,4759.65,699,15,0
2026-04-10 11:05:00,4759.65,4759.65,4755.07,4755.91,771,15,0
2026-04-10 11:10:00,4755.69,4756.74,4753.34,4755.67,724,15,0
2026-04-10 11:15:00,4755.71,4758.56,4754.41,4758.44,640,15,0
2026-04-10 11:20:00,4758.45,4762.44,4757.93,4761.06,678,15,0
2026-04-10 11:25:00,4761.06,4762.42,4758.04,4761.68,575,15,0
2026-04-10 11:30:00,4761.68,4763.05,4758.6,4759.21,722,15,0
2026-04-10 11:35:00,4759.21,4762.68,4759.06,4761.52,547,15,0
2026-04-10 11:40:00,4761.51,4767.2,4760.22,4767.2,682,15,0
2026-04-10 11:45:00,4767.22,4767.22,4763.23,4763.4,691,15,0
2026-04-10 11:50:00,4763.4,4766.26,4762.88,4764.39,703,15,0
2026-04-10 11:55:00,4764.48,4768.94,4763.4,4768.27,905,15,0
2026-04-10 12:00:00,4768.31,4770.05,4764.02,4766.71,1161,15,0
2026-04-10 12:05:00,4766.71,4768.11,4763.68,4764.77,936,15,0
2026-04-10 12:10:00,4764.74,4767.29,4764.25,4766.8,949,15,0
2026-04-10 12:15:00,4766.8,4771.16,4765.63,4768.29,1046,15,0
2026-04-10 12:20:00,4768.28,4768.48,4759.96,4760.27,1111,15,0
2026-04-10 12:25:00,4760.27,4762.94,4759.85,4762.58,900,15,0
2026-04-10 12:30:00,4762.96,4782.42,4761.9,4780.65,2100,15,0
2026-04-10 12:35:00,4780.72,4782.59,4771.06,4776.1,1848,15,0
2026-04-10 12:40:00,4776.11,4778.54,4769.03,4772.7,1554,15,0
2026-04-10 12:45:00,4772.73,4774.25,4763.61,4767.47,1504,15,0
2026-04-10 12:50:00,4767.47,4771.08,4764.79,4764.88,1376,15,0
2026-04-10 12:55:00,4764.88,4772.36,4764.64,4771.71,991,15,0
2026-04-10 13:00:00,4771.74,4773.62,4768.04,4771.1,1646,15,0
2026-04-10 13:05:00,4771.1,4777.68,4769.54,4774.22,1403,14,0
2026-04-10 13:10:00,4774.22,4774.41,4770.31,4772.43,1051,15,0
2026-04-10 13:15:00,4772.44,4773.58,4766.12,4772.46,1290,15,0
2026-04-10 13:20:00,4772.44,4779.9,4770.69,4775.83,1367,15,0
2026-04-10 13:25:00,4775.84,4780.3,4774.68,4775.82,1378,15,0
2026-04-10 13:30:00,4775.82,4778.82,4769.27,4770.34,2243,15,0
2026-04-10 13:35:00,4770.19,4777.44,4765.46,4775.75,2104,15,0
2026-04-10 13:40:00,4775.56,4775.95,4766.88,4769.22,1846,15,0
2026-04-10 13:45:00,4769.22,4773.97,4766.04,4773.5,1766,15,0
2026-04-10 13:50:00,4773.5,4777.52,4769.08,4777.26,1790,15,0
2026-04-10 13:55:00,4777.27,4777.79,4774.08,4775.01,1479,15,0
2026-04-10 14:00:00,4775.63,4780.41,4772.03,4776.48,1867,15,0
2026-04-10 14:05:00,4776.47,4780.58,4774.98,4775.81,1627,15,0
2026-04-10 14:10:00,4775.86,4780.4,4767.59,4780.12,1872,15,0
2026-04-10 14:15:00,4780.12,4788.66,4779.11,4787.99,2079,15,0
2026-04-10 14:20:00,4788.31,4791.11,4785.9,4790.44,1767,15,0
2026-04-10 14:25:00,4790.44,4792.89,4787.54,4790.78,1827,15,0
2026-04-10 14:30:00,4790.76,4795.08,4787.78,4787.9,1783,15,0
2026-04-10 14:35:00,4787.9,4791.11,4786.91,4786.97,1288,15,0
2026-04-10 14:40:00,4786.97,4788.88,4777.29,4780.94,1555,15,0
2026-04-10 14:45:00,4780.94,4783.28,4771.77,4772.57,2053,15,0
2026-04-10 14:50:00,4772.38,4781.91,4770.86,4774.41,1967,15,0
2026-04-10 14:55:00,4774.44,4779.53,4770.98,4774.73,1802,15,0
2026-04-10 15:00:00,4774.72,4778.93,4773.57,4774.35,1628,15,0
2026-04-10 15:05:00,4774.37,4779.97,4769.57,4779.64,1722,15,0
2026-04-10 15:10:00,4779.64,4783.95,4779.29,4781.79,1467,15,0
2026-04-10 15:15:00,4781.79,4786.71,4781.79,4782.06,1277,15,0
2026-04-10 15:20:00,4782.05,4787.4,4781.81,4786.28,1343,15,0
2026-04-10 15:25:00,4786.15,4786.15,4775.99,4776.03,1250,15,0
2026-04-10 15:30:00,4776.03,4778.42,4772.74,4774.69,1839,15,0
2026-04-10 15:35:00,4774.69,4775.17,4755.44,4760.52,2131,15,0
2026-04-10 15:40:00,4760.54,4767.25,4759.98,4766.08,1852,15,0
2026-04-10 15:45:00,4766.05,4769.83,4763.15,4766.44,1696,15,0
2026-04-10 15:50:00,4766.43,4770.0,4765.13,4766.51,1493,15,0
2026-04-10 15:55:00,4766.57,4766.57,4758.72,4762.19,1498,15,0
2026-04-10 16:00:00,4761.87,4763.26,4753.43,4753.71,1574,15,0
2026-04-10 16:05:00,4753.78,4756.85,4747.5,4756.54,1992,15,0
2026-04-10 16:10:00,4756.54,4763.58,4756.3,4763.42,1513,15,0
2026-04-10 16:15:00,4763.47,4765.31,4761.09,4761.96,1236,15,0
2026-04-10 16:20:00,4761.96,4762.25,4754.28,4760.86,1339,15,0
2026-04-10 16:25:00,4760.86,4762.25,4756.97,4758.24,1359,15,0
2026-04-10 16:30:00,4758.35,4763.34,4756.81,4761.17,1576,15,0
2026-04-10 16:35:00,4761.17,4765.38,4760.78,4762.46,1309,15,0
2026-04-10 16:40:00,4762.46,4762.98,4756.48,4756.78,1526,15,0
2026-04-10 16:45:00,4757.05,4762.28,4756.03,4761.38,1230,15,0
2026-04-10 16:50:00,4761.32,4766.13,4760.93,4765.47,1222,15,0
2026-04-10 16:55:00,4765.5,4765.72,4762.33,4763.85,916,15,0
2026-04-10 17:00:00,4763.99,4764.73,4759.24,4760.08,1152,15,0
2026-04-10 17:05:00,4760.08,4763.48,4758.2,4762.1,1109,15,0
2026-04-10 17:10:00,4762.1,4766.34,4760.3,4764.69,973,15,0
2026-04-10 17:15:00,4764.66,4768.63,4763.7,4767.0,914,15,0
2026-04-10 17:20:00,4767.09,4768.53,4761.51,4764.52,1048,15,0
2026-04-10 17:25:00,4764.52,4768.62,4761.39,4762.77,1097,15,0
2026-04-10 17:30:00,4762.93,4765.77,4759.08,4760.81,1167,15,0
2026-04-10 17:35:00,4760.81,4762.87,4758.31,4761.6,1142,15,0
2026-04-10 17:40:00,4761.6,4762.34,4759.03,4759.14,1088,15,0
2026-04-10 17:45:00,4758.85,4764.36,4758.74,4763.75,1025,15,0
2026-04-10 17:50:00,4763.76,4765.1,4760.46,4761.29,913,15,0
2026-04-10 17:55:00,4761.29,4762.12,4759.17,4760.34,911,15,0
2026-04-10 18:00:00,4760.34,4760.94,4753.23,4753.27,1142,15,0
2026-04-10 18:05:00,4753.26,4758.0,4751.06,4756.26,1191,15,0
2026-04-10 18:10:00,4756.29,4764.11,4756.13,4763.69,1079,15,0
2026-04-10 18:15:00,4763.69,4768.24,4762.92,4768.11,793,15,0
2026-04-10 18:20:00,4768.11,4769.47,4764.23,4764.66,1058,15,0
2026-04-10 18:25:00,4764.61,4766.93,4763.73,4765.99,910,15,0
2026-04-10 18:30:00,4766.11,4771.8,4766.11,4771.29,1006,15,0
2026-04-10 18:35:00,4771.27,4773.2,4768.49,4771.74,842,15,0
2026-04-10 18:40:00,4771.74,4772.94,4768.09,4768.22,961,15,0
2026-04-10 18:45:00,4768.21,4768.29,4763.24,4764.25,738,15,0
2026-04-10 18:50:00,4764.25,4767.95,4764.1,4767.92,745,15,0
2026-04-10 18:55:00,4767.95,4768.12,4764.65,4765.31,766,15,0
2026-04-10 19:00:00,4765.38,4767.47,4764.51,4767.22,854,15,0
2026-04-10 19:05:00,4767.22,4768.27,4765.25,4765.57,677,15,0
2026-04-10 19:10:00,4765.57,4767.37,4765.21,4766.94,681,15,0
2026-04-10 19:15:00,4766.94,4770.02,4765.87,4769.29,562,15,0
2026-04-10 19:20:00,4769.33,4770.58,4766.9,4767.69,899,15,0
2026-04-10 19:25:00,4767.69,4768.66,4762.51,4763.59,970,15,0
2026-04-10 19:30:00,4763.59,4765.51,4761.42,4764.51,1061,15,0
2026-04-10 19:35:00,4764.65,4765.04,4761.92,4762.79,661,15,0
2026-04-10 19:40:00,4762.79,4764.2,4760.87,4763.87,671,15,0
2026-04-10 19:45:00,4763.86,4764.64,4758.92,4759.83,960,15,0
2026-04-10 19:50:00,4759.85,4762.1,4758.23,4759.3,1219,15,0
2026-04-10 19:55:00,4759.3,4760.51,4758.52,4759.72,983,15,0
2026-04-10 20:00:00,4759.73,4759.91,4752.43,4752.43,696,16,0
2026-04-10 20:05:00,4752.44,4754.29,4751.01,4753.63,600,58,0
2026-04-10 20:10:00,4753.63,4755.21,4752.67,4753.29,401,58,0
2026-04-10 20:15:00,4753.29,4753.3,4750.5,4751.25,491,58,0
2026-04-10 20:20:00,4751.25,4751.25,4747.97,4748.4,556,58,0
2026-04-10 20:25:00,4748.43,4748.81,4740.83,4745.35,1047,58,0
2026-04-10 20:30:00,4745.35,4749.27,4744.64,4746.84,757,58,0
2026-04-10 20:35:00,4747.07,4749.91,4746.36,4749.91,338,58,0
2026-04-10 20:40:00,4749.91,4752.25,4749.51,4751.0,671,58,0
2026-04-12 22:05:00,4670.52,4682.31,4666.7,4666.84,1076,58,0
2026-04-12 22:10:00,4666.84,4685.11,4666.54,4676.41,1043,58,0
2026-04-12 22:15:00,4676.51,4682.97,4669.11,4669.11,1261,58,0
2026-04-12 22:20:00,4668.63,4672.53,4654.91,4657.63,1924,58,0
2026-04-12 22:25:00,4657.63,4658.7,4644.71,4647.58,1909,58,0
2026-04-12 22:30:00,4647.66,4655.26,4645.62,4653.93,1976,58,0
2026-04-12 22:35:00,4653.93,4657.16,4650.73,4657.15,1488,58,0
2026-04-12 22:40:00,4657.15,4659.15,4650.84,4657.73,1476,58,0
2026-04-12 22:45:00,4657.73,4659.22,4651.74,4659.12,1306,58,0
2026-04-12 22:50:00,4659.12,4659.77,4654.45,4655.59,1156,58,0
2026-04-12 22:55:00,4655.59,4660.07,4654.49,4658.7,845,58,0
2026-04-12 23:00:00,4658.7,4660.51,4652.72,4659.15,1014,58,0
2026-04-12 23:05:00,4659.15,4659.45,4651.74,4656.64,825,58,0
2026-04-12 23:10:00,4656.64,4659.54,4654.72,4659.31,767,58,0
2026-04-12 23:15:00,4659.31,4659.73,4648.44,4651.95,855,58,0
2026-04-12 23:20:00,4651.95,4652.08,4644.17,4646.91,1096,58,0
2026-04-12 23:25:00,4646.91,4653.88,4646.91,4653.25,742,58,0
2026-04-12 23:30:00,4653.25,4656.19,4650.11,4654.95,781,15,0
2026-04-12 23:35:00,4654.95,4660.22,4654.4,4657.86,805,15,0
2026-04-12 23:40:00,4657.86,4659.65,4654.19,4655.54,706,15,0
2026-04-12 23:45:00,4655.54,4660.83,4655.48,4659.95,957,15,0
2026-04-12 23:50:00,4659.95,4671.29,4659.95,4666.83,1227,15,0
2026-04-12 23:55:00,4666.74,4671.99,4666.23,4671.41,859,15,0
2026-04-13 00:00:00,4671.41,4672.53,4664.64,4668.56,1331,15,0
2026-04-13 00:05:00,4668.56,4672.1,4667.35,4671.43,1172,15,0
2026-04-13 00:10:00,4671.43,4673.28,4669.28,4672.28,1108,15,0
2026-04-13 00:15:00,4672.3,4676.18,4671.96,4673.57,1244,15,0
2026-04-13 00:20:00,4673.57,4675.04,4669.18,4673.05,899,15,0
2026-04-13 00:25:00,4673.05,4675.87,4670.58,4672.96,856,15,0
2026-04-13 00:30:00,4672.96,4680.95,4670.98,4680.3,1030,15,0
2026-04-13 00:35:00,4680.29,4683.18,4675.66,4677.62,899,15,0
2026-04-13 00:40:00,4677.62,4682.19,4677.09,4678.51,748,15,0
2026-04-13 00:45:00,4678.51,4687.15,4678.09,4687.14,912,15,0
2026-04-13 00:50:00,4687.14,4691.23,4685.1,4689.72,940,15,0
2026-04-13 00:55:00,4689.72,4697.62,4686.8,4695.56,1171,15,0
2026-04-13 01:00:00,4695.56,4709.5,4693.69,4704.52,2299,15,0
2026-04-13 01:05:00,4704.52,4708.72,4699.64,4708.27,1770,15,0
2026-04-13 01:10:00,4708.17,4719.72,4705.68,4715.5,1706,15,0
2026-04-13 01:15:00,4715.53,4718.18,4711.62,4716.87,1610,15,0
2026-04-13 01:20:00,4716.89,4721.69,4714.52,4716.01,1607,15,0
2026-04-13 01:25:00,4716.01,4720.79,4714.26,4717.73,1167,15,0
2026-04-13 01:30:00,4717.73,4721.46,4710.71,4721.46,1560,15,0
2026-04-13 01:35:00,4721.4,4721.73,4713.56,4717.16,1432,15,0
2026-04-13 01:40:00,4717.16,4718.98,4712.59,4714.48,1307,15,0
2026-04-13 01:45:00,4714.48,4718.22,4710.01,4715.08,1437,15,0
2026-04-13 01:50:00,4715.08,4723.75,4714.65,4722.56,1444,15,0
2026-04-13 01:55:00,4722.56,4728.29,4720.86,4721.34,1270,15,0
2026-04-13 02:00:00,4721.34,4725.9,4719.03,4722.82,1202,15,0
2026-04-13 02:05:00,4722.98,4726.1,4719.3,4723.28,1156,15,0
2026-04-13 02:10:00,4723.26,4724.29,4721.01,4722.86,1221,15,0
2026-04-13 02:15:00,4722.86,4724.5,4719.87,4722.23,867,15,0
2026-04-13 02:20:00,4722.23,4722.24,4719.62,4720.81,827,15,0
2026-04-13 02:25:00,4720.81,4724.87,4719.34,4720.05,845,15,0
2026-04-13 02:30:00,4720.05,4727.99,4719.55,4725.59,1296,15,0
2026-04-13 02:35:00,4725.59,4725.6,4716.02,4716.02,986,15,0
2026-04-13 02:40:00,4715.98,4719.72,4715.26,4715.59,1010,15,0
2026-04-13 02:45:00,4715.59,4718.17,4711.25,4712.48,1050,15,0
2026-04-13 02:50:00,4712.48,4719.15,4711.44,4718.59,840,15,0
2026-04-13 02:55:00,4718.97,4721.6,4718.86,4720.65,713,15,0
2026-04-13 03:00:00,4720.57,4721.73,4715.02,4715.53,677,15,0
2026-04-13 03:05:00,4715.53,4715.57,4712.6,4714.68,661,15,0
2026-04-13 03:10:00,4714.68,4715.47,4712.23,4713.83,786,15,0
2026-04-13 03:15:00,4713.83,4717.44,4713.02,4715.53,764,15,0
2026-04-13 03:20:00,4715.53,4717.63,4713.75,4717.04,654,15,0
2026-04-13 03:25:00,4717.04,4721.01,4716.35,4718.91,994,15,0
2026-04-13 03:30:00,4718.91,4722.0,4718.36,4721.24,606,15,0
2026-04-13 03:35:00,4721.24,4721.83,4717.36,4718.8,505,15,0
2026-04-13 03:40:00,4718.8,4723.92,4718.64,4722.22,530,15,0
2026-04-13 03:45:00,4722.22,4722.5,4718.81,4720.8,480,15,0
2026-04-13 03:50:00,4720.8,4720.84,4717.94,4718.52,385,15,0
2026-04-13 03:55:00,4718.52,4720.23,4717.35,4718.03,379,15,0
2026-04-13 04:00:00,4718.03,4718.39,4713.02,4715.04,700,15,0
2026-04-13 04:05:00,4715.04,4715.61,4709.74,4712.68,565,15,0
2026-04-13 04:10:00,4712.68,4715.03,4711.06,4714.76,523,15,0
2026-04-13 04:15:00,4714.76,4715.79,4710.84,4712.35,504,15,0
2026-04-13 04:20:00,4712.35,4712.52,4709.82,4712.52,458,15,0
2026-04-13 04:25:00,4712.52,4715.68,4712.36,4712.68,466,15,0
2026-04-13 04:30:00,4712.68,4713.88,4708.9,4713.11,638,15,0
2026-04-13 04:35:00,4713.11,4713.15,4710.31,4712.26,483,15,0
2026-04-13 04:40:00,4712.26,4719.43,4712.26,4718.69,622,15,0
2026-04-13 04:45:00,4718.69,4719.23,4716.11,4718.8,317,15,0
2026-04-13 04:50:00,4718.8,4724.16,4718.18,4723.25,576,15,0
2026-04-13 04:55:00,4723.25,4724.93,4721.77,4723.13,764,15,0
2026-04-13 05:00:00,4723.13,4726.28,4720.92,4721.54,834,15,0
2026-04-13 05:05:00,4721.54,4723.46,4720.11,4721.13,542,15,0
2026-04-13 05:10:00,4721.13,4722.81,4718.45,4719.2,456,15,0
2026-04-13 05:15:00,4719.2,4721.32,4717.0,4717.02,583,15,0
2026-04-13 05:20:00,4717.02,4719.08,4716.35,4716.55,743,15,0
2026-04-13 05:25:00,4716.54,4721.64,4716.54,4720.61,538,15,0
2026-04-13 05:30:00,4720.61,4722.26,4718.13,4722.26,912,15,0
2026-04-13 05:35:00,4722.26,4724.96,4719.94,4722.81,1032,15,0
2026-04-13 05:40:00,4722.81,4723.69,4720.13,4721.26,990,15,0
2026-04-13 05:45:00,4721.26,4725.8,4720.8,4722.86,1005,15,0
2026-04-13 05:50:00,4722.88,4724.59,4720.64,4720.74,928,15,0
2026-04-13 05:55:00,4720.74,4730.75,4720.58,4729.34,1184,15,0
2026-04-13 06:00:00,4729.33,4729.83,4723.48,4726.36,1357,15,0
2026-04-13 06:05:00,4726.35,4729.54,4724.53,4728.08,1059,15,0
2026-04-13 06:10:00,4728.08,4729.41,4724.68,4726.08,895,15,0
2026-04-13 06:15:00,4726.07,4731.86,4726.07,4728.7,1078,15,0
2026-04-13 06:20:00,4728.7,4728.91,4725.42,4727.12,894,15,0
2026-04-13 06:25:00,4727.13,4731.88,4725.89,4731.59,921,15,0
2026-04-13 06:30:00,4731.59,4732.82,4728.55,4729.43,1000,15,0
2026-04-13 06:35:00,4729.43,4731.05,4725.49,4726.93,969,15,0
2026-04-13 06:40:00,4726.93,4728.28,4725.46,4726.38,769,15,0
2026-04-13 06:45:00,4726.38,4726.43,4720.83,4721.61,832,15,0
2026-04-13 06:50:00,4721.61,4725.65,4721.22,4725.11,907,15,0
2026-04-13 06:55:00,4725.06,4725.72,4722.89,4725.69,628,15,0
2026-04-13 07:00:00,4725.7,4738.6,4725.7,4737.17,1405,15,0
2026-04-13 07:05:00,4737.17,4737.56,4726.59,4726.59,1295,15,0
2026-04-13 07:10:00,4726.59,4730.34,4724.71,4728.25,875,15,0
2026-04-13 07:15:00,4728.25,4732.77,4726.4,4731.09,862,15,0
2026-04-13 07:20:00,4731.09,4732.09,4729.24,4730.08,715,15,0
2026-04-13 07:25:00,4730.23,4731.82,4727.19,4730.83,777,15,0
2026-04-13 07:30:00,4730.95,4733.76,4730.4,4731.69,687,15,0
2026-04-13 07:35:00,4731.69,4732.33,4727.37,4729.83,723,15,0
2026-04-13 07:40:00,4729.83,4732.63,4728.53,4732.24,609,15,0
2026-04-13 07:45:00,4732.24,4739.01,4731.99,4738.98,816,15,0
2026-04-13 07:50:00,4738.98,4740.02,4734.17,4734.66,896,15,0
2026-04-13 07:55:00,4734.66,4736.45,4728.21,4733.64,987,15,0
2026-04-13 08:00:00,4733.56,4738.73,4733.28,4736.39,1098,15,0
2026-04-13 08:05:00,4736.39,4737.33,4732.45,4734.19,917,15,0
2026-04-13 08:10:00,4734.4,4735.95,4732.77,4733.01,959,15,0
2026-04-13 08:15:00,4733.01,4733.47,4730.25,4733.05,746,15,0
2026-04-13 08:20:00,4733.05,4734.11,4730.36,4733.3,698,15,0
2026-04-13 08:25:00,4733.3,4734.41,4732.16,4732.21,668,15,0
2026-04-13 08:30:00,4732.18,4736.36,4730.69,4732.7,826,15,0
2026-04-13 08:35:00,4732.7,4734.6,4729.12,4730.0,603,15,0
2026-04-13 08:40:00,4730.0,4730.18,4720.92,4721.37,983,15,0
2026-04-13 08:45:00,4721.34,4729.89,4720.25,4728.73,905,15,0
2026-04-13 08:50:00,4728.73,4728.78,4724.13,4725.32,661,15,0
2026-04-13 08:55:00,4725.3,4726.87,4723.38,4723.54,788,15,0
2026-04-13 09:00:00,4723.54,4728.71,4722.89,4726.97,904,15,0
2026-04-13 09:05:00,4727.03,4727.41,4717.63,4717.64,912,15,0
2026-04-13 09:10:00,4717.64,4721.99,4716.03,4719.29,990,15,0
2026-04-13 09:15:00,4719.25,4720.71,4716.5,4720.14,801,15,0
2026-04-13 09:20:00,4720.14,4721.52,4716.93,4720.72,680,15,0
2026-04-13 09:25:00,4720.83,4720.85,4714.16,4715.02,630,15,0
2026-04-13 09:30:00,4715.0,4719.9,4714.08,4714.3,833,15,0
2026-04-13 09:35:00,4714.3,4716.09,4710.83,4716.09,938,15,0
2026-04-13 09:40:00,4716.09,4716.22,4710.46,4714.35,629,15,0
2026-04-13 09:45:00,4714.27,4716.53,4710.98,4713.76,761,15,0
2026-04-13 09:50:00,4713.76,4716.59,4712.22,4715.4,538,15,0
2026-04-13 09:55:00,4715.18,4716.76,4714.21,4714.79,654,15,0
2026-04-13 10:00:00,4714.82,4716.98,4714.72,4715.77,777,15,0
2026-04-13 10:05:00,4715.77,4718.72,4713.77,4718.32,686,15,0
2026-04-13 10:10:00,4718.15,4719.05,4714.72,4718.03,728,15,0
2026-04-13 10:15:00,4718.08,4718.25,4712.59,4713.29,693,15,0
2026-04-13 10:20:00,4713.29,4714.64,4711.31,4711.91,602,14,0
2026-04-13 10:25:00,4711.91,4712.51,4708.66,4712.47,629,15,0
2026-04-13 10:30:00,4712.57,4716.27,4711.73,4716.09,675,15,0
2026-04-13 10:35:00,4716.09,4717.48,4715.05,4717.45,657,15,0
2026-04-13 10:40:00,4717.45,4718.65,4714.75,4718.14,549,15,0
2026-04-13 10:45:00,4718.14,4722.11,4717.59,4721.7,818,15,0
2026-04-13 10:50:00,4721.73,4723.95,4719.98,4720.13,764,15,0
2026-04-13 10:55:00,4720.13,4722.2,4719.32,4722.18,685,15,0
2026-04-13 11:00:00,4722.25,4726.4,4721.12,4725.26,1181,15,0
2026-04-13 11:05:00,4725.26,4729.23,4722.81,4722.86,1072,15,0
2026-04-13 11:10:00,4722.86,4723.87,4720.12,4721.49,770,15,0
2026-04-13 11:15:00,4721.49,4722.91,4720.07,4720.24,636,15,0
2026-04-13 11:20:00,4720.24,4723.66,4719.14,4720.28,699,15,0
2026-04-13 11:25:00,4720.28,4721.4,4718.69,4721.1,739,15,0
2026-04-13 11:30:00,4721.1,4722.52,4719.7,4720.05,595,15,0
2026-04-13 11:35:00,4720.05,4720.1,4710.55,4712.31,1049,15,0
2026-04-13 11:40:00,4712.16,4712.82,4704.11,4707.86,1243,15,0
2026-04-13 11:45:00,4707.85,4711.5,4703.78,4708.78,1163,15,0
2026-04-13 11:50:00,4708.78,4712.2,4705.68,4707.87,1304,15,0
2026-04-13 11:55:00,4707.87,4711.22,4705.12,4707.12,1209,15,0
2026-04-13 12:00:00,4707.27,4712.55,4703.79,4709.56,1460,15,0
2026-04-13 12:05:00,4709.56,4715.31,4709.56,4714.33,1424,15,0
2026-04-13 12:10:00,4714.31,4720.22,4714.24,4717.3,1028,15,0
2026-04-13 12:15:00,4717.36,4718.01,4713.45,4714.07,848,15,0
2026-04-13 12:20:00,4714.07,4714.7,4705.97,4707.36,1094,15,0
2026-04-13 12:25:00,4707.44,4711.36,4703.81,4710.65,1154,15,0
2026-04-13 12:30:00,4710.65,4715.8,4709.92,4713.86,1454,15,0
2026-04-13 12:35:00,4713.86,4715.95,4709.04,4711.42,1400,15,0
2026-04-13 12:40:00,4711.42,4716.46,4710.7,4715.81,1252,15,0
2026-04-13 12:45:00,4715.77,4722.37,4715.54,4721.3,1198,15,0
2026-04-13 12:50:00,4721.3,4724.94,4719.55,4723.62,1191,15,0
2026-04-13 12:55:00,4723.62,4725.18,4720.67,4723.65,1213,15,0
2026-04-13 13:00:00,4723.55,4729.41,4722.83,4727.11,1829,15,0
2026-04-13 13:05:00,4727.11,4730.59,4726.72,4728.29,1692,15,0
2026-04-13 13:10:00,4728.29,4736.18,4725.96,4734.27,1566,15,0
2026-04-13 13:15:00,4734.3,4737.48,4732.13,4735.31,1360,15,0
2026-04-13 13:20:00,4735.31,4735.72,4728.96,4730.86,1248,15,0
2026-04-13 13:25:00,4730.86,4734.33,4729.95,4733.31,1379,15,0
2026-04-13 13:30:00,4733.31,4737.4,4730.86,4733.72,2025,15,0
2026-04-13 13:35:00,4733.8,4734.97,4727.09,4727.34,1956,15,0
2026-04-13 13:40:00,4727.2,4730.57,4724.59,4726.99,1833,15,0
2026-04-13 13:45:00,4727.02,4739.94,4722.69,4739.14,2160,15,0
2026-04-13 13:50:00,4740.0,4744.56,4721.51,4726.43,2658,15,0
2026-04-13 13:55:00,4726.45,4731.9,4722.55,4730.56,2213,15,0
2026-04-13 14:00:00,4730.56,4731.16,4720.65,4724.25,2143,15,0
2026-04-13 14:05:00,4724.26,4727.66,4721.06,4725.28,2055,15,0
2026-04-13 14:10:00,4725.29,4728.85,4723.86,4727.37,2110,15,0
2026-04-13 14:15:00,4727.44,4728.07,4717.01,4718.49,2046,15,0
2026-04-13 14:20:00,4718.48,4721.54,4709.47,4717.3,2319,15,0
2026-04-13 14:25:00,4717.39,4717.68,4713.18,4715.45,2164,15,0
2026-04-13 14:30:00,4715.45,4720.2,4708.85,4719.86,1933,15,0
2026-04-13 14:35:00,4719.86,4720.48,4715.06,4719.1,1677,15,0
2026-04-13 14:40:00,4719.16,4722.64,4717.37,4721.81,1600,15,0
2026-04-13 14:45:00,4721.81,4723.49,4714.84,4715.29,1712,15,0
2026-04-13 14:50:00,4715.25,4715.82,4710.3,4714.05,1654,15,0
2026-04-13 14:55:00,4713.97,4720.4,4711.73,4719.04,1431,15,0
2026-04-13 15:00:00,4719.07,4719.74,4705.96,4707.74,2015,15,0
2026-04-13 15:05:00,4707.73,4708.79,4700.53,4705.54,1983,15,0
2026-04-13 15:10:00,4705.54,4710.1,4703.45,4707.69,1655,15,0
2026-04-13 15:15:00,4707.69,4711.65,4706.4,4706.89,1527,15,0
2026-04-13 15:20:00,4706.89,4710.35,4704.56,4704.73,1588,15,0
2026-04-13 15:25:00,4704.73,4706.25,4703.09,4703.86,1533,14,0
2026-04-13 15:30:00,4703.93,4709.34,4702.34,4709.16,1432,15,0
2026-04-13 15:35:00,4709.16,4718.17,4709.12,4716.16,1707,15,0
2026-04-13 15:40:00,4716.18,4716.6,4711.33,4712.66,1350,15,0
2026-04-13 15:45:00,4712.66,4715.43,4710.93,4715.18,1212,15,0
2026-04-13 15:50:00,4715.17,4715.78,4712.38,4712.4,1032,15,0
2026-04-13 15:55:00,4712.4,4714.95,4712.09,4714.44,1048,15,0
2026-04-13 16:00:00,4714.44,4715.94,4710.28,4711.67,995,15,0
2026-04-13 16:05:00,4711.67,4719.62,4709.28,4716.76,1986,15,0
2026-04-13 16:10:00,4716.76,4720.89,4715.3,4719.81,1343,15,0
2026-04-13 16:15:00,4719.8,4729.66,4718.85,4725.87,1531,15,0
2026-04-13 16:20:00,4725.87,4730.67,4722.48,4726.48,1489,15,0
2026-04-13 16:25:00,4726.48,4734.07,4726.37,4730.45,1698,15,0
2026-04-13 16:30:00,4730.41,4736.53,4728.7,4734.09,2138,15,0
2026-04-13 16:35:00,4734.01,4737.16,4732.31,4736.13,1947,15,0
2026-04-13 16:40:00,4735.67,4740.61,4730.12,4740.36,2212,15,0
2026-04-13 16:45:00,4740.35,4746.31,4736.62,4737.7,2005,15,0
2026-04-13 16:50:00,4737.7,4743.48,4735.23,4737.39,1868,15,0
2026-04-13 16:55:00,4737.39,4738.06,4732.2,4733.12,1373,15,0
2026-04-13 17:00:00,4733.09,4738.63,4733.07,4738.63,1073,15,0
2026-04-13 17:05:00,4738.61,4738.61,4725.59,4728.96,1322,15,0
2026-04-13 17:10:00,4728.96,4731.97,4728.73,4730.99,1277,15,0
2026-04-13 17:15:00,4730.99,4744.73,4729.75,4744.35,1291,15,0
2026-04-13 17:20:00,4744.55,4747.85,4741.44,4744.64,1587,15,0
2026-04-13 17:25:00,4744.63,4750.08,4742.9,4743.16,1441,15,0
2026-04-13 17:30:00,4743.05,4747.61,4742.92,4743.5,1423,15,0
2026-04-13 17:35:00,4743.47,4746.81,4743.29,4746.24,1080,15,0
2026-04-13 17:40:00,4746.24,4746.83,4742.62,4744.07,781,15,0
2026-04-13 17:45:00,4744.07,4744.24,4737.18,4738.65,804,15,0
2026-04-13 17:50:00,4738.66,4740.41,4727.5,4730.46,1432,15,0
2026-04-13 17:55:00,4730.46,4731.71,4728.85,4729.94,1043,15,0
2026-04-13 18:00:00,4729.94,4733.09,4729.35,4732.04,919,15,0
2026-04-13 18:05:00,4732.04,4732.61,4728.99,4729.69,837,15,0
2026-04-13 18:10:00,4729.69,4732.45,4729.54,4730.33,826,15,0
2026-04-13 18:15:00,4730.33,4731.34,4724.79,4724.85,1225,15,0
2026-04-13 18:20:00,4724.85,4730.22,4724.67,4729.1,893,15,0
2026-04-13 18:25:00,4729.07,4729.09,4723.48,4727.41,738,15,0
2026-04-13 18:30:00,4727.41,4734.01,4726.87,4733.31,1225,15,0
2026-04-13 18:35:00,4733.32,4735.43,4731.35,4731.8,1103,15,0
2026-04-13 18:40:00,4731.87,4733.61,4730.82,4733.59,995,15,0
2026-04-13 18:45:00,4733.59,4736.5,4733.54,4735.83,1229,15,0
2026-04-13 18:50:00,4735.92,4740.36,4734.18,4739.48,1200,15,0
2026-04-13 18:55:00,4739.48,4740.79,4737.36,4738.44,1305,15,0
2026-04-13 19:00:00,4738.39,4739.68,4735.27,4735.48,1226,15,0
2026-04-13 19:05:00,4735.48,4735.86,4730.74,4734.71,1070,15,0
2026-04-13 19:10:00,4734.71,4735.25,4732.48,4734.94,979,15,0
2026-04-13 19:15:00,4734.94,4738.31,4734.94,4737.47,838,15,0
2026-04-13 19:20:00,4737.47,4741.49,4737.25,4741.34,654,15,0
2026-04-13 19:25:00,4741.39,4744.04,4741.32,4743.25,737,15,0
2026-04-13 19:30:00,4743.25,4747.47,4742.73,4743.51,857,15,0
2026-04-13 19:35:00,4743.51,4745.75,4741.56,4741.56,850,15,0
2026-04-13 19:40:00,4741.56,4742.66,4739.09,4741.81,876,15,0
2026-04-13 19:45:00,4741.81,4741.99,4739.42,4741.09,872,15,0
2026-04-13 19:50:00,4741.12,4745.82,4741.12,4744.44,1434,15,0
2026-04-13 19:55:00,4744.44,4745.62,4739.59,4741.18,1517,14,0
2026-04-13 20:00:00,4741.31,4743.36,4739.76,4742.32,707,15,0
2026-04-13 20:05:00,4742.32,4743.58,4741.8,4742.46,410,28,0
2026-04-13 20:10:00,4742.46,4744.01,4741.93,4742.4,325,28,0
2026-04-13 20:15:00,4742.4,4742.7,4741.4,4741.81,255,28,0
2026-04-13 20:20:00,4741.81,4743.73,4740.36,4740.63,339,28,0
2026-04-13 20:25:00,4740.63,4740.85,4738.46,4739.34,310,28,0
2026-04-13 20:30:00,4739.34,4740.57,4738.15,4739.51,326,28,0
2026-04-13 20:35:00,4739.51,4740.12,4738.42,4738.48,344,28,0
2026-04-13 20:40:00,4738.48,4740.05,4738.42,4739.91,272,28,0
2026-04-13 20:45:00,4739.9,4740.97,4738.5,4738.99,360,28,0
2026-04-13 20:50:00,4738.99,4741.28,4738.19,4740.83,303,28,0
2026-04-13 20:55:00,4740.83,4741.71,4740.21,4740.32,401,28,0
2026-04-13 22:00:00,4751.84,4752.71,4746.51,4746.8,1153,28,0
2026-04-13 22:05:00,4746.8,4750.65,4746.29,4747.95,501,28,0
2026-04-13 22:10:00,4747.95,4751.86,4747.35,4748.31,409,28,0
2026-04-13 22:15:00,4748.31,4749.68,4746.34,4748.53,401,28,0
2026-04-13 22:20:00,4748.48,4748.8,4746.11,4747.15,238,28,0
2026-04-13 22:25:00,4747.15,4748.88,4745.77,4748.88,198,28,0
2026-04-13 22:30:00,4748.88,4749.73,4746.97,4747.49,410,28,0
2026-04-13 22:35:00,4747.49,4749.25,4746.28,4747.97,347,28,0
2026-04-13 22:40:00,4747.97,4750.4,4747.86,4750.4,353,28,0
2026-04-13 22:45:00,4750.4,4753.09,4749.09,4750.95,498,28,0
2026-04-13 22:50:00,4750.95,4755.77,4750.95,4755.5,594,28,0
2026-04-13 22:55:00,4755.5,4759.69,4755.32,4757.99,573,28,0
2026-04-13 23:00:00,4757.94,4765.09,4757.94,4764.4,813,28,0
2026-04-13 23:05:00,4764.38,4765.55,4762.72,4764.8,772,28,0
2026-04-13 23:10:00,4764.8,4765.71,4762.42,4763.05,740,15,0
2026-04-13 23:15:00,4763.05,4763.47,4759.69,4760.52,447,15,0
2026-04-13 23:20:00,4760.5,4760.51,4757.68,4758.64,495,15,0
2026-04-13 23:25:00,4758.64,4758.83,4754.81,4755.41,632,15,0
2026-04-13 23:30:00,4755.41,4757.88,4754.5,4755.23,508,15,0
2026-04-13 23:35:00,4755.23,4760.1,4754.53,4759.82,469,15,0
2026-04-13 23:40:00,4759.82,4761.59,4759.29,4759.6,475,15,0
2026-04-13 23:45:00,4759.6,4761.71,4758.51,4758.53,436,15,0
2026-04-13 23:50:00,4758.53,4760.62,4756.75,4758.89,347,15,0
2026-04-13 23:55:00,4758.89,4758.91,4756.88,4757.59,474,15,0
2026-04-14 00:00:00,4757.79,4758.04,4751.58,4754.89,1084,15,0
2026-04-14 00:05:00,4754.92,4757.98,4753.79,4756.24,966,15,0
2026-04-14 00:10:00,4756.24,4760.59,4755.57,4759.56,922,15,0
2026-04-14 00:15:00,4759.56,4764.57,4759.56,4763.76,1002,15,0
2026-04-14 00:20:00,4763.76,4765.0,4761.42,4762.9,957,15,0
2026-04-14 00:25:00,4763.04,4766.75,4759.67,4762.47,999,15,0
2026-04-14 00:30:00,4762.47,4768.3,4761.5,4766.09,1071,15,0
2026-04-14 00:35:00,4766.09,4771.76,4765.45,4771.69,774,15,0
2026-04-14 00:40:00,4771.68,4776.2,4769.78,4770.49,1025,15,0
2026-04-14 00:45:00,4770.47,4771.98,4768.68,4770.8,661,15,0
2026-04-14 00:50:00,4770.79,4771.84,4769.01,4770.23,630,15,0
2026-04-14 00:55:00,4770.09,4772.1,4769.01,4769.89,661,15,0
2026-04-14 01:00:00,4769.89,4771.23,4762.53,4768.14,1805,15,0
2026-04-14 01:05:00,4768.14,4776.93,4767.85,4775.77,1484,15,0
2026-04-14 01:10:00,4775.69,4777.09,4770.91,4776.24,1452,15,0
2026-04-14 01:15:00,4776.36,4776.6,4771.28,4772.0,1462,15,0
2026-04-14 01:20:00,4771.95,4774.13,4769.89,4770.88,1505,15,0
2026-04-14 01:25:00,4770.96,4775.0,4770.51,4770.77,1541,15,0
2026-04-14 01:30:00,4770.8,4771.51,4764.51,4766.26,1464,15,0
2026-04-14 01:35:00,4766.26,4770.12,4765.17,4768.55,1282,15,0
2026-04-14 01:40:00,4768.55,4773.4,4768.33,4773.15,1321,15,0
2026-04-14 01:45:00,4773.15,4773.96,4767.34,4768.16,1195,15,0
2026-04-14 01:50:00,4768.23,4768.99,4764.34,4765.13,1021,15,0
2026-04-14 01:55:00,4765.13,4767.3,4761.87,4765.11,1164,15,0
2026-04-14 02:00:00,4765.14,4766.95,4763.14,4766.05,947,15,0
2026-04-14 02:05:00,4765.94,4771.3,4765.88,4769.1,1267,15,0
2026-04-14 02:10:00,4769.1,4770.69,4767.58,4768.02,999,15,0
2026-04-14 02:15:00,4768.02,4772.64,4767.59,4771.37,764,15,0
2026-04-14 02:20:00,4771.37,4771.5,4768.41,4769.57,444,15,0
2026-04-14 02:25:00,4769.5,4769.89,4768.68,4768.83,347,15,0
2026-04-14 02:30:00,4768.83,4768.9,4762.18,4767.42,1266,15,0
2026-04-14 02:35:00,4767.42,4769.77,4766.07,4768.22,1000,15,0
2026-04-14 02:40:00,4768.22,4772.84,4766.87,4772.36,1077,15,0
2026-04-14 02:45:00,4772.53,4776.92,4772.5,4776.06,1077,15,0
2026-04-14 02:50:00,4776.06,4777.2,4774.74,4774.75,952,15,0
2026-04-14 02:55:00,4774.75,4776.28,4773.35,4775.34,739,15,0
2026-04-14 03:00:00,4775.34,4775.72,4771.7,4772.66,725,15,0
2026-04-14 03:05:00,4772.67,4773.41,4768.39,4769.15,816,15,0
2026-04-14 03:10:00,4769.15,4771.06,4768.82,4769.29,816,15,0
2026-04-14 03:15:00,4769.29,4770.18,4766.7,4770.02,789,15,0
2026-04-14 03:20:00,4770.02,4771.55,4768.55,4768.68,673,15,0
2026-04-14 03:25:00,4768.68,4768.96,4766.12,4768.58,637,15,0
2026-04-14 03:30:00,4768.58,4769.82,4765.84,4767.6,541,15,0
2026-04-14 03:35:00,4767.6,4767.64,4766.52,4766.87,766,15,0
2026-04-14 03:40:00,4766.87,4768.82,4765.67,4767.79,607,15,0
2026-04-14 03:45:00,4767.79,4771.5,4767.65,4771.5,361,15,0
2026-04-14 03:50:00,4771.5,4772.05,4770.13,4771.53,612,15,0
2026-04-14 03:55:00,4771.53,4771.83,4767.5,4768.21,413,15,0
2026-04-14 04:00:00,4768.24,4770.57,4767.04,4768.21,457,15,0
2026-04-14 04:05:00,4768.21,4768.48,4767.71,4768.08,415,15,0
2026-04-14 04:10:00,4768.08,4769.15,4767.95,4768.77,295,15,0
2026-04-14 04:15:00,4768.77,4773.65,4768.57,4773.65,492,15,0
2026-04-14 04:20:00,4773.65,4775.39,4773.58,4774.61,688,15,0
2026-04-14 04:25:00,4774.59,4777.04,4774.35,4775.98,687,15,0
2026-04-14 04:30:00,4775.98,4776.4,4774.07,4774.18,686,15,0
2026-04-14 04:35:00,4774.18,4775.41,4771.46,4773.22,575,15,0
2026-04-14 04:40:00,4773.22,4773.58,4772.04,4773.46,380,15,0
2026-04-14 04:45:00,4773.46,4775.66,4772.66,4775.57,568,15,0
2026-04-14 04:50:00,4775.57,4775.96,4773.57,4774.58,453,15,0
2026-04-14 04:55:00,4774.58,4774.68,4773.66,4774.05,248,15,0
2026-04-14 05:00:00,4774.05,4774.21,4770.67,4772.58,508,15,0
2026-04-14 05:05:00,4772.58,4772.69,4767.08,4767.36,766,15,0
2026-04-14 05:10:00,4767.36,4768.21,4763.26,4765.46,1167,15,0
2026-04-14 05:15:00,4765.46,4767.48,4764.85,4766.71,818,15,0
2026-04-14 05:20:00,4766.71,4768.16,4764.78,4764.8,589,15,0
2026-04-14 05:25:00,4764.8,4764.94,4761.65,4764.74,945,15,0
2026-04-14 05:30:00,4764.74,4767.54,4760.46,4761.99,1380,15,0
2026-04-14 05:35:00,4762.0,4763.44,4758.3,4759.14,1296,15,0
2026-04-14 05:40:00,4759.19,4762.54,4757.92,4761.08,1355,15,0
2026-04-14 05:45:00,4761.07,4766.84,4759.23,4764.14,1042,15,0
2026-04-14 05:50:00,4764.14,4767.03,4761.58,4761.66,1097,15,0
2026-04-14 05:55:00,4761.64,4763.24,4759.78,4760.12,973,15,0
2026-04-14 06:00:00,4760.25,4767.0,4760.18,4764.67,1188,15,0
2026-04-14 06:05:00,4764.67,4769.88,4764.34,4769.61,1110,14,0
2026-04-14 06:10:00,4769.61,4769.62,4765.12,4765.95,697,15,0
2026-04-14 06:15:00,4765.95,4765.95,4763.45,4763.89,653,15,0
2026-04-14 06:20:00,4763.89,4767.41,4763.87,4764.99,590,15,0
2026-04-14 06:25:00,4764.99,4768.06,4764.49,4767.79,904,15,0
2026-04-14 06:30:00,4767.78,4768.08,4764.63,4765.17,872,15,0
2026-04-14 06:35:00,4765.16,4767.91,4764.3,4767.67,807,15,0
2026-04-14 06:40:00,4767.67,4770.51,4767.27,4769.57,777,15,0
2026-04-14 06:45:00,4769.57,4774.33,4768.84,4772.99,1024,15,0
2026-04-14 06:50:00,4772.99,4781.57,4771.01,4778.89,1202,15,0
2026-04-14 06:55:00,4778.89,4782.96,4778.64,4781.99,1475,15,0
2026-04-14 07:00:00,4782.17,4789.79,4781.05,4786.76,1580,15,0
2026-04-14 07:05:00,4786.76,4796.12,4786.6,4793.7,1638,15,0
2026-04-14 07:10:00,4793.7,4793.7,4786.13,4790.32,1469,15,0
2026-04-14 07:15:00,4790.32,4791.79,4784.42,4784.93,1206,15,0
2026-04-14 07:20:00,4784.93,4787.11,4772.19,4772.86,1412,15,0
2026-04-14 07:25:00,4772.79,4774.99,4767.99,4772.46,1452,15,0
2026-04-14 07:30:00,4772.64,4776.04,4772.3,4772.67,1000,15,0
2026-04-14 07:35:00,4772.67,4777.95,4771.93,4777.94,758,15,0
2026-04-14 07:40:00,4777.94,4779.84,4774.14,4777.95,893,15,0
2026-04-14 07:45:00,4777.95,4780.66,4777.34,4777.93,1020,15,0
2026-04-14 07:50:00,4777.74,4778.32,4774.09,4775.32,1068,15,0
2026-04-14 07:55:00,4775.32,4779.68,4773.84,4777.14,783,15,0
2026-04-14 08:00:00,4777.1,4778.15,4774.24,4777.98,862,15,0
2026-04-14 08:05:00,4777.87,4782.44,4777.79,4780.38,943,15,0
2026-04-14 08:10:00,4780.38,4781.71,4777.85,4780.4,1043,15,0
2026-04-14 08:15:00,4780.4,4781.13,4777.74,4779.82,953,15,0
2026-04-14 08:20:00,4779.82,4781.99,4775.87,4777.65,975,14,0
2026-04-14 08:25:00,4777.65,4786.66,4777.65,4786.07,834,15,0
2026-04-14 08:30:00,4786.07,4789.26,4785.14,4788.56,964,15,0
2026-04-14 08:35:00,4788.56,4789.98,4785.94,4787.93,900,15,0
2026-04-14 08:40:00,4787.93,4787.93,4782.7,4784.81,744,15,0
2026-04-14 08:45:00,4784.83,4785.81,4783.57,4784.7,722,15,0
2026-04-14 08:50:00,4784.7,4785.41,4781.76,4784.57,653,15,0
2026-04-14 08:55:00,4784.57,4786.9,4781.58,4786.9,600,15,0
2026-04-14 09:00:00,4786.93,4788.14,4784.91,4785.71,664,15,0
2026-04-14 09:05:00,4785.68,4786.11,4780.44,4785.59,786,15,0
2026-04-14 09:10:00,4785.61,4786.14,4783.65,4785.69,639,15,0
2026-04-14 09:15:00,4785.69,4787.37,4784.58,4785.16,536,15,0
2026-04-14 09:20:00,4785.16,4789.3,4783.35,4786.96,658,15,0
2026-04-14 09:25:00,4786.96,4786.96,4778.76,4778.77,761,15,0
2026-04-14 09:30:00,4778.82,4779.25,4771.64,4774.53,1212,15,0
2026-04-14 09:35:00,4774.53,4779.8,4773.88,4779.13,848,15,0
2026-04-14 09:40:00,4779.13,4779.55,4775.99,4778.37,600,15,0
2026-04-14 09:45:00,4778.37,4778.95,4772.92,4776.03,691,15,0
2026-04-14 09:50:00,4776.03,4778.66,4776.01,4777.44,654,15,0
2026-04-14 09:55:00,4777.44,4782.46,4777.41,4778.15,835,15,0
2026-04-14 10:00:00,4778.15,4782.23,4778.15,4779.87,754,15,0
2026-04-14 10:05:00,4779.87,4784.91,4779.87,4784.56,655,15,0
2026-04-14 10:10:00,4784.56,4784.87,4780.4,4782.36,573,15,0
2026-04-14 10:15:00,4782.36,4787.19,4781.62,4787.17,622,15,0
2026-04-14 10:20:00,4787.17,4788.18,4783.2,4784.16,590,15,0
2026-04-14 10:25:00,4784.16,4785.29,4780.36,4783.97,612,15,0
2026-04-14 10:30:00,4783.97,4784.6,4782.17,4784.35,750,15,0
2026-04-14 10:35:00,4784.35,4784.4,4756.35,4763.21,1135,15,0
2026-04-14 10:40:00,4763.21,4768.08,4757.01,4767.5,1332,15,0
2026-04-14 10:45:00,4767.51,4770.15,4767.14,4769.8,924,15,0
2026-04-14 10:50:00,4769.8,4772.44,4769.07,4770.65,860,15,0
2026-04-14 10:55:00,4770.69,4772.45,4768.35,4768.38,886,15,0
2026-04-14 11:00:00,4768.38,4771.67,4766.93,4771.49,1123,15,0
2026-04-14 11:05:00,4771.05,4777.09,4770.42,4776.07,983,15,0
2026-04-14 11:10:00,4776.07,4777.04,4775.45,4776.63,567,15,0
2026-04-14 11:15:00,4776.8,4777.98,4775.16,4777.07,626,15,0
2026-04-14 11:20:00,4777.07,4779.38,4776.65,4778.54,562,15,0
2026-04-14 11:25:00,4778.54,4783.03,4777.92,4778.16,693,15,0
2026-04-14 11:30:00,4778.16,4778.55,4773.26,4773.81,874,15,0
2026-04-14 11:35:00,4773.81,4778.03,4773.39,4777.82,645,15,0
2026-04-14 11:40:00,4777.82,4779.91,4776.81,4778.25,757,15,0
2026-04-14 11:45:00,4778.25,4779.07,4775.17,4775.37,536,15,0
2026-04-14 11:50:00,4775.32,4775.68,4772.03,4773.45,712,15,0
2026-04-14 11:55:00,4773.45,4782.81,4770.58,4774.93,1192,15,0
2026-04-14 12:00:00,4775.0,4777.37,4773.8,4774.67,1280,15,0
2026-04-14 12:05:00,4774.67,4777.66,4774.28,4775.01,851,15,0
2026-04-14 12:10:00,4774.91,4775.23,4769.08,4769.94,1018,15,0
2026-04-14 12:15:00,4769.94,4772.82,4766.07,4770.87,1126,15,0
2026-04-14 12:20:00,4770.87,4770.96,4762.79,4766.31,1258,15,0
2026-04-14 12:25:00,4766.24,4770.58,4765.37,4769.4,1213,15,0
2026-04-14 12:30:00,4769.0,4776.31,4768.42,4775.57,1676,15,0
2026-04-14 12:35:00,4775.5,4776.32,4769.38,4773.48,1327,15,0
2026-04-14 12:40:00,4773.48,4776.29,4768.72,4768.96,1267,15,0
2026-04-14 12:45:00,4769.16,4773.77,4766.26,4772.71,1024,15,0
2026-04-14 12:50:00,4772.71,4773.33,4762.34,4764.55,1507,15,0
2026-04-14 12:55:00,4764.61,4771.77,4764.08,4771.5,1183,15,0
2026-04-14 13:00:00,4771.49,4778.24,4771.21,4777.68,1774,15,0
2026-04-14 13:05:00,4777.71,4778.08,4773.82,4776.87,1388,15,0
2026-04-14 13:10:00,4776.87,4782.11,4776.87,4781.96,1153,15,0
2026-04-14 13:15:00,4781.94,4787.73,4781.11,4787.51,1381,15,0
2026-04-14 13:20:00,4787.51,4792.44,4786.6,4791.58,1651,15,0
2026-04-14 13:25:00,4791.58,4791.58,4781.87,4782.98,1705,15,0
2026-04-14 13:30:00,4782.96,4794.12,4780.24,4794.03,2207,15,0
2026-04-14 13:35:00,4794.0,4802.84,4788.8,4789.32,2232,15,0
2026-04-14 13:40:00,4789.32,4793.38,4786.63,4793.26,2067,15,0
2026-04-14 13:45:00,4793.16,4794.82,4790.43,4794.06,1881,15,0
2026-04-14 13:50:00,4794.08,4795.87,4789.08,4792.87,1719,15,0
2026-04-14 13:55:00,4793.14,4796.4,4790.35,4794.47,1617,15,0
2026-04-14 14:00:00,4794.71,4803.56,4794.71,4795.33,2106,15,0
2026-04-14 14:05:00,4795.36,4802.36,4792.86,4801.94,1789,15,0
2026-04-14 14:10:00,4801.94,4802.52,4793.98,4794.75,1786,15,0
2026-04-14 14:15:00,4794.75,4806.36,4794.75,4804.55,1731,15,0
2026-04-14 14:20:00,4804.52,4805.06,4798.74,4800.96,1776,15,0
2026-04-14 14:25:00,4801.09,4810.53,4799.88,4809.27,1588,15,0
2026-04-14 14:30:00,4809.3,4816.04,4806.44,4813.43,1735,15,0
2026-04-14 14:35:00,4813.59,4818.01,4801.78,4804.18,1548,15,0
2026-04-14 14:40:00,4804.3,4804.52,4798.43,4798.63,1834,15,0
2026-04-14 14:45:00,4798.66,4801.03,4795.37,4799.72,1746,15,0
2026-04-14 14:50:00,4799.72,4801.84,4796.52,4801.84,1519,15,0
2026-04-14 14:55:00,4801.79,4806.63,4801.41,4803.98,1380,15,0
2026-04-14 15:00:00,4803.97,4804.04,4795.91,4796.27,1709,15,0
2026-04-14 15:05:00,4796.25,4798.12,4791.8,4792.85,1777,15,0
2026-04-14 15:10:00,4792.85,4797.83,4791.16,4794.65,1484,15,0
2026-04-14 15:15:00,4794.65,4800.91,4793.11,4800.7,1307,15,0
2026-04-14 15:20:00,4800.7,4805.87,4799.5,4803.47,1669,15,0
2026-04-14 15:25:00,4803.56,4805.0,4800.75,4802.54,1440,14,0
2026-04-14 15:30:00,4802.56,4810.43,4802.54,4807.18,1446,14,0
2026-04-14 15:35:00,4807.39,4813.69,4807.39,4812.0,1212,15,0
2026-04-14 15:40:00,4811.77,4812.07,4807.3,4809.31,1306,15,0
2026-04-14 15:45:00,4809.41,4811.56,4807.4,4808.72,1308,15,0
2026-04-14 15:50:00,4808.72,4816.22,4808.18,4810.29,1347,15,0
2026-04-14 15:55:00,4810.29,4811.21,4806.77,4808.26,1124,15,0
2026-04-14 16:00:00,4808.25,4812.97,4805.0,4811.72,1165,15,0
2026-04-14 16:05:00,4811.8,4814.16,4808.87,4810.93,1053,15,0
2026-04-14 16:10:00,4810.87,4811.14,4807.42,4809.59,921,15,0
2026-04-14 16:15:00,4809.59,4816.84,4807.21,4816.07,1091,15,0
2026-04-14 16:20:00,4816.07,4817.58,4810.05,4816.62,1351,15,0
2026-04-14 16:25:00,4816.62,4819.37,4815.22,4816.42,1181,14,0
2026-04-14 16:30:00,4816.42,4820.3,4815.0,4815.81,1187,15,0
2026-04-14 16:35:00,4815.7,4817.01,4813.56,4816.27,968,15,0
2026-04-14 16:40:00,4816.27,4817.88,4814.2,4815.21,753,15,0
2026-04-14 16:45:00,4815.38,4815.44,4810.93,4814.89,1010,15,0
2026-04-14 16:50:00,4814.9,4818.3,4812.75,4813.71,1297,15,0
2026-04-14 16:55:00,4813.71,4813.88,4809.07,4810.09,1180,15,0
2026-04-14 17:00:00,4810.09,4817.41,4809.47,4815.13,1138,15,0
2026-04-14 17:05:00,4815.13,4832.95,4815.02,4829.32,1574,15,0
2026-04-14 17:10:00,4829.29,4833.69,4827.08,4827.15,1106,15,0
2026-04-14 17:15:00,4827.15,4828.11,4825.14,4827.41,891,15,0
2026-04-14 17:20:00,4827.41,4831.05,4826.21,4830.86,1214,15,0
2026-04-14 17:25:00,4830.83,4831.81,4824.69,4825.51,1197,15,0
2026-04-14 17:30:00,4825.58,4833.98,4825.01,4831.71,1051,15,0
2026-04-14 17:35:00,4831.71,4839.91,4830.5,4837.8,933,15,0
2026-04-14 17:40:00,4837.79,4840.57,4836.56,4836.94,1189,15,0
2026-04-14 17:45:00,4836.96,4839.27,4836.01,4837.96,976,15,0
2026-04-14 17:50:00,4837.96,4839.69,4836.11,4836.55,895,15,0
2026-04-14 17:55:00,4836.54,4837.4,4834.29,4835.08,910,15,0
2026-04-14 18:00:00,4835.07,4837.25,4834.39,4837.05,972,15,0
2026-04-14 18:05:00,4837.05,4842.85,4836.12,4842.59,1017,15,0
2026-04-14 18:10:00,4842.59,4843.26,4835.9,4838.86,971,15,0
2026-04-14 18:15:00,4838.86,4839.98,4835.16,4835.69,939,15,0
2026-04-14 18:20:00,4835.69,4837.17,4833.19,4835.32,1418,15,0
2026-04-14 18:25:00,4835.32,4839.66,4834.46,4837.8,1304,15,0
2026-04-14 18:30:00,4837.8,4838.6,4836.23,4836.49,984,15,0
2026-04-14 18:35:00,4836.45,4839.14,4836.45,4837.68,1008,15,0
2026-04-14 18:40:00,4837.68,4838.51,4834.08,4834.48,876,15,0
2026-04-14 18:45:00,4834.48,4835.51,4832.97,4833.57,712,15,0
2026-04-14 18:50:00,4833.57,4834.23,4830.92,4833.94,724,15,0
2026-04-14 18:55:00,4833.94,4836.45,4833.94,4835.66,570,15,0
2026-04-14 19:00:00,4835.7,4841.54,4835.7,4841.15,826,15,0
2026-04-14 19:05:00,4841.12,4841.55,4839.52,4841.52,649,15,0
2026-04-14 19:10:00,4841.52,4842.53,4840.58,4840.99,610,15,0
2026-04-14 19:15:00,4840.98,4842.33,4838.67,4839.32,694,15,0
2026-04-14 19:20:00,4839.32,4841.99,4839.32,4839.86,789,15,0
2026-04-14 19:25:00,4839.86,4841.15,4838.65,4840.76,662,15,0
2026-04-14 19:30:00,4840.68,4843.6,4839.33,4839.92,782,15,0
2026-04-14 19:35:00,4839.92,4842.48,4838.67,4842.07,1018,15,0
2026-04-14 19:40:00,4842.07,4842.73,4840.18,4840.99,821,15,0
2026-04-14 19:45:00,4841.06,4843.19,4839.97,4843.02,840,15,0
2026-04-14 19:50:00,4843.15,4843.91,4841.02,4841.12,1161,15,0
2026-04-14 19:55:00,4841.18,4846.28,4840.94,4844.9,1632,15,0
2026-04-14 20:00:00,4844.96,4846.05,4842.55,4843.24,581,15,0
2026-04-14 20:05:00,4843.27,4844.42,4842.15,4843.59,408,28,0
2026-04-14 20:10:00,4843.59,4843.77,4841.91,4842.77,343,28,0
2026-04-14 20:15:00,4842.77,4843.31,4839.42,4840.84,253,28,0
2026-04-14 20:20:00,4840.84,4841.61,4839.61,4841.55,300,28,0
2026-04-14 20:25:00,4841.55,4841.55,4839.66,4840.4,275,28,0
2026-04-14 20:30:00,4840.4,4841.17,4839.96,4840.12,264,28,0
2026-04-14 20:35:00,4840.12,4841.21,4840.02,4840.02,288,28,0
2026-04-14 20:40:00,4840.02,4843.04,4839.8,4842.21,372,28,0
2026-04-14 20:45:00,4842.21,4843.28,4841.24,4841.63,438,28,0
2026-04-14 20:50:00,4841.59,4842.07,4840.38,4841.86,387,28,0
2026-04-14 20:55:00,4841.86,4842.09,4840.36,4841.68,337,28,0
2026-04-14 22:00:00,4840.49,4850.51,4837.75,4848.94,908,28,0
2026-04-14 22:05:00,4848.87,4850.66,4845.9,4847.57,672,28,0
2026-04-14 22:10:00,4847.57,4847.84,4843.82,4844.7,500,28,0
2026-04-14 22:15:00,4844.7,4846.99,4837.37,4837.44,632,28,0
2026-04-14 22:20:00,4837.0,4842.56,4836.22,4842.34,699,28,0
2026-04-14 22:25:00,4842.34,4842.96,4839.51,4840.04,444,28,0
2026-04-14 22:30:00,4840.02,4843.1,4837.48,4838.84,586,28,0
2026-04-14 22:35:00,4838.84,4841.17,4838.4,4839.69,428,28,0
2026-04-14 22:40:00,4839.69,4841.41,4838.98,4840.18,379,28,0
2026-04-14 22:45:00,4840.18,4840.31,4837.65,4837.71,306,28,0
2026-04-14 22:50:00,4837.71,4838.73,4834.78,4836.03,553,28,0
2026-04-14 22:55:00,4836.03,4836.49,4833.12,4834.92,625,28,0
2026-04-14 23:00:00,4834.88,4838.25,4833.54,4837.3,555,28,0
2026-04-14 23:05:00,4837.3,4844.34,4837.2,4839.36,551,28,0
2026-04-14 23:10:00,4839.36,4839.98,4835.83,4837.12,586,15,0
2026-04-14 23:15:00,4837.11,4839.35,4835.15,4838.05,610,15,0
2026-04-14 23:20:00,4838.05,4838.98,4836.64,4838.35,583,15,0
2026-04-14 23:25:00,4838.35,4838.57,4834.93,4836.05,575,15,0
2026-04-14 23:30:00,4836.05,4841.83,4835.25,4841.15,532,15,0
2026-04-14 23:35:00,4841.15,4843.0,4838.61,4842.29,1014,15,0
2026-04-14 23:40:00,4842.28,4842.57,4837.99,4842.39,744,15,0
2026-04-14 23:45:00,4842.38,4844.05,4841.42,4841.85,660,15,0
2026-04-14 23:50:00,4841.85,4842.28,4838.14,4838.87,535,15,0
2026-04-14 23:55:00,4838.87,4839.84,4836.44,4837.27,722,15,0
2026-04-15 00:00:00,4837.35,4838.97,4832.81,4838.3,1202,15,0
2026-04-15 00:05:00,4838.3,4840.06,4834.04,4834.6,909,15,0
2026-04-15 00:10:00,4834.6,4835.5,4831.57,4833.81,802,15,0
2026-04-15 00:15:00,4833.81,4833.84,4828.83,4832.9,964,15,0
2026-04-15 00:20:00,4832.86,4836.06,4832.44,4835.9,745,15,0
2026-04-15 00:25:00,4835.9,4836.56,4828.74,4833.78,862,15,0
2026-04-15 00:30:00,4833.78,4833.81,4828.4,4830.82,675,15,0
2026-04-15 00:35:00,4830.82,4831.46,4827.09,4829.16,602,15,0
2026-04-15 00:40:00,4829.16,4830.32,4828.21,4830.06,572,15,0
2026-04-15 00:45:00,4830.06,4832.21,4829.26,4830.08,593,15,0
2026-04-15 00:50:00,4829.99,4831.71,4829.11,4830.86,669,15,0
2026-04-15 00:55:00,4830.86,4837.67,4830.84,4835.54,803,15,0
2026-04-15 01:00:00,4835.54,4837.94,4828.2,4834.44,1714,15,0
2026-04-15 01:05:00,4834.44,4841.0,4831.69,4840.85,1362,15,0
2026-04-15 01:10:00,4840.85,4852.53,4839.59,4850.19,1702,15,0
2026-04-15 01:15:00,4850.19,4871.3,4848.15,4863.96,1911,15,0
2026-04-15 01:20:00,4864.01,4865.4,4842.17,4843.43,1940,15,0
2026-04-15 01:25:00,4843.43,4854.4,4843.43,4850.93,1594,15,0
2026-04-15 01:30:00,4850.9,4850.95,4845.15,4848.13,1516,15,0
2026-04-15 01:35:00,4848.14,4849.33,4843.82,4845.6,1318,15,0
2026-04-15 01:40:00,4845.6,4851.41,4842.58,4843.66,1258,15,0
2026-04-15 01:45:00,4843.66,4846.31,4839.85,4844.37,1412,15,0
2026-04-15 01:50:00,4844.37,4847.91,4843.68,4844.68,1079,15,0
2026-04-15 01:55:00,4844.68,4849.06,4842.84,4847.16,988,15,0
2026-04-15 02:00:00,4846.97,4849.26,4845.35,4848.25,1080,15,0
2026-04-15 02:05:00,4848.15,4853.3,4847.6,4850.9,1122,15,0
2026-04-15 02:10:00,4850.93,4851.25,4844.77,4845.24,1356,15,0
2026-04-15 02:15:00,4845.24,4846.03,4841.65,4842.62,910,15,0
2026-04-15 02:20:00,4842.72,4843.36,4835.86,4837.21,971,15,0
2026-04-15 02:25:00,4837.21,4837.3,4832.45,4834.81,692,15,0
2026-04-15 02:30:00,4834.85,4835.48,4824.91,4827.36,1823,15,0
2026-04-15 02:35:00,4827.36,4830.04,4821.66,4829.46,1691,15,0
2026-04-15 02:40:00,4829.46,4831.04,4825.7,4828.49,1375,15,0
2026-04-15 02:45:00,4828.49,4830.57,4825.49,4827.65,1245,15,0
2026-04-15 02:50:00,4827.73,4829.97,4822.45,4824.13,1414,15,0
2026-04-15 02:55:00,4824.15,4826.14,4820.61,4823.94,1333,15,0
2026-04-15 03:00:00,4823.91,4825.21,4816.97,4817.29,1280,15,0
2026-04-15 03:05:00,4817.29,4820.9,4816.74,4818.97,1443,15,0
2026-04-15 03:10:00,4818.97,4823.22,4818.13,4820.9,1203,15,0
2026-04-15 03:15:00,4820.9,4826.44,4820.5,4826.01,866,15,0
2026-04-15 03:20:00,4826.01,4826.04,4822.14,4822.86,789,15,0
2026-04-15 03:25:00,4822.86,4828.11,4822.56,4826.48,734,15,0
2026-04-15 03:30:00,4826.43,4828.53,4826.1,4826.23,636,15,0
2026-04-15 03:35:00,4826.23,4828.81,4826.19,4827.91,443,15,0
2026-04-15 03:40:00,4827.91,4828.83,4825.67,4828.63,402,15,0
2026-04-15 03:45:00,4828.64,4829.76,4826.31,4827.03,566,15,0
2026-04-15 03:50:00,4827.03,4828.87,4826.02,4826.82,541,15,0
2026-04-15 03:55:00,4826.82,4828.15,4823.95,4823.99,600,15,0
2026-04-15 04:00:00,4823.99,4823.99,4820.43,4821.37,652,15,0
2026-04-15 04:05:00,4821.37,4823.85,4820.57,4823.48,470,15,0
2026-04-15 04:10:00,4823.48,4826.49,4823.48,4825.57,483,15,0
2026-04-15 04:15:00,4825.57,4826.83,4822.66,4823.17,484,15,0
2026-04-15 04:20:00,4823.17,4824.96,4821.24,4824.35,452,15,0
2026-04-15 04:25:00,4824.35,4825.77,4822.99,4824.86,273,15,0
2026-04-15 04:30:00,4824.86,4827.23,4824.6,4827.12,254,15,0
2026-04-15 04:35:00,4827.12,4827.97,4824.47,4825.54,449,15,0
2026-04-15 04:40:00,4825.54,4825.71,4823.32,4823.54,442,15,0
2026-04-15 04:45:00,4823.54,4825.82,4821.57,4825.75,411,15,0
2026-04-15 04:50:00,4825.73,4826.05,4824.18,4825.38,406,15,0
2026-04-15 04:55:00,4825.38,4826.12,4823.71,4824.95,415,15,0
2026-04-15 05:00:00,4824.96,4828.63,4824.2,4825.2,930,15,0
2026-04-15 05:05:00,4825.2,4827.63,4822.86,4825.36,829,15,0
2026-04-15 05:10:00,4825.36,4827.88,4824.73,4826.95,723,15,0
2026-04-15 05:15:00,4826.95,4830.66,4826.29,4830.27,552,15,0
2026-04-15 05:20:00,4830.27,4830.27,4824.58,4825.47,756,15,0
2026-04-15 05:25:00,4825.29,4828.99,4824.76,4826.31,661,15,0
2026-04-15 05:30:00,4826.28,4828.1,4822.58,4827.3,1371,15,0
2026-04-15 05:35:00,4827.3,4827.3,4813.57,4820.21,1615,15,0
2026-04-15 05:40:00,4820.18,4821.11,4812.7,4816.9,1509,15,0
2026-04-15 05:45:00,4816.91,4819.93,4814.25,4817.4,1129,15,0
2026-04-15 05:50:00,4817.4,4822.1,4815.19,4821.36,1342,15,0
2026-04-15 05:55:00,4821.36,4823.71,4819.46,4819.68,1376,15,0
2026-04-15 06:00:00,4819.68,4825.0,4819.62,4821.24,1061,15,0
2026-04-15 06:05:00,4821.24,4821.45,4816.67,4817.67,1132,14,0
2026-04-15 06:10:00,4817.67,4820.88,4816.69,4819.2,1232,15,0
2026-04-15 06:15:00,4819.2,4819.72,4816.27,4817.0,1019,15,0
2026-04-15 06:20:00,4816.62,4817.57,4813.57,4814.87,967,15,0
2026-04-15 06:25:00,4814.87,4817.07,4813.71,4814.72,934,15,0
2026-04-15 06:30:00,4814.69,4817.41,4811.32,4814.03,1092,15,0
2026-04-15 06:35:00,4814.05,4817.9,4812.15,4816.0,968,15,0
2026-04-15 06:40:00,4815.95,4816.53,4813.63,4816.07,928,15,0
2026-04-15 06:45:00,4816.07,4822.14,4815.36,4820.37,998,15,0
2026-04-15 06:50:00,4820.42,4820.49,4813.67,4814.82,1056,15,0
2026-04-15 06:55:00,4814.89,4814.89,4811.19,4811.61,1145,15,0
2026-04-15 07:00:00,4811.59,4813.65,4803.94,4808.96,1359,15,0
2026-04-15 07:05:00,4808.96,4812.33,4806.68,4809.44,986,15,0
2026-04-15 07:10:00,4809.35,4816.95,4808.44,4815.81,947,15,0
2026-04-15 07:15:00,4815.83,4816.15,4810.0,4812.47,942,15,0
2026-04-15 07:20:00,4812.54,4814.24,4809.79,4809.92,883,15,0
2026-04-15 07:25:00,4809.92,4812.98,4805.59,4812.98,1002,15,0
2026-04-15 07:30:00,4812.98,4814.57,4808.77,4811.76,819,15,0
2026-04-15 07:35:00,4811.76,4815.99,4811.73,4813.29,805,15,0
2026-04-15 07:40:00,4813.29,4814.28,4809.29,4810.38,779,15,0
2026-04-15 07:45:00,4810.37,4810.39,4806.01,4808.06,962,15,0
2026-04-15 07:50:00,4808.07,4810.81,4807.09,4810.17,797,15,0
2026-04-15 07:55:00,4810.17,4812.94,4808.87,4811.16,823,15,0
2026-04-15 08:00:00,4810.97,4811.66,4806.67,4811.63,1073,15,0
2026-04-15 08:05:00,4811.63,4812.73,4808.11,4808.67,710,15,0
2026-04-15 08:10:00,4808.67,4811.56,4804.67,4811.56,872,15,0
2026-04-15 08:15:00,4811.56,4813.19,4810.5,4811.91,796,15,0
2026-04-15 08:20:00,4811.91,4812.11,4808.26,4810.09,725,14,0
2026-04-15 08:25:00,4810.09,4814.39,4805.97,4809.92,1016,15,0
2026-04-15 08:30:00,4809.88,4811.94,4805.33,4809.57,915,15,0
2026-04-15 08:35:00,4809.57,4811.36,4807.34,4809.8,806,15,0
2026-04-15 08:40:00,4809.8,4812.99,4808.79,4810.51,680,15,0
2026-04-15 08:45:00,4810.51,4812.12,4809.88,4811.5,809,15,0
2026-04-15 08:50:00,4811.5,4815.32,4810.73,4814.56,815,15,0
2026-04-15 08:55:00,4814.56,4819.19,4814.18,4818.42,799,15,0
2026-04-15 09:00:00,4818.42,4819.59,4812.34,4815.19,1453,15,0
2026-04-15 09:05:00,4815.04,4815.24,4805.18,4806.08,1337,15,0
2026-04-15 09:10:00,4806.08,4807.56,4792.8,4804.98,1820,15,0
2026-04-15 09:15:00,4804.98,4806.77,4801.43,4806.41,1229,14,0
2026-04-15 09:20:00,4806.41,4807.41,4803.18,4804.39,1071,15,0
2026-04-15 09:25:00,4804.38,4804.42,4797.5,4798.01,1078,15,0
2026-04-15 09:30:00,4797.35,4803.87,4796.94,4798.4,1111,15,0
2026-04-15 09:35:00,4798.4,4800.9,4795.41,4796.56,887,15,0
2026-04-15 09:40:00,4796.56,4800.37,4796.08,4796.18,1020,15,0
2026-04-15 09:45:00,4796.18,4796.74,4787.31,4795.35,1267,15,0
2026-04-15 09:50:00,4795.28,4798.79,4792.52,4798.58,984,15,0
2026-04-15 09:55:00,4798.56,4800.46,4794.58,4798.2,856,15,0
2026-04-15 10:00:00,4798.2,4798.92,4795.49,4795.66,956,15,0
2026-04-15 10:05:00,4795.66,4802.66,4795.62,4801.69,970,15,0
2026-04-15 10:10:00,4801.69,4803.18,4800.93,4801.4,744,15,0
2026-04-15 10:15:00,4801.39,4801.5,4793.59,4795.03,1539,15,0
2026-04-15 10:20:00,4795.02,4798.25,4792.59,4794.39,1303,15,0
2026-04-15 10:25:00,4794.3,4795.47,4790.36,4795.2,1220,15,0
2026-04-15 10:30:00,4795.2,4798.88,4793.06,4794.41,1210,15,0
2026-04-15 10:35:00,4794.41,4796.83,4793.57,4796.27,1017,15,0
2026-04-15 10:40:00,4796.32,4800.7,4795.56,4800.26,1250,15,0
2026-04-15 10:45:00,4800.27,4805.31,4799.65,4800.91,1033,15,0
2026-04-15 10:50:00,4800.88,4804.52,4800.27,4803.49,767,15,0
2026-04-15 10:55:00,4803.49,4804.26,4799.87,4800.01,692,15,0
2026-04-15 11:00:00,4800.03,4800.03,4795.62,4798.31,812,15,0
2026-04-15 11:05:00,4798.28,4801.03,4798.15,4799.21,809,15,0
2026-04-15 11:10:00,4798.96,4804.49,4798.96,4802.51,953,15,0
2026-04-15 11:15:00,4802.51,4804.62,4799.88,4804.31,1097,15,0
2026-04-15 11:20:00,4804.31,4806.82,4803.59,4806.46,1052,15,0
2026-04-15 11:25:00,4806.46,4807.14,4804.89,4805.04,763,15,0
2026-04-15 11:30:00,4805.06,4808.68,4802.75,4803.1,1049,15,0
2026-04-15 11:35:00,4803.1,4806.54,4802.9,4804.13,695,15,0
2026-04-15 11:40:00,4804.13,4806.24,4802.76,4805.98,654,15,0
2026-04-15 11:45:00,4805.98,4810.73,4804.42,4809.35,1563,15,0
2026-04-15 11:50:00,4809.4,4814.37,4809.09,4814.19,1333,15,0
2026-04-15 11:55:00,4814.19,4815.09,4810.49,4812.71,1257,15,0
2026-04-15 12:00:00,4812.73,4814.33,4808.05,4809.45,1217,15,0
2026-04-15 12:05:00,4809.44,4813.27,4807.09,4813.07,1069,15,0
2026-04-15 12:10:00,4813.28,4814.18,4810.79,4814.06,1057,15,0
2026-04-15 12:15:00,4814.13,4816.28,4812.74,4814.15,905,15,0
2026-04-15 12:20:00,4814.15,4814.26,4810.25,4813.14,1129,15,0
2026-04-15 12:25:00,4813.24,4815.17,4810.68,4812.79,865,15,0
2026-04-15 12:30:00,4812.48,4816.19,4811.54,4813.06,950,15,0
2026-04-15 12:35:00,4813.59,4814.55,4810.67,4813.16,705,15,0
2026-04-15 12:40:00,4813.16,4814.38,4810.39,4811.69,794,15,0
2026-04-15 12:45:00,4811.69,4812.4,4808.39,4810.96,709,15,0
2026-04-15 12:50:00,4810.97,4813.91,4810.12,4812.58,768,15,0
2026-04-15 12:55:00,4812.58,4815.45,4811.11,4811.73,891,15,0
2026-04-15 13:00:00,4811.73,4816.41,4808.44,4811.78,1899,15,0
2026-04-15 13:05:00,4811.78,4815.64,4809.81,4814.05,1609,15,0
2026-04-15 13:10:00,4814.04,4815.14,4811.17,4813.93,1267,15,0
2026-04-15 13:15:00,4813.93,4814.72,4810.11,4813.52,1206,15,0
2026-04-15 13:20:00,4813.52,4819.54,4812.74,4816.8,1261,15,0
2026-04-15 13:25:00,4816.8,4822.06,4816.8,4821.86,1257,15,0
2026-04-15 13:30:00,4821.86,4822.35,4816.45,4818.98,2272,15,0
2026-04-15 13:35:00,4818.98,4825.37,4815.91,4823.61,2140,15,0
2026-04-15 13:40:00,4823.61,4825.01,4817.86,4820.56,1881,15,0
2026-04-15 13:45:00,4820.53,4825.67,4820.1,4825.33,1891,15,0
2026-04-15 13:50:00,4825.43,4827.4,4821.8,4825.56,1764,15,0
2026-04-15 13:55:00,4825.63,4830.18,4824.26,4828.8,1626,15,0
2026-04-15 14:00:00,4828.81,4829.77,4821.52,4826.1,1643,15,0
2026-04-15 14:05:00,4826.1,4827.64,4824.12,4824.71,1493,15,0
2026-04-15 14:10:00,4824.71,4829.04,4824.21,4828.6,1399,14,0
2026-04-15 14:15:00,4828.6,4830.42,4824.59,4824.59,1351,15,0
2026-04-15 14:20:00,4824.59,4827.39,4823.11,4825.87,1540,15,0
2026-04-15 14:25:00,4825.87,4827.21,4822.38,4825.16,1548,15,0
2026-04-15 14:30:00,4825.24,4825.6,4817.56,4818.98,1705,15,0
2026-04-15 14:35:00,4818.96,4822.11,4815.6,4816.32,1633,15,0
2026-04-15 14:40:00,4816.32,4821.41,4816.32,4819.24,1480,15,0
2026-04-15 14:45:00,4819.27,4819.44,4815.37,4816.2,1547,15,0
2026-04-15 14:50:00,4816.34,4818.72,4813.34,4814.68,1619,15,0
2026-04-15 14:55:00,4814.68,4818.51,4814.41,4815.45,1372,15,0
2026-04-15 15:00:00,4815.45,4816.13,4809.63,4810.22,1418,15,0
2026-04-15 15:05:00,4810.22,4810.82,4800.24,4807.15,1684,15,0
2026-04-15 15:10:00,4807.14,4812.38,4804.76,4810.21,1681,15,0
2026-04-15 15:15:00,4810.21,4810.91,4803.75,4809.09,1626,15,0
2026-04-15 15:20:00,4809.09,4809.69,4802.84,4805.29,1364,15,0
2026-04-15 15:25:00,4805.29,4806.43,4798.83,4799.5,1385,15,0
2026-04-15 15:30:00,4798.36,4799.98,4787.03,4795.43,2068,15,0
2026-04-15 15:35:00,4795.53,4803.64,4795.32,4800.83,1686,15,0
2026-04-15 15:40:00,4800.85,4806.38,4800.85,4803.56,1372,15,0
2026-04-15 15:45:00,4803.56,4807.72,4802.19,4802.59,1254,15,0
2026-04-15 15:50:00,4802.6,4806.64,4802.6,4805.35,1053,15,0
2026-04-15 15:55:00,4805.35,4805.73,4799.4,4801.77,1336,15,0
2026-04-15 16:00:00,4801.81,4807.62,4800.55,4804.36,1283,15,0
2026-04-15 16:05:00,4804.36,4808.07,4803.53,4807.27,1100,15,0
2026-04-15 16:10:00,4807.27,4810.57,4806.03,4808.54,907,15,0
2026-04-15 16:15:00,4808.54,4810.59,4805.2,4806.77,1056,15,0
2026-04-15 16:20:00,4806.77,4810.54,4806.77,4808.04,1112,15,0
2026-04-15 16:25:00,4808.05,4812.8,4807.22,4811.2,1003,15,0
2026-04-15 16:30:00,4811.23,4811.91,4807.59,4809.51,1329,15,0
2026-04-15 16:35:00,4809.46,4811.96,4806.71,4806.98,911,15,0
2026-04-15 16:40:00,4806.95,4809.59,4802.91,4804.67,1574,15,0
2026-04-15 16:45:00,4804.67,4807.28,4803.19,4805.67,1327,15,0
2026-04-15 16:50:00,4805.66,4807.33,4800.19,4802.02,1303,15,0
2026-04-15 16:55:00,4802.08,4805.76,4801.46,4803.97,1237,15,0
2026-04-15 17:00:00,4803.87,4804.97,4800.76,4800.85,1136,15,0
2026-04-15 17:05:00,4800.85,4803.07,4799.6,4802.67,994,15,0
2026-04-15 17:10:00,4802.63,4803.21,4798.07,4798.21,976,15,0
2026-04-15 17:15:00,4798.21,4802.57,4798.21,4801.24,812,15,0
2026-04-15 17:20:00,4801.24,4807.31,4801.22,4806.32,1105,15,0
2026-04-15 17:25:00,4806.32,4808.8,4800.15,4801.89,1275,15,0
2026-04-15 17:30:00,4801.7,4802.8,4797.49,4800.55,1072,15,0
2026-04-15 17:35:00,4800.55,4802.4,4797.18,4797.25,1159,15,0
2026-04-15 17:40:00,4797.25,4797.74,4792.18,4793.48,1392,15,0
2026-04-15 17:45:00,4793.44,4795.86,4793.44,4794.87,1018,15,0
2026-04-15 17:50:00,4794.83,4795.34,4790.73,4793.36,975,15,0
2026-04-15 17:55:00,4793.36,4795.78,4791.69,4792.5,795,15,0
2026-04-15 18:00:00,4792.52,4800.83,4790.25,4796.2,1851,15,0
2026-04-15 18:05:00,4796.01,4798.17,4792.28,4793.98,1522,15,0
2026-04-15 18:10:00,4793.98,4797.46,4792.39,4797.07,1052,15,0
2026-04-15 18:15:00,4797.07,4798.77,4794.64,4795.41,1261,15,0
2026-04-15 18:20:00,4795.46,4796.66,4794.03,4794.63,1133,15,0
2026-04-15 18:25:00,4794.63,4795.28,4792.73,4794.72,1107,15,0
2026-04-15 18:30:00,4794.88,4798.41,4794.63,4797.75,1016,15,0
2026-04-15 18:35:00,4797.75,4797.83,4795.07,4796.69,886,15,0
2026-04-15 18:40:00,4796.69,4797.08,4794.62,4796.99,886,15,0
2026-04-15 18:45:00,4797.0,4799.16,4796.98,4798.74,644,15,0
2026-04-15 18:50:00,4798.74,4802.12,4796.94,4797.29,796,15,0
2026-04-15 18:55:00,4797.29,4801.61,4796.96,4799.65,981,15,0
2026-04-15 19:00:00,4799.66,4801.56,4798.07,4801.35,902,15,0
2026-04-15 19:05:00,4801.35,4803.5,4799.74,4802.11,833,15,0
2026-04-15 19:10:00,4802.11,4803.16,4798.76,4798.77,865,15,0
2026-04-15 19:15:00,4798.77,4801.29,4797.79,4801.24,798,15,0
2026-04-15 19:20:00,4801.24,4802.51,4800.03,4801.53,611,15,0
2026-04-15 19:25:00,4801.44,4803.16,4801.2,4802.95,714,15,0
2026-04-15 19:30:00,4802.91,4802.96,4800.8,4801.18,753,15,0
2026-04-15 19:35:00,4801.2,4801.64,4797.65,4798.27,847,15,0
2026-04-15 19:40:00,4798.27,4798.86,4795.4,4797.13,1099,15,0
2026-04-15 19:45:00,4797.0,4799.53,4796.27,4798.98,908,15,0
2026-04-15 19:50:00,4799.3,4801.54,4797.87,4798.85,1139,15,0
2026-04-15 19:55:00,4798.85,4799.8,4794.56,4795.82,1451,15,0
2026-04-15 20:00:00,4795.82,4796.59,4793.59,4794.12,576,15,0
2026-04-15 20:05:00,4794.12,4794.91,4792.76,4794.08,482,28,0
2026-04-15 20:10:00,4794.08,4795.22,4792.76,4793.79,343,28,0
2026-04-15 20:15:00,4793.73,4794.51,4793.32,4794.24,299,28,0
2026-04-15 20:20:00,4794.24,4795.96,4794.1,4794.33,402,28,0
2026-04-15 20:25:00,4794.33,4794.74,4793.7,4793.91,318,28,0
2026-04-15 20:30:00,4793.88,4793.88,4790.85,4792.11,316,28,0
2026-04-15 20:35:00,4792.11,4792.11,4790.13,4791.35,289,28,0
2026-04-15 20:40:00,4791.35,4791.45,4790.47,4790.78,227,28,0
2026-04-15 20:45:00,4790.78,4792.98,4788.12,4789.65,516,28,0
2026-04-15 20:50:00,4789.31,4790.42,4787.77,4788.3,404,28,0
2026-04-15 20:55:00,4788.22,4791.06,4787.86,4790.73,355,28,0
2026-04-15 22:00:00,4797.78,4799.32,4793.79,4798.29,587,28,0
2026-04-15 22:05:00,4798.25,4798.8,4794.5,4795.57,421,28,0
2026-04-15 22:10:00,4795.53,4795.8,4790.69,4791.88,502,28,0
2026-04-15 22:15:00,4791.88,4798.5,4791.78,4797.37,690,28,0
2026-04-15 22:20:00,4797.37,4802.33,4796.72,4800.84,850,28,0
2026-04-15 22:25:00,4800.84,4801.4,4798.47,4801.4,470,28,0
2026-04-15 22:30:00,4801.4,4803.67,4800.07,4801.18,605,28,0
2026-04-15 22:35:00,4801.18,4802.36,4799.31,4802.33,723,28,0
2026-04-15 22:40:00,4802.33,4802.39,4800.84,4801.62,347,28,0
2026-04-15 22:45:00,4801.62,4805.67,4801.39,4804.16,545,28,0
2026-04-15 22:50:00,4804.16,4810.69,4803.61,4810.4,612,28,0
2026-04-15 22:55:00,4810.4,4811.89,4807.37,4807.44,438,28,0
2026-04-15 23:00:00,4807.44,4809.96,4807.4,4809.43,401,28,0
2026-04-15 23:05:00,4809.43,4810.92,4808.38,4810.07,381,28,0
2026-04-15 23:10:00,4810.07,4813.26,4809.03,4812.77,393,15,0
2026-04-15 23:15:00,4812.77,4813.99,4812.47,4812.81,321,15,0
2026-04-15 23:20:00,4812.81,4815.76,4812.71,4815.41,402,15,0
2026-04-15 23:25:00,4815.41,4815.85,4814.12,4815.04,354,15,0
2026-04-15 23:30:00,4815.04,4820.91,4814.5,4820.12,683,15,0
2026-04-15 23:35:00,4820.12,4822.87,4819.67,4821.52,620,15,0
2026-04-15 23:40:00,4821.52,4824.12,4821.05,4823.07,567,15,0
2026-04-15 23:45:00,4823.07,4826.5,4822.98,4824.78,790,15,0
2026-04-15 23:50:00,4824.78,4826.63,4823.22,4823.5,685,15,0
2026-04-15 23:55:00,4823.51,4824.02,4821.99,4823.55,516,15,0
2026-04-16 00:00:00,4823.55,4831.12,4823.55,4828.86,1142,15,0
2026-04-16 00:05:00,4828.93,4831.19,4828.89,4830.58,629,15,0
2026-04-16 00:10:00,4830.58,4831.06,4829.15,4829.76,622,15,0
2026-04-16 00:15:00,4829.77,4831.05,4828.4,4829.67,869,15,0
2026-04-16 00:20:00,4829.67,4830.2,4825.07,4827.4,959,15,0
2026-04-16 00:25:00,4827.4,4829.03,4824.38,4824.87,802,15,0
2026-04-16 00:30:00,4824.84,4827.32,4820.98,4822.43,649,15,0
2026-04-16 00:35:00,4822.43,4828.72,4821.15,4827.73,583,15,0
2026-04-16 00:40:00,4827.73,4837.66,4827.62,4832.48,915,15,0
2026-04-16 00:45:00,4832.48,4836.19,4830.86,4835.83,670,15,0
2026-04-16 00:50:00,4835.97,4837.36,4832.83,4833.34,982,15,0
2026-04-16 00:55:00,4833.32,4834.63,4832.57,4833.18,773,15,0
2026-04-16 01:00:00,4833.16,4836.28,4829.51,4829.55,1725,15,0
2026-04-16 01:05:00,4829.55,4831.9,4828.76,4830.61,1248,15,0
2026-04-16 01:10:00,4830.61,4832.42,4829.48,4829.79,1113,15,0
2026-04-16 01:15:00,4829.71,4830.41,4825.16,4826.18,1127,15,0
2026-04-16 01:20:00,4826.17,4829.01,4825.24,4825.35,1000,15,0
2026-04-16 01:25:00,4825.35,4826.41,4822.86,4823.69,890,15,0
2026-04-16 01:30:00,4823.69,4825.69,4821.39,4821.71,994,15,0
2026-04-16 01:35:00,4821.69,4821.75,4812.87,4812.9,1366,15,0
2026-04-16 01:40:00,4812.9,4818.49,4811.26,4816.07,1249,15,0
2026-04-16 01:45:00,4816.07,4820.44,4815.63,4820.05,960,15,0
2026-04-16 01:50:00,4820.05,4822.21,4818.62,4820.6,894,15,0
2026-04-16 01:55:00,4820.55,4820.55,4817.46,4818.03,872,15,0
2026-04-16 02:00:00,4818.02,4822.05,4817.42,4821.11,1142,15,0
2026-04-16 02:05:00,4821.09,4823.28,4820.23,4822.47,815,15,0
2026-04-16 02:10:00,4822.47,4825.06,4821.3,4821.32,844,14,0
2026-04-16 02:15:00,4821.28,4822.74,4820.38,4822.41,682,15,0
2026-04-16 02:20:00,4822.44,4823.41,4820.84,4822.05,553,15,0
2026-04-16 02:25:00,4822.05,4822.07,4819.05,4819.15,445,15,0
2026-04-16 02:30:00,4819.15,4821.43,4814.08,4814.26,962,15,0
2026-04-16 02:35:00,4814.26,4817.07,4812.41,4817.06,1217,15,0
2026-04-16 02:40:00,4817.06,4819.61,4816.39,4817.29,804,15,0
2026-04-16 02:45:00,4817.32,4820.96,4815.56,4817.15,1011,15,0
2026-04-16 02:50:00,4817.15,4821.02,4816.99,4818.38,830,15,0
2026-04-16 02:55:00,4818.4,4820.61,4818.4,4819.73,669,15,0
2026-04-16 03:00:00,4819.56,4823.45,4819.15,4822.33,873,15,0
2026-04-16 03:05:00,4822.33,4826.41,4822.29,4825.9,918,15,0
2026-04-16 03:10:00,4825.9,4827.13,4825.19,4826.51,770,15,0
2026-04-16 03:15:00,4826.51,4826.64,4823.15,4823.75,674,15,0
2026-04-16 03:20:00,4823.75,4824.77,4822.47,4824.27,502,15,0
2026-04-16 03:25:00,4824.27,4824.69,4822.67,4823.74,529,15,0
2026-04-16 03:30:00,4823.74,4825.95,4822.62,4822.85,630,15,0
2026-04-16 03:35:00,4822.85,4823.04,4819.24,4819.5,453,15,0
2026-04-16 03:40:00,4819.48,4821.18,4819.2,4820.7,676,15,0
2026-04-16 03:45:00,4820.7,4825.2,4820.69,4824.83,501,15,0
2026-04-16 03:50:00,4824.83,4826.42,4823.96,4826.36,357,15,0
2026-04-16 03:55:00,4826.36,4826.62,4824.16,4824.17,373,15,0
2026-04-16 04:00:00,4824.17,4825.32,4823.48,4824.83,714,15,0
2026-04-16 04:05:00,4824.83,4826.03,4823.2,4824.14,637,15,0
2026-04-16 04:10:00,4824.14,4827.29,4823.0,4827.01,406,15,0
2026-04-16 04:15:00,4827.01,4830.17,4826.61,4827.23,495,15,0
2026-04-16 04:20:00,4827.23,4827.82,4826.34,4826.64,464,15,0
2026-04-16 04:25:00,4826.64,4827.87,4825.86,4826.44,405,15,0
2026-04-16 04:30:00,4826.44,4827.78,4825.15,4827.5,325,15,0
2026-04-16 04:35:00,4827.5,4831.37,4827.37,4829.56,537,15,0
2026-04-16 04:40:00,4829.56,4830.91,4829.41,4830.52,386,15,0
2026-04-16 04:45:00,4830.52,4831.11,4829.81,4830.45,294,15,0
2026-04-16 04:50:00,4830.45,4830.9,4829.59,4830.65,327,15,0
2026-04-16 04:55:00,4830.65,4833.51,4830.58,4833.17,414,15,0
2026-04-16 05:00:00,4833.18,4836.43,4832.86,4836.32,715,15,0
2026-04-16 05:05:00,4836.27,4838.45,4833.92,4835.39,809,15,0
2026-04-16 05:10:00,4835.37,4836.34,4833.87,4834.33,503,15,0
2026-04-16 05:15:00,4833.96,4836.2,4833.95,4835.64,440,15,0
2026-04-16 05:20:00,4835.64,4835.64,4832.6,4832.6,479,15,0
2026-04-16 05:25:00,4832.6,4833.92,4831.25,4833.15,587,15,0
2026-04-16 05:30:00,4833.1,4833.69,4826.35,4826.47,1281,15,0
2026-04-16 05:35:00,4826.47,4828.39,4825.25,4828.0,1383,15,0
2026-04-16 05:40:00,4828.02,4829.51,4824.67,4825.29,875,15,0
2026-04-16 05:45:00,4825.29,4828.85,4824.89,4827.55,1030,15,0
2026-04-16 05:50:00,4827.56,4829.37,4824.36,4826.28,1232,15,0
2026-04-16 05:55:00,4826.28,4826.28,4821.3,4821.39,1165,15,0
2026-04-16 06:00:00,4821.39,4828.04,4821.26,4824.06,1145,15,0
2026-04-16 06:05:00,4824.06,4826.05,4822.54,4824.2,914,14,0
2026-04-16 06:10:00,4824.2,4826.8,4822.27,4822.83,980,15,0
2026-04-16 06:15:00,4822.82,4825.49,4820.89,4824.53,893,15,0
2026-04-16 06:20:00,4824.63,4824.97,4817.5,4820.02,1199,15,0
2026-04-16 06:25:00,4820.01,4822.83,4814.67,4816.24,1239,15,0
2026-04-16 06:30:00,4816.35,4820.48,4814.94,4816.83,1162,15,0
2026-04-16 06:35:00,4817.05,4820.27,4816.76,4819.98,765,15,0
2026-04-16 06:40:00,4819.98,4825.05,4818.38,4824.22,1532,15,0
2026-04-16 06:45:00,4824.16,4829.73,4822.58,4828.75,1114,15,0
2026-04-16 06:50:00,4828.81,4830.68,4824.92,4828.54,1337,15,0
2026-04-16 06:55:00,4828.54,4829.89,4826.03,4826.14,1376,15,0
2026-04-16 07:00:00,4826.15,4829.92,4823.3,4829.07,1311,15,0
2026-04-16 07:05:00,4829.07,4830.38,4825.05,4830.27,1151,15,0
2026-04-16 07:10:00,4830.28,4830.99,4823.43,4825.03,1063,15,0
2026-04-16 07:15:00,4825.03,4829.7,4820.84,4821.26,1390,15,0
2026-04-16 07:20:00,4821.26,4824.87,4816.96,4824.42,972,15,0
2026-04-16 07:25:00,4824.42,4828.98,4824.3,4828.18,880,15,0
2026-04-16 07:30:00,4828.27,4828.71,4824.35,4827.43,838,15,0
2026-04-16 07:35:00,4827.43,4830.13,4826.88,4829.06,798,15,0
2026-04-16 07:40:00,4829.06,4830.18,4826.45,4827.49,691,15,0
2026-04-16 07:45:00,4827.49,4828.14,4823.19,4824.23,825,15,0
2026-04-16 07:50:00,4824.21,4826.26,4823.13,4824.19,814,15,0
2026-04-16 07:55:00,4824.18,4824.18,4819.33,4821.07,883,15,0
2026-04-16 08:00:00,4821.11,4822.0,4813.24,4814.33,1120,15,0
2026-04-16 08:05:00,4814.33,4814.33,4807.53,4810.9,1672,15,0
2026-04-16 08:10:00,4810.99,4814.72,4809.61,4811.81,1041,15,0
2026-04-16 08:15:00,4811.81,4814.83,4811.37,4811.72,974,15,0
2026-04-16 08:20:00,4811.56,4814.1,4810.81,4811.21,1011,15,0
2026-04-16 08:25:00,4811.21,4812.85,4809.64,4811.29,958,15,0
2026-04-16 08:30:00,4811.29,4811.5,4806.5,4808.15,925,15,0
2026-04-16 08:35:00,4808.15,4811.14,4807.44,4810.42,823,15,0
2026-04-16 08:40:00,4810.42,4813.56,4808.16,4812.03,765,15,0
2026-04-16 08:45:00,4812.03,4813.57,4810.24,4811.01,816,15,0
2026-04-16 08:50:00,4811.01,4811.54,4808.42,4811.41,917,15,0
2026-04-16 08:55:00,4811.41,4814.81,4809.35,4813.79,841,15,0
2026-04-16 09:00:00,4813.79,4815.67,4811.88,4815.22,951,15,0
2026-04-16 09:05:00,4815.16,4818.0,4815.02,4817.97,596,14,0
2026-04-16 09:10:00,4817.97,4818.03,4815.35,4816.17,531,15,0
2026-04-16 09:15:00,4816.17,4816.36,4813.6,4815.91,617,15,0
2026-04-16 09:20:00,4815.91,4817.1,4815.46,4815.58,658,15,0
2026-04-16 09:25:00,4815.58,4816.5,4811.45,4813.2,999,15,0
2026-04-16 09:30:00,4813.2,4813.24,4806.82,4811.2,975,15,0
2026-04-16 09:35:00,4811.22,4813.24,4809.5,4812.29,936,15,0
2026-04-16 09:40:00,4812.29,4815.01,4810.64,4814.71,946,15,0
2026-04-16 09:45:00,4814.71,4815.4,4812.23,4813.74,939,15,0
2026-04-16 09:50:00,4813.69,4814.32,4810.02,4812.15,1039,15,0
2026-04-16 09:55:00,4812.23,4813.35,4810.2,4812.83,1003,15,0
2026-04-16 10:00:00,4812.83,4815.54,4810.2,4812.58,1174,15,0
2026-04-16 10:05:00,4812.66,4814.38,4811.2,4811.8,651,15,0
2026-04-16 10:10:00,4811.79,4811.91,4807.01,4807.08,720,15,0
2026-04-16 10:15:00,4807.08,4808.45,4805.18,4807.98,764,15,0
2026-04-16 10:20:00,4807.98,4809.69,4807.89,4808.52,531,15,0
2026-04-16 10:25:00,4808.52,4810.21,4806.85,4807.08,692,15,0
2026-04-16 10:30:00,4807.08,4808.44,4805.22,4808.05,704,15,0
2026-04-16 10:35:00,4808.05,4810.51,4807.71,4810.06,863,15,0
2026-04-16 10:40:00,4810.09,4812.24,4808.18,4808.37,903,15,0
2026-04-16 10:45:00,4808.37,4810.1,4806.67,4809.63,988,15,0
2026-04-16 10:50:00,4809.63,4811.35,4808.81,4811.29,836,15,0
2026-04-16 10:55:00,4811.27,4817.24,4811.27,4817.2,1050,15,0
2026-04-16 11:00:00,4817.23,4820.2,4816.41,4819.95,903,15,0
2026-04-16 11:05:00,4819.95,4820.67,4816.46,4818.28,811,15,0
2026-04-16 11:10:00,4818.28,4819.69,4817.12,4817.62,826,15,0
2026-04-16 11:15:00,4817.68,4820.06,4817.09,4817.83,834,15,0
2026-04-16 11:20:00,4817.83,4819.28,4816.76,4817.49,789,15,0
2026-04-16 11:25:00,4817.48,4817.66,4815.51,4816.12,596,15,0
2026-04-16 11:30:00,4816.12,4819.85,4816.12,4818.76,718,15,0
2026-04-16 11:35:00,4818.78,4819.78,4817.2,4818.46,619,15,0
2026-04-16 11:40:00,4818.41,4818.41,4815.86,4817.75,686,15,0
2026-04-16 11:45:00,4817.75,4819.1,4816.09,4816.33,641,15,0
2026-04-16 11:50:00,4816.39,4819.83,4816.39,4818.3,714,15,0
2026-04-16 11:55:00,4818.24,4822.54,4817.04,4822.28,816,15,0
2026-04-16 12:00:00,4822.28,4823.16,4819.25,4819.61,998,15,0
2026-04-16 12:05:00,4819.61,4821.23,4815.83,4816.52,873,15,0
2026-04-16 12:10:00,4816.51,4817.52,4811.69,4817.51,1070,15,0
2026-04-16 12:15:00,4817.42,4818.61,4815.83,4817.94,798,15,0
2026-04-16 12:20:00,4818.25,4818.59,4814.25,4816.69,785,15,0
2026-04-16 12:25:00,4816.69,4818.32,4814.1,4815.3,630,15,0
2026-04-16 12:30:00,4815.35,4820.32,4812.13,4819.3,1120,15,0
2026-04-16 12:35:00,4819.3,4820.79,4813.5,4815.35,1096,15,0
2026-04-16 12:40:00,4815.35,4817.21,4813.7,4817.18,887,15,0
2026-04-16 12:45:00,4817.17,4817.86,4813.93,4814.89,965,15,0
2026-04-16 12:50:00,4814.89,4817.59,4814.82,4816.49,923,15,0
2026-04-16 12:55:00,4816.49,4819.16,4816.23,4816.25,758,15,0
2026-04-16 13:00:00,4816.28,4823.0,4816.28,4819.5,1472,15,0
2026-04-16 13:05:00,4819.5,4821.86,4814.76,4815.83,1282,15,0
2026-04-16 13:10:00,4815.83,4819.1,4814.11,4817.28,913,15,0
2026-04-16 13:15:00,4817.31,4819.89,4816.52,4818.37,873,15,0
2026-04-16 13:20:00,4818.37,4821.32,4816.0,4816.71,1191,15,0
2026-04-16 13:25:00,4816.71,4818.96,4815.18,4815.66,1128,15,0
2026-04-16 13:30:00,4815.66,4822.16,4812.76,4821.69,1829,15,0
2026-04-16 13:35:00,4821.69,4823.89,4817.29,4821.72,1995,15,0
2026-04-16 13:40:00,4821.72,4823.66,4813.3,4816.23,1893,15,0
2026-04-16 13:45:00,4816.26,4819.59,4809.39,4814.06,1921,15,0
2026-04-16 13:50:00,4814.05,4815.54,4790.56,4794.58,2265,15,0
2026-04-16 13:55:00,4794.58,4798.49,4785.94,4794.86,2585,15,0
2026-04-16 14:00:00,4794.54,4798.47,4788.11,4792.25,2374,15,0
2026-04-16 14:05:00,4792.24,4800.36,4785.3,4799.78,2386,15,0
2026-04-16 14:10:00,4799.78,4805.45,4798.94,4800.8,2004,15,0
2026-04-16 14:15:00,4800.92,4803.07,4794.01,4794.77,1915,15,0
2026-04-16 14:20:00,4794.76,4797.53,4791.0,4795.97,1962,15,0
2026-04-16 14:25:00,4795.97,4799.62,4793.77,4799.27,1718,15,0
2026-04-16 14:30:00,4799.56,4800.81,4793.67,4796.63,1755,15,0
2026-04-16 14:35:00,4796.45,4797.3,4790.04,4790.04,1756,15,0
2026-04-16 14:40:00,4790.04,4790.46,4773.1,4787.89,2182,15,0
2026-04-16 14:45:00,4787.87,4792.18,4785.79,4791.04,2070,15,0
2026-04-16 14:50:00,4790.84,4793.47,4787.17,4791.52,1966,15,0
2026-04-16 14:55:00,4791.37,4791.61,4785.56,4788.7,1800,15,0
2026-04-16 15:00:00,4788.7,4802.23,4788.29,4800.86,1871,15,0
2026-04-16 15:05:00,4800.87,4811.47,4799.18,4808.4,1990,15,0
2026-04-16 15:10:00,4808.37,4812.93,4805.84,4806.79,1578,15,0
2026-04-16 15:15:00,4806.79,4809.58,4802.72,4803.56,1464,15,0
2026-04-16 15:20:00,4803.58,4806.67,4803.06,4804.51,1261,15,0
2026-04-16 15:25:00,4804.51,4807.25,4801.85,4801.85,1274,15,0
2026-04-16 15:30:00,4801.54,4805.92,4800.05,4801.29,1572,15,0
2026-04-16 15:35:00,4801.29,4811.01,4798.16,4806.72,2088,15,0
2026-04-16 15:40:00,4806.73,4807.54,4800.33,4803.01,1816,15,0
2026-04-16 15:45:00,4803.0,4807.18,4800.91,4803.5,1608,15,0
2026-04-16 15:50:00,4803.5,4807.27,4803.47,4805.06,1233,15,0
2026-04-16 15:55:00,4805.06,4808.44,4803.87,4806.99,1201,15,0
2026-04-16 16:00:00,4807.09,4810.1,4805.94,4808.49,1196,15,0
2026-04-16 16:05:00,4808.49,4808.84,4805.99,4806.05,980,15,0
2026-04-16 16:10:00,4806.05,4807.38,4803.45,4805.05,1026,15,0
2026-04-16 16:15:00,4805.06,4805.97,4802.58,4804.34,984,15,0
2026-04-16 16:20:00,4804.34,4804.58,4797.82,4798.46,1016,15,0
2026-04-16 16:25:00,4798.46,4800.74,4796.86,4799.28,1024,15,0
2026-04-16 16:30:00,4799.28,4799.92,4786.66,4792.31,1692,14,0
2026-04-16 16:35:00,4792.31,4797.34,4791.36,4796.15,1904,15,0
2026-04-16 16:40:00,4796.21,4796.36,4788.28,4790.12,1796,15,0
2026-04-16 16:45:00,4790.11,4790.6,4785.17,4787.78,1693,15,0
2026-04-16 16:50:00,4787.84,4793.36,4787.23,4789.95,1598,15,0
2026-04-16 16:55:00,4789.97,4793.63,4789.91,4792.0,1298,15,0
2026-04-16 17:00:00,4792.03,4795.02,4789.88,4792.19,1580,15,0
2026-04-16 17:05:00,4792.18,4794.89,4790.8,4794.51,1475,15,0
2026-04-16 17:10:00,4794.51,4795.41,4789.84,4791.39,1475,15,0
2026-04-16 17:15:00,4791.4,4792.1,4788.67,4790.74,1620,15,0
2026-04-16 17:20:00,4790.74,4793.43,4789.63,4792.84,1324,15,0
2026-04-16 17:25:00,4792.84,4793.96,4784.83,4785.18,1476,15,0
2026-04-16 17:30:00,4785.26,4789.4,4783.75,4783.76,1302,15,0
2026-04-16 17:35:00,4784.19,4786.52,4781.47,4782.35,1611,15,0
2026-04-16 17:40:00,4782.35,4787.53,4781.93,4787.09,1184,15,0
2026-04-16 17:45:00,4787.09,4789.0,4784.89,4788.75,1085,15,0
2026-04-16 17:50:00,4788.73,4789.15,4786.63,4787.09,1049,15,0
2026-04-16 17:55:00,4787.11,4789.38,4782.49,4789.28,1712,15,0
2026-04-16 18:00:00,4789.28,4794.24,4785.7,4790.4,2035,15,0
2026-04-16 18:05:00,4790.56,4793.68,4789.22,4789.8,1740,15,0
2026-04-16 18:10:00,4789.8,4790.43,4787.64,4790.1,1435,15,0
2026-04-16 18:15:00,4790.11,4791.19,4788.51,4790.14,1327,15,0
2026-04-16 18:20:00,4790.14,4793.09,4789.5,4790.25,1242,15,0
2026-04-16 18:25:00,4790.25,4791.39,4786.79,4787.11,1441,15,0
2026-04-16 18:30:00,4787.16,4790.12,4786.72,4788.88,1262,15,0
2026-04-16 18:35:00,4788.88,4790.02,4787.8,4789.55,1132,15,0
2026-04-16 18:40:00,4789.55,4791.38,4788.59,4790.41,1002,15,0
2026-04-16 18:45:00,4790.41,4791.44,4789.0,4790.13,1013,15,0
2026-04-16 18:50:00,4790.13,4792.74,4788.7,4790.29,1120,15,0
2026-04-16 18:55:00,4790.29,4790.8,4788.26,4789.61,1149,15,0
2026-04-16 19:00:00,4789.61,4795.14,4789.61,4792.61,1064,15,0
2026-04-16 19:05:00,4792.62,4794.25,4791.54,4793.31,1005,15,0
2026-04-16 19:10:00,4793.36,4793.73,4789.47,4789.98,960,15,0
2026-04-16 19:15:00,4789.99,4793.65,4789.97,4793.13,958,15,0
2026-04-16 19:20:00,4793.13,4793.89,4791.36,4792.72,826,15,0
2026-04-16 19:25:00,4792.55,4792.77,4790.7,4790.79,863,15,0
2026-04-16 19:30:00,4790.78,4793.83,4790.78,4791.78,894,15,0
2026-04-16 19:35:00,4791.78,4793.56,4790.62,4793.53,837,15,0
2026-04-16 19:40:00,4793.53,4797.88,4793.29,4797.64,845,15,0
2026-04-16 19:45:00,4797.78,4798.58,4793.71,4794.04,860,15,0
2026-04-16 19:50:00,4794.03,4795.02,4792.44,4794.75,1102,14,0
2026-04-16 19:55:00,4794.81,4795.93,4792.51,4793.67,1264,15,0
2026-04-16 20:00:00,4793.66,4793.95,4791.89,4792.54,535,15,0
2026-04-16 20:05:00,4792.54,4792.54,4790.05,4790.88,444,28,0
2026-04-16 20:10:00,4790.88,4791.42,4790.26,4790.55,305,28,0
2026-04-16 20:15:00,4790.55,4791.66,4790.3,4791.43,211,28,0
2026-04-16 20:20:00,4791.43,4791.45,4788.44,4788.7,270,28,0
2026-04-16 20:25:00,4788.7,4789.48,4788.24,4789.0,219,28,0
2026-04-16 20:30:00,4789.0,4789.73,4786.4,4786.78,248,28,0
2026-04-16 20:35:00,4786.79,4790.38,4786.73,4789.55,242,28,0
2026-04-16 20:40:00,4789.55,4789.55,4788.17,4788.64,183,28,0
2026-04-16 20:45:00,4788.64,4790.65,4788.64,4790.36,256,28,0
2026-04-16 20:50:00,4790.36,4790.37,4787.84,4789.38,270,28,0
2026-04-16 20:55:00,4789.35,4790.85,4788.83,4790.8,164,28,0
2026-04-16 22:00:00,4794.62,4796.49,4790.75,4794.41,683,28,0
2026-04-16 22:05:00,4795.33,4797.85,4794.08,4796.25,557,28,0
2026-04-16 22:10:00,4796.25,4796.9,4794.69,4795.15,430,28,0
2026-04-16 22:15:00,4795.15,4795.95,4792.58,4792.68,437,28,0
2026-04-16 22:20:00,4792.68,4793.76,4792.47,4793.74,193,28,0
2026-04-16 22:25:00,4793.74,4795.38,4793.67,4793.89,313,28,0
2026-04-16 22:30:00,4793.89,4795.29,4790.74,4794.99,468,28,0
2026-04-16 22:35:00,4794.99,4796.3,4793.94,4794.0,669,28,0
2026-04-16 22:40:00,4794.0,4796.16,4793.72,4795.45,378,28,0
2026-04-16 22:45:00,4795.45,4796.95,4794.81,4795.42,322,28,0
2026-04-16 22:50:00,4795.42,4796.75,4795.06,4796.15,333,28,0
2026-04-16 22:55:00,4796.15,4796.81,4795.32,4795.32,345,28,0
2026-04-16 23:00:00,4794.84,4794.95,4792.81,4794.13,437,28,0
2026-04-16 23:05:00,4794.13,4795.66,4793.65,4794.01,394,28,0
2026-04-16 23:10:00,4794.01,4794.6,4792.29,4793.22,357,15,0
2026-04-16 23:15:00,4793.22,4796.78,4792.67,4796.78,328,15,0
2026-04-16 23:20:00,4796.78,4797.94,4795.67,4796.68,477,15,0
2026-04-16 23:25:00,4796.71,4797.05,4794.09,4794.5,324,15,0
2026-04-16 23:30:00,4794.5,4795.96,4792.52,4795.15,448,15,0
2026-04-16 23:35:00,4795.15,4796.06,4794.74,4795.09,313,15,0
2026-04-16 23:40:00,4795.09,4796.28,4794.88,4795.88,256,15,0
2026-04-16 23:45:00,4795.8,4796.66,4793.24,4794.12,502,15,0
2026-04-16 23:50:00,4794.12,4795.91,4793.55,4793.89,419,15,0
2026-04-16 23:55:00,4793.76,4794.74,4791.77,4791.77,538,15,0
2026-04-17 00:00:00,4791.7,4791.7,4787.9,4788.5,820,15,0
2026-04-17 00:05:00,4788.5,4791.06,4786.11,4790.47,867,15,0
2026-04-17 00:10:00,4790.52,4791.82,4787.82,4790.44,753,15,0
2026-04-17 00:15:00,4790.44,4792.12,4787.79,4791.25,661,15,0
2026-04-17 00:20:00,4791.25,4791.96,4789.75,4789.85,717,15,0
2026-04-17 00:25:00,4789.85,4792.93,4789.55,4792.9,600,15,0
2026-04-17 00:30:00,4792.9,4798.27,4792.5,4796.35,784,15,0
2026-04-17 00:35:00,4796.35,4797.48,4795.01,4796.42,621,15,0
2026-04-17 00:40:00,4796.37,4798.67,4794.9,4798.67,599,15,0
2026-04-17 00:45:00,4798.65,4801.15,4798.19,4799.33,502,15,0
2026-04-17 00:50:00,4799.3,4799.3,4794.77,4795.32,532,14,0
2026-04-17 00:55:00,4795.29,4796.01,4794.04,4794.92,713,15,0
2026-04-17 01:00:00,4794.92,4795.75,4787.1,4789.62,1515,15,0
2026-04-17 01:05:00,4789.62,4791.0,4783.13,4783.3,1225,15,0
2026-04-17 01:10:00,4783.3,4785.05,4769.56,4778.98,1749,15,0
2026-04-17 01:15:00,4779.0,4785.33,4778.69,4782.85,1302,15,0
2026-04-17 01:20:00,4782.85,4783.8,4771.9,4774.59,1414,15,0
2026-04-17 01:25:00,4774.59,4777.13,4767.99,4769.04,1386,15,0
2026-04-17 01:30:00,4769.08,4776.41,4767.97,4774.36,1436,15,0
2026-04-17 01:35:00,4774.36,4778.06,4773.7,4773.9,1084,15,0
2026-04-17 01:40:00,4773.92,4777.92,4772.34,4777.92,1086,15,0
2026-04-17 01:45:00,4777.92,4779.54,4775.4,4778.62,833,15,0
2026-04-17 01:50:00,4778.63,4787.08,4778.04,4786.66,1182,15,0
2026-04-17 01:55:00,4786.66,4791.49,4786.4,4789.45,1061,15,0
2026-04-17 02:00:00,4789.45,4792.59,4788.41,4792.18,1102,15,0
2026-04-17 02:05:00,4792.18,4794.32,4789.45,4789.81,1038,15,0
2026-04-17 02:10:00,4789.81,4791.5,4788.28,4791.41,833,15,0
2026-04-17 02:15:00,4791.41,4791.87,4788.38,4789.33,502,15,0
2026-04-17 02:20:00,4789.33,4791.81,4788.31,4789.74,527,15,0
2026-04-17 02:25:00,4789.74,4791.33,4788.83,4788.86,532,15,0
2026-04-17 02:30:00,4789.01,4793.27,4788.51,4791.67,856,15,0
2026-04-17 02:35:00,4791.67,4794.68,4790.56,4793.03,900,15,0
2026-04-17 02:40:00,4793.03,4794.68,4791.46,4791.58,790,15,0
2026-04-17 02:45:00,4791.58,4793.63,4789.58,4789.58,796,15,0
2026-04-17 02:50:00,4789.58,4789.98,4788.28,4788.31,524,15,0
2026-04-17 02:55:00,4788.31,4788.98,4784.63,4784.68,779,15,0
2026-04-17 03:00:00,4784.68,4791.92,4784.68,4791.84,1007,15,0
2026-04-17 03:05:00,4791.84,4797.65,4791.83,4795.58,1082,15,0
2026-04-17 03:10:00,4795.58,4796.59,4792.59,4795.84,760,15,0
2026-04-17 03:15:00,4795.84,4798.01,4794.32,4797.15,951,15,0
2026-04-17 03:20:00,4797.14,4797.56,4794.72,4795.75,697,15,0
2026-04-17 03:25:00,4795.75,4795.92,4792.74,4793.98,756,15,0
2026-04-17 03:30:00,4793.98,4795.07,4792.97,4794.11,395,15,0
2026-04-17 03:35:00,4794.23,4794.4,4792.02,4792.95,360,15,0
2026-04-17 03:40:00,4792.95,4795.02,4792.36,4794.24,427,15,0
2026-04-17 03:45:00,4794.24,4796.31,4794.15,4796.13,372,15,0
2026-04-17 03:50:00,4796.13,4796.62,4793.97,4794.08,389,15,0
2026-04-17 03:55:00,4794.08,4794.22,4792.8,4793.16,312,15,0
2026-04-17 04:00:00,4793.13,4794.31,4792.57,4794.17,312,15,0
2026-04-17 04:05:00,4794.17,4795.27,4793.2,4793.86,455,15,0
2026-04-17 04:10:00,4793.86,4796.11,4793.71,4795.18,331,15,0
2026-04-17 04:15:00,4795.18,4796.06,4793.55,4795.59,395,15,0
2026-04-17 04:20:00,4795.59,4795.79,4793.86,4795.31,319,15,0
2026-04-17 04:25:00,4795.31,4796.04,4794.31,4795.88,245,15,0
2026-04-17 04:30:00,4795.88,4797.45,4795.23,4797.02,311,15,0
2026-04-17 04:35:00,4797.02,4799.55,4796.97,4799.39,372,15,0
2026-04-17 04:40:00,4799.39,4801.32,4799.0,4801.08,357,15,0
2026-04-17 04:45:00,4801.08,4801.25,4798.57,4798.68,275,15,0
2026-04-17 04:50:00,4798.68,4801.04,4798.58,4799.28,425,15,0
2026-04-17 04:55:00,4799.28,4804.6,4798.72,4802.95,541,15,0
2026-04-17 05:00:00,4802.87,4805.51,4800.22,4800.98,946,15,0
2026-04-17 05:05:00,4800.98,4805.33,4799.77,4804.5,791,15,0
2026-04-17 05:10:00,4804.5,4806.14,4804.02,4804.92,628,15,0
2026-04-17 05:15:00,4804.92,4804.92,4801.36,4803.5,553,15,0
2026-04-17 05:20:00,4803.5,4805.16,4802.38,4804.65,575,15,0
2026-04-17 05:25:00,4804.65,4805.01,4802.97,4803.36,487,15,0
2026-04-17 05:30:00,4803.38,4805.24,4797.95,4798.41,1313,15,0
2026-04-17 05:35:00,4798.42,4802.84,4798.08,4799.38,1109,15,0
2026-04-17 05:40:00,4799.37,4801.06,4795.56,4796.43,1009,15,0
2026-04-17 05:45:00,4796.43,4798.36,4794.65,4797.56,1054,15,0
2026-04-17 05:50:00,4797.56,4800.48,4796.63,4797.17,947,15,0
2026-04-17 05:55:00,4797.2,4798.19,4793.81,4794.34,970,15,0
2026-04-17 06:00:00,4794.32,4794.63,4789.92,4793.57,1138,15,0
2026-04-17 06:05:00,4793.56,4795.34,4790.04,4790.55,886,14,0
2026-04-17 06:10:00,4790.55,4791.51,4786.79,4787.71,1099,15,0
2026-04-17 06:15:00,4787.71,4789.81,4785.06,4785.7,920,15,0
2026-04-17 06:20:00,4785.69,4788.34,4784.25,4787.57,893,15,0
2026-04-17 06:25:00,4787.57,4788.54,4783.22,4783.78,892,15,0
2026-04-17 06:30:00,4783.78,4785.99,4781.55,4782.83,1073,15,0
2026-04-17 06:35:00,4782.83,4786.66,4779.4,4785.91,1157,15,0
2026-04-17 06:40:00,4785.91,4787.33,4784.69,4785.74,859,15,0
2026-04-17 06:45:00,4785.74,4786.77,4784.14,4785.8,604,15,0
2026-04-17 06:50:00,4785.8,4787.43,4784.08,4784.96,684,15,0
2026-04-17 06:55:00,4784.96,4787.22,4784.43,4784.99,803,15,0
2026-04-17 07:00:00,4784.99,4789.08,4784.27,4789.08,797,15,0
2026-04-17 07:05:00,4789.19,4791.05,4787.46,4789.59,890,15,0
2026-04-17 07:10:00,4789.59,4789.86,4786.77,4787.14,604,15,0
2026-04-17 07:15:00,4787.14,4789.81,4784.81,4789.28,581,15,0
2026-04-17 07:20:00,4789.31,4790.06,4785.25,4788.88,656,15,0
2026-04-17 07:25:00,4788.88,4793.05,4788.83,4791.69,674,15,0
2026-04-17 07:30:00,4791.69,4794.79,4790.46,4794.39,673,15,0
2026-04-17 07:35:00,4794.39,4794.42,4785.99,4786.77,716,15,0
2026-04-17 07:40:00,4786.77,4787.83,4782.58,4785.92,806,15,0
2026-04-17 07:45:00,4785.92,4786.18,4780.05,4780.11,817,15,0
2026-04-17 07:50:00,4780.11,4785.95,4778.87,4785.47,966,15,0
2026-04-17 07:55:00,4785.47,4785.52,4783.31,4784.51,731,14,0
2026-04-17 08:00:00,4784.47,4790.52,4784.47,4790.48,800,15,0
2026-04-17 08:05:00,4790.48,4791.1,4783.45,4784.55,736,15,0
2026-04-17 08:10:00,4784.54,4785.4,4781.04,4783.73,761,15,0
2026-04-17 08:15:00,4783.42,4785.51,4782.75,4785.43,548,15,0
2026-04-17 08:20:00,4785.43,4787.24,4783.29,4784.07,630,15,0
2026-04-17 08:25:00,4784.28,4786.01,4783.19,4784.54,581,15,0
2026-04-17 08:30:00,4784.54,4788.46,4784.39,4786.47,508,15,0
2026-04-17 08:35:00,4786.47,4789.71,4785.74,4789.49,647,15,0
2026-04-17 08:40:00,4789.49,4796.98,4788.36,4796.98,1119,15,0
2026-04-17 08:45:00,4796.98,4796.99,4791.67,4793.78,916,15,0
2026-04-17 08:50:00,4793.77,4795.1,4791.15,4793.57,934,15,0
2026-04-17 08:55:00,4793.57,4796.53,4792.24,4796.02,859,15,0
2026-04-17 09:00:00,4796.02,4800.98,4795.97,4799.26,1065,15,0
2026-04-17 09:05:00,4799.26,4799.26,4794.72,4796.16,851,15,0
2026-04-17 09:10:00,4796.16,4796.28,4792.75,4793.11,629,15,0
2026-04-17 09:15:00,4793.11,4795.78,4792.1,4795.78,610,15,0
2026-04-17 09:20:00,4795.78,4798.35,4794.45,4794.53,720,15,0
2026-04-17 09:25:00,4794.53,4798.39,4794.53,4795.84,669,15,0
2026-04-17 09:30:00,4795.84,4797.14,4794.35,4797.1,626,15,0
2026-04-17 09:35:00,4797.1,4799.18,4794.82,4795.41,596,15,0
2026-04-17 09:40:00,4795.41,4796.66,4794.16,4794.68,522,15,0
2026-04-17 09:45:00,4794.68,4795.24,4790.61,4791.99,702,15,0
2026-04-17 09:50:00,4792.0,4793.05,4790.8,4791.89,645,14,0
2026-04-17 09:55:00,4791.89,4792.57,4790.01,4790.42,532,15,0
2026-04-17 10:00:00,4790.49,4792.15,4789.13,4791.24,784,15,0
2026-04-17 10:05:00,4791.24,4791.7,4788.84,4789.23,546,15,0
2026-04-17 10:10:00,4789.23,4791.93,4787.19,4791.4,649,15,0
2026-04-17 10:15:00,4791.4,4794.01,4790.76,4791.49,651,15,0
2026-04-17 10:20:00,4791.49,4793.78,4791.05,4792.7,599,15,0
2026-04-17 10:25:00,4792.7,4792.79,4788.72,4789.65,549,15,0
2026-04-17 10:30:00,4789.65,4789.93,4786.29,4788.1,607,15,0
2026-04-17 10:35:00,4788.1,4789.22,4785.39,4785.5,505,15,0
2026-04-17 10:40:00,4785.5,4785.81,4782.49,4785.03,575,15,0
2026-04-17 10:45:00,4785.02,4788.02,4784.03,4788.0,687,14,0
2026-04-17 10:50:00,4787.96,4788.45,4782.39,4786.23,817,15,0
2026-04-17 10:55:00,4786.23,4787.93,4784.24,4787.47,530,15,0
2026-04-17 11:00:00,4787.47,4789.84,4783.62,4785.23,758,15,0
2026-04-17 11:05:00,4785.23,4787.28,4783.93,4787.28,555,15,0
2026-04-17 11:10:00,4787.28,4788.19,4785.51,4786.37,487,15,0
2026-04-17 11:15:00,4786.36,4787.14,4784.62,4785.67,484,15,0
2026-04-17 11:20:00,4785.51,4791.04,4785.0,4790.75,599,15,0
2026-04-17 11:25:00,4790.75,4793.39,4790.14,4792.98,638,15,0
2026-04-17 11:30:00,4792.95,4793.91,4789.76,4793.33,669,15,0
2026-04-17 11:35:00,4793.34,4794.54,4790.46,4792.71,583,15,0
2026-04-17 11:40:00,4792.71,4798.72,4792.51,4798.66,622,15,0
2026-04-17 11:45:00,4798.66,4811.82,4798.66,4805.69,1402,15,0
2026-04-17 11:50:00,4805.69,4806.83,4801.41,4801.45,957,15,0
2026-04-17 11:55:00,4801.45,4801.76,4798.69,4799.17,1072,14,0
2026-04-17 12:00:00,4799.33,4805.74,4797.72,4804.14,1093,15,0
2026-04-17 12:05:00,4804.14,4805.53,4802.33,4804.14,837,15,0
2026-04-17 12:10:00,4804.11,4804.8,4800.89,4803.88,782,15,0
2026-04-17 12:15:00,4803.88,4806.08,4803.22,4805.84,711,15,0
2026-04-17 12:20:00,4805.99,4812.4,4804.59,4812.28,1096,15,0
2026-04-17 12:25:00,4812.28,4819.53,4811.64,4816.85,2010,15,0
2026-04-17 12:30:00,4816.85,4821.99,4815.32,4817.87,1491,15,0
2026-04-17 12:35:00,4817.87,4823.54,4817.47,4822.73,1489,15,0
2026-04-17 12:40:00,4822.73,4825.09,4821.5,4823.39,1279,15,0
2026-04-17 12:45:00,4823.39,4842.49,4821.65,4836.48,2310,15,0
2026-04-17 12:50:00,4836.42,4845.13,4833.26,4843.07,2598,15,0
2026-04-17 12:55:00,4843.14,4847.82,4839.66,4846.61,2128,15,0
2026-04-17 13:00:00,4846.61,4847.62,4835.04,4844.39,2397,15,0
2026-04-17 13:05:00,4844.39,4863.46,4840.34,4862.8,2256,15,0
2026-04-17 13:10:00,4862.74,4889.05,4861.95,4881.25,2336,15,0
2026-04-17 13:15:00,4883.81,4883.83,4862.51,4864.03,2382,15,0
2026-04-17 13:20:00,4864.15,4864.3,4851.44,4861.55,2252,15,0
2026-04-17 13:25:00,4861.22,4864.0,4850.49,4851.4,2404,15,0
2026-04-17 13:30:00,4851.56,4857.19,4848.39,4855.71,2614,15,0
2026-04-17 13:35:00,4855.64,4869.25,4855.36,4867.68,2384,15,0
2026-04-17 13:40:00,4867.63,4873.77,4863.08,4864.43,2443,15,0
2026-04-17 13:45:00,4864.43,4867.7,4852.18,4865.18,2576,15,0
2026-04-17 13:50:00,4865.18,4878.44,4862.68,4877.4,2202,15,0
2026-04-17 13:55:00,4877.66,4882.03,4875.07,4880.38,2250,15,0
2026-04-17 14:00:00,4880.38,4885.4,4874.96,4875.69,2191,15,0
2026-04-17 14:05:00,4875.69,4877.56,4868.76,4872.04,2039,15,0
2026-04-17 14:10:00,4872.04,4872.43,4860.13,4867.1,2192,15,0
2026-04-17 14:15:00,4867.13,4874.13,4867.08,4870.59,2013,15,0
2026-04-17 14:20:00,4870.61,4879.46,4866.96,4878.41,2085,15,0
2026-04-17 14:25:00,4878.41,4880.42,4871.23,4871.4,1868,15,0
2026-04-17 14:30:00,4871.41,4877.93,4869.32,4877.53,1878,15,0
2026-04-17 14:35:00,4877.53,4880.34,4871.23,4875.54,1842,15,0
2026-04-17 14:40:00,4875.54,4883.0,4874.7,4877.36,1978,15,0
2026-04-17 14:45:00,4877.43,4881.3,4873.74,4880.09,1870,15,0
2026-04-17 14:50:00,4879.88,4879.88,4869.74,4876.38,2110,15,0
2026-04-17 14:55:00,4876.43,4877.8,4872.58,4873.1,1754,15,0
2026-04-17 15:00:00,4873.1,4873.69,4862.52,4868.17,2291,15,0
2026-04-17 15:05:00,4868.23,4880.59,4868.04,4872.78,2012,15,0
2026-04-17 15:10:00,4872.78,4873.39,4865.98,4867.85,1706,15,0
2026-04-17 15:15:00,4867.89,4874.64,4863.72,4865.18,2045,15,0
2026-04-17 15:20:00,4865.16,4873.26,4863.23,4870.24,1811,15,0
2026-04-17 15:25:00,4870.17,4871.26,4865.42,4866.11,1885,14,0
2026-04-17 15:30:00,4866.12,4874.1,4864.78,4873.99,1835,14,0
2026-04-17 15:35:00,4873.98,4873.98,4868.36,4869.76,1443,15,0
2026-04-17 15:40:00,4869.76,4870.47,4854.88,4858.83,1747,15,0
2026-04-17 15:45:00,4858.83,4864.48,4858.13,4863.67,1690,15,0
2026-04-17 15:50:00,4863.48,4870.2,4863.48,4869.19,1635,15,0
2026-04-17 15:55:00,4869.19,4871.91,4866.83,4867.59,1473,15,0
2026-04-17 16:00:00,4867.57,4870.66,4863.74,4866.93,1543,15,0
2026-04-17 16:05:00,4866.93,4873.38,4865.57,4871.43,1480,15,0
2026-04-17 16:10:00,4871.51,4873.28,4869.91,4871.48,1326,15,0
2026-04-17 16:15:00,4871.5,4873.4,4870.05,4870.78,1642,15,0
2026-04-17 16:20:00,4870.83,4872.99,4869.84,4870.51,1379,15,0
2026-04-17 16:25:00,4870.51,4871.34,4868.06,4868.22,1319,14,0
2026-04-17 16:30:00,4868.34,4871.78,4867.63,4871.36,1287,15,0
2026-04-17 16:35:00,4871.51,4872.94,4870.13,4871.52,1153,15,0
2026-04-17 16:40:00,4871.52,4872.55,4867.49,4868.36,1054,15,0
2026-04-17 16:45:00,4868.36,4869.06,4865.35,4866.18,1156,15,0
2026-04-17 16:50:00,4866.18,4867.69,4864.92,4866.4,1017,15,0
2026-04-17 16:55:00,4866.4,4867.66,4865.4,4867.08,889,15,0
2026-04-17 17:00:00,4867.1,4869.54,4865.18,4866.88,1337,15,0
2026-04-17 17:05:00,4866.81,4868.5,4858.09,4861.48,1551,15,0
2026-04-17 17:10:00,4861.48,4864.31,4857.8,4862.91,1771,15,0
2026-04-17 17:15:00,4862.91,4865.14,4862.48,4863.24,1205,15,0
2026-04-17 17:20:00,4863.24,4863.8,4853.81,4854.14,1749,15,0
2026-04-17 17:25:00,4854.15,4859.23,4854.15,4858.58,2122,15,0
2026-04-17 17:30:00,4858.42,4863.1,4857.22,4861.78,1653,15,0
2026-04-17 17:35:00,4861.78,4862.31,4855.45,4857.4,1603,15,0
2026-04-17 17:40:00,4857.56,4858.67,4854.19,4855.01,1110,15,0
2026-04-17 17:45:00,4855.01,4861.03,4854.97,4860.41,1203,15,0
2026-04-17 17:50:00,4860.4,4862.83,4859.92,4861.76,1009,15,0
2026-04-17 17:55:00,4861.76,4863.32,4861.11,4862.48,1168,15,0
2026-04-17 18:00:00,4862.48,4864.58,4861.83,4862.23,1102,15,0
2026-04-17 18:05:00,4862.22,4866.42,4861.99,4863.41,1376,15,0
2026-04-17 18:10:00,4863.44,4863.91,4860.43,4861.19,1288,15,0
2026-04-17 18:15:00,4861.19,4864.36,4861.04,4861.7,1003,15,0
2026-04-17 18:20:00,4861.7,4865.99,4858.98,4864.98,1353,15,0
2026-04-17 18:25:00,4865.07,4867.93,4860.82,4860.82,1516,15,0
2026-04-17 18:30:00,4860.89,4866.68,4860.53,4865.92,1342,15,0
2026-04-17 18:35:00,4865.95,4866.08,4861.97,4863.06,1122,15,0
2026-04-17 18:40:00,4863.06,4863.45,4860.45,4862.3,1183,15,0
2026-04-17 18:45:00,4862.3,4863.1,4860.01,4860.7,1050,15,0
2026-04-17 18:50:00,4860.7,4861.22,4855.99,4856.81,1324,15,0
2026-04-17 18:55:00,4856.75,4859.69,4856.08,4858.09,1166,15,0
2026-04-17 19:00:00,4858.09,4858.84,4855.71,4858.25,1220,15,0
2026-04-17 19:05:00,4858.25,4858.26,4854.63,4855.02,1199,15,0
2026-04-17 19:10:00,4855.02,4857.27,4853.88,4856.56,1158,15,0
2026-04-17 19:15:00,4856.56,4858.1,4855.55,4855.76,951,15,0
2026-04-17 19:20:00,4855.91,4857.64,4854.11,4855.24,985,15,0
2026-04-17 19:25:00,4855.26,4856.89,4854.51,4856.86,696,15,0
2026-04-17 19:30:00,4856.81,4858.6,4855.88,4857.74,959,15,0
2026-04-17 19:35:00,4857.74,4860.77,4855.87,4859.9,1485,15,0
2026-04-17 19:40:00,4859.9,4861.21,4858.29,4860.31,1243,15,0
2026-04-17 19:45:00,4860.02,4860.22,4857.62,4858.66,1386,15,0
2026-04-17 19:50:00,4858.66,4859.3,4854.55,4855.07,1199,14,0
2026-04-17 19:55:00,4855.11,4855.36,4852.8,4854.49,1799,14,0
2026-04-17 20:00:00,4854.49,4855.05,4849.73,4849.95,1146,15,0
2026-04-17 20:05:00,4849.95,4850.81,4845.86,4847.16,997,58,0
2026-04-17 20:10:00,4847.21,4847.71,4844.56,4845.84,775,58,0
2026-04-17 20:15:00,4845.75,4851.97,4845.07,4851.44,756,58,0
2026-04-17 20:20:00,4851.44,4851.45,4848.18,4848.32,802,58,0
2026-04-17 20:25:00,4848.32,4848.39,4844.41,4845.74,835,58,0
2026-04-17 20:30:00,4845.75,4846.83,4844.43,4846.29,794,58,0
2026-04-17 20:35:00,4846.29,4846.44,4840.24,4841.84,1071,58,0
2026-04-17 20:40:00,4841.84,4842.17,4833.9,4835.49,1148,58,0
